customer_id,Total_Orders,Total_Spend,Total_Profit,First_Purchase_Date,Last_Purchase_Date,Unique_Products,Total_Quantity,AOV,Profit_Margin_%,Recency_Days,Tenure_Days,R_Score,F_Score,M_Score,RFM_Score,RFM_Segment,customer_name,gender,age,city,state,region
CUST-00001,15,52515.8,19924.03,2022-01-18,2024-06-06,14,25,3501.05,37.94,209,1079,1,4,5,145,At Risk,Manish Malhotra,Male,20,Delhi,Delhi,North
CUST-00002,8,24859.45,5058.5,2023-02-20,2024-06-27,8,11,3107.43,20.35,188,681,1,3,4,134,At Risk,Ayaan Patel,Male,36,Patna,Bihar,East
CUST-00003,7,11221.25,4490.61,2024-01-26,2024-02-13,7,11,1603.04,40.02,323,341,1,2,2,122,Lost Customers,Swati Dutta,Female,26,Delhi,Delhi,North
CUST-00004,8,65226.899999999994,14108.66,2022-01-22,2024-10-10,8,9,8153.36,21.63,83,1075,2,3,5,235,At Risk,Kabir Verma,Male,27,Kolkata,West Bengal,East
CUST-00005,4,2426.0,948.45,2024-05-25,2024-11-20,4,5,606.5,39.1,42,221,4,1,1,411,New Customers,Ayaan Iyengar,Male,41,Delhi,Delhi,North
CUST-00006,3,2331.95,698.32,2024-01-24,2024-02-05,3,4,777.32,29.95,331,343,1,1,1,111,Lost Customers,Reyansh Das,Male,18,Hyderabad,Telangana,South
CUST-00007,11,9495.15,3157.48,2022-07-29,2024-10-16,11,14,863.2,33.25,77,887,2,4,2,242,Regular Customers,Rohan Banerjee,Male,26,Kolkata,West Bengal,East
CUST-00008,16,46112.799999999996,15233.039999999999,2022-08-05,2024-12-10,16,21,2882.05,33.03,22,880,5,5,5,555,Champions,Saanvi Choudhury,Female,39,Mumbai,Maharashtra,West
CUST-00009,8,5143.65,1634.1,2022-05-28,2024-10-17,8,11,642.96,31.77,76,949,2,3,1,231,Regular Customers,Meera Shah,Female,26,Mumbai,Maharashtra,West
CUST-00010,5,17060.1,4585.34,2022-05-15,2024-05-26,5,8,3412.02,26.88,220,962,1,1,3,113,Lost Customers,Sunita Reddy,Female,43,Chennai,Tamil Nadu,South
CUST-00011,13,47950.0,13748.970000000001,2022-12-13,2024-12-02,13,22,3688.46,28.67,30,750,4,4,5,445,Champions,Vihaan Rao,Male,27,Coimbatore,Tamil Nadu,South
CUST-00012,4,23423.1,9379.619999999999,2023-08-25,2024-09-16,4,7,5855.78,40.04,107,495,2,1,4,214,Lost Customers,Kunal Verma,Male,32,Jaipur,Rajasthan,North
CUST-00013,18,15446.800000000001,4872.2300000000005,2022-03-29,2024-12-20,17,29,858.16,31.54,12,1009,5,5,3,553,Loyal Customers,Varun Nair,Male,63,Delhi,Delhi,North
CUST-00014,21,51387.55,18966.629999999997,2024-06-21,2024-12-30,20,40,2447.03,36.91,2,194,5,5,5,555,Champions,Deepa Singh,Female,46,Indore,Madhya Pradesh,Central
CUST-00015,13,27399.5,11629.41,2022-02-08,2024-12-17,13,18,2107.65,42.44,15,1058,5,4,4,544,Champions,Navya Banerjee,Female,35,Surat,Gujarat,West
CUST-00016,13,16214.25,6755.3,2022-04-27,2024-11-02,12,14,1247.25,41.66,60,980,3,4,3,343,Loyal Customers,Vivaan Kaur,Male,42,Delhi,Delhi,North
CUST-00017,31,58509.05,21803.99,2022-04-30,2024-12-17,30,46,1887.39,37.27,15,977,5,5,5,555,Champions,Aditya Yadav,Male,21,Bengaluru,Karnataka,South
CUST-00018,16,55944.85,14944.09,2023-07-29,2024-11-11,16,33,3496.55,26.71,51,522,3,5,5,355,Loyal Customers,Pari Shah,Female,18,Hyderabad,Telangana,South
CUST-00019,4,3908.3,2019.2399999999998,2023-02-16,2024-11-30,4,5,977.08,51.67,32,685,4,1,1,411,New Customers,Atharv Saxena,Male,20,Bhopal,Madhya Pradesh,Central
CUST-00021,4,4387.45,401.1,2022-06-13,2023-12-29,4,8,1096.86,9.14,369,933,1,1,1,111,Lost Customers,Diya Chatterjee,Female,39,Chandigarh,Punjab,North
CUST-00022,5,25117.85,6193.13,2024-02-23,2024-09-20,5,5,5023.57,24.66,103,313,2,1,4,214,Lost Customers,Pari Shah,Female,42,Mumbai,Maharashtra,West
CUST-00023,4,9781.15,3609.15,2022-05-05,2023-03-13,4,6,2445.29,36.9,660,972,1,1,2,112,Lost Customers,Shaurya Pandey,Male,18,Mumbai,Maharashtra,West
CUST-00024,5,3623.45,1717.93,2022-10-29,2023-10-31,5,9,724.69,47.41,428,795,1,1,1,111,Lost Customers,Vivaan Mishra,Male,45,Bengaluru,Karnataka,South
CUST-00025,24,102582.34999999999,29711.5,2024-03-11,2024-11-09,24,49,4274.26,28.96,53,296,3,5,5,355,Loyal Customers,Aadhya Mehta,Female,42,Chennai,Tamil Nadu,South
CUST-00026,4,7752.9,923.11,2023-10-26,2024-08-06,4,10,1938.22,11.91,148,433,2,1,2,212,Lost Customers,Shaurya Mehta,Male,36,Lucknow,Uttar Pradesh,North
CUST-00027,5,8971.65,3233.8900000000003,2023-08-03,2024-11-22,5,11,1794.33,36.05,40,517,4,1,2,412,New Customers,Pallavi Singh,Female,49,Kolkata,West Bengal,East
CUST-00028,4,10077.65,3296.6499999999996,2024-02-28,2024-03-08,4,4,2519.41,32.71,299,308,1,1,2,112,Lost Customers,Ananya Patel,Female,36,Chennai,Tamil Nadu,South
CUST-00029,20,39087.950000000004,6260.4400000000005,2023-06-07,2024-12-24,19,24,1954.4,16.02,8,574,5,5,4,554,Champions,Anand Banerjee,Male,18,Kolkata,West Bengal,East
CUST-00030,19,38576.0,7764.23,2022-09-01,2024-12-31,19,31,2030.32,20.13,1,853,5,5,4,554,Champions,Pari Rao,Female,44,Bengaluru,Karnataka,South
CUST-00031,9,22243.4,8007.82,2023-10-08,2024-09-29,9,17,2471.49,36.0,94,451,2,3,3,233,At Risk,Arjun Iyengar,Male,24,Mumbai,Maharashtra,West
CUST-00032,4,1781.4,534.24,2022-09-15,2024-02-14,4,5,445.35,29.99,322,839,1,1,1,111,Lost Customers,Vivaan Yadav,Male,41,Delhi,Delhi,North
CUST-00033,9,99951.25,23049.92,2023-05-22,2024-12-09,9,17,11105.69,23.06,23,590,5,3,5,535,Loyal Customers,Diya Mishra,Female,38,Bhubaneswar,Odisha,East
CUST-00034,19,48462.95,14838.61,2024-05-07,2024-11-30,19,34,2550.68,30.62,32,239,4,5,5,455,Champions,Pari Nair,Female,45,Delhi,Delhi,North
CUST-00035,21,33994.45,16123.45,2024-02-09,2024-10-03,21,34,1618.78,47.43,90,327,2,5,4,254,At Risk,Pooja Shah,Female,48,Coimbatore,Tamil Nadu,South
CUST-00036,10,29730.2,11216.97,2022-05-10,2024-12-22,9,13,2973.02,37.73,10,967,5,3,4,534,Loyal Customers,Aarav Kaur,Male,34,Mumbai,Maharashtra,West
CUST-00037,15,24233.15,9048.79,2022-07-09,2024-11-15,15,16,1615.54,37.34,47,907,3,4,4,344,Loyal Customers,Vikram Choudhury,Male,47,Patna,Bihar,East
CUST-00038,4,5842.6,2348.9700000000003,2023-01-05,2024-11-12,4,6,1460.65,40.2,50,727,3,1,1,311,Regular Customers,Shaurya Malhotra,Male,32,Kolkata,West Bengal,East
CUST-00039,21,21070.75,8640.01,2022-06-26,2024-10-13,20,33,1003.37,41.0,80,920,2,5,3,253,At Risk,Rohan Sharma,Male,28,Hyderabad,Telangana,South
CUST-00040,16,103087.9,17497.92,2023-11-12,2024-11-17,16,18,6442.99,16.97,45,416,4,5,5,455,Champions,Sunita Saxena,Female,29,Bengaluru,Karnataka,South
CUST-00041,13,11213.3,4633.21,2022-09-27,2024-09-24,13,19,862.56,41.32,99,827,2,4,2,242,Regular Customers,Rekha Singh,Female,22,Visakhapatnam,Andhra Pradesh,South
CUST-00042,7,5086.5,1676.83,2022-06-14,2024-12-09,6,10,726.64,32.97,23,932,5,2,1,521,Potential Loyalists,Pooja Mukherjee,Female,48,Bengaluru,Karnataka,South
CUST-00043,22,104098.85,25273.01,2024-01-13,2024-12-17,22,36,4731.77,24.28,15,354,5,5,5,555,Champions,Nikhil Saxena,Male,21,Mumbai,Maharashtra,West
CUST-00044,10,22209.8,6642.66,2022-02-07,2024-09-20,10,10,2220.98,29.91,103,1059,2,3,3,233,At Risk,Pallavi Iyengar,Female,22,Kolkata,West Bengal,East
CUST-00045,28,84762.3,21051.6,2022-01-01,2024-12-16,28,36,3027.22,24.84,16,1096,5,5,5,555,Champions,Rahul Sharma,Male,38,Bengaluru,Karnataka,South
CUST-00046,4,8757.1,3610.37,2022-09-30,2024-12-10,4,5,2189.28,41.23,22,824,5,1,2,512,New Customers,Pranav Pandey,Male,30,Kolkata,West Bengal,East
CUST-00047,21,42442.3,17644.23,2024-03-09,2024-10-02,21,35,2021.06,41.57,91,298,2,5,5,255,At Risk,Ayaan Tripathi,Other,41,Indore,Madhya Pradesh,Central
CUST-00048,8,9947.85,3996.5,2023-09-24,2024-01-24,8,11,1243.48,40.17,343,465,1,3,2,132,Regular Customers,Aditya Dutta,Male,20,Chandigarh,Punjab,North
CUST-00049,4,5660.95,1992.78,2022-07-02,2024-08-23,4,5,1415.24,35.2,131,914,2,1,1,211,Lost Customers,Nikhil Chatterjee,Male,48,Pune,Maharashtra,West
CUST-00050,7,22477.0,6830.57,2022-10-23,2024-11-23,7,12,3211.0,30.39,39,801,4,2,3,423,Potential Loyalists,Rahul Chatterjee,Male,48,Kochi,Kerala,South
CUST-00051,26,78204.85,30702.37,2023-05-18,2024-12-17,23,35,3007.88,39.26,15,594,5,5,5,555,Champions,Gaurav Mukherjee,Male,51,Mumbai,Maharashtra,West
CUST-00052,11,28457.75,5992.570000000001,2022-03-14,2023-12-05,11,14,2587.07,21.06,393,1024,1,4,4,144,At Risk,Pallavi Chatterjee,Female,42,Delhi,Delhi,North
CUST-00053,6,14123.9,7427.879999999999,2023-02-08,2023-09-01,6,9,2353.98,52.59,488,693,1,2,3,123,Lost Customers,Pari Kaur,Female,38,Hyderabad,Telangana,South
CUST-00054,7,5474.0,2168.28,2022-01-19,2024-12-28,7,8,782.0,39.61,4,1078,5,2,1,521,Potential Loyalists,Pooja Menon,Female,22,Delhi,Delhi,North
CUST-00055,22,60028.55,16779.86,2022-03-09,2024-11-28,22,29,2728.57,27.95,34,1029,4,5,5,455,Champions,Aditya Reddy,Male,29,Jaipur,Rajasthan,North
CUST-00056,7,11132.35,3513.32,2022-06-04,2024-12-21,7,11,1590.34,31.56,11,942,5,2,2,522,Potential Loyalists,Isha Banerjee,Female,39,Pune,Maharashtra,West
CUST-00057,5,16992.5,6127.67,2022-05-04,2024-11-26,5,9,3398.5,36.06,36,973,4,1,3,413,New Customers,Shreya Singh,Female,29,Coimbatore,Tamil Nadu,South
CUST-00058,7,5965.45,1954.69,2023-06-07,2024-11-02,7,13,852.21,32.77,60,574,3,2,1,321,Regular Customers,Nandini Verma,Female,30,Ahmedabad,Gujarat,West
CUST-00059,5,30527.4,16530.67,2023-10-09,2024-11-05,4,9,6105.48,54.15,57,450,3,1,4,314,Regular Customers,Ayaan Shah,Male,47,Coimbatore,Tamil Nadu,South
CUST-00060,13,21593.55,8477.9,2024-03-21,2024-10-30,13,15,1661.04,39.26,63,286,3,4,3,343,Loyal Customers,Ananya Dutta,Female,23,Indore,Madhya Pradesh,Central
CUST-00061,9,7710.65,2916.15,2023-09-08,2024-11-22,9,14,856.74,37.82,40,481,4,3,2,432,Potential Loyalists,Isha Mishra,Female,35,Mumbai,Maharashtra,West
CUST-00062,9,12821.6,5692.280000000001,2022-03-10,2024-11-28,9,16,1424.62,44.4,34,1028,4,3,2,432,Potential Loyalists,Reyansh Malhotra,Male,42,Jaipur,Rajasthan,North
CUST-00063,6,10071.85,4612.75,2023-04-27,2024-02-13,6,9,1678.64,45.8,323,615,1,2,2,122,Lost Customers,Atharv Pillai,Male,34,Lucknow,Uttar Pradesh,North
CUST-00064,9,18068.8,7334.0,2022-07-03,2024-11-11,9,14,2007.64,40.59,51,913,3,3,3,333,Loyal Customers,Tanvi Verma,Female,19,Delhi,Delhi,North
CUST-00065,2,7564.25,2617.5,2024-10-02,2024-11-13,2,3,3782.12,34.6,49,91,3,1,2,312,Regular Customers,Tanvi Reddy,Female,24,Chandigarh,Punjab,North
CUST-00066,7,6083.65,2415.74,2023-07-12,2024-09-19,7,11,869.09,39.71,104,539,2,2,1,221,Lost Customers,Gauri Chatterjee,Female,20,Patna,Bihar,East
CUST-00067,6,13710.6,3305.66,2023-08-09,2024-12-09,6,10,2285.1,24.11,23,511,5,2,2,522,Potential Loyalists,Diya Shah,Female,23,Hyderabad,Telangana,South
CUST-00068,11,53971.65,17219.82,2023-06-29,2024-12-22,11,16,4906.51,31.91,10,552,5,4,5,545,Champions,Varun Gupta,Male,34,Bengaluru,Karnataka,South
CUST-00069,6,12582.6,5086.36,2022-04-13,2024-10-27,6,9,2097.1,40.42,66,994,3,2,2,322,Regular Customers,Rekha Chatterjee,Female,42,Ahmedabad,Gujarat,West
CUST-00070,23,213032.90000000002,20786.22,2022-06-20,2024-12-26,23,35,9262.3,9.76,6,926,5,5,5,555,Champions,Anjali Pandey,Female,30,Kolkata,West Bengal,East
CUST-00071,6,5439.15,1802.1799999999998,2022-10-11,2024-02-24,6,6,906.52,33.13,312,813,1,2,1,121,Lost Customers,Pallavi Choudhury,Female,18,Lucknow,Uttar Pradesh,North
CUST-00072,16,31655.45,11923.8,2022-03-29,2024-08-16,16,23,1978.47,37.67,138,1009,2,5,4,254,At Risk,Rahul Iyer,Male,32,Mumbai,Maharashtra,West
CUST-00073,6,17892.75,4634.62,2022-09-04,2024-08-24,6,9,2982.12,25.9,130,850,2,2,3,223,Lost Customers,Nandini Verma,Female,31,Nagpur,Maharashtra,West
CUST-00074,11,20141.65,5805.11,2023-07-27,2024-11-09,11,15,1831.06,28.82,53,524,3,4,3,343,Loyal Customers,Pari Shah,Female,41,Patna,Bihar,East
CUST-00075,13,19858.15,6810.09,2024-02-15,2024-10-20,12,18,1527.55,34.29,73,321,3,4,3,343,Loyal Customers,Deepak Dutta,Male,44,Bengaluru,Karnataka,South
CUST-00076,3,11451.4,3070.7400000000002,2022-07-04,2024-06-18,3,4,3817.13,26.82,197,912,1,1,2,112,Lost Customers,Rahul Bhatia,Male,29,Pune,Maharashtra,West
CUST-00077,5,3068.1,1020.0799999999999,2024-01-20,2024-08-14,5,5,613.62,33.25,140,347,2,1,1,211,Lost Customers,Aanya Banerjee,Female,39,Mumbai,Maharashtra,West
CUST-00078,15,23675.6,8821.11,2022-07-27,2024-10-20,14,23,1578.37,37.26,73,889,3,4,4,344,Loyal Customers,Meera Verma,Female,52,Visakhapatnam,Andhra Pradesh,South
CUST-00079,3,12504.2,3781.88,2023-12-26,2024-04-16,3,4,4168.07,30.24,260,372,1,1,2,112,Lost Customers,Amit Agarwal,Male,44,Chandigarh,Punjab,North
CUST-00080,3,3092.6,786.4399999999999,2022-03-20,2024-07-27,3,3,1030.87,25.43,158,1018,2,1,1,211,Lost Customers,Pooja Gupta,Female,33,Lucknow,Uttar Pradesh,North
CUST-00081,4,4172.85,58.51000000000005,2022-07-06,2024-11-20,4,5,1043.21,1.4,42,910,4,1,1,411,New Customers,Aditya Kaur,Male,42,Bhopal,Madhya Pradesh,Central
CUST-00082,8,8442.55,2650.09,2022-06-18,2024-09-14,8,10,1055.32,31.39,109,928,2,3,2,232,Regular Customers,Nandini Banerjee,Female,26,Coimbatore,Tamil Nadu,South
CUST-00083,1,18895.5,6139.25,2022-05-29,2022-05-29,1,5,18895.5,32.49,948,948,1,1,3,113,Lost Customers,Aanya Mukherjee,Female,48,Jaipur,Rajasthan,North
CUST-00084,7,9151.35,3991.2,2023-12-08,2024-11-26,7,7,1307.34,43.61,36,390,4,2,2,422,Potential Loyalists,Priyanka Banerjee,Female,33,Bhopal,Madhya Pradesh,Central
CUST-00085,9,19722.15,4804.06,2022-10-15,2024-10-02,9,16,2191.35,24.36,91,809,2,3,3,233,At Risk,Kavya Mehta,Female,20,Mumbai,Maharashtra,West
CUST-00086,3,8351.15,4400.51,2022-09-13,2024-01-11,3,4,2783.72,52.69,356,841,1,1,2,112,Lost Customers,Pari Bhatia,Female,18,Mumbai,Maharashtra,West
CUST-00087,4,34186.25,8218.02,2023-01-22,2023-08-09,4,5,8546.56,24.04,511,710,1,1,4,114,Lost Customers,Varun Choudhury,Male,18,Pune,Maharashtra,West
CUST-00088,2,8866.0,2522.0099999999998,2022-04-01,2024-12-27,2,4,4433.0,28.45,5,1006,5,1,2,512,New Customers,Ramesh Banerjee,Male,36,Mumbai,Maharashtra,West
CUST-00089,7,45546.0,4328.35,2022-07-01,2024-11-27,7,10,6506.57,9.5,35,915,4,2,5,425,Potential Loyalists,Gauri Iyengar,Female,23,Kolkata,West Bengal,East
CUST-00090,26,39818.75,15290.41,2022-02-08,2024-11-25,24,45,1531.49,38.4,37,1058,4,5,5,455,Champions,Navya Tripathi,Female,29,Delhi,Delhi,North
CUST-00091,6,10897.35,3571.42,2022-01-27,2024-11-03,6,9,1816.22,32.77,59,1070,3,2,2,322,Regular Customers,Navya Joshi,Female,59,Ahmedabad,Gujarat,West
CUST-00092,12,10962.7,2616.98,2022-09-17,2024-10-23,12,16,913.56,23.87,70,837,3,4,2,342,Regular Customers,Anjali Das,Female,53,Visakhapatnam,Andhra Pradesh,South
CUST-00093,6,52722.15,12382.92,2023-12-30,2024-12-03,6,12,8787.02,23.49,29,368,4,2,5,425,Potential Loyalists,Anita Singh,Female,44,Bengaluru,Karnataka,South
CUST-00094,18,50515.4,17528.43,2022-09-23,2024-11-24,18,26,2806.41,34.7,38,831,4,5,5,455,Champions,Siddharth Chatterjee,Male,26,Mumbai,Maharashtra,West
CUST-00095,2,2304.1,1132.6,2023-02-18,2023-08-22,2,3,1152.05,49.16,498,683,1,1,1,111,Lost Customers,Vihaan Tripathi,Male,24,Delhi,Delhi,North
CUST-00096,6,15921.7,6070.82,2024-02-12,2024-11-20,6,10,2653.62,38.13,42,324,4,2,3,423,Potential Loyalists,Pranav Malhotra,Male,51,Bengaluru,Karnataka,South
CUST-00097,19,27175.1,12024.65,2022-03-23,2024-11-02,19,21,1430.27,44.25,60,1015,3,5,4,354,Loyal Customers,Khushi Mukherjee,Female,43,Bengaluru,Karnataka,South
CUST-00098,12,16920.0,6601.86,2022-07-09,2024-12-27,12,21,1410.0,39.02,5,907,5,4,3,543,Loyal Customers,Gauri Kaur,Female,46,Chandigarh,Punjab,North
CUST-00099,8,15692.699999999999,6194.1900000000005,2022-12-29,2024-07-22,8,11,1961.59,39.47,163,734,2,3,3,233,At Risk,Kavya Tripathi,Female,18,Bengaluru,Karnataka,South
CUST-00100,3,645.45,180.54,2022-11-15,2023-11-23,2,3,215.15,27.97,405,778,1,1,1,111,Lost Customers,Kabir Pandey,Male,53,Indore,Madhya Pradesh,Central
CUST-00101,15,24065.600000000002,6952.38,2022-03-07,2024-10-11,15,21,1604.37,28.89,82,1031,2,4,4,244,At Risk,Shaurya Choudhury,Male,30,Mumbai,Maharashtra,West
CUST-00102,20,29111.75,8167.43,2023-06-25,2024-10-31,19,22,1455.59,28.06,62,556,3,5,4,354,Loyal Customers,Krishna Saxena,Male,53,Chennai,Tamil Nadu,South
CUST-00103,8,16243.75,4261.62,2022-01-07,2024-10-09,8,16,2030.47,26.24,84,1090,2,3,3,233,At Risk,Kabir Chatterjee,Male,32,Ahmedabad,Gujarat,West
CUST-00105,17,37342.05,13351.56,2024-04-11,2024-11-29,17,20,2196.59,35.75,33,265,4,5,4,454,Champions,Siddharth Rao,Male,33,Patna,Bihar,East
CUST-00106,9,17032.95,6402.36,2022-10-05,2024-11-01,8,10,1892.55,37.59,61,819,3,3,3,333,Loyal Customers,Prisha Bhatia,Female,58,Delhi,Delhi,North
CUST-00107,18,110252.65000000001,22743.28,2022-03-12,2024-11-12,18,25,6125.15,20.63,50,1026,3,5,5,355,Loyal Customers,Pranav Agarwal,Male,30,Pune,Maharashtra,West
CUST-00108,10,22950.3,6236.6,2023-01-09,2024-06-10,9,13,2295.03,27.17,205,723,1,3,4,134,At Risk,Gauri Kaur,Female,33,Pune,Maharashtra,West
CUST-00109,19,74787.95,18787.47,2024-02-25,2024-12-11,18,22,3936.21,25.12,21,311,5,5,5,555,Champions,Atharv Choudhury,Male,26,Pune,Maharashtra,West
CUST-00110,19,33496.7,10818.05,2022-01-12,2024-11-29,18,29,1762.98,32.3,33,1085,4,5,4,454,Champions,Prisha Mukherjee,Female,56,Hyderabad,Telangana,South
CUST-00111,29,82145.8,21612.94,2022-01-27,2024-10-31,28,46,2832.61,26.31,62,1070,3,5,5,355,Loyal Customers,Isha Yadav,Female,27,Bengaluru,Karnataka,South
CUST-00112,4,2916.25,1273.21,2023-05-23,2024-12-20,4,5,729.06,43.66,12,589,5,1,1,511,New Customers,Anita Saxena,Female,35,Mumbai,Maharashtra,West
CUST-00113,14,66707.15,19132.54,2022-12-02,2024-11-05,14,22,4764.8,28.68,57,761,3,4,5,345,Loyal Customers,Tanvi Agarwal,Female,26,Lucknow,Uttar Pradesh,North
CUST-00114,7,50937.450000000004,6332.639999999999,2023-01-09,2024-12-05,7,9,7276.78,12.43,27,723,4,2,5,425,Potential Loyalists,Prisha Mishra,Female,29,Bhubaneswar,Odisha,East
CUST-00115,8,19604.45,6483.87,2022-01-22,2023-12-21,8,13,2450.56,33.07,377,1075,1,3,3,133,At Risk,Anita Das,Female,26,Delhi,Delhi,North
CUST-00116,9,19388.25,6942.1,2023-08-25,2024-12-12,9,15,2154.25,35.81,20,495,5,3,3,533,Loyal Customers,Aanya Yadav,Female,42,Bhopal,Madhya Pradesh,Central
CUST-00117,3,1335.05,606.39,2023-08-23,2024-12-11,3,3,445.02,45.42,21,497,5,1,1,511,New Customers,Siddharth Agarwal,Other,18,Indore,Madhya Pradesh,Central
CUST-00118,5,21664.6,6714.759999999999,2023-05-02,2024-10-05,5,8,4332.92,30.99,88,610,2,1,3,213,Lost Customers,Siddharth Mishra,Male,19,Surat,Gujarat,West
CUST-00119,4,170591.2,33911.2,2023-04-13,2024-05-22,4,8,42647.8,19.88,224,629,1,1,5,115,Lost Customers,Swati Mehta,Female,50,Indore,Madhya Pradesh,Central
CUST-00120,6,19739.8,4551.18,2022-07-27,2024-11-28,6,6,3289.97,23.06,34,889,4,2,3,423,Potential Loyalists,Gaurav Gupta,Male,28,Coimbatore,Tamil Nadu,South
CUST-00121,2,7508.85,2232.51,2024-01-22,2024-04-13,2,2,3754.42,29.73,263,345,1,1,2,112,Lost Customers,Amit Nair,Male,27,Coimbatore,Tamil Nadu,South
CUST-00122,1,309.0,54.75,2022-07-08,2022-07-08,1,1,309.0,17.72,908,908,1,1,1,111,Lost Customers,Aarav Malhotra,Male,43,Mumbai,Maharashtra,West
CUST-00123,14,114426.15000000001,20471.69,2022-01-14,2024-10-17,14,16,8173.3,17.89,76,1083,2,4,5,245,At Risk,Kavya Verma,Female,30,Surat,Gujarat,West
CUST-00124,6,38385.8,4156.85,2022-10-24,2024-10-05,6,9,6397.63,10.83,88,800,2,2,4,224,Lost Customers,Navya Dutta,Female,26,Pune,Maharashtra,West
CUST-00125,25,41085.75,15637.12,2023-03-02,2024-12-06,23,43,1643.43,38.06,26,671,4,5,5,455,Champions,Pooja Malhotra,Female,18,Hyderabad,Telangana,South
CUST-00126,9,12859.85,5102.05,2022-01-21,2024-11-29,9,10,1428.87,39.67,33,1076,4,3,2,432,Potential Loyalists,Gauri Shah,Female,28,Chandigarh,Punjab,North
CUST-00127,16,113621.85,25845.280000000002,2024-01-15,2024-12-25,15,25,7101.37,22.75,7,352,5,5,5,555,Champions,Saanvi Iyengar,Female,25,Pune,Maharashtra,West
CUST-00128,2,2488.15,627.88,2022-10-08,2023-07-28,2,2,1244.08,25.23,523,816,1,1,1,111,Lost Customers,Anand Dutta,Male,32,Bhubaneswar,Odisha,East
CUST-00129,10,18448.0,5561.9400000000005,2022-11-10,2024-12-05,10,18,1844.8,30.15,27,783,4,3,3,433,Loyal Customers,Aditya Kaur,Male,39,Mumbai,Maharashtra,West
CUST-00130,16,25517.25,9072.32,2022-07-12,2024-11-23,16,19,1594.83,35.55,39,904,4,5,4,454,Champions,Rajesh Yadav,Male,47,Lucknow,Uttar Pradesh,North
CUST-00131,8,13933.9,6188.45,2022-10-12,2024-11-19,8,10,1741.74,44.41,43,812,4,3,3,433,Loyal Customers,Ishaan Iyengar,Male,39,Mumbai,Maharashtra,West
CUST-00132,18,42522.15,20376.92,2022-09-08,2024-10-18,17,24,2362.34,47.92,75,846,3,5,5,355,Loyal Customers,Shaurya Nair,Male,42,Visakhapatnam,Andhra Pradesh,South
CUST-00133,13,37194.25,6403.26,2023-02-24,2024-11-02,13,23,2861.1,17.22,60,677,3,4,4,344,Loyal Customers,Reyansh Pillai,Male,45,Surat,Gujarat,West
CUST-00134,9,10449.9,4379.08,2024-06-15,2024-07-06,9,12,1161.1,41.91,179,200,1,3,2,132,Regular Customers,Pranav Saxena,Other,27,Indore,Madhya Pradesh,Central
CUST-00135,5,25371.800000000003,7507.97,2022-10-02,2024-10-25,5,8,5074.36,29.59,68,822,3,1,4,314,Regular Customers,Dhruv Chatterjee,Male,18,Coimbatore,Tamil Nadu,South
CUST-00136,14,42947.45,12304.119999999999,2024-04-03,2024-12-25,13,28,3067.68,28.65,7,273,5,4,5,545,Champions,Reyansh Pillai,Male,50,Kolkata,West Bengal,East
CUST-00137,6,4698.9,1360.55,2023-07-02,2024-10-10,6,6,783.15,28.95,83,549,2,2,1,221,Lost Customers,Shaurya Menon,Male,25,Delhi,Delhi,North
CUST-00138,16,31436.0,16014.93,2023-08-30,2024-09-04,16,22,1964.75,50.94,119,490,2,5,4,254,At Risk,Reyansh Iyengar,Male,32,Jaipur,Rajasthan,North
CUST-00139,13,35942.75,6719.35,2022-05-12,2024-10-25,13,19,2764.83,18.69,68,965,3,4,4,344,Loyal Customers,Anita Dutta,Female,38,Hyderabad,Telangana,South
CUST-00140,4,6690.3,1301.26,2024-07-05,2024-07-16,4,7,1672.58,19.45,169,180,1,1,1,111,Lost Customers,Ishaan Iyengar,Male,33,Patna,Bihar,East
CUST-00141,6,9633.1,4158.41,2022-05-04,2024-08-17,6,7,1605.52,43.17,137,973,2,2,2,222,Lost Customers,Siddharth Choudhury,Male,33,Guwahati,Assam,East
CUST-00142,10,15210.85,6608.79,2022-03-10,2024-12-18,10,15,1521.08,43.45,14,1028,5,3,3,533,Loyal Customers,Ayaan Mishra,Male,43,Pune,Maharashtra,West
CUST-00143,17,27460.9,10656.0,2023-09-04,2024-11-01,17,31,1615.35,38.8,61,485,3,5,4,354,Loyal Customers,Aanya Patel,Female,58,Lucknow,Uttar Pradesh,North
CUST-00144,6,8654.15,2074.65,2023-07-24,2024-06-15,6,13,1442.36,23.97,200,527,1,2,2,122,Lost Customers,Nikhil Gupta,Male,37,Ahmedabad,Gujarat,West
CUST-00145,17,53267.7,18506.74,2022-02-26,2024-11-15,17,28,3133.39,34.74,47,1040,3,5,5,355,Loyal Customers,Divya Banerjee,Female,31,Ahmedabad,Gujarat,West
CUST-00146,6,2789.85,916.5799999999999,2023-04-04,2024-12-29,6,6,464.98,32.85,3,638,5,2,1,521,Potential Loyalists,Dhruv Iyer,Male,43,Delhi,Delhi,North
CUST-00147,20,67042.7,18938.82,2022-03-01,2024-12-23,20,29,3352.14,28.25,9,1037,5,5,5,555,Champions,Manish Das,Male,44,Mumbai,Maharashtra,West
CUST-00148,13,29812.5,7705.37,2022-03-03,2024-08-20,13,15,2293.27,25.85,134,1035,2,4,4,244,At Risk,Rekha Choudhury,Female,18,Visakhapatnam,Andhra Pradesh,South
CUST-00149,11,42439.95,12796.37,2023-12-01,2024-11-11,11,15,3858.18,30.15,51,397,3,4,5,345,Loyal Customers,Isha Saxena,Female,18,Kochi,Kerala,South
CUST-00150,3,1951.7,440.55,2022-06-18,2024-11-02,3,4,650.57,22.57,60,928,3,1,1,311,Regular Customers,Anjali Patel,Female,36,Delhi,Delhi,North
CUST-00151,29,115343.54999999999,31061.340000000004,2023-12-25,2024-11-30,27,39,3977.36,26.93,32,373,4,5,5,455,Champions,Anita Menon,Female,41,Chennai,Tamil Nadu,South
CUST-00152,14,23634.95,9915.91,2023-06-30,2024-11-23,14,21,1688.21,41.95,39,551,4,4,4,444,Champions,Neha Reddy,Female,49,Patna,Bihar,East
CUST-00153,6,14388.7,5517.2,2023-11-06,2024-04-13,6,10,2398.12,38.34,263,422,1,2,3,123,Lost Customers,Anand Tripathi,Male,32,Bhopal,Madhya Pradesh,Central
CUST-00154,19,32576.8,10058.11,2023-07-20,2024-11-08,19,25,1714.57,30.88,54,531,3,5,4,354,Loyal Customers,Varun Chatterjee,Other,29,Delhi,Delhi,North
CUST-00155,6,6691.599999999999,1755.53,2023-09-17,2024-04-20,6,6,1115.27,26.23,256,472,1,2,1,121,Lost Customers,Tanvi Yadav,Female,36,Patna,Bihar,East
CUST-00156,10,13119.5,4896.33,2022-12-22,2024-06-04,9,13,1311.95,37.32,211,741,1,3,2,132,Regular Customers,Sunita Patel,Female,32,Chennai,Tamil Nadu,South
CUST-00157,5,23557.899999999998,6404.43,2022-05-31,2024-11-16,5,10,4711.58,27.19,46,946,4,1,4,414,New Customers,Amit Iyer,Male,31,Patna,Bihar,East
CUST-00158,10,14742.349999999999,5657.87,2022-08-12,2024-09-27,10,16,1474.24,38.38,96,873,2,3,3,233,At Risk,Aadhya Das,Female,32,Guwahati,Assam,East
CUST-00159,7,43254.4,13973.310000000001,2024-01-16,2024-05-17,7,11,6179.2,32.3,229,351,1,2,5,125,Lost Customers,Shaurya Reddy,Other,49,Surat,Gujarat,West
CUST-00160,8,19461.899999999998,7632.04,2023-03-12,2024-10-17,8,11,2432.74,39.22,76,661,2,3,3,233,At Risk,Ananya Patel,Female,36,Bengaluru,Karnataka,South
CUST-00161,2,596.6,231.06,2022-09-28,2023-06-30,2,2,298.3,38.73,551,826,1,1,1,111,Lost Customers,Deepak Mehta,Male,18,Jaipur,Rajasthan,North
CUST-00162,8,22045.2,9908.24,2023-08-23,2024-11-21,8,13,2755.65,44.95,41,497,4,3,3,433,Loyal Customers,Meera Chatterjee,Female,38,Hyderabad,Telangana,South
CUST-00163,6,128814.0,33913.47,2023-05-15,2024-09-20,6,10,21469.0,26.33,103,597,2,2,5,225,Lost Customers,Reyansh Pandey,Male,35,Indore,Madhya Pradesh,Central
CUST-00164,20,267306.0,68977.95,2022-01-15,2024-11-07,20,28,13365.3,25.8,55,1082,3,5,5,355,Loyal Customers,Sunita Banerjee,Female,55,Patna,Bihar,East
CUST-00165,7,12884.4,4407.97,2023-03-02,2024-10-19,7,12,1840.63,34.21,74,671,3,2,2,322,Regular Customers,Sunita Banerjee,Female,44,Hyderabad,Telangana,South
CUST-00166,18,117817.1,29468.210000000003,2023-03-19,2024-12-17,18,23,6545.39,25.01,15,654,5,5,5,555,Champions,Atharv Joshi,Male,34,Mumbai,Maharashtra,West
CUST-00167,14,27320.05,11002.34,2024-01-16,2024-10-15,14,19,1951.43,40.27,78,351,2,4,4,244,At Risk,Deepa Pillai,Female,49,Delhi,Delhi,North
CUST-00168,15,50416.35,17806.05,2024-05-24,2024-12-27,15,18,3361.09,35.32,5,222,5,4,5,545,Champions,Vikram Mishra,Male,42,Mumbai,Maharashtra,West
CUST-00169,6,41721.55,2315.0,2022-07-30,2024-11-02,6,9,6953.59,5.55,60,886,3,2,5,325,Regular Customers,Rahul Patel,Male,18,Chennai,Tamil Nadu,South
CUST-00170,11,41998.75,12353.11,2022-11-21,2024-12-08,11,16,3818.07,29.41,24,772,5,4,5,545,Champions,Saanvi Nair,Female,48,Hyderabad,Telangana,South
CUST-00171,9,23199.05,9163.76,2022-03-07,2024-09-04,9,16,2577.67,39.5,119,1031,2,3,4,234,At Risk,Anita Nair,Female,27,Ahmedabad,Gujarat,West
CUST-00172,6,8462.15,3529.25,2024-06-30,2024-07-19,6,6,1410.36,41.71,166,185,2,2,2,222,Lost Customers,Pallavi Bhatia,Female,47,Surat,Gujarat,West
CUST-00173,13,10615.2,3449.6,2024-05-02,2024-12-25,13,17,816.55,32.5,7,244,5,4,2,542,Regular Customers,Varun Nair,Male,32,Bengaluru,Karnataka,South
CUST-00174,5,18419.25,8309.939999999999,2023-12-03,2024-06-15,5,6,3683.85,45.12,200,395,1,1,3,113,Lost Customers,Aarav Gupta,Male,41,Visakhapatnam,Andhra Pradesh,South
CUST-00175,5,40107.55,9294.94,2022-05-29,2024-07-06,5,6,8021.51,23.18,179,948,1,1,5,115,Lost Customers,Rohan Saxena,Male,45,Bengaluru,Karnataka,South
CUST-00176,6,12669.300000000001,6374.610000000001,2023-07-22,2024-12-06,6,7,2111.55,50.32,26,529,4,2,2,422,Potential Loyalists,Shaurya Mehta,Male,18,Delhi,Delhi,North
CUST-00177,6,23444.35,11041.43,2023-02-20,2024-11-07,6,15,3907.39,47.1,55,681,3,2,4,324,Regular Customers,Nikhil Tripathi,Male,20,Hyderabad,Telangana,South
CUST-00178,23,78526.55,22295.51,2022-06-17,2024-10-03,23,34,3414.2,28.39,90,929,2,5,5,255,At Risk,Deepa Pillai,Female,38,Chennai,Tamil Nadu,South
CUST-00179,2,948.0,122.49,2024-01-31,2024-12-06,2,2,474.0,12.92,26,336,4,1,1,411,New Customers,Sneha Sharma,Female,28,Mumbai,Maharashtra,West
CUST-00180,11,17687.25,5649.22,2022-06-14,2024-07-28,11,19,1607.93,31.94,157,932,2,4,3,243,At Risk,Atharv Patel,Male,27,Bengaluru,Karnataka,South
CUST-00181,19,33455.8,9512.54,2022-06-18,2024-11-28,19,28,1760.83,28.43,34,928,4,5,4,454,Champions,Manish Verma,Male,18,Hyderabad,Telangana,South
CUST-00182,8,9764.15,3785.63,2022-02-10,2024-11-22,8,12,1220.52,38.77,40,1056,4,3,2,432,Potential Loyalists,Reyansh Pandey,Male,30,Lucknow,Uttar Pradesh,North
CUST-00183,10,15394.8,4633.75,2023-09-01,2024-06-02,10,14,1539.48,30.1,213,488,1,3,3,133,At Risk,Ayaan Bhatia,Male,38,Mumbai,Maharashtra,West
CUST-00184,15,41372.05,11668.980000000001,2023-08-17,2024-12-31,15,19,2758.14,28.2,1,503,5,4,5,545,Champions,Priyanka Mehta,Female,46,Surat,Gujarat,West
CUST-00185,13,30582.65,12406.29,2022-02-11,2024-11-12,13,26,2352.51,40.57,50,1055,3,4,4,344,Loyal Customers,Nikhil Rao,Male,42,Chandigarh,Punjab,North
CUST-00186,11,39389.2,5914.48,2022-07-02,2024-11-22,11,18,3580.84,15.02,40,914,4,4,5,445,Champions,Anand Das,Male,26,Delhi,Delhi,North
CUST-00187,11,52738.6,11518.81,2022-06-14,2024-12-20,11,19,4794.42,21.84,12,932,5,4,5,545,Champions,Sai Joshi,Male,59,Hyderabad,Telangana,South
CUST-00188,13,42792.5,14857.199999999999,2024-03-26,2024-11-01,13,17,3291.73,34.72,61,281,3,4,5,345,Loyal Customers,Varun Joshi,Male,29,Chandigarh,Punjab,North
CUST-00189,9,121491.3,10158.14,2022-02-13,2024-12-10,9,19,13499.03,8.36,22,1053,5,3,5,535,Loyal Customers,Dhruv Nair,Male,42,Coimbatore,Tamil Nadu,South
CUST-00190,7,8672.4,3841.44,2022-05-31,2024-12-17,7,11,1238.91,44.3,15,946,5,2,2,522,Potential Loyalists,Shreya Pandey,Female,22,Kolkata,West Bengal,East
CUST-00191,14,43646.45,12979.86,2024-05-15,2024-08-10,13,19,3117.6,29.74,144,231,2,4,5,245,At Risk,Nikhil Joshi,Male,49,Bengaluru,Karnataka,South
CUST-00192,6,16917.15,5028.41,2022-08-09,2024-11-28,6,7,2819.52,29.72,34,876,4,2,3,423,Potential Loyalists,Kunal Banerjee,Male,18,Hyderabad,Telangana,South
CUST-00193,4,12572.2,4606.1900000000005,2023-02-01,2024-02-26,4,7,3143.05,36.64,310,700,1,1,2,112,Lost Customers,Kabir Kaur,Male,21,Hyderabad,Telangana,South
CUST-00194,12,25287.55,7800.1,2022-03-19,2024-10-11,12,17,2107.3,30.85,82,1019,2,4,4,244,At Risk,Manish Reddy,Male,25,Bhubaneswar,Odisha,East
CUST-00195,4,11534.25,1914.6200000000001,2022-08-26,2024-03-16,4,6,2883.56,16.6,291,859,1,1,2,112,Lost Customers,Deepa Iyer,Female,44,Kolkata,West Bengal,East
CUST-00196,21,21661.05,8042.53,2023-08-03,2024-09-20,20,25,1031.48,37.13,103,517,2,5,3,253,At Risk,Atharv Singh,Male,40,Pune,Maharashtra,West
CUST-00197,22,45932.65,15327.08,2023-12-07,2024-12-18,22,29,2087.85,33.37,14,391,5,5,5,555,Champions,Prisha Saxena,Female,28,Delhi,Delhi,North
CUST-00198,20,49676.4,20442.26,2024-01-11,2024-11-17,20,30,2483.82,41.15,45,356,4,5,5,455,Champions,Krishna Mukherjee,Male,50,Hyderabad,Telangana,South
CUST-00199,5,7777.3,3827.3,2024-05-01,2024-10-09,5,8,1555.46,49.21,84,245,2,1,2,212,Lost Customers,Riya Pillai,Female,18,Visakhapatnam,Andhra Pradesh,South
CUST-00200,7,79228.59999999999,-1911.2,2022-01-17,2024-10-30,7,13,11318.37,-2.41,63,1080,3,2,5,325,Regular Customers,Rekha Patel,Female,43,Bengaluru,Karnataka,South
CUST-00201,18,49875.05,12737.210000000001,2023-08-12,2024-12-16,18,23,2770.84,25.54,16,508,5,5,5,555,Champions,Rohan Patel,Male,27,Delhi,Delhi,North
CUST-00202,4,16739.2,1680.8400000000001,2022-12-09,2024-05-16,4,5,4184.8,10.04,230,754,1,1,3,113,Lost Customers,Rajesh Nair,Male,26,Bengaluru,Karnataka,South
CUST-00203,8,6376.25,2645.4,2022-07-16,2024-10-16,8,10,797.03,41.49,77,900,2,3,1,231,Regular Customers,Gaurav Reddy,Male,18,Visakhapatnam,Andhra Pradesh,South
CUST-00204,8,11299.1,5831.4,2022-06-18,2024-09-07,8,11,1412.39,51.61,116,928,2,3,2,232,Regular Customers,Atharv Mishra,Male,40,Hyderabad,Telangana,South
CUST-00205,12,13906.65,5023.6,2022-08-02,2024-12-29,11,20,1158.89,36.12,3,883,5,4,3,543,Loyal Customers,Nandini Mukherjee,Female,35,Bengaluru,Karnataka,South
CUST-00206,4,6247.6,1356.27,2022-10-28,2024-07-20,4,7,1561.9,21.71,165,796,2,1,1,211,Lost Customers,Amit Mehta,Male,36,Jaipur,Rajasthan,North
CUST-00207,14,13243.800000000001,4487.15,2024-02-16,2024-11-13,14,16,945.99,33.88,49,320,3,4,2,342,Regular Customers,Prisha Iyer,Female,55,Bengaluru,Karnataka,South
CUST-00208,8,9387.6,3460.44,2023-10-09,2024-12-27,8,9,1173.45,36.86,5,450,5,3,2,532,Potential Loyalists,Shreya Iyer,Female,50,Delhi,Delhi,North
CUST-00209,3,2212.95,526.8199999999999,2022-09-07,2023-11-13,3,5,737.65,23.81,415,847,1,1,1,111,Lost Customers,Aarav Gupta,Male,36,Bengaluru,Karnataka,South
CUST-00210,9,8146.049999999999,3011.17,2022-10-09,2024-12-11,9,11,905.12,36.96,21,815,5,3,2,532,Potential Loyalists,Deepak Patel,Male,18,Ahmedabad,Gujarat,West
CUST-00211,11,92686.7,18961.769999999997,2024-02-09,2024-05-05,11,16,8426.06,20.46,241,327,1,4,5,145,At Risk,Atharv Iyer,Male,20,Kolkata,West Bengal,East
CUST-00212,7,18018.4,7170.5,2024-02-09,2024-11-22,7,16,2574.06,39.8,40,327,4,2,3,423,Potential Loyalists,Prisha Dutta,Female,35,Mumbai,Maharashtra,West
CUST-00213,6,10099.8,4596.71,2023-09-14,2024-06-16,6,11,1683.3,45.51,199,475,1,2,2,122,Lost Customers,Deepak Menon,Male,26,Jaipur,Rajasthan,North
CUST-00214,4,6862.45,2662.41,2023-03-12,2024-11-18,4,5,1715.61,38.8,44,661,4,1,1,411,New Customers,Isha Malhotra,Female,41,Ahmedabad,Gujarat,West
CUST-00215,4,6997.650000000001,1699.4099999999999,2022-11-08,2024-12-09,4,6,1749.41,24.29,23,785,5,1,1,511,New Customers,Anand Chatterjee,Male,18,Surat,Gujarat,West
CUST-00216,17,39253.549999999996,14487.81,2022-07-23,2024-11-27,17,29,2309.03,36.91,35,893,4,5,5,455,Champions,Tanvi Iyer,Female,21,Nagpur,Maharashtra,West
CUST-00217,4,2536.35,1313.03,2024-05-22,2024-11-14,4,4,634.09,51.77,48,224,3,1,1,311,Regular Customers,Nikhil Iyengar,Male,34,Delhi,Delhi,North
CUST-00218,6,8656.95,3810.82,2022-02-11,2024-03-03,6,7,1442.82,44.02,304,1055,1,2,2,122,Lost Customers,Vihaan Pandey,Male,33,Chandigarh,Punjab,North
CUST-00219,9,21740.5,8100.12,2022-09-13,2024-11-02,9,13,2415.61,37.26,60,841,3,3,3,333,Loyal Customers,Navya Saxena,Female,31,Bhopal,Madhya Pradesh,Central
CUST-00220,4,5692.15,2001.96,2022-08-26,2023-12-09,3,8,1423.04,35.17,389,859,1,1,1,111,Lost Customers,Vikram Bhatia,Male,34,Delhi,Delhi,North
CUST-00221,14,26418.55,10009.51,2022-08-22,2024-10-06,14,20,1887.04,37.89,87,863,2,4,4,244,At Risk,Vivaan Chatterjee,Male,38,Kolkata,West Bengal,East
CUST-00222,7,5493.25,1799.02,2023-10-06,2024-10-12,7,9,784.75,32.75,81,453,2,2,1,221,Lost Customers,Arjun Singh,Male,44,Bhubaneswar,Odisha,East
CUST-00223,8,19079.45,7976.12,2022-10-08,2024-12-01,8,10,2384.93,41.8,31,816,4,3,3,433,Loyal Customers,Aarav Banerjee,Male,30,Hyderabad,Telangana,South
CUST-00224,14,49516.3,12336.39,2022-05-22,2024-12-02,14,16,3536.88,24.91,30,955,4,4,5,445,Champions,Rohan Reddy,Male,47,Bengaluru,Karnataka,South
CUST-00225,7,9073.55,4235.5,2023-09-16,2024-09-13,7,9,1296.22,46.68,110,473,2,2,2,222,Lost Customers,Kavya Yadav,Female,18,Coimbatore,Tamil Nadu,South
CUST-00226,8,4213.45,1471.8200000000002,2023-10-15,2024-07-09,8,9,526.68,34.93,176,444,1,3,1,131,Regular Customers,Aditya Nair,Male,33,Pune,Maharashtra,West
CUST-00227,5,4990.0,1847.17,2022-09-21,2024-03-11,5,5,998.0,37.02,296,833,1,1,1,111,Lost Customers,Divya Kaur,Female,23,Surat,Gujarat,West
CUST-00228,6,6599.6,2776.1800000000003,2022-10-07,2024-10-26,6,8,1099.93,42.07,67,817,3,2,1,321,Regular Customers,Anita Banerjee,Female,36,Hyderabad,Telangana,South
CUST-00229,12,67195.0,15012.74,2024-02-19,2024-11-26,12,15,5599.58,22.34,36,317,4,4,5,445,Champions,Ayaan Malhotra,Male,38,Kolkata,West Bengal,East
CUST-00230,7,4294.95,1425.42,2024-06-21,2024-07-09,7,8,613.56,33.19,176,194,1,2,1,121,Lost Customers,Neha Mukherjee,Female,46,Bhopal,Madhya Pradesh,Central
CUST-00231,25,49142.35,20055.93,2023-07-14,2024-11-06,23,33,1965.69,40.81,56,537,3,5,5,355,Loyal Customers,Amit Nair,Male,20,Chandigarh,Punjab,North
CUST-00232,20,78691.4,17053.48,2024-04-21,2024-12-14,19,31,3934.57,21.67,18,255,5,5,5,555,Champions,Ishaan Yadav,Male,24,Pune,Maharashtra,West
CUST-00233,7,11009.0,3111.94,2024-06-27,2024-12-13,7,12,1572.71,28.27,19,188,5,2,2,522,Potential Loyalists,Khushi Banerjee,Female,29,Kochi,Kerala,South
CUST-00234,12,20745.95,6287.19,2022-07-02,2024-12-29,12,14,1728.83,30.31,3,914,5,4,3,543,Loyal Customers,Anand Malhotra,Male,42,Patna,Bihar,East
CUST-00235,6,25002.5,167.45999999999987,2022-02-26,2024-12-28,6,7,4167.08,0.67,4,1040,5,2,4,524,Potential Loyalists,Krishna Kaur,Male,47,Delhi,Delhi,North
CUST-00236,5,4337.6,1832.3600000000001,2022-08-20,2024-12-02,5,6,867.52,42.24,30,865,4,1,1,411,New Customers,Sai Chatterjee,Male,28,Lucknow,Uttar Pradesh,North
CUST-00237,3,1238.5,172.26999999999998,2024-05-17,2024-11-09,3,4,412.83,13.91,53,229,3,1,1,311,Regular Customers,Prisha Menon,Female,48,Pune,Maharashtra,West
CUST-00238,22,73004.85,14986.93,2022-08-25,2024-12-23,22,29,3318.4,20.53,9,860,5,5,5,555,Champions,Vivaan Patel,Male,44,Hyderabad,Telangana,South
CUST-00239,5,55700.45,460.15,2023-08-05,2024-09-17,5,5,11140.09,0.83,106,515,2,1,5,215,Lost Customers,Deepak Yadav,Male,34,Hyderabad,Telangana,South
CUST-00240,18,30546.6,11109.6,2022-07-07,2024-11-10,18,27,1697.03,36.37,52,909,3,5,4,354,Loyal Customers,Ayaan Agarwal,Male,42,Surat,Gujarat,West
CUST-00241,3,9373.5,2798.0600000000004,2023-04-25,2024-01-28,3,8,3124.5,29.85,339,617,1,1,2,112,Lost Customers,Manish Banerjee,Male,34,Ahmedabad,Gujarat,West
CUST-00242,24,38167.6,12853.66,2022-01-08,2024-12-07,23,33,1590.32,33.68,25,1089,5,5,4,554,Champions,Vikram Patel,Male,62,Bhubaneswar,Odisha,East
CUST-00243,8,14995.15,4025.56,2022-01-01,2024-11-18,8,14,1874.39,26.85,44,1096,4,3,3,433,Loyal Customers,Deepa Bhatia,Female,52,Surat,Gujarat,West
CUST-00244,12,34413.7,9960.43,2024-05-06,2024-09-01,12,19,2867.81,28.94,122,240,2,4,4,244,At Risk,Anita Joshi,Female,39,Delhi,Delhi,North
CUST-00246,10,11737.6,4365.79,2022-10-11,2024-12-07,10,18,1173.76,37.19,25,813,5,3,2,532,Potential Loyalists,Riya Das,Female,53,Surat,Gujarat,West
CUST-00247,6,25424.75,7659.13,2024-02-01,2024-10-17,6,9,4237.46,30.12,76,335,2,2,4,224,Lost Customers,Krishna Iyengar,Male,60,Hyderabad,Telangana,South
CUST-00248,22,57064.25,15403.95,2022-01-03,2024-11-26,20,31,2593.83,26.99,36,1094,4,5,5,455,Champions,Aditya Mukherjee,Male,38,Hyderabad,Telangana,South
CUST-00249,4,7610.250000000001,2058.79,2024-06-06,2024-11-30,4,5,1902.56,27.05,32,209,4,1,2,412,New Customers,Tanvi Reddy,Female,42,Coimbatore,Tamil Nadu,South
CUST-00250,14,43737.45,12219.470000000001,2024-03-26,2024-12-21,13,20,3124.1,27.94,11,281,5,4,5,545,Champions,Aditya Patel,Male,18,Hyderabad,Telangana,South
CUST-00251,15,32098.25,14014.869999999999,2022-07-08,2024-11-30,14,22,2139.88,43.66,32,908,4,4,4,444,Champions,Saanvi Choudhury,Female,18,Chennai,Tamil Nadu,South
CUST-00252,2,9641.3,1821.99,2022-10-27,2023-09-14,2,3,4820.65,18.9,475,797,1,1,2,112,Lost Customers,Nikhil Choudhury,Male,30,Delhi,Delhi,North
CUST-00253,6,3384.1,1281.76,2022-12-08,2024-08-05,6,7,564.02,37.88,149,755,2,2,1,221,Lost Customers,Manish Menon,Male,41,Hyderabad,Telangana,South
CUST-00254,21,75192.1,16523.35,2023-10-06,2024-12-28,21,26,3580.58,21.97,4,453,5,5,5,555,Champions,Priyanka Pillai,Female,31,Ahmedabad,Gujarat,West
CUST-00255,7,5176.25,1887.54,2023-05-21,2024-12-13,7,8,739.46,36.47,19,591,5,2,1,521,Potential Loyalists,Rahul Rao,Male,21,Nagpur,Maharashtra,West
CUST-00256,6,8449.3,3942.9,2022-10-31,2024-09-02,6,6,1408.22,46.67,121,793,2,2,2,222,Lost Customers,Rajesh Malhotra,Male,38,Chennai,Tamil Nadu,South
CUST-00257,18,15934.5,5653.82,2022-08-15,2024-12-21,18,23,885.25,35.48,11,870,5,5,3,553,Loyal Customers,Deepak Iyer,Male,33,Ahmedabad,Gujarat,West
CUST-00258,5,10932.2,4748.349999999999,2024-02-04,2024-05-22,5,5,2186.44,43.43,224,332,1,1,2,112,Lost Customers,Dhruv Pandey,Male,34,Chandigarh,Punjab,North
CUST-00259,8,139477.1,22820.7,2022-10-14,2024-11-01,8,9,17434.64,16.36,61,810,3,3,5,335,Loyal Customers,Aditya Reddy,Male,31,Delhi,Delhi,North
CUST-00260,11,11471.65,4044.5899999999997,2023-11-23,2024-12-20,11,18,1042.88,35.26,12,405,5,4,2,542,Regular Customers,Nikhil Nair,Male,34,Chennai,Tamil Nadu,South
CUST-00261,8,26675.35,9469.560000000001,2024-01-26,2024-11-21,8,10,3334.42,35.5,41,341,4,3,4,434,Loyal Customers,Saanvi Kaur,Female,48,Chennai,Tamil Nadu,South
CUST-00262,5,15540.2,4062.71,2023-12-04,2024-07-20,5,9,3108.04,26.14,165,394,2,1,3,213,Lost Customers,Vivaan Mehta,Male,18,Pune,Maharashtra,West
CUST-00263,13,37106.35,10109.07,2023-06-26,2024-11-23,13,26,2854.33,27.24,39,555,4,4,4,444,Champions,Nikhil Iyer,Male,36,Surat,Gujarat,West
CUST-00264,5,12745.4,2862.51,2024-02-05,2024-10-18,5,6,2549.08,22.46,75,331,3,1,2,312,Regular Customers,Reyansh Shah,Male,30,Bengaluru,Karnataka,South
CUST-00265,6,13723.3,5943.01,2023-09-30,2024-07-13,6,12,2287.22,43.31,172,459,1,2,2,122,Lost Customers,Khushi Menon,Female,29,Delhi,Delhi,North
CUST-00266,16,31980.1,10319.94,2022-05-17,2024-10-25,16,22,1998.76,32.27,68,960,3,5,4,354,Loyal Customers,Divya Mukherjee,Female,32,Jaipur,Rajasthan,North
CUST-00267,14,44509.7,18683.73,2022-05-10,2024-12-13,14,20,3179.26,41.98,19,967,5,4,5,545,Champions,Ishaan Chatterjee,Male,25,Jaipur,Rajasthan,North
CUST-00268,2,1132.2,437.03,2022-07-06,2024-11-20,2,2,566.1,38.6,42,910,4,1,1,411,New Customers,Aditya Patel,Male,24,Mumbai,Maharashtra,West
CUST-00269,3,12465.65,1577.55,2022-11-16,2024-06-25,3,3,4155.22,12.66,190,777,1,1,2,112,Lost Customers,Aarohi Singh,Female,38,Bengaluru,Karnataka,South
CUST-00270,12,27696.45,5588.849999999999,2023-11-24,2024-10-05,12,15,2308.04,20.18,88,404,2,4,4,244,At Risk,Deepak Joshi,Male,21,Bengaluru,Karnataka,South
CUST-00271,26,54894.95,19703.47,2023-09-22,2024-11-27,26,42,2111.34,35.89,35,467,4,5,5,455,Champions,Prisha Pandey,Female,35,Hyderabad,Telangana,South
CUST-00272,5,6797.35,1990.08,2024-02-05,2024-12-05,5,6,1359.47,29.28,27,331,4,1,1,411,New Customers,Isha Menon,Female,35,Delhi,Delhi,North
CUST-00273,4,19102.0,5564.66,2024-05-14,2024-06-09,3,6,4775.5,29.13,206,232,1,1,3,113,Lost Customers,Reyansh Agarwal,Male,18,Coimbatore,Tamil Nadu,South
CUST-00274,10,8922.25,3411.12,2022-01-22,2024-11-07,10,10,892.22,38.23,55,1075,3,3,2,332,Regular Customers,Nandini Bhatia,Female,52,Hyderabad,Telangana,South
CUST-00275,4,18227.75,2766.09,2023-05-01,2024-10-13,4,5,4556.94,15.18,80,611,2,1,3,213,Lost Customers,Kunal Yadav,Male,47,Bengaluru,Karnataka,South
CUST-00276,17,43308.85,16728.71,2022-07-12,2024-06-16,16,30,2547.58,38.63,199,904,1,5,5,155,At Risk,Anita Iyengar,Female,18,Chennai,Tamil Nadu,South
CUST-00277,9,13364.15,4260.9800000000005,2022-11-13,2024-12-30,9,16,1484.91,31.88,2,780,5,3,2,532,Potential Loyalists,Khushi Dutta,Female,18,Surat,Gujarat,West
CUST-00278,18,41783.3,11254.0,2023-10-05,2024-12-22,17,22,2321.29,26.93,10,454,5,5,5,555,Champions,Priyanka Kaur,Female,27,Delhi,Delhi,North
CUST-00279,4,5360.45,2178.66,2023-09-25,2024-10-03,4,7,1340.11,40.64,90,464,2,1,1,211,Lost Customers,Riya Chatterjee,Female,43,Bhopal,Madhya Pradesh,Central
CUST-00280,7,60060.25,8163.25,2024-01-26,2024-12-27,7,12,8580.04,13.59,5,341,5,2,5,525,Potential Loyalists,Vikram Choudhury,Male,32,Mumbai,Maharashtra,West
CUST-00281,26,39993.0,15778.78,2022-01-30,2024-10-05,25,37,1538.19,39.45,88,1067,2,5,5,255,At Risk,Varun Reddy,Male,56,Bengaluru,Karnataka,South
CUST-00282,3,7369.25,861.07,2023-03-05,2024-03-05,3,4,2456.42,11.68,302,668,1,1,1,111,Lost Customers,Ayaan Banerjee,Male,40,Kochi,Kerala,South
CUST-00283,7,13425.75,4185.91,2023-06-24,2024-12-10,7,12,1917.96,31.18,22,557,5,2,2,522,Potential Loyalists,Nikhil Pillai,Other,18,Bengaluru,Karnataka,South
CUST-00284,6,7165.9,3385.83,2023-03-01,2024-11-09,5,13,1194.32,47.25,53,672,3,2,1,321,Regular Customers,Rahul Das,Male,34,Coimbatore,Tamil Nadu,South
CUST-00286,23,32776.6,9574.44,2023-10-31,2024-12-08,23,33,1425.07,29.21,24,428,5,5,4,554,Champions,Aanya Bhatia,Female,39,Kochi,Kerala,South
CUST-00287,15,87076.75,14053.81,2022-05-03,2024-11-11,14,19,5805.12,16.14,51,974,3,4,5,345,Loyal Customers,Shaurya Yadav,Male,50,Jaipur,Rajasthan,North
CUST-00288,20,44195.45,16554.5,2023-12-15,2024-12-07,20,31,2209.77,37.46,25,383,5,5,5,555,Champions,Rohan Malhotra,Male,50,Coimbatore,Tamil Nadu,South
CUST-00289,6,7519.3,3183.46,2022-08-30,2024-11-02,6,7,1253.22,42.34,60,855,3,2,2,322,Regular Customers,Aarav Dutta,Male,37,Mumbai,Maharashtra,West
CUST-00290,8,20438.95,8073.34,2022-03-15,2024-12-14,7,11,2554.87,39.5,18,1023,5,3,3,533,Loyal Customers,Manish Bhatia,Male,18,Chandigarh,Punjab,North
CUST-00291,12,19519.7,7502.49,2024-07-01,2024-12-10,12,19,1626.64,38.44,22,184,5,4,3,543,Loyal Customers,Krishna Reddy,Male,18,Hyderabad,Telangana,South
CUST-00292,21,52802.5,13969.82,2022-11-06,2024-12-07,20,30,2514.4,26.46,25,787,5,5,5,555,Champions,Manish Gupta,Male,39,Hyderabad,Telangana,South
CUST-00293,19,72827.9,23955.05,2023-02-22,2024-11-13,19,28,3833.05,32.89,49,679,3,5,5,355,Loyal Customers,Rekha Chatterjee,Female,39,Kolkata,West Bengal,East
CUST-00294,17,33250.55,10957.18,2023-09-29,2024-12-15,17,26,1955.91,32.95,17,460,5,5,4,554,Champions,Divya Das,Female,18,Surat,Gujarat,West
CUST-00295,9,13388.4,4300.5,2023-06-30,2024-11-22,9,13,1487.6,32.12,40,551,4,3,2,432,Potential Loyalists,Aanya Mukherjee,Female,39,Mumbai,Maharashtra,West
CUST-00296,21,21458.15,8326.8,2022-08-15,2024-11-23,19,23,1021.82,38.8,39,870,4,5,3,453,Loyal Customers,Rajesh Agarwal,Male,18,Ahmedabad,Gujarat,West
CUST-00297,25,37665.5,14176.31,2023-06-18,2024-12-24,25,36,1506.62,37.64,8,563,5,5,4,554,Champions,Anand Gupta,Male,29,Mumbai,Maharashtra,West
CUST-00298,5,5427.35,2723.57,2022-06-24,2024-08-21,5,6,1085.47,50.18,133,922,2,1,1,211,Lost Customers,Sunita Singh,Female,35,Kolkata,West Bengal,East
CUST-00299,4,4816.8,2286.16,2024-07-27,2024-12-14,4,5,1204.2,47.46,18,158,5,1,1,511,New Customers,Shreya Joshi,Female,18,Kochi,Kerala,South
CUST-00300,5,8285.5,2587.54,2022-10-05,2024-06-02,5,5,1657.1,31.23,213,819,1,1,2,112,Lost Customers,Anita Verma,Female,28,Lucknow,Uttar Pradesh,North
CUST-00301,6,6809.9,2468.79,2022-12-08,2024-12-21,6,8,1134.98,36.25,11,755,5,2,1,521,Potential Loyalists,Kabir Bhatia,Male,18,Mumbai,Maharashtra,West
CUST-00302,5,2217.4,1043.0,2022-10-28,2024-08-23,5,7,443.48,47.04,131,796,2,1,1,211,Lost Customers,Priyanka Kaur,Female,45,Delhi,Delhi,North
CUST-00303,19,28215.7,9214.289999999999,2023-02-25,2024-11-05,17,27,1485.04,32.66,57,676,3,5,4,354,Loyal Customers,Aadhya Mukherjee,Female,18,Pune,Maharashtra,West
CUST-00304,9,6288.25,2648.89,2024-04-18,2024-11-18,9,11,698.69,42.12,44,258,4,3,1,431,Potential Loyalists,Isha Iyer,Female,30,Chandigarh,Punjab,North
CUST-00305,8,16904.4,6354.969999999999,2022-06-10,2024-11-19,8,10,2113.05,37.59,43,936,4,3,3,433,Loyal Customers,Riya Singh,Female,47,Patna,Bihar,East
CUST-00306,16,26187.05,10114.23,2023-08-12,2024-10-13,16,18,1636.69,38.62,80,508,2,5,4,254,At Risk,Rajesh Sharma,Male,44,Kolkata,West Bengal,East
CUST-00307,6,5203.400000000001,2629.81,2022-07-25,2024-02-09,6,6,867.23,50.54,327,891,1,2,1,121,Lost Customers,Rajesh Chatterjee,Male,42,Mumbai,Maharashtra,West
CUST-00308,8,13678.900000000001,5149.62,2022-10-02,2024-11-19,8,10,1709.86,37.65,43,822,4,3,2,432,Potential Loyalists,Navya Banerjee,Female,34,Bengaluru,Karnataka,South
CUST-00309,6,40334.950000000004,5979.389999999999,2022-11-28,2024-10-13,6,7,6722.49,14.82,80,765,2,2,5,225,Lost Customers,Prisha Das,Female,45,Patna,Bihar,East
CUST-00310,17,97613.4,19459.91,2023-03-02,2024-11-04,17,20,5741.96,19.94,58,671,3,5,5,355,Loyal Customers,Ishaan Mehta,Male,32,Kochi,Kerala,South
CUST-00311,14,35580.95,8719.68,2023-02-22,2024-12-09,13,16,2541.5,24.51,23,679,5,4,4,544,Champions,Vihaan Patel,Male,18,Delhi,Delhi,North
CUST-00312,7,8400.3,2843.06,2022-08-29,2024-05-28,7,7,1200.04,33.84,218,856,1,2,2,122,Lost Customers,Suresh Joshi,Male,38,Lucknow,Uttar Pradesh,North
CUST-00313,15,31201.25,14001.22,2023-04-04,2024-05-23,15,22,2080.08,44.87,223,638,1,4,4,144,At Risk,Siddharth Kaur,Male,30,Bengaluru,Karnataka,South
CUST-00314,23,37167.7,13053.61,2022-06-19,2024-12-28,23,31,1615.99,35.12,4,927,5,5,4,554,Champions,Priyanka Yadav,Female,34,Bhopal,Madhya Pradesh,Central
CUST-00315,7,11388.65,3715.08,2022-08-19,2024-10-05,7,10,1626.95,32.62,88,866,2,2,2,222,Lost Customers,Anand Iyer,Male,42,Ahmedabad,Gujarat,West
CUST-00316,3,7453.0,2951.83,2023-11-12,2024-11-27,3,6,2484.33,39.61,35,416,4,1,2,412,New Customers,Ayaan Mukherjee,Male,36,Mumbai,Maharashtra,West
CUST-00317,9,14332.3,3875.86,2022-06-17,2024-12-19,9,10,1592.48,27.04,13,929,5,3,3,533,Loyal Customers,Gauri Mukherjee,Female,40,Bhopal,Madhya Pradesh,Central
CUST-00318,17,52392.7,15921.51,2022-01-04,2024-10-22,16,28,3081.92,30.39,71,1093,3,5,5,355,Loyal Customers,Anand Choudhury,Other,33,Hyderabad,Telangana,South
CUST-00319,8,39910.549999999996,10679.09,2022-11-03,2024-10-11,8,8,4988.82,26.76,82,790,2,3,5,235,At Risk,Nandini Singh,Female,27,Ahmedabad,Gujarat,West
CUST-00320,4,4890.35,2240.2799999999997,2024-04-08,2024-11-10,4,8,1222.59,45.81,52,268,3,1,1,311,Regular Customers,Riya Verma,Female,18,Visakhapatnam,Andhra Pradesh,South
CUST-00321,10,31644.45,6274.72,2022-09-17,2024-10-10,10,13,3164.44,19.83,83,837,2,3,4,234,At Risk,Ananya Gupta,Female,18,Chandigarh,Punjab,North
CUST-00322,6,10579.3,4624.7,2022-03-05,2024-12-01,6,6,1763.22,43.71,31,1033,4,2,2,422,Potential Loyalists,Kabir Saxena,Male,18,Mumbai,Maharashtra,West
CUST-00323,11,29429.65,12259.300000000001,2023-01-27,2024-10-10,10,17,2675.42,41.66,83,705,2,4,4,244,At Risk,Vikram Tripathi,Male,21,Bengaluru,Karnataka,South
CUST-00324,2,222.5,61.43,2023-01-07,2024-09-13,2,2,111.25,27.61,110,725,2,1,1,211,Lost Customers,Varun Shah,Male,21,Mumbai,Maharashtra,West
CUST-00325,21,36952.45,15013.44,2022-08-30,2024-12-24,21,30,1759.64,40.63,8,855,5,5,4,554,Champions,Siddharth Iyer,Other,18,Jaipur,Rajasthan,North
CUST-00326,4,4123.0,2217.94,2022-05-03,2024-11-03,4,4,1030.75,53.79,59,974,3,1,1,311,Regular Customers,Shaurya Mishra,Male,19,Surat,Gujarat,West
CUST-00327,13,32905.7,12453.74,2022-04-21,2024-12-02,13,17,2531.21,37.85,30,986,4,4,4,444,Champions,Aadhya Bhatia,Female,31,Bhubaneswar,Odisha,East
CUST-00328,21,25522.15,10086.91,2023-03-26,2024-12-25,20,30,1215.34,39.52,7,647,5,5,4,554,Champions,Tanvi Kaur,Female,23,Chennai,Tamil Nadu,South
CUST-00329,6,3451.2,1343.53,2023-01-30,2024-10-20,6,6,575.2,38.93,73,702,3,2,1,321,Regular Customers,Anita Chatterjee,Female,45,Kolkata,West Bengal,East
CUST-00330,7,71511.1,15385.16,2023-04-16,2024-09-13,7,15,10215.87,21.51,110,626,2,2,5,225,Lost Customers,Dhruv Sharma,Male,50,Delhi,Delhi,North
CUST-00331,15,29706.9,12334.26,2022-07-03,2024-12-08,14,23,1980.46,41.52,24,913,5,4,4,544,Champions,Rohan Rao,Male,39,Hyderabad,Telangana,South
CUST-00332,6,5913.8,1068.52,2023-02-11,2024-12-10,6,8,985.63,18.07,22,690,5,2,1,521,Potential Loyalists,Siddharth Singh,Male,26,Nagpur,Maharashtra,West
CUST-00333,5,3106.3,1350.1100000000001,2022-07-15,2024-09-19,5,5,621.26,43.46,104,901,2,1,1,211,Lost Customers,Isha Iyer,Female,28,Indore,Madhya Pradesh,Central
CUST-00334,3,5557.2,2987.91,2024-06-27,2024-11-14,3,3,1852.4,53.77,48,188,3,1,1,311,Regular Customers,Anjali Reddy,Female,20,Delhi,Delhi,North
CUST-00335,26,37269.8,15583.41,2023-08-10,2024-10-10,26,43,1433.45,41.81,83,510,2,5,4,254,At Risk,Aadhya Singh,Female,25,Pune,Maharashtra,West
CUST-00336,2,5223.15,1617.12,2023-04-28,2024-11-23,2,2,2611.57,30.96,39,614,4,1,1,411,New Customers,Khushi Singh,Female,25,Pune,Maharashtra,West
CUST-00337,16,19951.8,5861.49,2022-09-20,2024-12-09,16,23,1246.99,29.38,23,834,5,5,3,553,Loyal Customers,Vivaan Verma,Male,29,Delhi,Delhi,North
CUST-00338,30,58823.55,20773.75,2022-04-29,2024-12-28,30,45,1960.78,35.32,4,978,5,5,5,555,Champions,Aarohi Malhotra,Female,39,Nagpur,Maharashtra,West
CUST-00339,6,11015.2,4224.83,2023-08-02,2024-11-16,6,8,1835.87,38.35,46,518,4,2,2,422,Potential Loyalists,Ananya Nair,Female,38,Pune,Maharashtra,West
CUST-00340,5,3235.4,1414.23,2024-02-06,2024-11-13,5,7,647.08,43.71,49,330,3,1,1,311,Regular Customers,Anand Das,Male,44,Chennai,Tamil Nadu,South
CUST-00341,30,65975.2,25055.55,2022-04-18,2024-12-01,29,42,2199.17,37.98,31,989,4,5,5,455,Champions,Anand Dutta,Male,42,Kolkata,West Bengal,East
CUST-00342,12,18122.9,5588.09,2023-10-02,2024-06-12,12,15,1510.24,30.83,203,457,1,4,3,143,At Risk,Manish Malhotra,Male,22,Delhi,Delhi,North
CUST-00343,2,2551.15,347.35,2023-02-11,2023-11-01,2,3,1275.58,13.62,427,690,1,1,1,111,Lost Customers,Kavya Verma,Female,18,Pune,Maharashtra,West
CUST-00344,7,69023.95,11633.58,2023-01-15,2024-10-19,7,10,9860.56,16.85,74,717,3,2,5,325,Regular Customers,Riya Patel,Female,23,Hyderabad,Telangana,South
CUST-00345,21,75924.40000000001,19195.67,2024-01-23,2024-12-09,21,25,3615.45,25.28,23,344,5,5,5,555,Champions,Swati Rao,Female,18,Bhubaneswar,Odisha,East
CUST-00346,4,7991.15,3166.5299999999997,2022-01-15,2024-04-11,4,4,1997.79,39.63,265,1082,1,1,2,112,Lost Customers,Divya Rao,Female,38,Jaipur,Rajasthan,North
CUST-00347,8,232021.19999999998,45993.23,2023-07-27,2024-11-19,8,16,29002.65,19.82,43,524,4,3,5,435,Loyal Customers,Gauri Malhotra,Female,37,Kochi,Kerala,South
CUST-00348,20,24600.3,10202.289999999999,2024-05-09,2024-12-24,20,30,1230.01,41.47,8,237,5,5,4,554,Champions,Gauri Singh,Female,40,Jaipur,Rajasthan,North
CUST-00349,3,26886.85,3031.14,2024-02-05,2024-11-27,3,6,8962.28,11.27,35,331,4,1,4,414,New Customers,Aanya Mishra,Female,25,Bhubaneswar,Odisha,East
CUST-00350,8,19797.75,8651.53,2024-03-08,2024-12-13,8,17,2474.72,43.7,19,299,5,3,3,533,Loyal Customers,Ananya Mishra,Female,38,Mumbai,Maharashtra,West
CUST-00351,9,12963.949999999999,5888.07,2024-02-14,2024-12-05,9,10,1440.44,45.42,27,322,4,3,2,432,Potential Loyalists,Deepa Choudhury,Female,28,Chandigarh,Punjab,North
CUST-00352,8,5246.55,2223.86,2022-05-10,2024-12-28,8,10,655.82,42.39,4,967,5,3,1,531,Potential Loyalists,Reyansh Pandey,Male,23,Kochi,Kerala,South
CUST-00353,3,2739.65,484.96999999999997,2024-05-09,2024-06-02,3,3,913.22,17.7,213,237,1,1,1,111,Lost Customers,Ananya Mishra,Female,30,Bengaluru,Karnataka,South
CUST-00354,6,15290.95,4244.62,2022-04-13,2024-12-07,6,7,2548.49,27.76,25,994,5,2,3,523,Potential Loyalists,Rekha Bhatia,Female,33,Visakhapatnam,Andhra Pradesh,South
CUST-00355,15,20114.95,7388.41,2022-05-08,2024-12-19,15,17,1341.0,36.73,13,969,5,4,3,543,Loyal Customers,Anita Saxena,Female,41,Pune,Maharashtra,West
CUST-00356,7,7101.85,1889.6100000000001,2022-03-11,2024-12-15,7,8,1014.55,26.61,17,1027,5,2,1,521,Potential Loyalists,Saanvi Bhatia,Female,18,Mumbai,Maharashtra,West
CUST-00357,4,3377.3999999999996,1185.19,2024-04-29,2024-05-14,4,6,844.35,35.09,232,247,1,1,1,111,Lost Customers,Anita Patel,Female,38,Hyderabad,Telangana,South
CUST-00358,8,8028.799999999999,2141.55,2022-01-21,2024-11-27,8,10,1003.6,26.67,35,1076,4,3,2,432,Potential Loyalists,Diya Shah,Female,33,Surat,Gujarat,West
CUST-00359,13,18632.45,4570.11,2022-04-26,2024-12-31,13,20,1433.27,24.53,1,981,5,4,3,543,Loyal Customers,Kabir Iyengar,Male,34,Mumbai,Maharashtra,West
CUST-00360,7,11756.15,4653.0,2023-01-23,2024-10-02,7,11,1679.45,39.58,91,709,2,2,2,222,Lost Customers,Rahul Menon,Male,37,Lucknow,Uttar Pradesh,North
CUST-00361,8,10452.55,3238.92,2023-11-01,2024-12-25,8,12,1306.57,30.99,7,427,5,3,2,532,Potential Loyalists,Vihaan Menon,Male,18,Ahmedabad,Gujarat,West
CUST-00362,2,1458.0,642.2,2023-12-06,2024-01-01,2,2,729.0,44.05,366,392,1,1,1,111,Lost Customers,Ramesh Verma,Male,43,Bhubaneswar,Odisha,East
CUST-00363,17,37651.299999999996,9591.27,2022-03-01,2024-11-24,16,30,2214.78,25.47,38,1037,4,5,4,454,Champions,Divya Sharma,Female,37,Mumbai,Maharashtra,West
CUST-00364,15,53514.05,10414.67,2023-05-26,2024-06-27,15,21,3567.6,19.46,188,586,1,4,5,145,At Risk,Gaurav Nair,Male,27,Bengaluru,Karnataka,South
CUST-00365,10,31547.4,993.51,2023-06-30,2024-05-04,9,17,3154.74,3.15,242,551,1,3,4,134,At Risk,Rahul Das,Male,41,Chennai,Tamil Nadu,South
CUST-00366,7,29722.65,8646.27,2024-06-06,2024-12-04,7,11,4246.09,29.09,28,209,4,2,4,424,Potential Loyalists,Aditya Reddy,Male,44,Guwahati,Assam,East
CUST-00367,4,15642.25,7373.1,2024-04-25,2024-05-09,4,6,3910.56,47.14,237,251,1,1,3,113,Lost Customers,Arjun Shah,Male,19,Bhopal,Madhya Pradesh,Central
CUST-00369,9,26846.0,8199.83,2024-05-27,2024-12-07,9,17,2982.89,30.54,25,219,5,3,4,534,Loyal Customers,Rohan Iyengar,Male,45,Bengaluru,Karnataka,South
CUST-00370,19,42221.35,12969.789999999999,2022-01-25,2024-12-08,19,33,2222.18,30.72,24,1072,5,5,5,555,Champions,Anita Das,Female,47,Delhi,Delhi,North
CUST-00371,14,45771.35,17798.19,2024-02-05,2024-12-31,14,24,3269.38,38.89,1,331,5,4,5,545,Champions,Manish Tripathi,Male,31,Ahmedabad,Gujarat,West
CUST-00372,18,48420.25,15026.470000000001,2023-07-15,2024-06-18,16,24,2690.01,31.03,197,536,1,5,5,155,At Risk,Reyansh Pillai,Male,39,Bengaluru,Karnataka,South
CUST-00373,7,54380.9,15089.34,2023-07-24,2024-05-14,7,15,7768.7,27.75,232,527,1,2,5,125,Lost Customers,Kabir Reddy,Other,42,Bengaluru,Karnataka,South
CUST-00374,9,12609.8,4986.860000000001,2022-10-15,2024-09-28,9,13,1401.09,39.55,95,809,2,3,2,232,Regular Customers,Anand Malhotra,Male,30,Mumbai,Maharashtra,West
CUST-00375,31,72187.55,23984.47,2023-02-08,2024-12-22,31,45,2328.63,33.23,10,693,5,5,5,555,Champions,Swati Shah,Female,43,Chennai,Tamil Nadu,South
CUST-00376,8,33174.55,3299.58,2023-09-01,2024-03-27,8,10,4146.82,9.95,280,488,1,3,4,134,At Risk,Swati Agarwal,Female,29,Delhi,Delhi,North
CUST-00377,4,8294.25,3348.89,2022-10-19,2024-11-26,4,6,2073.56,40.38,36,805,4,1,2,412,New Customers,Deepa Gupta,Female,40,Patna,Bihar,East
CUST-00378,17,37482.7,17229.94,2023-02-04,2024-11-27,17,23,2204.86,45.97,35,697,4,5,4,454,Champions,Tanvi Dutta,Female,40,Ahmedabad,Gujarat,West
CUST-00379,24,41642.85,10906.12,2024-04-18,2024-12-13,22,35,1735.12,26.19,19,258,5,5,5,555,Champions,Vikram Verma,Male,46,Kolkata,West Bengal,East
CUST-00380,10,39901.25,13405.369999999999,2022-10-25,2024-10-30,10,14,3990.12,33.6,63,799,3,3,5,335,Loyal Customers,Vikram Reddy,Male,38,Delhi,Delhi,North
CUST-00381,19,44984.6,17621.87,2023-05-18,2024-11-13,18,25,2367.61,39.17,49,594,3,5,5,355,Loyal Customers,Rekha Kaur,Female,18,Kolkata,West Bengal,East
CUST-00382,6,9388.15,2229.73,2022-12-02,2024-11-30,6,7,1564.69,23.75,32,761,4,2,2,422,Potential Loyalists,Anand Verma,Male,29,Pune,Maharashtra,West
CUST-00383,5,16800.05,5463.76,2024-04-11,2024-07-05,5,6,3360.01,32.52,180,265,1,1,3,113,Lost Customers,Atharv Malhotra,Male,26,Chennai,Tamil Nadu,South
CUST-00384,6,9891.0,3296.33,2023-09-19,2024-12-14,6,8,1648.5,33.33,18,470,5,2,2,522,Potential Loyalists,Arjun Kaur,Male,43,Mumbai,Maharashtra,West
CUST-00385,4,3039.55,1080.85,2024-02-15,2024-12-25,4,8,759.89,35.56,7,321,5,1,1,511,New Customers,Vihaan Rao,Male,60,Bengaluru,Karnataka,South
CUST-00386,8,9974.2,3838.59,2024-03-24,2024-11-11,8,9,1246.78,38.49,51,283,3,3,2,332,Regular Customers,Sunita Shah,Female,27,Patna,Bihar,East
CUST-00387,13,37328.5,12991.54,2024-02-24,2024-08-01,13,15,2871.42,34.8,153,312,2,4,4,244,At Risk,Prisha Yadav,Female,32,Mumbai,Maharashtra,West
CUST-00388,11,32592.0,12118.48,2024-06-11,2024-07-09,11,17,2962.91,37.18,176,204,1,4,4,144,At Risk,Siddharth Mukherjee,Male,26,Visakhapatnam,Andhra Pradesh,South
CUST-00389,17,28688.5,11817.43,2024-06-05,2024-11-12,17,22,1687.56,41.19,50,210,3,5,4,354,Loyal Customers,Vikram Sharma,Male,59,Lucknow,Uttar Pradesh,North
CUST-00390,5,9382.3,3482.5,2022-08-01,2024-12-28,5,8,1876.46,37.12,4,884,5,1,2,512,New Customers,Deepa Das,Female,32,Mumbai,Maharashtra,West
CUST-00391,21,86871.8,15866.76,2022-10-18,2024-10-29,21,32,4136.75,18.26,64,806,3,5,5,355,Loyal Customers,Krishna Das,Male,23,Hyderabad,Telangana,South
CUST-00392,20,21605.75,7154.88,2022-01-11,2024-11-01,20,29,1080.29,33.12,61,1086,3,5,3,353,Loyal Customers,Atharv Sharma,Male,33,Mumbai,Maharashtra,West
CUST-00393,6,51565.55,11396.01,2023-04-02,2024-04-17,6,8,8594.26,22.1,259,640,1,2,5,125,Lost Customers,Suresh Kaur,Male,35,Lucknow,Uttar Pradesh,North
CUST-00394,7,15709.15,7000.12,2022-08-12,2024-12-18,7,8,2244.16,44.56,14,873,5,2,3,523,Potential Loyalists,Tanvi Singh,Female,21,Delhi,Delhi,North
CUST-00395,8,15968.55,6127.6900000000005,2023-02-11,2024-05-09,8,10,1996.07,38.37,237,690,1,3,3,133,At Risk,Amit Mehta,Male,36,Lucknow,Uttar Pradesh,North
CUST-00396,2,5824.1,2797.7200000000003,2023-01-30,2024-05-30,2,3,2912.05,48.04,216,702,1,1,1,111,Lost Customers,Shaurya Saxena,Male,24,Surat,Gujarat,West
CUST-00397,17,70330.25,18323.96,2024-03-11,2024-10-13,15,22,4137.07,26.05,80,296,2,5,5,255,At Risk,Shaurya Choudhury,Male,52,Patna,Bihar,East
CUST-00398,9,15014.75,5747.3,2022-01-15,2024-12-18,9,11,1668.31,38.28,14,1082,5,3,3,533,Loyal Customers,Nandini Verma,Female,36,Bhopal,Madhya Pradesh,Central
CUST-00399,10,15076.2,6916.349999999999,2022-05-28,2024-11-24,10,11,1507.62,45.88,38,949,4,3,3,433,Loyal Customers,Ramesh Verma,Male,34,Kochi,Kerala,South
CUST-00400,13,32087.45,11382.6,2023-09-25,2024-10-09,13,16,2468.27,35.47,84,464,2,4,4,244,At Risk,Rajesh Pillai,Male,43,Jaipur,Rajasthan,North
CUST-00401,11,44667.15,17394.16,2022-03-24,2024-10-18,11,16,4060.65,38.94,75,1014,3,4,5,345,Loyal Customers,Prisha Shah,Female,28,Mumbai,Maharashtra,West
CUST-00402,7,9021.0,1935.67,2023-06-20,2024-09-18,7,10,1288.71,21.46,105,561,2,2,2,222,Lost Customers,Vihaan Rao,Male,35,Delhi,Delhi,North
CUST-00403,3,2125.05,944.9000000000001,2024-05-12,2024-05-14,3,3,708.35,44.46,232,234,1,1,1,111,Lost Customers,Swati Kaur,Female,21,Bhopal,Madhya Pradesh,Central
CUST-00404,5,6392.85,2373.52,2023-01-21,2024-10-01,5,10,1278.57,37.13,92,711,2,1,1,211,Lost Customers,Swati Joshi,Female,27,Kolkata,West Bengal,East
CUST-00405,8,24631.75,2344.45,2023-09-26,2024-11-28,8,12,3078.97,9.52,34,463,4,3,4,434,Loyal Customers,Neha Verma,Female,22,Guwahati,Assam,East
CUST-00406,9,15633.15,6361.06,2022-01-11,2024-08-15,9,17,1737.02,40.69,139,1086,2,3,3,233,At Risk,Gauri Choudhury,Female,41,Jaipur,Rajasthan,North
CUST-00407,3,13994.4,5793.52,2023-07-18,2024-10-28,3,6,4664.8,41.4,65,533,3,1,3,313,Regular Customers,Ishaan Reddy,Male,27,Mumbai,Maharashtra,West
CUST-00408,5,62852.45,6083.15,2022-08-15,2024-02-27,5,12,12570.49,9.68,309,870,1,1,5,115,Lost Customers,Anand Pillai,Male,35,Chennai,Tamil Nadu,South
CUST-00409,5,5542.05,2438.34,2022-04-26,2024-06-16,5,5,1108.41,44.0,199,981,1,1,1,111,Lost Customers,Anjali Das,Female,43,Chennai,Tamil Nadu,South
CUST-00410,5,5809.3,2791.38,2023-01-08,2024-12-16,5,8,1161.86,48.05,16,724,5,1,1,511,New Customers,Siddharth Kaur,Male,42,Hyderabad,Telangana,South
CUST-00411,4,1657.25,623.49,2022-08-15,2023-06-10,4,6,414.31,37.62,571,870,1,1,1,111,Lost Customers,Gaurav Dutta,Other,18,Chandigarh,Punjab,North
CUST-00413,4,8018.4,2855.35,2024-03-29,2024-06-30,4,6,2004.6,35.61,185,278,1,1,2,112,Lost Customers,Priyanka Pillai,Female,18,Pune,Maharashtra,West
CUST-00414,1,1349.0,146.3,2022-10-02,2022-10-02,1,1,1349.0,10.85,822,822,1,1,1,111,Lost Customers,Divya Pillai,Female,26,Delhi,Delhi,North
CUST-00415,13,12234.85,5296.8,2022-03-26,2024-11-08,13,19,941.14,43.29,54,1012,3,4,2,342,Regular Customers,Saanvi Reddy,Female,48,Delhi,Delhi,North
CUST-00416,10,25055.1,8767.789999999999,2023-01-22,2024-11-21,10,12,2505.51,34.99,41,710,4,3,4,434,Loyal Customers,Neha Menon,Female,41,Coimbatore,Tamil Nadu,South
CUST-00417,4,8276.75,3173.63,2022-05-27,2024-12-02,4,6,2069.19,38.34,30,950,4,1,2,412,New Customers,Gaurav Malhotra,Male,36,Kolkata,West Bengal,East
CUST-00418,12,61200.55,13313.59,2022-06-28,2024-11-10,12,16,5100.05,21.75,52,918,3,4,5,345,Loyal Customers,Dhruv Iyengar,Male,29,Patna,Bihar,East
CUST-00419,6,24058.6,9420.27,2023-07-18,2024-09-22,6,12,4009.77,39.16,101,533,2,2,4,224,Lost Customers,Ishaan Dutta,Male,18,Pune,Maharashtra,West
CUST-00420,5,70649.95,12408.65,2022-04-11,2024-08-26,5,9,14129.99,17.56,128,996,2,1,5,215,Lost Customers,Nikhil Saxena,Male,35,Hyderabad,Telangana,South
CUST-00421,8,98059.40000000001,26232.329999999998,2023-11-14,2024-11-10,8,12,12257.42,26.75,52,414,3,3,5,335,Loyal Customers,Aarohi Iyengar,Female,41,Bengaluru,Karnataka,South
CUST-00422,11,11908.7,5699.81,2022-12-31,2024-05-14,11,15,1082.61,47.86,232,732,1,4,2,142,Regular Customers,Sunita Rao,Female,19,Delhi,Delhi,North
CUST-00423,2,743.4,117.35999999999999,2023-03-17,2024-10-25,2,3,371.7,15.79,68,656,3,1,1,311,Regular Customers,Deepa Singh,Female,18,Mumbai,Maharashtra,West
CUST-00424,8,12210.45,4684.530000000001,2022-03-06,2024-11-07,8,11,1526.31,38.36,55,1032,3,3,2,332,Regular Customers,Arjun Shah,Male,30,Kolkata,West Bengal,East
CUST-00425,5,15924.2,3796.25,2023-01-06,2024-11-29,4,5,3184.84,23.84,33,726,4,1,3,413,New Customers,Arjun Choudhury,Male,30,Bengaluru,Karnataka,South
CUST-00426,2,1555.3,696.6500000000001,2023-10-12,2024-03-23,2,2,777.65,44.79,284,447,1,1,1,111,Lost Customers,Sunita Singh,Female,46,Lucknow,Uttar Pradesh,North
CUST-00427,5,5121.400000000001,2004.6399999999999,2024-04-02,2024-04-21,5,5,1024.28,39.14,255,274,1,1,1,111,Lost Customers,Suresh Choudhury,Male,42,Chennai,Tamil Nadu,South
CUST-00428,21,48996.85,11880.56,2024-03-04,2024-10-20,19,24,2333.18,24.25,73,303,3,5,5,355,Loyal Customers,Pallavi Tripathi,Female,46,Bhopal,Madhya Pradesh,Central
CUST-00429,5,33450.4,2339.2799999999997,2022-10-17,2024-12-04,5,6,6690.08,6.99,28,807,4,1,4,414,New Customers,Neha Reddy,Female,29,Mumbai,Maharashtra,West
CUST-00430,9,6505.650000000001,2700.31,2023-07-18,2024-08-08,9,11,722.85,41.51,146,533,2,3,1,231,Regular Customers,Aditya Iyer,Male,37,Mumbai,Maharashtra,West
CUST-00431,8,24446.6,7211.38,2024-04-28,2024-05-24,8,10,3055.82,29.5,222,248,1,3,4,134,At Risk,Anita Shah,Female,31,Surat,Gujarat,West
CUST-00432,4,19820.5,5660.49,2022-10-22,2024-08-30,4,8,4955.12,28.56,124,802,2,1,3,213,Lost Customers,Amit Gupta,Male,21,Kolkata,West Bengal,East
CUST-00433,21,14595.75,5593.4400000000005,2023-01-27,2024-10-31,20,25,695.04,38.32,62,705,3,5,3,353,Loyal Customers,Vivaan Verma,Male,34,Patna,Bihar,East
CUST-00434,5,8965.75,2812.27,2022-03-08,2024-09-14,5,8,1793.15,31.37,109,1030,2,1,2,212,Lost Customers,Aditya Singh,Male,37,Kolkata,West Bengal,East
CUST-00435,11,80860.15,15633.02,2023-08-10,2024-08-04,11,15,7350.92,19.33,150,510,2,4,5,245,At Risk,Amit Nair,Male,23,Mumbai,Maharashtra,West
CUST-00436,6,29376.55,3624.03,2023-03-30,2024-12-30,6,6,4896.09,12.34,2,643,5,2,4,524,Potential Loyalists,Kunal Dutta,Male,37,Lucknow,Uttar Pradesh,North
CUST-00437,4,23825.7,1525.26,2022-07-11,2024-12-17,4,4,5956.42,6.4,15,905,5,1,4,514,New Customers,Kunal Banerjee,Male,36,Chennai,Tamil Nadu,South
CUST-00438,20,46623.7,14685.16,2022-02-05,2024-11-30,20,29,2331.18,31.5,32,1061,4,5,5,455,Champions,Sneha Iyengar,Female,25,Delhi,Delhi,North
CUST-00439,14,14536.4,4356.45,2022-12-15,2024-12-07,13,18,1038.31,29.97,25,748,5,4,3,543,Loyal Customers,Riya Malhotra,Female,32,Ahmedabad,Gujarat,West
CUST-00440,4,5142.85,1609.11,2022-06-17,2024-12-26,4,4,1285.71,31.29,6,929,5,1,1,511,New Customers,Aadhya Iyengar,Female,55,Pune,Maharashtra,West
CUST-00441,4,188093.25,29843.030000000002,2023-07-16,2024-11-19,4,6,47023.31,15.87,43,535,4,1,5,415,New Customers,Deepak Menon,Male,35,Jaipur,Rajasthan,North
CUST-00442,6,15513.5,5087.82,2023-01-22,2024-05-20,6,6,2585.58,32.8,226,710,1,2,3,123,Lost Customers,Ramesh Saxena,Male,37,Jaipur,Rajasthan,North
CUST-00443,18,31566.1,13296.27,2023-04-19,2024-12-14,18,26,1753.67,42.12,18,623,5,5,4,554,Champions,Ishaan Nair,Male,24,Jaipur,Rajasthan,North
CUST-00444,9,20815.55,5080.84,2022-07-15,2024-08-12,9,19,2312.84,24.41,142,901,2,3,3,233,At Risk,Rajesh Mukherjee,Other,36,Mumbai,Maharashtra,West
CUST-00445,3,10673.4,5482.11,2023-02-28,2024-05-31,3,7,3557.8,51.36,215,673,1,1,2,112,Lost Customers,Divya Reddy,Female,44,Bhopal,Madhya Pradesh,Central
CUST-00446,5,10212.15,3327.73,2023-03-25,2024-11-12,5,5,2042.43,32.59,50,648,3,1,2,312,Regular Customers,Anjali Kaur,Female,30,Chandigarh,Punjab,North
CUST-00447,29,65243.15,22191.13,2024-05-20,2024-12-04,29,46,2249.76,34.01,28,226,4,5,5,455,Champions,Tanvi Yadav,Female,18,Jaipur,Rajasthan,North
CUST-00448,17,14751.449999999999,6261.44,2024-04-12,2024-12-07,17,22,867.73,42.45,25,264,5,5,3,553,Loyal Customers,Meera Gupta,Female,22,Indore,Madhya Pradesh,Central
CUST-00449,22,38148.3,10816.7,2022-09-30,2024-12-20,20,34,1734.01,28.35,12,824,5,5,4,554,Champions,Pallavi Rao,Female,47,Delhi,Delhi,North
CUST-00450,8,14823.95,6250.61,2023-04-16,2024-09-14,8,16,1852.99,42.17,109,626,2,3,3,233,At Risk,Shreya Kaur,Female,30,Mumbai,Maharashtra,West
CUST-00451,9,35545.85,5104.15,2022-10-12,2024-12-07,9,15,3949.54,14.36,25,812,5,3,4,534,Loyal Customers,Deepak Gupta,Male,18,Lucknow,Uttar Pradesh,North
CUST-00452,21,26981.5,9932.38,2022-11-06,2024-11-28,19,32,1284.83,36.81,34,787,4,5,4,454,Champions,Manish Mishra,Male,18,Chennai,Tamil Nadu,South
CUST-00453,9,12442.4,4099.17,2023-12-16,2024-11-01,9,9,1382.49,32.95,61,382,3,3,2,332,Regular Customers,Rajesh Das,Male,18,Mumbai,Maharashtra,West
CUST-00454,6,17528.1,6209.92,2023-11-23,2024-11-10,6,7,2921.35,35.43,52,405,3,2,3,323,Regular Customers,Swati Pillai,Female,26,Jaipur,Rajasthan,North
CUST-00455,26,39762.1,13688.09,2022-01-22,2024-12-22,25,37,1529.31,34.42,10,1075,5,5,5,555,Champions,Navya Joshi,Female,18,Patna,Bihar,East
CUST-00456,4,69205.95,3920.9300000000003,2023-10-07,2024-11-07,4,8,17301.49,5.67,55,452,3,1,5,315,Regular Customers,Meera Choudhury,Female,25,Kolkata,West Bengal,East
CUST-00457,4,3433.2,1636.91,2022-08-02,2024-10-06,4,4,858.3,47.68,87,883,2,1,1,211,Lost Customers,Arjun Bhatia,Male,20,Hyderabad,Telangana,South
CUST-00458,8,12855.55,4906.17,2023-11-07,2024-10-10,8,12,1606.94,38.16,83,421,2,3,2,232,Regular Customers,Anita Malhotra,Female,18,Kolkata,West Bengal,East
CUST-00459,1,1439.0,198.94,2023-12-27,2023-12-27,1,1,1439.0,13.82,371,371,1,1,1,111,Lost Customers,Deepa Dutta,Female,40,Lucknow,Uttar Pradesh,North
CUST-00460,6,19436.3,3895.19,2024-06-21,2024-08-22,6,8,3239.38,20.04,132,194,2,2,3,223,Lost Customers,Meera Tripathi,Female,39,Mumbai,Maharashtra,West
CUST-00461,6,7896.55,2324.67,2023-01-22,2024-06-10,6,7,1316.09,29.44,205,710,1,2,2,122,Lost Customers,Dhruv Bhatia,Male,30,Surat,Gujarat,West
CUST-00462,16,16498.55,5659.47,2022-01-30,2024-10-11,16,16,1031.16,34.3,82,1067,2,5,3,253,At Risk,Deepak Choudhury,Male,37,Surat,Gujarat,West
CUST-00463,13,22432.85,6319.49,2023-01-19,2024-11-03,13,18,1725.6,28.17,59,713,3,4,3,343,Loyal Customers,Vivaan Pillai,Male,32,Bengaluru,Karnataka,South
CUST-00464,4,3446.1,1511.24,2024-06-09,2024-06-27,4,6,861.52,43.85,188,206,1,1,1,111,Lost Customers,Ayaan Menon,Male,22,Bengaluru,Karnataka,South
CUST-00465,5,3517.95,1226.84,2023-07-16,2024-10-15,5,10,703.59,34.87,78,535,2,1,1,211,Lost Customers,Tanvi Mishra,Female,18,Ahmedabad,Gujarat,West
CUST-00466,28,46739.45,18822.45,2023-08-22,2024-12-31,28,35,1669.27,40.27,1,498,5,5,5,555,Champions,Isha Joshi,Female,37,Bengaluru,Karnataka,South
CUST-00467,24,44018.6,15368.93,2024-03-16,2024-11-25,23,31,1834.11,34.91,37,291,4,5,5,455,Champions,Reyansh Rao,Male,31,Jaipur,Rajasthan,North
CUST-00468,15,23217.25,8156.93,2022-08-08,2024-10-12,15,23,1547.82,35.13,81,877,2,4,4,244,At Risk,Rohan Choudhury,Male,31,Kolkata,West Bengal,East
CUST-00469,19,49388.25,9113.58,2023-05-10,2024-12-07,19,29,2599.38,18.45,25,602,5,5,5,555,Champions,Pooja Iyengar,Female,34,Bengaluru,Karnataka,South
CUST-00470,2,119038.25,1630.61,2024-05-24,2024-11-04,2,5,59519.12,1.37,58,222,3,1,5,315,Regular Customers,Deepa Mehta,Female,22,Kolkata,West Bengal,East
CUST-00471,27,46220.75,19302.989999999998,2023-09-14,2024-12-25,24,38,1711.88,41.76,7,475,5,5,5,555,Champions,Kavya Verma,Female,26,Ahmedabad,Gujarat,West
CUST-00472,15,22405.55,8504.72,2022-04-21,2024-12-06,14,22,1493.7,37.96,26,986,4,4,3,443,Loyal Customers,Anjali Agarwal,Female,33,Ahmedabad,Gujarat,West
CUST-00473,9,8835.75,3303.5099999999998,2022-03-27,2024-12-14,9,11,981.75,37.39,18,1011,5,3,2,532,Potential Loyalists,Pooja Yadav,Female,29,Delhi,Delhi,North
CUST-00474,2,529.3,116.55,2023-07-28,2024-11-01,2,2,264.65,22.02,61,523,3,1,1,311,Regular Customers,Sunita Saxena,Female,37,Chennai,Tamil Nadu,South
CUST-00475,6,23222.850000000002,7493.84,2023-07-01,2024-12-26,6,7,3870.48,32.27,6,550,5,2,4,524,Potential Loyalists,Pooja Bhatia,Female,29,Bengaluru,Karnataka,South
CUST-00476,25,35122.9,13214.65,2023-07-15,2024-10-27,25,36,1404.92,37.62,66,536,3,5,4,354,Loyal Customers,Pallavi Patel,Female,41,Bengaluru,Karnataka,South
CUST-00477,9,16918.15,5339.42,2023-05-03,2024-11-14,9,10,1879.79,31.56,48,609,3,3,3,333,Loyal Customers,Pallavi Sharma,Female,53,Mumbai,Maharashtra,West
CUST-00478,6,21883.1,8613.26,2022-07-11,2024-10-10,6,12,3647.18,39.36,83,905,2,2,3,223,Lost Customers,Pooja Rao,Female,23,Chennai,Tamil Nadu,South
CUST-00479,8,16861.25,5109.22,2022-09-10,2024-12-29,8,11,2107.66,30.3,3,844,5,3,3,533,Loyal Customers,Aadhya Rao,Female,38,Patna,Bihar,East
CUST-00480,15,18541.5,6518.29,2022-12-04,2024-10-20,14,18,1236.1,35.16,73,759,3,4,3,343,Loyal Customers,Varun Malhotra,Male,24,Mumbai,Maharashtra,West
CUST-00481,17,53269.5,16318.119999999999,2022-08-21,2024-11-23,17,27,3133.5,30.63,39,864,4,5,5,455,Champions,Arjun Verma,Male,46,Pune,Maharashtra,West
CUST-00482,16,22148.649999999998,7354.05,2022-06-01,2024-12-26,13,26,1384.29,33.2,6,945,5,5,3,553,Loyal Customers,Rahul Das,Male,50,Hyderabad,Telangana,South
CUST-00483,4,18646.8,3656.69,2024-07-07,2024-10-10,4,6,4661.7,19.61,83,178,2,1,3,213,Lost Customers,Sneha Menon,Female,36,Delhi,Delhi,North
CUST-00484,11,16041.65,6805.110000000001,2022-06-23,2024-09-16,10,14,1458.33,42.42,107,923,2,4,3,243,At Risk,Aadhya Sharma,Female,32,Hyderabad,Telangana,South
CUST-00485,6,8557.25,2982.1000000000004,2024-06-14,2024-10-25,6,8,1426.21,34.85,68,201,3,2,2,322,Regular Customers,Arjun Chatterjee,Male,43,Guwahati,Assam,East
CUST-00486,8,11679.55,5838.150000000001,2022-08-31,2024-06-08,7,11,1459.94,49.99,207,854,1,3,2,132,Regular Customers,Vihaan Choudhury,Male,45,Mumbai,Maharashtra,West
CUST-00487,8,20246.35,5759.33,2022-05-17,2024-06-02,8,13,2530.79,28.45,213,960,1,3,3,133,At Risk,Aarohi Verma,Female,18,Mumbai,Maharashtra,West
CUST-00488,9,8426.65,2370.16,2023-08-18,2024-11-21,9,11,936.29,28.13,41,502,4,3,2,432,Potential Loyalists,Kunal Mukherjee,Male,39,Coimbatore,Tamil Nadu,South
CUST-00489,13,28189.85,10651.01,2023-10-23,2024-11-12,13,23,2168.45,37.78,50,436,3,4,4,344,Loyal Customers,Siddharth Tripathi,Male,20,Hyderabad,Telangana,South
CUST-00490,12,14465.65,5876.6,2023-11-24,2024-09-01,12,14,1205.47,40.62,122,404,2,4,3,243,At Risk,Aarav Singh,Male,25,Kolkata,West Bengal,East
CUST-00491,7,11862.1,5401.57,2022-09-01,2024-10-22,7,8,1694.59,45.54,71,853,3,2,2,322,Regular Customers,Deepak Bhatia,Male,26,Pune,Maharashtra,West
CUST-00492,20,81726.35,20264.12,2022-05-09,2024-12-06,19,29,4086.32,24.8,26,968,4,5,5,455,Champions,Neha Rao,Female,40,Jaipur,Rajasthan,North
CUST-00493,7,8046.3,1996.7699999999998,2022-11-13,2024-08-19,7,15,1149.47,24.82,135,780,2,2,2,222,Lost Customers,Diya Kaur,Female,20,Jaipur,Rajasthan,North
CUST-00494,7,3489.9,1626.88,2023-12-18,2024-11-19,7,7,498.56,46.62,43,380,4,2,1,421,Potential Loyalists,Atharv Gupta,Other,19,Jaipur,Rajasthan,North
CUST-00495,4,9605.25,5058.21,2024-02-19,2024-03-06,4,5,2401.31,52.66,301,317,1,1,2,112,Lost Customers,Anita Iyengar,Female,30,Mumbai,Maharashtra,West
CUST-00496,12,9681.35,3481.35,2022-12-10,2024-09-11,12,16,806.78,35.96,112,753,2,4,2,242,Regular Customers,Rekha Iyer,Female,51,Nagpur,Maharashtra,West
CUST-00497,3,9886.35,3014.65,2022-07-18,2023-09-27,3,5,3295.45,30.49,462,898,1,1,2,112,Lost Customers,Atharv Shah,Male,22,Pune,Maharashtra,West
CUST-00498,14,35425.75,12435.8,2022-06-13,2024-12-08,14,22,2530.41,35.1,24,933,5,4,4,544,Champions,Aditya Rao,Male,39,Chennai,Tamil Nadu,South
CUST-00499,16,34518.6,11545.88,2024-04-07,2024-12-17,16,24,2157.41,33.45,15,269,5,5,4,554,Champions,Divya Malhotra,Female,47,Bhopal,Madhya Pradesh,Central
CUST-00500,6,7156.65,2201.46,2022-01-17,2024-11-27,6,8,1192.77,30.76,35,1080,4,2,1,421,Potential Loyalists,Meera Bhatia,Female,19,Bengaluru,Karnataka,South
CUST-00501,12,37582.15,5379.12,2022-02-11,2024-06-18,12,19,3131.85,14.31,197,1055,1,4,4,144,At Risk,Shaurya Pandey,Male,33,Patna,Bihar,East
CUST-00502,13,18994.2,7104.43,2023-09-19,2024-08-03,13,18,1461.09,37.4,151,470,2,4,3,243,At Risk,Swati Menon,Female,41,Ahmedabad,Gujarat,West
CUST-00503,12,53529.85,13684.19,2022-04-01,2024-11-15,12,17,4460.82,25.56,47,1006,3,4,5,345,Loyal Customers,Kunal Bhatia,Male,27,Kochi,Kerala,South
CUST-00504,3,2451.85,1097.67,2022-10-11,2023-05-26,3,3,817.28,44.77,586,813,1,1,1,111,Lost Customers,Riya Verma,Female,36,Lucknow,Uttar Pradesh,North
CUST-00505,6,17877.4,4921.38,2022-02-05,2024-11-12,6,6,2979.57,27.53,50,1061,3,2,3,323,Regular Customers,Kunal Mehta,Male,21,Hyderabad,Telangana,South
CUST-00506,23,70145.0,18046.21,2023-03-28,2024-12-23,23,30,3049.78,25.73,9,645,5,5,5,555,Champions,Ishaan Iyengar,Male,23,Surat,Gujarat,West
CUST-00507,10,11617.8,4811.24,2022-06-04,2024-10-11,10,13,1161.78,41.41,82,942,2,3,2,232,Regular Customers,Anjali Iyer,Female,23,Chennai,Tamil Nadu,South
CUST-00508,4,6004.85,1361.5,2022-08-16,2024-05-08,4,8,1501.21,22.67,238,869,1,1,1,111,Lost Customers,Divya Mehta,Female,18,Kolkata,West Bengal,East
CUST-00509,4,6174.45,1809.01,2022-12-01,2024-10-11,4,4,1543.61,29.3,82,762,2,1,1,211,Lost Customers,Sunita Verma,Female,35,Patna,Bihar,East
CUST-00510,23,49485.2,11857.36,2023-06-15,2024-12-24,23,40,2151.53,23.96,8,566,5,5,5,555,Champions,Kunal Rao,Male,32,Surat,Gujarat,West
CUST-00511,6,16938.6,3887.79,2023-03-21,2024-10-25,6,7,2823.1,22.95,68,652,3,2,3,323,Regular Customers,Anand Menon,Male,28,Bhubaneswar,Odisha,East
CUST-00512,4,1762.3,663.05,2023-10-19,2024-10-31,4,5,440.58,37.62,62,440,3,1,1,311,Regular Customers,Diya Iyer,Female,45,Bhopal,Madhya Pradesh,Central
CUST-00513,9,24857.75,5322.74,2023-02-18,2024-12-29,9,14,2761.97,21.41,3,683,5,3,4,534,Loyal Customers,Anita Iyengar,Female,27,Hyderabad,Telangana,South
CUST-00514,6,10901.45,5306.18,2022-01-02,2024-06-20,6,11,1816.91,48.67,195,1095,1,2,2,122,Lost Customers,Anand Pillai,Male,30,Lucknow,Uttar Pradesh,North
CUST-00515,2,4728.0,1640.99,2024-01-25,2024-02-01,2,2,2364.0,34.71,335,342,1,1,1,111,Lost Customers,Siddharth Saxena,Male,33,Kochi,Kerala,South
CUST-00516,13,24743.75,7383.01,2022-11-08,2024-04-27,13,19,1903.37,29.84,249,785,1,4,4,144,At Risk,Vihaan Gupta,Male,34,Patna,Bihar,East
CUST-00517,14,83542.3,18180.9,2024-05-22,2024-09-12,14,18,5967.31,21.76,111,224,2,4,5,245,At Risk,Khushi Menon,Female,60,Indore,Madhya Pradesh,Central
CUST-00518,3,8222.3,3920.55,2023-07-04,2024-01-01,3,4,2740.77,47.68,366,547,1,1,2,112,Lost Customers,Sai Das,Male,29,Kolkata,West Bengal,East
CUST-00519,15,71502.15000000001,4443.33,2022-12-26,2024-12-02,15,25,4766.81,6.21,30,737,4,4,5,445,Champions,Vivaan Dutta,Male,28,Mumbai,Maharashtra,West
CUST-00520,15,50517.85,12106.6,2022-02-09,2024-11-15,15,27,3367.86,23.96,47,1057,3,4,5,345,Loyal Customers,Kabir Shah,Male,22,Delhi,Delhi,North
CUST-00521,2,6490.05,3816.2999999999997,2023-05-11,2023-07-22,2,5,3245.02,58.8,529,601,1,1,1,111,Lost Customers,Divya Nair,Female,38,Chennai,Tamil Nadu,South
CUST-00522,23,77230.3,19952.13,2022-03-01,2024-09-06,23,36,3357.84,25.83,117,1037,2,5,5,255,At Risk,Anand Kaur,Male,33,Kolkata,West Bengal,East
CUST-00523,12,17372.85,6966.880000000001,2024-05-31,2024-10-26,12,17,1447.74,40.1,67,215,3,4,3,343,Loyal Customers,Arjun Yadav,Male,36,Delhi,Delhi,North
CUST-00524,7,5323.4,1762.27,2022-01-09,2024-11-02,7,10,760.49,33.1,60,1088,3,2,1,321,Regular Customers,Riya Verma,Female,24,Jaipur,Rajasthan,North
CUST-00525,7,6117.3,2383.09,2023-01-22,2024-11-30,7,8,873.9,38.96,32,710,4,2,1,421,Potential Loyalists,Nikhil Singh,Male,25,Guwahati,Assam,East
CUST-00526,5,40171.65,10698.07,2024-05-26,2024-08-19,5,6,8034.33,26.63,135,220,2,1,5,215,Lost Customers,Suresh Verma,Male,32,Lucknow,Uttar Pradesh,North
CUST-00527,7,19904.3,8866.25,2023-02-11,2024-12-04,7,10,2843.47,44.54,28,690,4,2,3,423,Potential Loyalists,Rohan Rao,Other,26,Delhi,Delhi,North
CUST-00528,3,1962.05,698.8399999999999,2022-09-02,2024-05-25,3,3,654.02,35.62,221,852,1,1,1,111,Lost Customers,Aditya Banerjee,Male,28,Mumbai,Maharashtra,West
CUST-00529,7,14433.699999999999,4398.889999999999,2022-09-09,2024-10-09,7,7,2061.96,30.48,84,845,2,2,3,223,Lost Customers,Pari Reddy,Female,33,Guwahati,Assam,East
CUST-00530,4,9037.65,2178.95,2022-08-24,2023-11-04,4,6,2259.41,24.11,424,861,1,1,2,112,Lost Customers,Aarohi Sharma,Female,24,Ahmedabad,Gujarat,West
CUST-00531,5,5610.150000000001,2302.8399999999997,2024-03-16,2024-09-19,5,5,1122.03,41.05,104,291,2,1,1,211,Lost Customers,Dhruv Agarwal,Male,38,Chennai,Tamil Nadu,South
CUST-00532,12,16180.55,4872.51,2023-07-16,2024-12-17,12,14,1348.38,30.11,15,535,5,4,3,543,Loyal Customers,Nikhil Shah,Male,58,Bhubaneswar,Odisha,East
CUST-00533,7,3228.6,668.52,2023-10-19,2024-10-08,7,9,461.23,20.71,85,440,2,2,1,221,Lost Customers,Ramesh Joshi,Male,27,Chennai,Tamil Nadu,South
CUST-00534,5,6172.3,3010.9700000000003,2022-07-02,2024-12-20,5,5,1234.46,48.78,12,914,5,1,1,511,New Customers,Ananya Yadav,Female,20,Chandigarh,Punjab,North
CUST-00535,18,55240.05,21279.34,2023-07-02,2024-11-09,18,29,3068.89,38.52,53,549,3,5,5,355,Loyal Customers,Nandini Das,Female,32,Kolkata,West Bengal,East
CUST-00536,20,29213.2,12640.44,2022-10-26,2024-12-13,20,25,1460.66,43.27,19,798,5,5,4,554,Champions,Kunal Kaur,Male,31,Bengaluru,Karnataka,South
CUST-00537,5,18913.65,6633.7,2024-02-03,2024-11-18,5,10,3782.73,35.07,44,333,4,1,3,413,New Customers,Shreya Gupta,Female,34,Delhi,Delhi,North
CUST-00538,15,24074.55,8591.81,2022-01-05,2024-12-29,15,19,1604.97,35.69,3,1092,5,4,4,544,Champions,Pranav Joshi,Male,20,Bengaluru,Karnataka,South
CUST-00539,18,44682.15,10637.15,2022-01-20,2024-12-07,18,25,2482.34,23.81,25,1077,5,5,5,555,Champions,Pallavi Das,Female,22,Pune,Maharashtra,West
CUST-00540,18,35946.6,7073.92,2022-04-16,2024-11-15,17,23,1997.03,19.68,47,991,3,5,4,354,Loyal Customers,Amit Patel,Male,32,Patna,Bihar,East
CUST-00541,13,34882.7,12067.6,2022-08-17,2024-08-23,13,16,2683.28,34.59,131,868,2,4,4,244,At Risk,Kunal Bhatia,Male,19,Bengaluru,Karnataka,South
CUST-00542,17,42666.85,13474.029999999999,2024-02-12,2024-10-16,15,21,2509.81,31.58,77,324,2,5,5,255,At Risk,Saanvi Rao,Female,32,Kolkata,West Bengal,East
CUST-00543,7,11049.2,5627.25,2024-02-05,2024-05-02,7,8,1578.46,50.93,244,331,1,2,2,122,Lost Customers,Rohan Mishra,Male,23,Bhopal,Madhya Pradesh,Central
CUST-00544,6,3771.65,929.13,2022-05-23,2024-04-11,5,6,628.61,24.63,265,954,1,2,1,121,Lost Customers,Nandini Gupta,Female,18,Nagpur,Maharashtra,West
CUST-00545,11,82247.04999999999,4625.65,2023-09-10,2024-11-22,11,18,7477.0,5.62,40,479,4,4,5,445,Champions,Shreya Dutta,Female,45,Chennai,Tamil Nadu,South
CUST-00546,6,24133.800000000003,5230.44,2024-03-25,2024-04-21,6,8,4022.3,21.67,255,282,1,2,4,124,Lost Customers,Nikhil Pillai,Male,20,Kochi,Kerala,South
CUST-00547,6,10055.75,1217.88,2022-05-09,2024-10-31,6,8,1675.96,12.11,62,968,3,2,2,322,Regular Customers,Shaurya Singh,Male,32,Ahmedabad,Gujarat,West
CUST-00548,10,20049.4,4628.87,2022-12-08,2024-11-15,10,11,2004.94,23.09,47,755,3,3,3,333,Loyal Customers,Swati Iyengar,Female,43,Coimbatore,Tamil Nadu,South
CUST-00549,11,40384.0,14422.73,2024-02-08,2024-12-20,11,14,3671.27,35.71,12,328,5,4,5,545,Champions,Deepa Choudhury,Female,25,Kolkata,West Bengal,East
CUST-00550,7,5301.55,2110.82,2022-07-13,2024-04-03,7,13,757.36,39.82,273,903,1,2,1,121,Lost Customers,Sai Choudhury,Male,34,Chandigarh,Punjab,North
CUST-00551,13,42480.899999999994,14041.63,2022-03-17,2024-11-04,13,18,3267.76,33.05,58,1021,3,4,5,345,Loyal Customers,Pallavi Yadav,Female,30,Mumbai,Maharashtra,West
CUST-00552,7,8999.1,2618.61,2022-09-25,2024-11-07,7,9,1285.59,29.1,55,829,3,2,2,322,Regular Customers,Pooja Bhatia,Female,33,Mumbai,Maharashtra,West
CUST-00553,10,9268.5,2820.85,2022-04-15,2024-11-20,9,12,926.85,30.43,42,992,4,3,2,432,Potential Loyalists,Shaurya Agarwal,Male,24,Bengaluru,Karnataka,South
CUST-00554,14,43198.15,7406.7300000000005,2022-12-28,2024-10-22,14,27,3085.58,17.15,71,735,3,4,5,345,Loyal Customers,Amit Tripathi,Male,47,Indore,Madhya Pradesh,Central
CUST-00555,4,1734.9499999999998,631.22,2024-02-09,2024-12-02,4,4,433.74,36.38,30,327,4,1,1,411,New Customers,Kavya Mehta,Female,28,Mumbai,Maharashtra,West
CUST-00556,7,15261.1,5752.13,2024-06-16,2024-08-24,6,9,2180.16,37.69,130,199,2,2,3,223,Lost Customers,Divya Joshi,Female,28,Indore,Madhya Pradesh,Central
CUST-00557,15,30602.15,9466.36,2022-03-17,2024-10-19,15,22,2040.14,30.93,74,1021,3,4,4,344,Loyal Customers,Amit Singh,Male,39,Hyderabad,Telangana,South
CUST-00558,14,29447.05,9339.94,2022-04-20,2024-12-23,14,21,2103.36,31.72,9,987,5,4,4,544,Champions,Suresh Bhatia,Male,47,Delhi,Delhi,North
CUST-00559,9,15863.8,4533.81,2024-05-26,2024-07-29,9,14,1762.64,28.58,156,220,2,3,3,233,At Risk,Tanvi Tripathi,Female,40,Kolkata,West Bengal,East
CUST-00560,15,75767.95,13858.849999999999,2022-01-16,2024-10-04,15,23,5051.2,18.29,89,1081,2,4,5,245,At Risk,Varun Banerjee,Male,46,Nagpur,Maharashtra,West
CUST-00561,21,57319.6,11177.15,2022-01-27,2024-12-16,19,25,2729.5,19.5,16,1070,5,5,5,555,Champions,Saanvi Gupta,Female,49,Chandigarh,Punjab,North
CUST-00562,15,36036.9,10876.09,2022-06-29,2024-10-31,15,23,2402.46,30.18,62,917,3,4,4,344,Loyal Customers,Sunita Banerjee,Female,52,Jaipur,Rajasthan,North
CUST-00563,12,107998.85,12135.34,2023-05-07,2024-11-05,12,18,8999.9,11.24,57,605,3,4,5,345,Loyal Customers,Nikhil Banerjee,Male,39,Delhi,Delhi,North
CUST-00564,5,9826.0,2694.0699999999997,2024-01-25,2024-12-01,5,13,1965.2,27.42,31,342,4,1,2,412,New Customers,Aarav Iyer,Male,30,Chennai,Tamil Nadu,South
CUST-00565,16,31804.75,12465.05,2022-06-30,2024-12-25,16,22,1987.8,39.19,7,916,5,5,4,554,Champions,Ishaan Iyer,Male,39,Bengaluru,Karnataka,South
CUST-00566,6,6238.5,1869.52,2022-10-02,2024-06-15,6,7,1039.75,29.97,200,822,1,2,1,121,Lost Customers,Rajesh Nair,Male,34,Delhi,Delhi,North
CUST-00567,7,5101.4,1914.73,2022-05-31,2024-12-19,7,8,728.77,37.53,13,946,5,2,1,521,Potential Loyalists,Shreya Verma,Female,18,Kochi,Kerala,South
CUST-00568,9,20742.850000000002,9610.75,2022-06-29,2024-12-06,9,13,2304.76,46.33,26,917,4,3,3,433,Loyal Customers,Sneha Menon,Female,43,Patna,Bihar,East
CUST-00569,7,30413.8,4741.52,2022-10-17,2024-10-09,7,10,4344.83,15.59,84,807,2,2,4,224,Lost Customers,Ananya Reddy,Female,42,Chennai,Tamil Nadu,South
CUST-00570,8,16099.3,5517.01,2023-09-18,2024-12-04,8,11,2012.41,34.27,28,471,4,3,3,433,Loyal Customers,Rekha Rao,Female,24,Chandigarh,Punjab,North
CUST-00571,5,5581.55,2030.73,2024-03-05,2024-11-13,5,6,1116.31,36.38,49,302,3,1,1,311,Regular Customers,Navya Iyengar,Female,21,Pune,Maharashtra,West
CUST-00572,6,12287.35,4479.92,2022-05-25,2024-11-02,6,7,2047.89,36.46,60,952,3,2,2,322,Regular Customers,Ayaan Menon,Other,38,Surat,Gujarat,West
CUST-00573,8,24453.65,8770.86,2022-11-30,2024-10-20,8,12,3056.71,35.87,73,763,3,3,4,334,Loyal Customers,Ayaan Bhatia,Male,31,Chandigarh,Punjab,North
CUST-00574,8,7078.650000000001,2712.9500000000003,2024-06-17,2024-07-11,8,10,884.83,38.33,174,198,1,3,1,131,Regular Customers,Pari Yadav,Female,32,Delhi,Delhi,North
CUST-00575,11,12154.8,4461.99,2022-12-15,2024-12-30,11,16,1104.98,36.71,2,748,5,4,2,542,Regular Customers,Gaurav Tripathi,Male,38,Pune,Maharashtra,West
CUST-00576,4,6315.6,1485.15,2022-10-16,2023-07-31,4,10,1578.9,23.52,520,808,1,1,1,111,Lost Customers,Pallavi Banerjee,Female,40,Kolkata,West Bengal,East
CUST-00577,6,12071.15,4420.22,2023-11-29,2024-12-18,6,9,2011.86,36.62,14,399,5,2,2,522,Potential Loyalists,Sai Iyer,Male,52,Bhubaneswar,Odisha,East
CUST-00578,8,28728.05,9618.369999999999,2023-10-17,2024-11-30,8,14,3591.01,33.48,32,442,4,3,4,434,Loyal Customers,Nandini Joshi,Female,39,Indore,Madhya Pradesh,Central
CUST-00579,23,59172.3,14530.21,2023-07-28,2024-11-17,22,30,2572.71,24.56,45,523,4,5,5,455,Champions,Dhruv Iyengar,Male,30,Bengaluru,Karnataka,South
CUST-00580,9,11036.9,4587.64,2023-01-17,2024-12-29,9,10,1226.32,41.57,3,715,5,3,2,532,Potential Loyalists,Gauri Banerjee,Female,32,Guwahati,Assam,East
CUST-00581,24,44850.65,17640.11,2024-05-09,2024-11-13,24,31,1868.78,39.33,49,237,3,5,5,355,Loyal Customers,Ishaan Iyer,Male,47,Delhi,Delhi,North
CUST-00582,3,5256.4,1179.96,2023-08-27,2023-12-08,3,8,1752.13,22.45,390,493,1,1,1,111,Lost Customers,Divya Kaur,Female,28,Chandigarh,Punjab,North
CUST-00583,5,101227.5,21745.72,2023-01-09,2024-11-22,5,9,20245.5,21.48,40,723,4,1,5,415,New Customers,Saanvi Yadav,Female,27,Bhopal,Madhya Pradesh,Central
CUST-00584,9,28070.6,8877.44,2023-01-26,2024-10-09,9,14,3118.96,31.63,84,706,2,3,4,234,At Risk,Nandini Shah,Female,20,Mumbai,Maharashtra,West
CUST-00585,7,9233.45,3399.62,2023-04-10,2024-07-31,7,9,1319.06,36.82,154,632,2,2,2,222,Lost Customers,Navya Verma,Female,18,Delhi,Delhi,North
CUST-00586,12,28380.5,8208.32,2023-01-13,2024-10-28,12,18,2365.04,28.92,65,719,3,4,4,344,Loyal Customers,Vikram Mehta,Male,20,Bhubaneswar,Odisha,East
CUST-00587,1,3718.0,2265.48,2023-11-29,2023-11-29,1,2,3718.0,60.93,399,399,1,1,1,111,Lost Customers,Aditya Nair,Other,24,Lucknow,Uttar Pradesh,North
CUST-00588,15,24628.55,5834.57,2024-07-01,2024-11-30,15,20,1641.9,23.69,32,184,4,4,4,444,Champions,Anjali Shah,Female,18,Pune,Maharashtra,West
CUST-00589,9,61601.4,6146.57,2022-03-07,2024-12-20,9,16,6844.6,9.98,12,1031,5,3,5,535,Loyal Customers,Vihaan Bhatia,Male,51,Mumbai,Maharashtra,West
CUST-00590,8,9012.3,1466.6299999999999,2024-02-21,2024-11-03,8,15,1126.54,16.27,59,315,3,3,2,332,Regular Customers,Anita Reddy,Female,24,Hyderabad,Telangana,South
CUST-00591,12,17437.7,5962.89,2022-05-04,2024-10-31,12,15,1453.14,34.2,62,973,3,4,3,343,Loyal Customers,Sunita Bhatia,Female,34,Kolkata,West Bengal,East
CUST-00592,6,4849.7,1579.5,2022-05-23,2024-10-29,6,7,808.28,32.57,64,954,3,2,1,321,Regular Customers,Pari Iyengar,Female,23,Mumbai,Maharashtra,West
CUST-00593,12,21484.75,8029.9,2022-11-18,2024-04-15,12,14,1790.4,37.37,261,775,1,4,3,143,At Risk,Ananya Das,Female,53,Ahmedabad,Gujarat,West
CUST-00594,17,29341.4,8499.13,2022-06-29,2024-12-19,17,22,1725.96,28.97,13,917,5,5,4,554,Champions,Pooja Menon,Female,53,Bhopal,Madhya Pradesh,Central
CUST-00595,17,23868.65,7175.07,2022-11-04,2024-11-16,17,28,1404.04,30.06,46,789,4,5,4,454,Champions,Amit Bhatia,Male,32,Mumbai,Maharashtra,West
CUST-00596,19,42640.45,13674.6,2023-03-19,2024-11-22,19,27,2244.23,32.07,40,654,4,5,5,455,Champions,Shaurya Saxena,Male,47,Hyderabad,Telangana,South
CUST-00597,16,29238.649999999998,7341.41,2022-09-11,2024-08-24,15,18,1827.42,25.11,130,843,2,5,4,254,At Risk,Tanvi Pandey,Female,43,Kolkata,West Bengal,East
CUST-00598,5,8648.3,3525.25,2023-11-23,2024-06-19,5,7,1729.66,40.76,196,405,1,1,2,112,Lost Customers,Amit Pandey,Male,40,Delhi,Delhi,North
CUST-00599,5,12101.15,4933.59,2022-09-23,2024-05-24,5,7,2420.23,40.77,222,831,1,1,2,112,Lost Customers,Deepak Banerjee,Male,23,Delhi,Delhi,North
CUST-00600,12,15808.0,4052.91,2022-11-17,2024-10-08,11,14,1317.33,25.64,85,776,2,4,3,243,At Risk,Saanvi Rao,Female,31,Chandigarh,Punjab,North
CUST-00601,12,71214.35,12806.19,2022-09-26,2024-12-25,12,13,5934.53,17.98,7,828,5,4,5,545,Champions,Kabir Banerjee,Other,35,Chennai,Tamil Nadu,South
CUST-00602,12,29644.2,9769.76,2022-08-14,2024-11-12,12,13,2470.35,32.96,50,871,3,4,4,344,Loyal Customers,Tanvi Yadav,Female,39,Bhopal,Madhya Pradesh,Central
CUST-00603,12,16268.95,3694.0299999999997,2024-04-01,2024-12-26,12,14,1355.75,22.71,6,275,5,4,3,543,Loyal Customers,Krishna Singh,Male,45,Hyderabad,Telangana,South
CUST-00604,6,14517.7,4040.7299999999996,2024-04-17,2024-06-30,6,7,2419.62,27.83,185,259,1,2,3,123,Lost Customers,Tanvi Verma,Female,29,Pune,Maharashtra,West
CUST-00605,16,31772.2,10922.67,2024-06-24,2024-11-28,16,19,1985.76,34.38,34,191,4,5,4,454,Champions,Amit Singh,Male,18,Mumbai,Maharashtra,West
CUST-00606,4,4199.8,1825.84,2022-11-05,2024-06-19,4,6,1049.95,43.47,196,788,1,1,1,111,Lost Customers,Dhruv Bhatia,Male,20,Kochi,Kerala,South
CUST-00607,6,5563.95,1634.5,2022-02-01,2024-11-16,6,10,927.32,29.38,46,1065,4,2,1,421,Potential Loyalists,Deepak Malhotra,Male,18,Surat,Gujarat,West
CUST-00608,8,23832.45,9511.58,2022-02-13,2024-03-17,8,12,2979.06,39.91,290,1053,1,3,4,134,At Risk,Shaurya Pillai,Male,34,Chennai,Tamil Nadu,South
CUST-00609,13,31791.600000000002,7247.68,2023-10-31,2024-11-08,13,19,2445.51,22.8,54,428,3,4,4,344,Loyal Customers,Gauri Pillai,Female,28,Bhopal,Madhya Pradesh,Central
CUST-00610,12,20496.399999999998,4721.71,2022-10-24,2024-10-26,12,13,1708.03,23.04,67,800,3,4,3,343,Loyal Customers,Varun Iyer,Male,37,Kolkata,West Bengal,East
CUST-00612,5,5037.45,2523.91,2023-12-14,2024-11-03,5,7,1007.49,50.1,59,384,3,1,1,311,Regular Customers,Rajesh Iyer,Male,28,Chandigarh,Punjab,North
CUST-00613,8,13418.1,3060.9300000000003,2024-01-03,2024-09-12,8,11,1677.26,22.81,111,364,2,3,2,232,Regular Customers,Diya Menon,Female,36,Delhi,Delhi,North
CUST-00614,9,34569.75,10400.64,2022-07-09,2024-12-14,9,17,3841.08,30.09,18,907,5,3,4,534,Loyal Customers,Navya Kaur,Female,20,Jaipur,Rajasthan,North
CUST-00615,18,39464.3,16851.43,2022-08-07,2024-10-25,16,23,2192.46,42.7,68,878,3,5,5,355,Loyal Customers,Gauri Patel,Female,22,Bengaluru,Karnataka,South
CUST-00616,9,11805.7,2374.09,2022-08-27,2024-11-29,9,11,1311.74,20.11,33,858,4,3,2,432,Potential Loyalists,Isha Joshi,Female,23,Bengaluru,Karnataka,South
CUST-00617,5,10202.349999999999,4611.049999999999,2023-10-25,2024-11-26,5,6,2040.47,45.2,36,434,4,1,2,412,New Customers,Deepak Das,Male,29,Indore,Madhya Pradesh,Central
CUST-00618,7,22870.05,7929.0599999999995,2022-07-27,2024-10-23,7,11,3267.15,34.67,70,889,3,2,3,323,Regular Customers,Atharv Chatterjee,Male,50,Kolkata,West Bengal,East
CUST-00619,5,20501.2,8889.68,2024-01-19,2024-12-08,5,9,4100.24,43.36,24,348,5,1,3,513,New Customers,Suresh Kaur,Male,34,Chennai,Tamil Nadu,South
CUST-00620,15,27435.8,9856.77,2022-12-13,2024-11-09,15,21,1829.05,35.93,53,750,3,4,4,344,Loyal Customers,Dhruv Pandey,Male,20,Coimbatore,Tamil Nadu,South
CUST-00621,4,8560.5,3746.13,2022-09-06,2024-09-14,4,7,2140.12,43.76,109,848,2,1,2,212,Lost Customers,Kunal Bhatia,Male,35,Pune,Maharashtra,West
CUST-00622,15,25514.15,8054.99,2022-12-15,2024-12-12,15,28,1700.94,31.57,20,748,5,4,4,544,Champions,Shreya Gupta,Female,33,Mumbai,Maharashtra,West
CUST-00623,4,12783.65,4552.04,2023-09-14,2024-03-09,4,6,3195.91,35.61,298,475,1,1,2,112,Lost Customers,Manish Shah,Male,42,Visakhapatnam,Andhra Pradesh,South
CUST-00624,21,23201.9,7464.99,2022-07-24,2024-10-30,21,28,1104.85,32.17,63,892,3,5,4,354,Loyal Customers,Siddharth Chatterjee,Male,22,Jaipur,Rajasthan,North
CUST-00625,6,13415.2,3426.54,2022-01-01,2024-11-24,6,9,2235.87,25.54,38,1096,4,2,2,422,Potential Loyalists,Deepak Shah,Male,18,Visakhapatnam,Andhra Pradesh,South
CUST-00626,1,649.0,352.75,2023-04-14,2023-04-14,1,1,649.0,54.35,628,628,1,1,1,111,Lost Customers,Tanvi Banerjee,Female,59,Hyderabad,Telangana,South
CUST-00627,8,19013.85,4597.1900000000005,2023-12-26,2024-08-31,8,12,2376.73,24.18,123,372,2,3,3,233,At Risk,Rajesh Tripathi,Male,28,Bengaluru,Karnataka,South
CUST-00628,4,5793.35,2139.19,2022-01-22,2024-06-09,4,5,1448.34,36.92,206,1075,1,1,1,111,Lost Customers,Isha Verma,Female,27,Pune,Maharashtra,West
CUST-00629,10,65693.55,13168.369999999999,2022-05-20,2024-11-23,10,16,6569.36,20.05,39,957,4,3,5,435,Loyal Customers,Shreya Iyer,Female,29,Lucknow,Uttar Pradesh,North
CUST-00630,23,48999.45,19065.239999999998,2024-02-03,2024-07-28,23,40,2130.41,38.91,157,333,2,5,5,255,At Risk,Ananya Sharma,Female,34,Mumbai,Maharashtra,West
CUST-00631,4,4330.5,464.78000000000003,2023-09-07,2024-11-17,4,7,1082.62,10.73,45,482,4,1,1,411,New Customers,Sai Pillai,Male,19,Surat,Gujarat,West
CUST-00632,3,19783.0,6472.18,2022-08-28,2024-12-17,3,7,6594.33,32.72,15,857,5,1,3,513,New Customers,Gauri Choudhury,Female,32,Jaipur,Rajasthan,North
CUST-00633,17,18471.8,4062.7599999999998,2022-01-29,2024-11-23,17,19,1086.58,21.99,39,1068,4,5,3,453,Loyal Customers,Manish Verma,Male,52,Pune,Maharashtra,West
CUST-00634,24,49454.35,17703.19,2022-03-12,2024-10-10,24,35,2060.6,35.8,83,1026,2,5,5,255,At Risk,Ayaan Chatterjee,Male,21,Kolkata,West Bengal,East
CUST-00635,21,64869.9,20919.75,2022-02-24,2024-12-01,21,28,3089.04,32.25,31,1042,4,5,5,455,Champions,Diya Pillai,Female,25,Bhopal,Madhya Pradesh,Central
CUST-00636,15,32896.0,15446.52,2023-04-01,2024-12-06,15,21,2193.07,46.96,26,641,4,4,4,444,Champions,Vivaan Pandey,Male,32,Bengaluru,Karnataka,South
CUST-00637,25,60712.7,11219.2,2022-09-07,2024-11-30,24,36,2428.51,18.48,32,847,4,5,5,455,Champions,Sai Agarwal,Male,45,Kolkata,West Bengal,East
CUST-00638,10,34847.549999999996,12342.130000000001,2024-03-17,2024-10-13,10,21,3484.75,35.42,80,290,2,3,4,234,At Risk,Aarav Joshi,Male,24,Bhubaneswar,Odisha,East
CUST-00639,11,18968.25,7831.110000000001,2022-08-20,2024-12-21,11,12,1724.39,41.29,11,865,5,4,3,543,Loyal Customers,Pallavi Reddy,Female,29,Chennai,Tamil Nadu,South
CUST-00640,9,25743.2,10050.7,2023-12-10,2024-10-19,9,11,2860.36,39.04,74,388,3,3,4,334,Loyal Customers,Manish Chatterjee,Other,38,Indore,Madhya Pradesh,Central
CUST-00641,8,11625.85,3707.44,2023-11-03,2024-11-15,8,9,1453.23,31.89,47,425,3,3,2,332,Regular Customers,Arjun Yadav,Male,32,Coimbatore,Tamil Nadu,South
CUST-00643,13,61358.65,16038.13,2022-06-22,2024-12-14,13,22,4719.9,26.14,18,924,5,4,5,545,Champions,Anand Menon,Male,44,Hyderabad,Telangana,South
CUST-00644,17,35939.4,9108.19,2022-11-29,2024-11-18,17,21,2114.08,25.34,44,764,4,5,4,454,Champions,Saanvi Dutta,Female,38,Nagpur,Maharashtra,West
CUST-00645,8,14352.05,4492.38,2022-04-15,2023-10-20,8,11,1794.01,31.3,439,992,1,3,3,133,At Risk,Suresh Kaur,Male,18,Bhopal,Madhya Pradesh,Central
CUST-00646,13,57234.85,7241.41,2023-04-13,2024-11-13,12,19,4402.68,12.65,49,629,3,4,5,345,Loyal Customers,Rekha Singh,Female,35,Ahmedabad,Gujarat,West
CUST-00647,4,231513.25,19298.75,2022-05-21,2024-08-31,4,8,57878.31,8.34,123,956,2,1,5,215,Lost Customers,Pooja Reddy,Female,41,Kolkata,West Bengal,East
CUST-00648,4,9509.2,3957.04,2023-07-16,2024-10-23,4,4,2377.3,41.61,70,535,3,1,2,312,Regular Customers,Vihaan Saxena,Male,30,Lucknow,Uttar Pradesh,North
CUST-00649,7,9971.0,3226.56,2023-01-12,2024-06-04,7,10,1424.43,32.36,211,720,1,2,2,122,Lost Customers,Pallavi Patel,Female,42,Coimbatore,Tamil Nadu,South
CUST-00650,21,48939.45,20079.34,2022-07-04,2024-11-17,20,34,2330.45,41.03,45,912,4,5,5,455,Champions,Ayaan Menon,Male,28,Visakhapatnam,Andhra Pradesh,South
CUST-00651,8,28140.05,11357.81,2024-04-05,2024-10-18,8,14,3517.51,40.36,75,271,3,3,4,334,Loyal Customers,Ishaan Banerjee,Male,26,Coimbatore,Tamil Nadu,South
CUST-00652,7,17076.1,9340.24,2022-05-12,2024-10-09,7,15,2439.44,54.7,84,965,2,2,3,223,Lost Customers,Divya Rao,Female,27,Delhi,Delhi,North
CUST-00653,2,3673.65,748.36,2022-09-29,2024-01-22,2,2,1836.82,20.37,345,825,1,1,1,111,Lost Customers,Vihaan Menon,Male,24,Bhubaneswar,Odisha,East
CUST-00654,17,21172.7,7387.91,2022-10-31,2024-09-20,17,21,1245.45,34.89,103,793,2,5,3,253,At Risk,Swati Iyengar,Female,35,Kolkata,West Bengal,East
CUST-00655,10,22936.05,7120.68,2022-09-25,2024-12-25,10,13,2293.6,31.05,7,829,5,3,4,534,Loyal Customers,Divya Agarwal,Female,35,Jaipur,Rajasthan,North
CUST-00656,4,7024.849999999999,2593.91,2023-08-14,2024-09-21,4,6,1756.21,36.92,102,506,2,1,1,211,Lost Customers,Isha Patel,Female,32,Delhi,Delhi,North
CUST-00657,7,10257.3,4478.94,2024-06-05,2024-06-18,7,12,1465.33,43.67,197,210,1,2,2,122,Lost Customers,Riya Dutta,Female,19,Mumbai,Maharashtra,West
CUST-00658,11,52637.950000000004,19967.09,2023-08-30,2024-07-16,11,16,4785.27,37.93,169,490,1,4,5,145,At Risk,Shreya Chatterjee,Female,30,Kolkata,West Bengal,East
CUST-00659,13,16820.1,8075.54,2022-03-25,2024-11-25,13,17,1293.85,48.01,37,1013,4,4,3,443,Loyal Customers,Anita Kaur,Female,24,Patna,Bihar,East
CUST-00660,26,86322.8,29368.510000000002,2024-05-07,2024-12-09,25,38,3320.11,34.02,23,239,5,5,5,555,Champions,Swati Choudhury,Female,39,Pune,Maharashtra,West
CUST-00661,6,23882.3,6949.28,2023-07-31,2024-10-09,6,11,3980.38,29.1,84,520,2,2,4,224,Lost Customers,Aadhya Iyengar,Female,29,Kochi,Kerala,South
CUST-00662,11,18572.5,9008.75,2024-03-10,2024-11-28,11,15,1688.41,48.51,34,297,4,4,3,443,Loyal Customers,Atharv Gupta,Male,18,Hyderabad,Telangana,South
CUST-00663,7,10734.75,3107.4700000000003,2023-11-12,2024-12-20,7,7,1533.54,28.95,12,416,5,2,2,522,Potential Loyalists,Siddharth Chatterjee,Male,27,Delhi,Delhi,North
CUST-00664,3,5265.0,1500.3,2022-05-14,2024-06-25,3,5,1755.0,28.5,190,963,1,1,1,111,Lost Customers,Anjali Bhatia,Female,43,Kochi,Kerala,South
CUST-00665,12,30089.05,12879.41,2022-02-18,2024-09-28,12,16,2507.42,42.8,95,1048,2,4,4,244,At Risk,Amit Menon,Male,26,Hyderabad,Telangana,South
CUST-00666,4,8327.1,3123.0699999999997,2023-10-19,2024-04-24,4,10,2081.78,37.5,252,440,1,1,2,112,Lost Customers,Deepak Banerjee,Male,28,Chandigarh,Punjab,North
CUST-00667,8,6142.85,2195.2799999999997,2022-06-11,2024-11-27,8,9,767.86,35.74,35,935,4,3,1,431,Potential Loyalists,Pooja Menon,Female,18,Kochi,Kerala,South
CUST-00668,12,156657.9,36003.53,2023-08-08,2024-10-28,11,20,13054.82,22.98,65,512,3,4,5,345,Loyal Customers,Amit Pillai,Male,46,Visakhapatnam,Andhra Pradesh,South
CUST-00669,10,22704.35,8258.210000000001,2022-10-13,2024-11-07,10,14,2270.44,36.37,55,811,3,3,3,333,Loyal Customers,Anjali Menon,Female,37,Bengaluru,Karnataka,South
CUST-00670,10,26329.9,9930.23,2022-05-18,2024-10-11,10,17,2632.99,37.71,82,959,2,3,4,234,At Risk,Pari Shah,Female,24,Mumbai,Maharashtra,West
CUST-00671,9,12590.05,4416.13,2022-07-03,2024-12-12,9,14,1398.89,35.08,20,913,5,3,2,532,Potential Loyalists,Suresh Gupta,Male,28,Kochi,Kerala,South
CUST-00672,20,41602.7,17048.579999999998,2024-01-17,2024-11-19,19,32,2080.13,40.98,43,350,4,5,5,455,Champions,Deepak Gupta,Male,38,Ahmedabad,Gujarat,West
CUST-00673,20,31829.8,9858.48,2022-01-31,2024-12-12,19,27,1591.49,30.97,20,1066,5,5,4,554,Champions,Pallavi Tripathi,Female,18,Delhi,Delhi,North
CUST-00674,6,7924.900000000001,3665.23,2022-08-12,2024-06-20,6,8,1320.82,46.25,195,873,1,2,2,122,Lost Customers,Rahul Verma,Male,34,Bengaluru,Karnataka,South
CUST-00675,2,4017.0,877.25,2023-06-05,2024-09-27,2,3,2008.5,21.84,96,576,2,1,1,211,Lost Customers,Sunita Bhatia,Female,40,Jaipur,Rajasthan,North
CUST-00676,17,23309.2,10629.21,2023-07-10,2024-12-30,16,24,1371.13,45.6,2,541,5,5,4,554,Champions,Pranav Nair,Male,40,Coimbatore,Tamil Nadu,South
CUST-00677,7,10857.65,4341.58,2023-02-12,2024-08-13,7,12,1551.09,39.99,141,689,2,2,2,222,Lost Customers,Pallavi Nair,Female,22,Chennai,Tamil Nadu,South
CUST-00678,3,4539.65,2217.54,2024-01-11,2024-04-04,3,3,1513.22,48.85,272,356,1,1,1,111,Lost Customers,Rajesh Yadav,Male,34,Patna,Bihar,East
CUST-00679,6,156087.15000000002,-5542.620000000001,2022-08-04,2024-11-17,6,11,26014.53,-3.55,45,881,4,2,5,425,Potential Loyalists,Rekha Rao,Female,35,Mumbai,Maharashtra,West
CUST-00680,5,11124.6,4807.9,2024-01-06,2024-08-09,5,7,2224.92,43.22,145,361,2,1,2,212,Lost Customers,Vikram Nair,Male,32,Mumbai,Maharashtra,West
CUST-00681,11,18545.65,6351.41,2022-11-30,2024-08-29,11,13,1685.97,34.25,125,763,2,4,3,243,At Risk,Isha Pandey,Female,30,Patna,Bihar,East
CUST-00682,7,14699.3,3874.7999999999997,2024-01-22,2024-12-27,7,10,2099.9,26.36,5,345,5,2,3,523,Potential Loyalists,Ishaan Menon,Male,37,Coimbatore,Tamil Nadu,South
CUST-00683,4,2333.6499999999996,784.48,2022-05-01,2024-12-13,4,4,583.41,33.62,19,976,5,1,1,511,New Customers,Pari Pandey,Female,42,Bengaluru,Karnataka,South
CUST-00684,8,4096.6,1764.0900000000001,2022-08-15,2024-10-29,7,11,512.08,43.06,64,870,3,3,1,331,Regular Customers,Navya Bhatia,Female,27,Mumbai,Maharashtra,West
CUST-00685,3,7123.2,2171.88,2023-03-05,2023-11-03,3,3,2374.4,30.49,425,668,1,1,1,111,Lost Customers,Nandini Dutta,Female,22,Bengaluru,Karnataka,South
CUST-00686,16,34002.0,11769.55,2024-06-15,2024-08-24,16,23,2125.12,34.61,130,200,2,5,4,254,At Risk,Rajesh Pillai,Male,34,Chennai,Tamil Nadu,South
CUST-00687,4,6226.25,2792.59,2022-01-17,2023-10-10,4,4,1556.56,44.85,449,1080,1,1,1,111,Lost Customers,Pranav Tripathi,Male,18,Bengaluru,Karnataka,South
CUST-00688,5,4716.2,2045.8500000000001,2024-05-19,2024-06-03,5,7,943.24,43.38,212,227,1,1,1,111,Lost Customers,Aadhya Malhotra,Female,41,Mumbai,Maharashtra,West
CUST-00689,8,22463.2,7331.639999999999,2022-05-08,2024-12-05,8,14,2807.9,32.64,27,969,4,3,3,433,Loyal Customers,Neha Kaur,Female,37,Pune,Maharashtra,West
CUST-00690,3,1215.25,409.02,2024-03-29,2024-09-12,3,3,405.08,33.66,111,278,2,1,1,211,Lost Customers,Aanya Nair,Female,42,Delhi,Delhi,North
CUST-00691,9,33424.45,9417.300000000001,2022-04-10,2024-11-21,9,12,3713.83,28.17,41,997,4,3,4,434,Loyal Customers,Reyansh Choudhury,Male,41,Mumbai,Maharashtra,West
CUST-00692,8,12380.35,5388.75,2024-03-26,2024-11-01,8,12,1547.54,43.53,61,281,3,3,2,332,Regular Customers,Khushi Patel,Female,25,Guwahati,Assam,East
CUST-00693,9,21538.05,7216.77,2022-11-11,2024-12-18,9,17,2393.12,33.51,14,782,5,3,3,533,Loyal Customers,Neha Choudhury,Female,24,Kochi,Kerala,South
CUST-00694,8,13935.2,4952.1900000000005,2023-12-08,2024-06-18,8,9,1741.9,35.54,197,390,1,3,3,133,At Risk,Nandini Bhatia,Female,33,Mumbai,Maharashtra,West
CUST-00695,13,16913.5,6975.07,2022-01-29,2024-10-10,13,15,1301.04,41.24,83,1068,2,4,3,243,At Risk,Ishaan Shah,Male,35,Kochi,Kerala,South
CUST-00696,7,6734.15,2726.2,2022-05-30,2024-05-07,7,8,962.02,40.48,239,947,1,2,1,121,Lost Customers,Priyanka Tripathi,Female,40,Pune,Maharashtra,West
CUST-00697,7,23135.8,10098.11,2023-10-19,2024-10-08,7,11,3305.11,43.65,85,440,2,2,4,224,Lost Customers,Prisha Chatterjee,Female,18,Chennai,Tamil Nadu,South
CUST-00698,10,26032.0,5107.96,2023-02-25,2024-06-17,10,12,2603.2,19.62,198,676,1,3,4,134,At Risk,Navya Singh,Female,25,Ahmedabad,Gujarat,West
CUST-00699,6,23067.399999999998,3560.25,2023-05-07,2024-11-11,6,8,3844.57,15.43,51,605,3,2,4,324,Regular Customers,Meera Das,Female,56,Ahmedabad,Gujarat,West
CUST-00700,10,32911.5,9882.86,2022-02-15,2024-10-16,10,17,3291.15,30.03,77,1051,2,3,4,234,At Risk,Khushi Nair,Female,20,Lucknow,Uttar Pradesh,North
CUST-00701,4,5411.85,1406.46,2023-05-09,2024-10-29,4,6,1352.96,25.99,64,603,3,1,1,311,Regular Customers,Rahul Patel,Male,22,Hyderabad,Telangana,South
CUST-00702,18,158993.15,31400.95,2023-08-13,2024-12-17,18,31,8832.95,19.75,15,507,5,5,5,555,Champions,Deepak Bhatia,Male,33,Jaipur,Rajasthan,North
CUST-00703,12,31382.35,13975.640000000001,2023-05-04,2024-11-21,12,17,2615.2,44.53,41,608,4,4,4,444,Champions,Anjali Pillai,Female,49,Kolkata,West Bengal,East
CUST-00704,5,7138.6,2858.98,2022-06-02,2024-12-28,5,7,1427.72,40.05,4,944,5,1,1,511,New Customers,Ananya Nair,Female,39,Mumbai,Maharashtra,West
CUST-00705,16,17692.65,8075.11,2022-01-04,2024-11-13,14,21,1105.79,45.64,49,1093,3,5,3,353,Loyal Customers,Shaurya Singh,Male,28,Mumbai,Maharashtra,West
CUST-00706,8,12332.3,5161.45,2023-01-06,2024-10-22,8,11,1541.54,41.85,71,726,3,3,2,332,Regular Customers,Gaurav Rao,Male,18,Bengaluru,Karnataka,South
CUST-00707,6,10722.2,3092.41,2022-08-25,2024-05-05,6,8,1787.03,28.84,241,860,1,2,2,122,Lost Customers,Deepa Mehta,Female,30,Delhi,Delhi,North
CUST-00708,5,4243.35,1766.6,2024-05-30,2024-11-11,5,6,848.67,41.63,51,216,3,1,1,311,Regular Customers,Swati Mukherjee,Female,18,Bengaluru,Karnataka,South
CUST-00709,12,22500.75,6780.5599999999995,2024-04-21,2024-08-07,12,18,1875.06,30.13,147,255,2,4,3,243,At Risk,Aditya Mehta,Male,30,Mumbai,Maharashtra,West
CUST-00710,7,6874.1,2467.0899999999997,2023-09-19,2024-10-02,7,7,982.01,35.89,91,470,2,2,1,221,Lost Customers,Vikram Mehta,Male,33,Mumbai,Maharashtra,West
CUST-00711,15,23584.1,10690.53,2022-09-17,2024-11-22,14,25,1572.27,45.33,40,837,4,4,4,444,Champions,Varun Reddy,Male,44,Pune,Maharashtra,West
CUST-00712,16,21372.55,6494.97,2022-08-02,2024-11-15,15,22,1335.78,30.39,47,883,3,5,3,353,Loyal Customers,Saanvi Mehta,Female,26,Bengaluru,Karnataka,South
CUST-00713,24,64167.200000000004,15384.61,2023-09-09,2024-11-05,22,37,2673.63,23.98,57,480,3,5,5,355,Loyal Customers,Aarohi Dutta,Female,24,Ahmedabad,Gujarat,West
CUST-00714,5,11245.9,5525.3,2022-06-13,2024-11-29,5,9,2249.18,49.13,33,933,4,1,2,412,New Customers,Deepak Mukherjee,Male,30,Hyderabad,Telangana,South
CUST-00715,17,37011.55,15729.63,2022-11-07,2024-10-01,17,31,2177.15,42.5,92,786,2,5,4,254,At Risk,Ayaan Chatterjee,Male,32,Lucknow,Uttar Pradesh,North
CUST-00716,11,9909.15,3305.16,2024-01-05,2024-10-14,10,14,900.83,33.35,79,362,2,4,2,242,Regular Customers,Dhruv Menon,Other,44,Delhi,Delhi,North
CUST-00717,3,1008.15,289.1,2023-01-14,2023-02-05,3,3,336.05,28.68,696,718,1,1,1,111,Lost Customers,Ishaan Shah,Male,18,Chennai,Tamil Nadu,South
CUST-00718,15,23233.1,5363.5,2022-01-15,2024-12-21,14,18,1548.87,23.09,11,1082,5,4,4,544,Champions,Sneha Menon,Female,18,Lucknow,Uttar Pradesh,North
CUST-00719,17,28773.75,9616.460000000001,2022-10-19,2024-11-10,17,26,1692.57,33.42,52,805,3,5,4,354,Loyal Customers,Tanvi Iyer,Female,43,Nagpur,Maharashtra,West
CUST-00720,4,15933.3,4939.92,2023-05-01,2024-08-24,4,4,3983.32,31.0,130,611,2,1,3,213,Lost Customers,Navya Reddy,Female,27,Mumbai,Maharashtra,West
CUST-00721,7,7738.7,3354.03,2023-01-02,2024-10-17,7,9,1105.53,43.34,76,730,2,2,2,222,Lost Customers,Rekha Patel,Female,34,Lucknow,Uttar Pradesh,North
CUST-00722,10,20833.1,6557.7,2024-04-16,2024-11-22,10,13,2083.31,31.48,40,260,4,3,3,433,Loyal Customers,Vikram Agarwal,Male,26,Hyderabad,Telangana,South
CUST-00723,3,1438.4,117.4,2022-07-10,2024-03-02,3,4,479.47,8.16,305,906,1,1,1,111,Lost Customers,Kabir Joshi,Male,23,Chennai,Tamil Nadu,South
CUST-00724,9,10789.35,3967.66,2024-03-15,2024-04-09,9,12,1198.82,36.77,267,292,1,3,2,132,Regular Customers,Isha Nair,Female,29,Mumbai,Maharashtra,West
CUST-00725,1,269.0,81.67,2024-07-03,2024-07-03,1,1,269.0,30.36,182,182,1,1,1,111,Lost Customers,Rahul Chatterjee,Male,38,Jaipur,Rajasthan,North
CUST-00726,8,22510.3,9627.900000000001,2023-10-18,2024-10-06,8,14,2813.79,42.77,87,441,2,3,3,233,At Risk,Deepa Iyer,Female,31,Hyderabad,Telangana,South
CUST-00727,3,14782.6,5609.68,2023-11-19,2024-07-21,3,5,4927.53,37.95,164,409,2,1,3,213,Lost Customers,Tanvi Mishra,Female,35,Bhubaneswar,Odisha,East
CUST-00728,6,5903.5,2138.08,2023-10-19,2024-11-06,6,6,983.92,36.22,56,440,3,2,1,321,Regular Customers,Tanvi Chatterjee,Female,41,Delhi,Delhi,North
CUST-00729,6,19897.3,6519.83,2022-07-01,2024-11-16,6,13,3316.22,32.77,46,915,4,2,3,423,Potential Loyalists,Nandini Chatterjee,Female,33,Delhi,Delhi,North
CUST-00730,18,20248.5,7736.0,2022-03-27,2024-12-21,18,24,1124.92,38.21,11,1011,5,5,3,553,Loyal Customers,Siddharth Yadav,Male,24,Chennai,Tamil Nadu,South
CUST-00731,3,4260.400000000001,1607.92,2023-11-03,2024-08-15,3,3,1420.13,37.74,139,425,2,1,1,211,Lost Customers,Rajesh Verma,Male,62,Mumbai,Maharashtra,West
CUST-00732,9,18870.0,8202.75,2023-07-04,2024-11-29,9,15,2096.67,43.47,33,547,4,3,3,433,Loyal Customers,Siddharth Singh,Male,27,Pune,Maharashtra,West
CUST-00733,2,1532.1,498.48,2022-10-13,2023-11-13,2,2,766.05,32.54,415,811,1,1,1,111,Lost Customers,Arjun Sharma,Male,42,Patna,Bihar,East
CUST-00734,21,67159.55,22069.02,2024-06-20,2024-12-05,21,30,3198.07,32.86,27,195,4,5,5,455,Champions,Navya Verma,Female,47,Chennai,Tamil Nadu,South
CUST-00735,10,21781.55,6856.5599999999995,2023-09-23,2024-12-14,10,15,2178.15,31.48,18,466,5,3,3,533,Loyal Customers,Pallavi Mukherjee,Female,22,Bhopal,Madhya Pradesh,Central
CUST-00736,14,21116.45,7882.01,2023-12-27,2024-11-04,13,19,1508.32,37.33,58,371,3,4,3,343,Loyal Customers,Aarav Sharma,Male,20,Bhopal,Madhya Pradesh,Central
CUST-00737,16,24341.1,8171.58,2023-12-23,2024-10-23,15,22,1521.32,33.57,70,375,3,5,4,354,Loyal Customers,Saanvi Sharma,Female,18,Pune,Maharashtra,West
CUST-00738,7,14060.050000000001,4370.88,2022-09-25,2024-12-26,7,9,2008.58,31.09,6,829,5,2,3,523,Potential Loyalists,Vikram Joshi,Male,25,Ahmedabad,Gujarat,West
CUST-00739,13,12519.75,3785.28,2023-06-03,2024-08-09,13,16,963.06,30.23,145,578,2,4,2,242,Regular Customers,Shreya Kaur,Female,22,Delhi,Delhi,North
CUST-00740,14,146815.65,29420.190000000002,2022-03-17,2024-12-01,14,16,10486.83,20.04,31,1021,4,4,5,445,Champions,Varun Saxena,Male,49,Delhi,Delhi,North
CUST-00741,5,8923.55,3869.86,2022-05-20,2024-08-07,5,8,1784.71,43.37,147,957,2,1,2,212,Lost Customers,Pooja Bhatia,Female,22,Mumbai,Maharashtra,West
CUST-00742,3,1491.65,693.43,2023-01-10,2023-11-25,3,3,497.22,46.49,403,722,1,1,1,111,Lost Customers,Pooja Shah,Female,28,Ahmedabad,Gujarat,West
CUST-00743,23,31197.75,12044.41,2023-02-06,2024-12-19,23,32,1356.42,38.61,13,695,5,5,4,554,Champions,Dhruv Gupta,Male,31,Bengaluru,Karnataka,South
CUST-00744,19,41049.9,12581.08,2022-05-22,2024-10-21,19,23,2160.52,30.65,72,955,3,5,5,355,Loyal Customers,Riya Banerjee,Female,25,Ahmedabad,Gujarat,West
CUST-00745,12,15163.3,6472.92,2022-02-05,2024-12-12,12,16,1263.61,42.69,20,1061,5,4,3,543,Loyal Customers,Ayaan Joshi,Male,53,Delhi,Delhi,North
CUST-00746,3,3227.0,864.83,2022-12-20,2024-09-05,3,4,1075.67,26.8,118,743,2,1,1,211,Lost Customers,Gaurav Singh,Male,27,Mumbai,Maharashtra,West
CUST-00747,8,18064.3,6597.93,2024-02-09,2024-11-17,8,9,2258.04,36.52,45,327,4,3,3,433,Loyal Customers,Dhruv Nair,Male,31,Mumbai,Maharashtra,West
CUST-00748,6,13246.35,5259.139999999999,2023-03-09,2024-12-11,6,8,2207.72,39.7,21,664,5,2,2,522,Potential Loyalists,Manish Sharma,Male,37,Hyderabad,Telangana,South
CUST-00749,10,12566.0,5667.8,2022-11-17,2024-05-07,10,11,1256.6,45.1,239,776,1,3,2,132,Regular Customers,Gaurav Pillai,Male,18,Coimbatore,Tamil Nadu,South
CUST-00750,22,88476.40000000001,23244.68,2023-12-20,2024-11-17,22,36,4021.65,26.27,45,378,4,5,5,455,Champions,Gaurav Malhotra,Male,29,Nagpur,Maharashtra,West
CUST-00751,8,28460.15,6201.08,2024-03-08,2024-12-29,8,11,3557.52,21.79,3,299,5,3,4,534,Loyal Customers,Ayaan Mehta,Male,35,Kochi,Kerala,South
CUST-00752,18,39742.05,11090.28,2022-01-08,2024-12-22,18,22,2207.89,27.91,10,1089,5,5,5,555,Champions,Vivaan Agarwal,Other,42,Bengaluru,Karnataka,South
CUST-00753,11,29983.550000000003,7015.96,2024-01-22,2024-10-12,11,15,2725.78,23.4,81,345,2,4,4,244,At Risk,Kavya Tripathi,Female,18,Hyderabad,Telangana,South
CUST-00754,6,13822.55,6910.44,2022-10-13,2024-11-18,6,12,2303.76,49.99,44,811,4,2,3,423,Potential Loyalists,Aanya Saxena,Female,18,Delhi,Delhi,North
CUST-00755,24,93060.2,21692.24,2022-02-20,2024-12-22,22,40,3877.51,23.31,10,1046,5,5,5,555,Champions,Gauri Banerjee,Female,50,Kochi,Kerala,South
CUST-00756,18,54663.35,16299.04,2023-04-03,2024-06-26,18,24,3036.85,29.82,189,639,1,5,5,155,At Risk,Deepak Pandey,Male,35,Bengaluru,Karnataka,South
CUST-00757,3,4438.05,1894.0700000000002,2024-03-16,2024-08-25,3,3,1479.35,42.68,129,291,2,1,1,211,Lost Customers,Ishaan Saxena,Male,19,Nagpur,Maharashtra,West
CUST-00758,13,20346.05,7315.11,2023-03-21,2024-10-18,13,16,1565.08,35.95,75,652,3,4,3,343,Loyal Customers,Deepa Yadav,Female,23,Hyderabad,Telangana,South
CUST-00759,13,29044.65,5551.95,2023-02-27,2024-11-16,13,21,2234.2,19.12,46,674,4,4,4,444,Champions,Anjali Reddy,Female,31,Ahmedabad,Gujarat,West
CUST-00760,9,27674.35,6494.82,2022-02-21,2024-12-26,9,13,3074.93,23.47,6,1045,5,3,4,534,Loyal Customers,Arjun Mishra,Male,20,Hyderabad,Telangana,South
CUST-00761,4,5776.0,1277.07,2022-01-23,2023-09-08,4,4,1444.0,22.11,481,1074,1,1,1,111,Lost Customers,Atharv Verma,Other,36,Pune,Maharashtra,West
CUST-00762,19,72265.7,21247.5,2022-11-30,2024-10-30,19,36,3803.46,29.4,63,763,3,5,5,355,Loyal Customers,Deepa Gupta,Female,42,Delhi,Delhi,North
CUST-00763,16,30838.850000000002,15466.84,2023-03-26,2024-07-02,16,22,1927.43,50.15,183,647,1,5,4,154,At Risk,Ramesh Mukherjee,Male,32,Pune,Maharashtra,West
CUST-00764,9,48286.0,9318.810000000001,2022-12-16,2024-09-14,9,10,5365.11,19.3,109,747,2,3,5,235,At Risk,Shaurya Sharma,Male,26,Nagpur,Maharashtra,West
CUST-00765,7,13483.4,5111.27,2022-06-08,2024-06-23,7,7,1926.2,37.91,192,938,1,2,2,122,Lost Customers,Riya Iyer,Female,35,Patna,Bihar,East
CUST-00766,10,36241.15,2959.63,2022-03-03,2024-09-15,10,10,3624.12,8.17,108,1035,2,3,4,234,At Risk,Dhruv Pillai,Male,52,Bhopal,Madhya Pradesh,Central
CUST-00767,18,68832.05,17893.19,2022-05-18,2024-12-01,18,27,3824.0,26.0,31,959,4,5,5,455,Champions,Rajesh Nair,Male,25,Bhubaneswar,Odisha,East
CUST-00768,18,108629.4,27068.37,2022-05-23,2024-11-09,18,32,6034.97,24.92,53,954,3,5,5,355,Loyal Customers,Khushi Mishra,Female,42,Delhi,Delhi,North
CUST-00769,3,1209.55,465.55,2023-03-09,2024-05-25,3,4,403.18,38.49,221,664,1,1,1,111,Lost Customers,Aditya Shah,Male,32,Patna,Bihar,East
CUST-00770,17,33833.05,9967.1,2022-01-05,2024-12-27,17,22,1990.18,29.46,5,1092,5,5,4,554,Champions,Anita Singh,Female,37,Hyderabad,Telangana,South
CUST-00771,9,27764.35,12355.6,2022-05-13,2023-12-30,9,16,3084.93,44.5,368,964,1,3,4,134,At Risk,Shaurya Rao,Male,40,Hyderabad,Telangana,South
CUST-00772,13,40918.450000000004,11144.58,2023-01-13,2024-11-10,13,18,3147.57,27.24,52,719,3,4,5,345,Loyal Customers,Khushi Menon,Female,25,Kolkata,West Bengal,East
CUST-00773,8,15917.099999999999,4698.81,2022-05-13,2024-12-25,7,14,1989.64,29.52,7,964,5,3,3,533,Loyal Customers,Aarohi Bhatia,Female,46,Indore,Madhya Pradesh,Central
CUST-00774,6,6011.4,2870.2,2024-02-14,2024-12-01,6,8,1001.9,47.75,31,322,4,2,1,421,Potential Loyalists,Riya Chatterjee,Female,29,Nagpur,Maharashtra,West
CUST-00775,9,25560.15,7853.99,2022-08-29,2024-08-26,9,15,2840.02,30.73,128,856,2,3,4,234,At Risk,Vihaan Sharma,Male,45,Coimbatore,Tamil Nadu,South
CUST-00776,9,8112.5,2947.29,2024-05-10,2024-11-03,9,10,901.39,36.33,59,236,3,3,2,332,Regular Customers,Aditya Mukherjee,Male,30,Bhubaneswar,Odisha,East
CUST-00777,4,3157.2,1299.72,2022-06-10,2024-12-24,4,4,789.3,41.17,8,936,5,1,1,511,New Customers,Gaurav Nair,Male,58,Surat,Gujarat,West
CUST-00778,16,47443.35,17132.32,2022-09-07,2024-11-17,16,24,2965.21,36.11,45,847,4,5,5,455,Champions,Dhruv Choudhury,Male,35,Kolkata,West Bengal,East
CUST-00779,13,62263.90000000001,9875.63,2022-06-01,2024-12-30,11,24,4789.53,15.86,2,945,5,4,5,545,Champions,Anjali Tripathi,Female,43,Delhi,Delhi,North
CUST-00780,9,7805.55,3455.9,2023-02-20,2024-12-21,9,10,867.28,44.27,11,681,5,3,2,532,Potential Loyalists,Sai Kaur,Male,45,Hyderabad,Telangana,South
CUST-00781,3,22811.5,3619.36,2023-10-07,2024-10-10,3,5,7603.83,15.87,83,452,2,1,3,213,Lost Customers,Kavya Joshi,Female,23,Nagpur,Maharashtra,West
CUST-00782,8,27451.850000000002,10242.960000000001,2023-06-12,2024-11-21,8,12,3431.48,37.31,41,569,4,3,4,434,Loyal Customers,Aditya Saxena,Male,25,Guwahati,Assam,East
CUST-00783,6,17161.3,7566.32,2022-05-18,2023-07-31,6,11,2860.22,44.09,520,959,1,2,3,123,Lost Customers,Khushi Iyer,Female,27,Mumbai,Maharashtra,West
CUST-00784,13,23985.3,9946.59,2023-10-15,2024-12-17,13,17,1845.02,41.47,15,444,5,4,4,544,Champions,Isha Dutta,Female,42,Kochi,Kerala,South
CUST-00785,5,12908.6,4121.86,2022-11-04,2024-09-03,5,8,2581.72,31.93,120,789,2,1,2,212,Lost Customers,Gauri Menon,Female,37,Indore,Madhya Pradesh,Central
CUST-00786,8,13641.7,1946.04,2022-11-18,2024-07-03,8,15,1705.21,14.27,182,775,1,3,2,132,Regular Customers,Saanvi Nair,Female,26,Indore,Madhya Pradesh,Central
CUST-00787,10,10201.75,4127.79,2022-11-08,2024-10-29,8,14,1020.18,40.46,64,785,3,3,2,332,Regular Customers,Pari Mishra,Female,24,Kolkata,West Bengal,East
CUST-00788,7,34346.55,4626.0599999999995,2024-05-16,2024-07-12,7,7,4906.65,13.47,173,230,1,2,4,124,Lost Customers,Kabir Pandey,Male,35,Chennai,Tamil Nadu,South
CUST-00789,6,8485.5,1595.13,2022-04-13,2024-12-20,6,6,1414.25,18.8,12,994,5,2,2,522,Potential Loyalists,Shaurya Mukherjee,Male,30,Mumbai,Maharashtra,West
CUST-00790,9,17103.6,3641.06,2022-10-27,2024-12-27,8,9,1900.4,21.29,5,797,5,3,3,533,Loyal Customers,Diya Nair,Female,26,Surat,Gujarat,West
CUST-00791,21,25114.5,7136.63,2023-10-04,2024-10-08,19,30,1195.93,28.42,85,455,2,5,4,254,At Risk,Deepak Singh,Male,33,Bengaluru,Karnataka,South
CUST-00792,8,47729.35,12869.08,2022-11-14,2024-10-03,8,9,5966.17,26.96,90,779,2,3,5,235,At Risk,Kunal Patel,Male,39,Kolkata,West Bengal,East
CUST-00793,6,14729.55,5034.45,2023-03-27,2024-10-20,6,10,2454.92,34.18,73,646,3,2,3,323,Regular Customers,Deepa Mishra,Female,31,Mumbai,Maharashtra,West
CUST-00794,10,15521.65,4817.23,2022-08-16,2024-12-16,10,17,1552.16,31.04,16,869,5,3,3,533,Loyal Customers,Varun Banerjee,Male,33,Bengaluru,Karnataka,South
CUST-00795,5,3176.65,1506.53,2024-02-25,2024-11-04,5,5,635.33,47.43,58,311,3,1,1,311,Regular Customers,Vikram Saxena,Male,42,Surat,Gujarat,West
CUST-00796,8,6516.0,1558.61,2022-06-14,2024-07-28,7,9,814.5,23.92,157,932,2,3,1,231,Regular Customers,Anand Menon,Male,26,Coimbatore,Tamil Nadu,South
CUST-00797,9,8130.65,2658.55,2022-11-01,2024-12-30,9,9,903.41,32.7,2,792,5,3,2,532,Potential Loyalists,Ishaan Pandey,Male,18,Ahmedabad,Gujarat,West
CUST-00798,11,22201.1,6029.84,2023-04-21,2024-11-11,11,15,2018.28,27.16,51,621,3,4,3,343,Loyal Customers,Anita Mishra,Female,31,Ahmedabad,Gujarat,West
CUST-00799,7,17794.75,5112.07,2022-09-28,2024-12-09,7,13,2542.11,28.73,23,826,5,2,3,523,Potential Loyalists,Arjun Singh,Male,23,Bhubaneswar,Odisha,East
CUST-00800,14,13424.349999999999,3320.35,2023-05-21,2024-10-24,14,15,958.88,24.73,69,591,3,4,2,342,Regular Customers,Rajesh Bhatia,Male,36,Chennai,Tamil Nadu,South
CUST-00801,8,20314.2,7704.16,2024-05-16,2024-11-02,8,13,2539.28,37.92,60,230,3,3,3,333,Loyal Customers,Aadhya Menon,Female,25,Jaipur,Rajasthan,North
CUST-00802,21,116884.5,21762.75,2023-11-05,2024-10-23,21,32,5565.93,18.62,70,423,3,5,5,355,Loyal Customers,Dhruv Chatterjee,Male,35,Lucknow,Uttar Pradesh,North
CUST-00803,3,5277.200000000001,2218.35,2023-05-21,2024-05-21,3,5,1759.07,42.04,225,591,1,1,1,111,Lost Customers,Rekha Das,Female,35,Kolkata,West Bengal,East
CUST-00804,12,17664.2,7493.47,2024-01-07,2024-09-12,12,16,1472.02,42.42,111,360,2,4,3,243,At Risk,Kunal Rao,Male,48,Indore,Madhya Pradesh,Central
CUST-00805,10,8322.25,2794.26,2022-08-20,2024-10-31,10,11,832.22,33.58,62,865,3,3,2,332,Regular Customers,Varun Gupta,Male,18,Delhi,Delhi,North
CUST-00806,7,35361.75,7182.51,2023-01-07,2024-08-28,7,7,5051.68,20.31,126,725,2,2,4,224,Lost Customers,Swati Kaur,Female,32,Mumbai,Maharashtra,West
CUST-00807,26,84083.3,29937.26,2024-03-05,2024-12-10,24,38,3233.97,35.6,22,302,5,5,5,555,Champions,Neha Verma,Female,26,Bengaluru,Karnataka,South
CUST-00808,19,70447.6,11974.09,2023-03-31,2024-12-09,17,25,3707.77,17.0,23,642,5,5,5,555,Champions,Swati Singh,Female,33,Mumbai,Maharashtra,West
CUST-00809,5,6386.95,1137.46,2023-06-13,2024-11-30,5,8,1277.39,17.81,32,568,4,1,1,411,New Customers,Meera Mishra,Female,23,Mumbai,Maharashtra,West
CUST-00810,8,17168.9,6776.4,2022-05-15,2024-02-06,8,9,2146.11,39.47,330,962,1,3,3,133,At Risk,Vihaan Shah,Male,45,Bengaluru,Karnataka,South
CUST-00811,13,29457.699999999997,9171.23,2024-04-04,2024-12-17,13,20,2265.98,31.13,15,272,5,4,4,544,Champions,Pooja Chatterjee,Female,44,Coimbatore,Tamil Nadu,South
CUST-00812,1,512.1,199.65,2023-02-07,2023-02-07,1,1,512.1,38.99,694,694,1,1,1,111,Lost Customers,Ayaan Menon,Male,25,Coimbatore,Tamil Nadu,South
CUST-00813,11,47295.65,11616.289999999999,2024-04-21,2024-05-28,11,14,4299.6,24.56,218,255,1,4,5,145,At Risk,Nikhil Kaur,Male,32,Hyderabad,Telangana,South
CUST-00814,7,16333.5,5520.32,2022-05-23,2024-10-07,7,10,2333.36,33.8,86,954,2,2,3,223,Lost Customers,Ananya Rao,Female,54,Lucknow,Uttar Pradesh,North
CUST-00815,4,7732.75,2576.51,2022-04-19,2024-12-15,4,4,1933.19,33.32,17,988,5,1,2,512,New Customers,Ishaan Pillai,Male,38,Jaipur,Rajasthan,North
CUST-00816,8,18528.8,8719.62,2023-03-05,2024-10-16,8,12,2316.1,47.06,77,668,2,3,3,233,At Risk,Tanvi Bhatia,Female,24,Indore,Madhya Pradesh,Central
CUST-00817,13,50083.8,17650.62,2022-03-23,2024-11-08,13,19,3852.6,35.24,54,1015,3,4,5,345,Loyal Customers,Riya Mishra,Female,21,Mumbai,Maharashtra,West
CUST-00818,1,629.1,381.35,2024-10-16,2024-10-16,1,1,629.1,60.62,77,77,2,1,1,211,Lost Customers,Navya Iyer,Female,44,Jaipur,Rajasthan,North
CUST-00819,6,10860.95,5426.9400000000005,2023-06-03,2024-07-19,6,10,1810.16,49.97,166,578,2,2,2,222,Lost Customers,Deepak Menon,Male,37,Kolkata,West Bengal,East
CUST-00820,6,6844.7,3414.51,2022-06-26,2024-08-22,6,6,1140.78,49.89,132,920,2,2,1,221,Lost Customers,Vivaan Mishra,Male,31,Chennai,Tamil Nadu,South
CUST-00821,16,35618.3,13630.98,2022-01-15,2024-11-21,16,20,2226.14,38.27,41,1082,4,5,4,454,Champions,Shaurya Singh,Male,18,Mumbai,Maharashtra,West
CUST-00822,6,6741.7,2432.6,2022-06-09,2024-08-23,6,7,1123.62,36.08,131,937,2,2,1,221,Lost Customers,Diya Agarwal,Female,18,Chennai,Tamil Nadu,South
CUST-00823,13,32668.699999999997,11701.34,2022-11-15,2024-12-16,13,16,2512.98,35.82,16,778,5,4,4,544,Champions,Anjali Saxena,Female,28,Jaipur,Rajasthan,North
CUST-00824,15,43352.9,8658.74,2023-04-11,2024-10-16,15,22,2890.19,19.97,77,631,2,4,5,245,At Risk,Rohan Patel,Male,38,Bhubaneswar,Odisha,East
CUST-00825,3,4180.3,1331.9099999999999,2023-06-15,2023-12-03,3,3,1393.43,31.86,395,566,1,1,1,111,Lost Customers,Sai Singh,Male,43,Bengaluru,Karnataka,South
CUST-00826,8,23658.7,1488.65,2022-04-01,2024-10-06,8,10,2957.34,6.29,87,1006,2,3,4,234,At Risk,Anand Mukherjee,Male,50,Jaipur,Rajasthan,North
CUST-00827,20,30962.95,10537.41,2022-01-25,2024-12-01,20,25,1548.15,34.03,31,1072,4,5,4,454,Champions,Prisha Nair,Female,44,Hyderabad,Telangana,South
CUST-00828,10,40642.65,9631.41,2023-05-03,2024-10-31,10,14,4064.27,23.7,62,609,3,3,5,335,Loyal Customers,Gauri Shah,Female,18,Delhi,Delhi,North
CUST-00829,6,4105.3,1917.15,2024-01-12,2024-11-15,6,6,684.22,46.7,47,355,3,2,1,321,Regular Customers,Anita Yadav,Female,23,Mumbai,Maharashtra,West
CUST-00830,7,6868.6,2108.09,2023-07-28,2024-06-27,7,7,981.23,30.69,188,523,1,2,1,121,Lost Customers,Shaurya Mehta,Male,18,Kolkata,West Bengal,East
CUST-00831,6,6874.349999999999,2551.59,2023-10-07,2024-12-09,6,7,1145.72,37.12,23,452,5,2,1,521,Potential Loyalists,Rajesh Yadav,Male,18,Mumbai,Maharashtra,West
CUST-00832,3,2523.1,663.52,2024-05-14,2024-06-01,3,3,841.03,26.3,214,232,1,1,1,111,Lost Customers,Manish Reddy,Male,20,Chennai,Tamil Nadu,South
CUST-00833,3,2677.2,1133.76,2023-06-09,2024-02-24,3,4,892.4,42.35,312,572,1,1,1,111,Lost Customers,Dhruv Banerjee,Male,41,Ahmedabad,Gujarat,West
CUST-00834,7,5121.0,2773.57,2024-06-26,2024-11-18,7,8,731.57,54.16,44,189,4,2,1,421,Potential Loyalists,Gaurav Menon,Male,18,Chennai,Tamil Nadu,South
CUST-00835,24,46991.15,14786.32,2022-09-05,2024-12-25,24,34,1957.96,31.47,7,849,5,5,5,555,Champions,Swati Das,Female,55,Bengaluru,Karnataka,South
CUST-00836,5,4893.0,1607.17,2023-02-05,2024-11-24,5,5,978.6,32.85,38,696,4,1,1,411,New Customers,Priyanka Gupta,Female,35,Indore,Madhya Pradesh,Central
CUST-00837,8,15234.45,6137.85,2023-05-09,2024-09-28,8,13,1904.31,40.29,95,603,2,3,3,233,At Risk,Isha Joshi,Female,30,Bengaluru,Karnataka,South
CUST-00838,9,14557.05,5198.93,2023-11-14,2024-10-29,9,10,1617.45,35.71,64,414,3,3,3,333,Loyal Customers,Deepak Bhatia,Male,35,Bengaluru,Karnataka,South
CUST-00839,8,11766.449999999999,4057.16,2024-03-27,2024-11-30,8,8,1470.81,34.48,32,280,4,3,2,432,Potential Loyalists,Neha Bhatia,Female,18,Hyderabad,Telangana,South
CUST-00840,19,41052.1,15662.48,2024-01-11,2024-11-24,18,30,2160.64,38.15,38,356,4,5,5,455,Champions,Sai Iyer,Male,35,Bengaluru,Karnataka,South
CUST-00841,14,26774.8,6772.28,2022-01-23,2024-11-07,14,21,1912.49,25.29,55,1074,3,4,4,344,Loyal Customers,Divya Agarwal,Female,40,Chennai,Tamil Nadu,South
CUST-00842,3,9844.95,3874.6699999999996,2023-12-12,2024-11-27,3,5,3281.65,39.36,35,386,4,1,2,412,New Customers,Rahul Joshi,Male,40,Bengaluru,Karnataka,South
CUST-00843,7,68065.95,12235.66,2024-07-01,2024-09-16,7,11,9723.71,17.98,107,184,2,2,5,225,Lost Customers,Siddharth Menon,Male,24,Kolkata,West Bengal,East
CUST-00844,6,14112.499999999998,2845.86,2023-09-25,2024-10-09,6,8,2352.08,20.17,84,464,2,2,3,223,Lost Customers,Navya Sharma,Female,24,Chennai,Tamil Nadu,South
CUST-00845,1,727.2,285.78,2024-12-16,2024-12-16,1,1,727.2,39.3,16,16,5,1,1,511,New Customers,Siddharth Nair,Male,38,Mumbai,Maharashtra,West
CUST-00846,4,38899.6,-4442.530000000001,2023-10-19,2024-06-23,4,8,9724.9,-11.42,192,440,1,1,4,114,Lost Customers,Rahul Pillai,Male,33,Delhi,Delhi,North
CUST-00847,6,14105.7,5358.79,2023-10-09,2024-12-08,6,10,2350.95,37.99,24,450,5,2,3,523,Potential Loyalists,Siddharth Menon,Male,36,Indore,Madhya Pradesh,Central
CUST-00848,8,13482.5,3762.62,2022-04-01,2024-11-26,8,17,1685.31,27.91,36,1006,4,3,2,432,Potential Loyalists,Priyanka Sharma,Female,22,Delhi,Delhi,North
CUST-00849,5,14030.1,3814.2000000000003,2024-01-22,2024-02-27,5,5,2806.02,27.19,309,345,1,1,3,113,Lost Customers,Kavya Patel,Female,18,Jaipur,Rajasthan,North
CUST-00850,11,15148.2,2502.48,2024-03-10,2024-11-03,11,17,1377.11,16.52,59,297,3,4,3,343,Loyal Customers,Nikhil Menon,Male,50,Hyderabad,Telangana,South
CUST-00851,7,49646.350000000006,11546.020000000002,2024-02-06,2024-09-11,7,8,7092.34,23.26,112,330,2,2,5,225,Lost Customers,Sunita Iyer,Female,30,Bhubaneswar,Odisha,East
CUST-00852,12,31395.15,10922.04,2022-07-03,2024-12-31,12,21,2616.26,34.79,1,913,5,4,4,544,Champions,Priyanka Malhotra,Female,18,Mumbai,Maharashtra,West
CUST-00853,11,13020.95,3661.84,2024-01-18,2024-06-30,10,17,1183.72,28.12,185,349,1,4,2,142,Regular Customers,Siddharth Rao,Male,21,Nagpur,Maharashtra,West
CUST-00854,3,8444.2,2138.1400000000003,2024-02-04,2024-06-24,3,3,2814.73,25.32,191,332,1,1,2,112,Lost Customers,Aanya Choudhury,Female,31,Bengaluru,Karnataka,South
CUST-00855,3,10548.25,4898.88,2023-02-13,2024-04-16,3,4,3516.08,46.44,260,688,1,1,2,112,Lost Customers,Kabir Malhotra,Male,27,Bengaluru,Karnataka,South
CUST-00856,7,31735.350000000002,8874.92,2022-07-22,2024-08-13,7,9,4533.62,27.97,141,894,2,2,4,224,Lost Customers,Aanya Menon,Female,35,Chennai,Tamil Nadu,South
CUST-00857,15,25296.75,8937.69,2023-06-26,2024-11-11,14,25,1686.45,35.33,51,555,3,4,4,344,Loyal Customers,Deepa Gupta,Female,26,Delhi,Delhi,North
CUST-00858,6,14081.55,4155.9,2022-05-06,2024-12-15,6,9,2346.92,29.51,17,971,5,2,3,523,Potential Loyalists,Vihaan Choudhury,Male,32,Delhi,Delhi,North
CUST-00859,16,25866.2,6689.49,2022-12-21,2024-12-04,16,20,1616.64,25.86,28,742,4,5,4,454,Champions,Anand Banerjee,Male,37,Bengaluru,Karnataka,South
CUST-00860,9,29826.35,9782.76,2023-06-03,2023-09-17,9,13,3314.04,32.8,472,578,1,3,4,134,At Risk,Neha Singh,Female,37,Delhi,Delhi,North
CUST-00861,10,22280.4,7452.28,2022-07-13,2024-07-29,10,18,2228.04,33.45,156,903,2,3,3,233,At Risk,Ananya Mishra,Female,33,Bengaluru,Karnataka,South
CUST-00862,5,4598.1,1537.8700000000001,2024-03-17,2024-06-11,5,7,919.62,33.45,204,290,1,1,1,111,Lost Customers,Kunal Verma,Male,36,Pune,Maharashtra,West
CUST-00863,7,2924.55,1056.51,2024-01-11,2024-11-28,7,8,417.79,36.13,34,356,4,2,1,421,Potential Loyalists,Krishna Mukherjee,Male,34,Delhi,Delhi,North
CUST-00864,12,58144.049999999996,13325.210000000001,2022-09-12,2024-11-20,12,17,4845.34,22.92,42,842,4,4,5,445,Champions,Shreya Joshi,Female,33,Coimbatore,Tamil Nadu,South
CUST-00865,5,3062.2,1240.8000000000002,2022-01-04,2024-10-09,5,7,612.44,40.52,84,1093,2,1,1,211,Lost Customers,Rekha Iyengar,Female,33,Visakhapatnam,Andhra Pradesh,South
CUST-00866,15,84660.95,20502.539999999997,2023-04-26,2024-07-27,15,17,5644.06,24.22,158,616,2,4,5,245,At Risk,Sunita Mishra,Female,39,Delhi,Delhi,North
CUST-00867,7,42296.85,12685.1,2022-01-30,2024-11-26,7,14,6042.41,29.99,36,1067,4,2,5,425,Potential Loyalists,Krishna Yadav,Male,22,Ahmedabad,Gujarat,West
CUST-00868,19,38382.95,8209.16,2022-01-26,2024-12-05,19,27,2020.16,21.39,27,1071,4,5,4,454,Champions,Ananya Patel,Female,42,Delhi,Delhi,North
CUST-00869,7,7700.299999999999,3850.62,2023-03-24,2024-08-10,7,7,1100.04,50.01,144,649,2,2,2,222,Lost Customers,Deepa Patel,Female,32,Mumbai,Maharashtra,West
CUST-00870,12,27107.65,9238.84,2022-08-01,2024-12-20,12,16,2258.97,34.08,12,884,5,4,4,544,Champions,Suresh Singh,Male,50,Hyderabad,Telangana,South
CUST-00871,17,26700.949999999997,9190.3,2023-03-30,2024-12-08,17,24,1570.64,34.42,24,643,5,5,4,554,Champions,Pari Menon,Female,39,Delhi,Delhi,North
CUST-00872,3,12836.1,2819.41,2022-10-17,2024-05-06,3,5,4278.7,21.96,240,807,1,1,2,112,Lost Customers,Pranav Choudhury,Male,19,Patna,Bihar,East
CUST-00873,4,5909.9,1016.6300000000001,2023-02-22,2024-12-24,4,6,1477.48,17.2,8,679,5,1,1,511,New Customers,Tanvi Shah,Female,31,Mumbai,Maharashtra,West
CUST-00874,2,6152.200000000001,2249.96,2024-04-07,2024-04-11,2,4,3076.1,36.57,265,269,1,1,1,111,Lost Customers,Rahul Reddy,Male,23,Jaipur,Rajasthan,North
CUST-00875,12,22454.1,9833.23,2022-04-22,2024-10-11,12,17,1871.18,43.79,82,985,2,4,3,243,At Risk,Nikhil Yadav,Male,24,Coimbatore,Tamil Nadu,South
CUST-00876,19,57135.15,17853.59,2023-01-08,2024-12-07,19,27,3007.11,31.25,25,724,5,5,5,555,Champions,Rohan Singh,Other,18,Mumbai,Maharashtra,West
CUST-00877,3,3756.8500000000004,1603.4,2023-10-07,2024-10-05,3,3,1252.28,42.68,88,452,2,1,1,211,Lost Customers,Anita Chatterjee,Female,18,Indore,Madhya Pradesh,Central
CUST-00878,6,14321.849999999999,3373.15,2022-04-02,2024-06-28,6,9,2386.98,23.55,187,1005,1,2,3,123,Lost Customers,Prisha Pandey,Female,18,Nagpur,Maharashtra,West
CUST-00879,9,21237.3,8201.6,2022-08-11,2024-11-11,9,11,2359.7,38.62,51,874,3,3,3,333,Loyal Customers,Meera Pandey,Female,46,Bengaluru,Karnataka,South
CUST-00880,27,52899.8,18772.12,2024-03-06,2024-11-29,26,35,1959.25,35.49,33,301,4,5,5,455,Champions,Priyanka Bhatia,Female,26,Hyderabad,Telangana,South
CUST-00881,14,71959.2,14491.93,2022-01-18,2024-12-26,14,25,5139.94,20.14,6,1079,5,4,5,545,Champions,Anita Reddy,Female,25,Coimbatore,Tamil Nadu,South
CUST-00882,9,25452.9,11540.15,2023-08-15,2024-11-02,9,10,2828.1,45.34,60,505,3,3,4,334,Loyal Customers,Manish Mishra,Male,26,Kolkata,West Bengal,East
CUST-00883,6,19306.8,3186.17,2022-06-03,2024-02-14,6,7,3217.8,16.5,322,943,1,2,3,123,Lost Customers,Varun Yadav,Male,35,Bengaluru,Karnataka,South
CUST-00884,23,35064.5,12607.28,2022-04-24,2024-12-19,22,32,1524.54,35.95,13,983,5,5,4,554,Champions,Saanvi Pillai,Female,30,Pune,Maharashtra,West
CUST-00885,2,1754.6999999999998,487.84000000000003,2022-09-13,2024-11-01,2,4,877.35,27.8,61,841,3,1,1,311,Regular Customers,Varun Bhatia,Male,39,Indore,Madhya Pradesh,Central
CUST-00886,4,3144.75,1202.4299999999998,2022-07-23,2024-12-29,4,6,786.19,38.24,3,893,5,1,1,511,New Customers,Varun Tripathi,Male,61,Hyderabad,Telangana,South
CUST-00887,7,13163.150000000001,5744.78,2022-05-25,2024-12-26,7,10,1880.45,43.64,6,952,5,2,2,522,Potential Loyalists,Navya Shah,Female,48,Kolkata,West Bengal,East
CUST-00888,5,4122.75,1417.82,2022-07-26,2024-08-04,5,6,824.55,34.39,150,890,2,1,1,211,Lost Customers,Pranav Singh,Male,28,Delhi,Delhi,North
CUST-00889,5,8014.299999999999,265.55,2022-11-11,2024-04-16,5,5,1602.86,3.31,260,782,1,1,2,112,Lost Customers,Divya Joshi,Female,26,Patna,Bihar,East
CUST-00890,6,15982.45,5018.610000000001,2023-07-09,2024-11-08,6,8,2663.74,31.4,54,542,3,2,3,323,Regular Customers,Aditya Das,Male,21,Mumbai,Maharashtra,West
CUST-00891,18,38467.4,14023.14,2022-05-01,2024-12-30,18,27,2137.08,36.45,2,976,5,5,4,554,Champions,Rahul Gupta,Male,33,Chennai,Tamil Nadu,South
CUST-00892,2,991.55,272.0,2023-07-12,2024-04-23,2,3,495.78,27.43,253,539,1,1,1,111,Lost Customers,Pooja Kaur,Female,40,Kochi,Kerala,South
CUST-00893,20,47210.1,14463.69,2022-01-11,2024-11-18,20,24,2360.5,30.64,44,1086,4,5,5,455,Champions,Deepak Reddy,Male,44,Jaipur,Rajasthan,North
CUST-00894,9,17275.15,5672.47,2022-01-24,2024-06-27,9,12,1919.46,32.84,188,1073,1,3,3,133,At Risk,Kabir Das,Male,41,Bhubaneswar,Odisha,East
CUST-00895,12,21283.25,8052.1900000000005,2022-01-20,2024-10-25,12,18,1773.6,37.83,68,1077,3,4,3,343,Loyal Customers,Isha Nair,Female,26,Mumbai,Maharashtra,West
CUST-00896,4,4860.8,2266.86,2022-10-13,2024-04-06,4,5,1215.2,46.64,270,811,1,1,1,111,Lost Customers,Vihaan Malhotra,Male,18,Indore,Madhya Pradesh,Central
CUST-00897,13,20674.2,7856.889999999999,2023-02-27,2024-04-29,13,21,1590.32,38.0,247,674,1,4,3,143,At Risk,Ishaan Bhatia,Male,40,Mumbai,Maharashtra,West
CUST-00898,8,12147.2,5574.08,2022-03-23,2024-12-30,8,12,1518.4,45.89,2,1015,5,3,2,532,Potential Loyalists,Sunita Yadav,Female,18,Delhi,Delhi,North
CUST-00899,8,21087.6,9188.31,2022-05-21,2024-10-14,8,17,2635.95,43.57,79,956,2,3,3,233,At Risk,Rajesh Bhatia,Male,21,Mumbai,Maharashtra,West
CUST-00900,4,3375.0,1273.58,2022-08-24,2024-05-14,4,5,843.75,37.74,232,861,1,1,1,111,Lost Customers,Saanvi Mukherjee,Female,24,Nagpur,Maharashtra,West
CUST-00901,16,39058.85,10434.68,2022-02-13,2024-11-21,16,18,2441.18,26.72,41,1053,4,5,4,454,Champions,Anand Mehta,Male,46,Patna,Bihar,East
CUST-00902,31,53645.5,17813.22,2023-06-27,2024-12-15,30,45,1730.5,33.21,17,554,5,5,5,555,Champions,Ramesh Kaur,Male,42,Bengaluru,Karnataka,South
CUST-00903,7,47498.65,10679.650000000001,2022-02-22,2024-10-08,7,9,6785.52,22.48,85,1044,2,2,5,225,Lost Customers,Aditya Tripathi,Male,42,Delhi,Delhi,North
CUST-00904,8,17224.95,5751.5199999999995,2023-02-28,2024-11-19,8,12,2153.12,33.39,43,673,4,3,3,433,Loyal Customers,Vihaan Banerjee,Male,39,Coimbatore,Tamil Nadu,South
CUST-00905,7,7941.3,2894.16,2022-01-02,2024-01-18,7,13,1134.47,36.44,349,1095,1,2,2,122,Lost Customers,Prisha Reddy,Female,49,Jaipur,Rajasthan,North
CUST-00906,7,9985.55,3771.8599999999997,2022-11-10,2024-10-22,7,14,1426.51,37.77,71,783,3,2,2,322,Regular Customers,Manish Gupta,Male,18,Pune,Maharashtra,West
CUST-00907,7,3953.4,1522.58,2024-05-30,2024-11-27,7,7,564.77,38.51,35,216,4,2,1,421,Potential Loyalists,Neha Dutta,Female,38,Pune,Maharashtra,West
CUST-00909,8,20242.7,8356.03,2022-02-11,2024-12-18,8,10,2530.34,41.28,14,1055,5,3,3,533,Loyal Customers,Ramesh Iyengar,Male,18,Lucknow,Uttar Pradesh,North
CUST-00910,9,11921.75,4659.34,2022-02-12,2024-12-24,9,13,1324.64,39.08,8,1054,5,3,2,532,Potential Loyalists,Khushi Singh,Female,41,Mumbai,Maharashtra,West
CUST-00911,4,8799.5,2064.52,2023-10-16,2024-01-11,4,9,2199.88,23.46,356,443,1,1,2,112,Lost Customers,Anita Patel,Female,18,Surat,Gujarat,West
CUST-00912,5,6033.4,2051.71,2024-05-13,2024-12-26,5,6,1206.68,34.01,6,233,5,1,1,511,New Customers,Isha Iyer,Female,34,Lucknow,Uttar Pradesh,North
CUST-00913,24,49959.55,18088.58,2023-01-14,2024-12-07,24,39,2081.65,36.21,25,718,5,5,5,555,Champions,Nandini Sharma,Female,41,Lucknow,Uttar Pradesh,North
CUST-00914,5,52783.0,12175.13,2024-03-21,2024-11-05,5,7,10556.6,23.07,57,286,3,1,5,315,Regular Customers,Ananya Nair,Female,32,Patna,Bihar,East
CUST-00915,15,21867.1,8316.84,2022-07-06,2024-10-15,15,20,1457.81,38.03,78,910,2,4,3,243,At Risk,Vikram Kaur,Male,27,Hyderabad,Telangana,South
CUST-00916,10,21279.7,10342.57,2022-01-08,2024-10-06,10,17,2127.97,48.6,87,1089,2,3,3,233,At Risk,Nikhil Gupta,Male,38,Visakhapatnam,Andhra Pradesh,South
CUST-00917,2,993.15,195.43,2023-05-20,2024-08-18,2,4,496.58,19.68,136,592,2,1,1,211,Lost Customers,Saanvi Shah,Female,44,Pune,Maharashtra,West
CUST-00918,5,8149.1,1488.77,2023-03-29,2024-10-03,5,7,1629.82,18.27,90,644,2,1,2,212,Lost Customers,Aanya Mishra,Female,43,Kolkata,West Bengal,East
CUST-00919,18,28844.649999999998,9259.220000000001,2023-10-26,2024-10-19,18,24,1602.48,32.1,74,433,3,5,4,354,Loyal Customers,Manish Das,Male,37,Chandigarh,Punjab,North
CUST-00920,7,8470.7,3434.3900000000003,2023-04-16,2024-04-19,7,8,1210.1,40.54,257,626,1,2,2,122,Lost Customers,Kabir Das,Male,27,Mumbai,Maharashtra,West
CUST-00921,6,7579.05,2241.66,2024-06-30,2024-12-31,6,6,1263.18,29.58,1,185,5,2,2,522,Potential Loyalists,Anjali Chatterjee,Female,32,Bengaluru,Karnataka,South
CUST-00922,5,6275.950000000001,1994.98,2022-03-13,2023-10-13,5,6,1255.19,31.79,446,1025,1,1,1,111,Lost Customers,Aadhya Joshi,Female,38,Kochi,Kerala,South
CUST-00923,14,14706.9,5351.84,2022-11-22,2024-08-23,14,17,1050.49,36.39,131,771,2,4,3,243,At Risk,Gauri Mishra,Female,53,Patna,Bihar,East
CUST-00924,4,3021.4,1207.49,2022-09-20,2024-06-11,4,5,755.35,39.96,204,834,1,1,1,111,Lost Customers,Dhruv Banerjee,Male,33,Bhopal,Madhya Pradesh,Central
CUST-00925,7,15870.45,8022.379999999999,2022-08-28,2024-10-18,7,12,2267.21,50.55,75,857,3,2,3,323,Regular Customers,Prisha Dutta,Female,22,Patna,Bihar,East
CUST-00926,4,6118.4,2279.23,2023-06-20,2024-11-07,4,7,1529.6,37.25,55,561,3,1,1,311,Regular Customers,Aditya Agarwal,Male,29,Bengaluru,Karnataka,South
CUST-00927,4,4453.55,1569.45,2022-06-07,2024-09-04,4,4,1113.39,35.24,119,939,2,1,1,211,Lost Customers,Ramesh Mukherjee,Male,37,Bhopal,Madhya Pradesh,Central
CUST-00928,14,10459.0,4412.17,2022-01-23,2024-11-07,14,19,747.07,42.19,55,1074,3,4,2,342,Regular Customers,Anand Kaur,Male,41,Ahmedabad,Gujarat,West
CUST-00929,3,1553.3,707.9399999999999,2023-02-28,2023-10-24,3,3,517.77,45.58,435,673,1,1,1,111,Lost Customers,Shreya Bhatia,Female,33,Bengaluru,Karnataka,South
CUST-00930,9,12134.75,4558.02,2023-12-01,2024-10-05,9,10,1348.31,37.56,88,397,2,3,2,232,Regular Customers,Atharv Iyengar,Male,25,Hyderabad,Telangana,South
CUST-00931,7,18394.6,6558.37,2022-04-13,2024-11-05,6,11,2627.8,35.65,57,994,3,2,3,323,Regular Customers,Tanvi Shah,Female,46,Hyderabad,Telangana,South
CUST-00932,14,13746.2,5202.33,2022-07-08,2024-12-23,14,19,981.87,37.85,9,908,5,4,2,542,Regular Customers,Anand Choudhury,Male,23,Bhopal,Madhya Pradesh,Central
CUST-00933,4,4788.25,2275.05,2023-05-30,2024-11-18,4,8,1197.06,47.51,44,582,4,1,1,411,New Customers,Vihaan Choudhury,Male,52,Hyderabad,Telangana,South
CUST-00934,8,7343.0,2463.85,2023-12-15,2024-12-05,8,11,917.88,33.55,27,383,4,3,1,431,Potential Loyalists,Kabir Shah,Male,25,Hyderabad,Telangana,South
CUST-00935,6,28794.25,11088.91,2022-06-19,2024-12-22,6,8,4799.04,38.51,10,927,5,2,4,524,Potential Loyalists,Shreya Banerjee,Female,48,Ahmedabad,Gujarat,West
CUST-00936,7,24153.3,7655.27,2022-03-16,2024-08-01,7,12,3450.47,31.69,153,1022,2,2,4,224,Lost Customers,Amit Rao,Male,45,Chennai,Tamil Nadu,South
CUST-00937,8,7809.95,2757.18,2023-02-07,2024-11-20,8,9,976.24,35.3,42,694,4,3,2,432,Potential Loyalists,Priyanka Saxena,Female,29,Bengaluru,Karnataka,South
CUST-00938,18,16606.7,7490.73,2024-03-26,2024-11-16,17,25,922.59,45.11,46,281,4,5,3,453,Loyal Customers,Nikhil Malhotra,Male,27,Visakhapatnam,Andhra Pradesh,South
CUST-00939,6,21884.55,8865.97,2023-11-27,2024-12-24,6,10,3647.42,40.51,8,401,5,2,3,523,Potential Loyalists,Vihaan Patel,Male,18,Visakhapatnam,Andhra Pradesh,South
CUST-00940,6,8834.25,3731.87,2022-05-30,2023-09-27,6,7,1472.38,42.24,462,947,1,2,2,122,Lost Customers,Gaurav Yadav,Male,33,Hyderabad,Telangana,South
CUST-00941,19,29476.95,10810.92,2023-02-27,2024-10-09,19,27,1551.42,36.68,84,674,2,5,4,254,At Risk,Sneha Rao,Female,25,Hyderabad,Telangana,South
CUST-00942,13,12511.45,3926.42,2022-03-26,2024-12-05,12,22,962.42,31.38,27,1012,4,4,2,442,Regular Customers,Sai Agarwal,Male,51,Bengaluru,Karnataka,South
CUST-00943,4,8450.85,1938.71,2023-05-20,2024-07-25,4,5,2112.71,22.94,160,592,2,1,2,212,Lost Customers,Varun Das,Male,18,Bengaluru,Karnataka,South
CUST-00944,5,6194.3,2077.84,2022-10-25,2024-10-26,5,12,1238.86,33.54,67,799,3,1,1,311,Regular Customers,Isha Pillai,Female,31,Nagpur,Maharashtra,West
CUST-00945,4,5673.7,2572.68,2023-02-25,2024-11-03,4,9,1418.42,45.34,59,676,3,1,1,311,Regular Customers,Aadhya Banerjee,Female,32,Mumbai,Maharashtra,West
CUST-00946,3,2851.4,972.91,2022-12-31,2024-10-31,3,4,950.47,34.12,62,732,3,1,1,311,Regular Customers,Swati Tripathi,Female,35,Ahmedabad,Gujarat,West
CUST-00947,14,28562.800000000003,12802.189999999999,2022-02-14,2024-12-20,14,23,2040.2,44.82,12,1052,5,4,4,544,Champions,Anita Iyengar,Female,46,Ahmedabad,Gujarat,West
CUST-00948,28,43851.95,17200.73,2023-08-13,2024-12-12,27,36,1566.14,39.22,20,507,5,5,5,555,Champions,Aditya Tripathi,Male,44,Bengaluru,Karnataka,South
CUST-00949,7,5760.1,2247.88,2022-10-08,2024-12-09,7,8,822.87,39.03,23,816,5,2,1,521,Potential Loyalists,Sunita Yadav,Female,30,Pune,Maharashtra,West
CUST-00950,5,2964.3,1520.18,2022-04-28,2024-11-23,5,6,592.86,51.28,39,979,4,1,1,411,New Customers,Anjali Menon,Female,36,Jaipur,Rajasthan,North
CUST-00951,16,64952.05,10835.79,2022-09-16,2024-10-29,16,26,4059.5,16.68,64,838,3,5,5,355,Loyal Customers,Ishaan Banerjee,Male,33,Bengaluru,Karnataka,South
CUST-00952,12,36038.2,12620.48,2023-02-04,2024-10-14,12,17,3003.18,35.02,79,697,2,4,4,244,At Risk,Ayaan Menon,Male,30,Nagpur,Maharashtra,West
CUST-00953,14,85971.7,15777.529999999999,2022-04-30,2024-11-01,14,20,6140.84,18.35,61,977,3,4,5,345,Loyal Customers,Rahul Choudhury,Male,28,Jaipur,Rajasthan,North
CUST-00954,7,15743.0,6602.17,2022-05-30,2024-10-20,7,10,2249.0,41.94,73,947,3,2,3,323,Regular Customers,Anjali Choudhury,Female,37,Mumbai,Maharashtra,West
CUST-00955,6,12200.25,5480.93,2022-06-17,2024-10-23,6,6,2033.38,44.92,70,929,3,2,2,322,Regular Customers,Varun Pillai,Male,23,Chandigarh,Punjab,North
CUST-00956,18,25552.399999999998,8485.76,2022-05-15,2024-12-09,18,26,1419.58,33.21,23,962,5,5,4,554,Champions,Navya Singh,Female,31,Chennai,Tamil Nadu,South
CUST-00957,18,62561.35,15813.43,2023-02-11,2024-11-19,18,22,3475.63,25.28,43,690,4,5,5,455,Champions,Aarav Choudhury,Male,51,Mumbai,Maharashtra,West
CUST-00958,3,13106.7,-136.07,2022-06-13,2024-08-08,3,5,4368.9,-1.04,146,933,2,1,2,212,Lost Customers,Tanvi Joshi,Female,27,Ahmedabad,Gujarat,West
CUST-00959,17,21774.25,7270.68,2023-10-09,2024-10-04,17,20,1280.84,33.39,89,450,2,5,3,253,At Risk,Isha Pillai,Female,41,Mumbai,Maharashtra,West
CUST-00960,7,5976.6,2218.92,2022-07-31,2024-10-02,7,10,853.8,37.13,91,885,2,2,1,221,Lost Customers,Arjun Das,Male,22,Bhubaneswar,Odisha,East
CUST-00961,12,24247.5,9343.31,2023-12-07,2024-11-18,11,18,2020.62,38.53,44,391,4,4,4,444,Champions,Pallavi Patel,Female,25,Bengaluru,Karnataka,South
CUST-00962,17,32792.15,13567.869999999999,2023-07-30,2024-12-26,16,25,1928.95,41.38,6,521,5,5,4,554,Champions,Pranav Rao,Male,23,Chennai,Tamil Nadu,South
CUST-00963,8,12814.2,4942.53,2022-05-22,2024-12-02,8,9,1601.78,38.57,30,955,4,3,2,432,Potential Loyalists,Aadhya Banerjee,Female,50,Mumbai,Maharashtra,West
CUST-00964,7,22543.3,4769.28,2023-03-20,2024-10-10,7,8,3220.47,21.16,83,653,2,2,3,223,Lost Customers,Divya Pandey,Female,43,Kochi,Kerala,South
CUST-00965,15,28160.05,8763.42,2023-06-11,2024-12-31,15,18,1877.34,31.12,1,570,5,4,4,544,Champions,Priyanka Verma,Female,18,Ahmedabad,Gujarat,West
CUST-00966,5,12357.6,3116.44,2022-11-21,2024-10-12,5,7,2471.52,25.22,81,772,2,1,2,212,Lost Customers,Ananya Patel,Female,35,Chandigarh,Punjab,North
CUST-00967,15,14497.0,5746.29,2023-03-22,2024-11-20,15,24,966.47,39.64,42,651,4,4,3,443,Loyal Customers,Meera Agarwal,Female,30,Coimbatore,Tamil Nadu,South
CUST-00968,8,14795.25,4766.65,2022-10-20,2024-12-22,8,9,1849.41,32.22,10,804,5,3,3,533,Loyal Customers,Tanvi Reddy,Female,26,Pune,Maharashtra,West
CUST-00969,6,5948.8,2651.54,2022-04-24,2024-11-10,6,6,991.47,44.57,52,983,3,2,1,321,Regular Customers,Ayaan Gupta,Male,41,Jaipur,Rajasthan,North
CUST-00970,3,28025.8,-4395.240000000001,2023-06-21,2023-11-29,3,5,9341.93,-15.68,399,560,1,1,4,114,Lost Customers,Sunita Banerjee,Female,30,Chennai,Tamil Nadu,South
CUST-00971,3,1615.1,740.6899999999999,2023-08-25,2024-10-26,3,3,538.37,45.86,67,495,3,1,1,311,Regular Customers,Diya Menon,Female,42,Chennai,Tamil Nadu,South
CUST-00972,17,101623.35,33189.8,2023-01-05,2024-12-15,16,28,5977.84,32.66,17,727,5,5,5,555,Champions,Vihaan Chatterjee,Male,21,Jaipur,Rajasthan,North
CUST-00973,4,2176.25,667.75,2022-10-04,2024-01-29,4,4,544.06,30.68,338,820,1,1,1,111,Lost Customers,Gauri Menon,Female,27,Mumbai,Maharashtra,West
CUST-00974,8,14866.85,4856.7300000000005,2022-11-06,2024-10-26,8,9,1858.36,32.67,67,787,3,3,3,333,Loyal Customers,Gaurav Malhotra,Male,18,Kolkata,West Bengal,East
CUST-00975,4,1899.35,672.32,2024-06-07,2024-10-27,4,5,474.84,35.4,66,208,3,1,1,311,Regular Customers,Rajesh Joshi,Male,41,Mumbai,Maharashtra,West
CUST-00976,5,7560.35,2477.66,2023-07-18,2024-11-05,5,6,1512.07,32.77,57,533,3,1,2,312,Regular Customers,Deepa Yadav,Female,32,Chennai,Tamil Nadu,South
CUST-00977,5,6893.65,2806.99,2023-01-25,2024-10-19,5,9,1378.73,40.72,74,707,3,1,1,311,Regular Customers,Shreya Patel,Female,25,Delhi,Delhi,North
CUST-00978,9,21146.5,8333.89,2022-09-07,2024-12-17,9,14,2349.61,39.41,15,847,5,3,3,533,Loyal Customers,Vivaan Kaur,Male,27,Delhi,Delhi,North
CUST-00979,16,23764.1,7557.91,2023-04-13,2024-11-28,16,19,1485.26,31.8,34,629,4,5,4,454,Champions,Diya Sharma,Female,34,Lucknow,Uttar Pradesh,North
CUST-00980,8,22513.85,7882.92,2024-02-10,2024-12-08,8,15,2814.23,35.01,24,326,5,3,3,533,Loyal Customers,Vikram Dutta,Male,34,Bengaluru,Karnataka,South
CUST-00981,8,7273.45,2852.26,2022-05-16,2024-11-15,8,11,909.18,39.21,47,961,3,3,1,331,Regular Customers,Rohan Malhotra,Male,34,Pune,Maharashtra,West
CUST-00982,3,18536.6,3054.33,2022-09-09,2024-02-11,3,5,6178.87,16.48,325,845,1,1,3,113,Lost Customers,Vivaan Pandey,Male,18,Hyderabad,Telangana,South
CUST-00983,14,22767.6,8311.65,2023-02-03,2024-12-14,14,20,1626.26,36.51,18,698,5,4,3,543,Loyal Customers,Deepa Nair,Female,25,Coimbatore,Tamil Nadu,South
CUST-00984,15,14331.75,5666.09,2024-04-17,2024-10-20,14,19,955.45,39.54,73,259,3,4,3,343,Loyal Customers,Divya Gupta,Female,44,Hyderabad,Telangana,South
CUST-00985,8,9914.5,3738.18,2022-05-06,2024-07-11,8,9,1239.31,37.7,174,971,1,3,2,132,Regular Customers,Varun Pandey,Male,40,Bhubaneswar,Odisha,East
CUST-00986,8,15546.25,6619.23,2023-06-30,2024-08-22,8,12,1943.28,42.58,132,551,2,3,3,233,At Risk,Aditya Mehta,Male,33,Hyderabad,Telangana,South
CUST-00987,10,15675.900000000001,7492.330000000001,2022-11-21,2024-12-29,10,13,1567.59,47.8,3,772,5,3,3,533,Loyal Customers,Aadhya Tripathi,Female,18,Patna,Bihar,East
CUST-00988,11,12396.45,4666.76,2022-08-09,2024-12-07,11,17,1126.95,37.65,25,876,5,4,2,542,Regular Customers,Riya Verma,Female,33,Kochi,Kerala,South
CUST-00989,5,5848.7,2322.99,2023-03-28,2024-12-14,4,10,1169.74,39.72,18,645,5,1,1,511,New Customers,Prisha Pandey,Female,28,Ahmedabad,Gujarat,West
CUST-00990,7,10879.05,5055.01,2023-05-26,2024-10-02,7,9,1554.15,46.47,91,586,2,2,2,222,Lost Customers,Dhruv Kaur,Male,50,Jaipur,Rajasthan,North
CUST-00991,5,33998.5,3740.01,2022-07-02,2024-11-05,5,9,6799.7,11.0,57,914,3,1,4,314,Regular Customers,Reyansh Agarwal,Male,21,Mumbai,Maharashtra,West
CUST-00992,4,12358.55,2786.55,2022-06-24,2023-09-25,4,7,3089.64,22.55,464,922,1,1,2,112,Lost Customers,Rohan Tripathi,Male,41,Mumbai,Maharashtra,West
CUST-00993,13,29986.65,10967.48,2022-06-11,2024-12-22,13,16,2306.67,36.57,10,935,5,4,4,544,Champions,Neha Mukherjee,Female,34,Delhi,Delhi,North
CUST-00994,5,22645.550000000003,8650.09,2024-02-10,2024-05-15,5,8,4529.11,38.2,231,326,1,1,3,113,Lost Customers,Rahul Pillai,Male,52,Mumbai,Maharashtra,West
CUST-00995,6,33108.55,12740.15,2023-02-28,2024-10-11,6,9,5518.09,38.48,82,673,2,2,4,224,Lost Customers,Aditya Shah,Male,29,Hyderabad,Telangana,South
CUST-00996,6,11324.1,3845.4300000000003,2023-12-25,2024-11-25,6,6,1887.35,33.96,37,373,4,2,2,422,Potential Loyalists,Reyansh Singh,Male,37,Delhi,Delhi,North
CUST-00997,24,15091.85,3354.09,2022-02-21,2024-12-23,24,33,628.83,22.22,9,1045,5,5,3,553,Loyal Customers,Anita Chatterjee,Female,18,Mumbai,Maharashtra,West
CUST-00998,3,5102.4,1984.4099999999999,2023-01-09,2023-06-22,3,4,1700.8,38.89,559,723,1,1,1,111,Lost Customers,Kunal Das,Male,39,Bengaluru,Karnataka,South
CUST-00999,26,61141.55,22366.54,2022-12-10,2024-12-04,26,44,2351.6,36.58,28,753,4,5,5,455,Champions,Kunal Iyer,Male,34,Pune,Maharashtra,West
CUST-01000,5,3193.2,1142.02,2023-03-12,2024-09-08,5,5,638.64,35.76,115,661,2,1,1,211,Lost Customers,Amit Reddy,Male,37,Chennai,Tamil Nadu,South
CUST-01001,5,31036.45,4066.0,2024-05-09,2024-06-05,5,5,6207.29,13.1,210,237,1,1,4,114,Lost Customers,Saanvi Reddy,Female,44,Delhi,Delhi,North
CUST-01002,7,13388.15,4919.04,2022-08-11,2024-12-18,7,11,1912.59,36.74,14,874,5,2,2,522,Potential Loyalists,Pranav Mishra,Male,44,Chennai,Tamil Nadu,South
CUST-01003,14,42373.15,8619.68,2023-01-08,2024-12-02,14,15,3026.65,20.34,30,724,4,4,5,445,Champions,Sneha Iyengar,Female,39,Mumbai,Maharashtra,West
CUST-01004,5,6178.25,3641.23,2022-02-19,2024-12-04,5,7,1235.65,58.94,28,1047,4,1,1,411,New Customers,Isha Saxena,Female,57,Mumbai,Maharashtra,West
CUST-01005,7,6086.75,2598.94,2024-01-02,2024-10-12,7,7,869.54,42.7,81,365,2,2,1,221,Lost Customers,Ayaan Shah,Male,37,Delhi,Delhi,North
CUST-01006,10,13330.3,4423.96,2022-05-30,2024-09-29,10,13,1333.03,33.19,94,947,2,3,2,232,Regular Customers,Varun Dutta,Male,24,Coimbatore,Tamil Nadu,South
CUST-01007,6,11310.7,4876.65,2023-03-30,2023-12-29,6,10,1885.12,43.12,369,643,1,2,2,122,Lost Customers,Ayaan Banerjee,Male,18,Mumbai,Maharashtra,West
CUST-01008,11,28228.35,11524.99,2022-04-03,2024-12-11,11,15,2566.21,40.83,21,1004,5,4,4,544,Champions,Deepa Yadav,Female,35,Mumbai,Maharashtra,West
CUST-01009,23,30524.45,9127.83,2023-01-07,2024-12-05,23,31,1327.15,29.9,27,725,4,5,4,454,Champions,Suresh Reddy,Male,55,Lucknow,Uttar Pradesh,North
CUST-01010,26,41551.0,15413.380000000001,2022-12-23,2024-12-29,25,36,1598.12,37.1,3,740,5,5,5,555,Champions,Aarav Das,Male,43,Mumbai,Maharashtra,West
CUST-01011,32,73912.65,25997.12,2024-03-02,2024-12-17,30,47,2309.77,35.17,15,305,5,5,5,555,Champions,Priyanka Bhatia,Female,46,Kochi,Kerala,South
CUST-01012,6,11673.1,4644.95,2023-10-11,2024-05-10,6,7,1945.52,39.79,236,448,1,2,2,122,Lost Customers,Deepa Mishra,Female,34,Kolkata,West Bengal,East
CUST-01013,8,10952.35,2436.72,2022-03-05,2024-08-10,7,9,1369.04,22.25,144,1033,2,3,2,232,Regular Customers,Sai Iyer,Male,30,Delhi,Delhi,North
CUST-01014,6,8256.25,4001.6000000000004,2022-10-01,2024-12-06,6,10,1376.04,48.47,26,823,4,2,2,422,Potential Loyalists,Isha Mukherjee,Female,48,Bhubaneswar,Odisha,East
CUST-01015,26,38728.55,14416.810000000001,2022-11-12,2024-09-19,26,39,1489.56,37.23,104,781,2,5,4,254,At Risk,Rahul Sharma,Male,30,Bhopal,Madhya Pradesh,Central
CUST-01016,2,1147.0,431.56,2022-03-21,2023-07-01,2,3,573.5,37.63,550,1017,1,1,1,111,Lost Customers,Gauri Mishra,Female,25,Delhi,Delhi,North
CUST-01017,6,10313.8,4572.6900000000005,2022-11-01,2024-06-29,6,10,1718.97,44.34,186,792,1,2,2,122,Lost Customers,Sai Agarwal,Male,29,Pune,Maharashtra,West
CUST-01018,11,15114.6,7081.889999999999,2022-02-13,2024-12-06,11,15,1374.05,46.85,26,1053,4,4,3,443,Loyal Customers,Ananya Banerjee,Female,43,Mumbai,Maharashtra,West
CUST-01019,25,44398.3,17007.24,2023-01-20,2024-12-25,24,33,1775.93,38.31,7,712,5,5,5,555,Champions,Rekha Iyengar,Female,30,Bhopal,Madhya Pradesh,Central
CUST-01020,7,9391.05,4322.07,2023-04-14,2024-12-30,7,7,1341.58,46.02,2,628,5,2,2,522,Potential Loyalists,Atharv Das,Male,25,Guwahati,Assam,East
CUST-01021,6,9421.8,2902.36,2023-04-21,2024-11-26,6,8,1570.3,30.8,36,621,4,2,2,422,Potential Loyalists,Meera Joshi,Female,21,Hyderabad,Telangana,South
CUST-01022,10,40879.25,10112.800000000001,2023-06-16,2024-12-16,10,14,4087.92,24.74,16,565,5,3,5,535,Loyal Customers,Sai Dutta,Male,25,Mumbai,Maharashtra,West
CUST-01023,10,16112.45,5941.36,2022-10-26,2024-12-27,10,14,1611.24,36.87,5,798,5,3,3,533,Loyal Customers,Rahul Singh,Male,52,Jaipur,Rajasthan,North
CUST-01024,15,17010.8,5452.28,2024-06-11,2024-12-31,15,17,1134.05,32.05,1,204,5,4,3,543,Loyal Customers,Anjali Das,Female,29,Mumbai,Maharashtra,West
CUST-01025,16,28611.65,5529.82,2024-04-22,2024-11-23,16,20,1788.23,19.33,39,254,4,5,4,454,Champions,Ayaan Kaur,Male,30,Mumbai,Maharashtra,West
CUST-01026,4,4536.1,1014.3900000000001,2023-05-16,2023-09-14,4,6,1134.03,22.36,475,596,1,1,1,111,Lost Customers,Pari Joshi,Female,56,Indore,Madhya Pradesh,Central
CUST-01027,4,12053.300000000001,4366.19,2024-03-30,2024-11-03,4,4,3013.32,36.22,59,277,3,1,2,312,Regular Customers,Tanvi Sharma,Female,48,Chandigarh,Punjab,North
CUST-01028,7,21380.05,8921.070000000002,2022-01-26,2024-12-20,7,12,3054.29,41.73,12,1071,5,2,3,523,Potential Loyalists,Sunita Banerjee,Female,37,Kolkata,West Bengal,East
CUST-01029,6,32418.55,2144.67,2024-06-10,2024-07-05,6,13,5403.09,6.62,180,205,1,2,4,124,Lost Customers,Shaurya Agarwal,Male,44,Chandigarh,Punjab,North
CUST-01030,6,7941.7,3243.51,2023-10-26,2024-10-06,6,6,1323.62,40.84,87,433,2,2,2,222,Lost Customers,Suresh Malhotra,Male,49,Delhi,Delhi,North
CUST-01031,4,4372.75,1860.31,2022-11-04,2024-11-17,4,4,1093.19,42.54,45,789,4,1,1,411,New Customers,Tanvi Gupta,Female,36,Indore,Madhya Pradesh,Central
CUST-01032,13,42659.799999999996,12674.49,2022-03-18,2024-11-19,13,19,3281.52,29.71,43,1020,4,4,5,445,Champions,Meera Saxena,Female,35,Jaipur,Rajasthan,North
CUST-01033,5,3702.8999999999996,1300.0,2022-11-29,2024-11-24,5,6,740.58,35.11,38,764,4,1,1,411,New Customers,Swati Singh,Female,53,Delhi,Delhi,North
CUST-01034,9,61202.2,13587.01,2022-11-26,2024-07-07,9,15,6800.24,22.2,178,767,1,3,5,135,At Risk,Krishna Mehta,Male,45,Lucknow,Uttar Pradesh,North
CUST-01035,15,17648.65,6235.16,2022-04-25,2024-12-20,15,21,1176.58,35.33,12,982,5,4,3,543,Loyal Customers,Atharv Shah,Male,26,Bengaluru,Karnataka,South
CUST-01036,7,11972.0,5056.36,2023-06-18,2024-07-13,7,12,1710.29,42.23,172,563,1,2,2,122,Lost Customers,Vivaan Nair,Male,21,Chennai,Tamil Nadu,South
CUST-01037,5,6887.0,2790.4600000000005,2023-05-17,2024-03-04,5,11,1377.4,40.52,303,595,1,1,1,111,Lost Customers,Diya Tripathi,Female,18,Mumbai,Maharashtra,West
CUST-01038,6,48093.799999999996,15412.66,2024-02-02,2024-12-10,6,14,8015.63,32.05,22,334,5,2,5,525,Potential Loyalists,Pari Rao,Female,33,Hyderabad,Telangana,South
CUST-01039,9,30087.55,12687.81,2024-04-08,2024-12-01,9,18,3343.06,42.17,31,268,4,3,4,434,Loyal Customers,Deepa Iyer,Female,45,Bengaluru,Karnataka,South
CUST-01040,5,9722.35,1913.45,2023-11-19,2024-09-14,5,9,1944.47,19.68,109,409,2,1,2,212,Lost Customers,Swati Patel,Female,39,Bengaluru,Karnataka,South
CUST-01041,5,5294.1,1427.06,2023-04-15,2024-12-01,5,5,1058.82,26.96,31,627,4,1,1,411,New Customers,Anita Yadav,Female,18,Bengaluru,Karnataka,South
CUST-01042,5,5506.4,1881.55,2022-11-23,2024-10-23,5,6,1101.28,34.17,70,770,3,1,1,311,Regular Customers,Shaurya Shah,Male,45,Lucknow,Uttar Pradesh,North
CUST-01043,5,31940.2,10404.59,2023-02-17,2024-11-24,5,9,6388.04,32.58,38,684,4,1,4,414,New Customers,Sai Tripathi,Male,18,Jaipur,Rajasthan,North
CUST-01044,6,8913.25,3400.36,2022-03-08,2024-10-15,6,7,1485.54,38.15,78,1030,2,2,2,222,Lost Customers,Aadhya Chatterjee,Female,39,Indore,Madhya Pradesh,Central
CUST-01045,5,4512.1,1434.19,2023-09-30,2024-11-18,5,6,902.42,31.79,44,459,4,1,1,411,New Customers,Neha Tripathi,Female,22,Chennai,Tamil Nadu,South
CUST-01046,11,35627.3,12356.09,2022-01-22,2024-11-23,11,15,3238.85,34.68,39,1075,4,4,4,444,Champions,Kabir Singh,Male,48,Bengaluru,Karnataka,South
CUST-01047,7,16826.05,4119.74,2022-05-21,2024-10-30,7,10,2403.72,24.48,63,956,3,2,3,323,Regular Customers,Kabir Saxena,Male,29,Pune,Maharashtra,West
CUST-01048,10,28839.4,9497.31,2023-04-20,2024-07-29,10,14,2883.94,32.93,156,622,2,3,4,234,At Risk,Reyansh Mehta,Male,38,Jaipur,Rajasthan,North
CUST-01049,10,49033.9,14210.970000000001,2024-01-13,2024-11-23,10,21,4903.39,28.98,39,354,4,3,5,435,Loyal Customers,Anand Agarwal,Male,40,Guwahati,Assam,East
CUST-01050,8,32545.499999999996,8368.64,2022-05-07,2024-12-22,8,14,4068.19,25.71,10,970,5,3,4,534,Loyal Customers,Khushi Joshi,Female,29,Patna,Bihar,East
CUST-01051,11,16732.45,6941.16,2024-02-07,2024-09-14,11,14,1521.13,41.48,109,329,2,4,3,243,At Risk,Dhruv Banerjee,Male,25,Mumbai,Maharashtra,West
CUST-01052,5,13338.2,5636.290000000001,2023-01-15,2024-05-19,5,6,2667.64,42.26,227,717,1,1,2,112,Lost Customers,Arjun Verma,Other,34,Bengaluru,Karnataka,South
CUST-01053,6,10275.050000000001,1544.51,2024-05-25,2024-06-13,6,9,1712.51,15.03,202,221,1,2,2,122,Lost Customers,Aadhya Joshi,Female,37,Guwahati,Assam,East
CUST-01054,6,10006.7,4642.57,2022-04-26,2024-02-04,6,7,1667.78,46.39,332,981,1,2,2,122,Lost Customers,Vihaan Sharma,Male,36,Mumbai,Maharashtra,West
CUST-01055,15,36296.65,15759.25,2023-09-12,2024-12-28,15,23,2419.78,43.42,4,477,5,4,4,544,Champions,Ishaan Gupta,Male,46,Pune,Maharashtra,West
CUST-01056,5,18763.3,1479.77,2023-04-19,2024-11-01,5,5,3752.66,7.89,61,623,3,1,3,313,Regular Customers,Ishaan Mishra,Male,26,Jaipur,Rajasthan,North
CUST-01057,9,11689.15,3266.08,2022-07-23,2024-06-06,9,11,1298.79,27.94,209,893,1,3,2,132,Regular Customers,Pranav Kaur,Male,47,Mumbai,Maharashtra,West
CUST-01058,7,3619.6,1066.94,2022-01-23,2024-05-12,6,11,517.09,29.48,234,1074,1,2,1,121,Lost Customers,Anjali Nair,Female,39,Ahmedabad,Gujarat,West
CUST-01059,2,4128.0,2069.99,2023-06-22,2024-04-27,2,2,2064.0,50.15,249,559,1,1,1,111,Lost Customers,Pari Rao,Female,43,Pune,Maharashtra,West
CUST-01060,4,11859.2,3702.14,2023-09-07,2024-10-17,4,5,2964.8,31.22,76,482,2,1,2,212,Lost Customers,Kavya Menon,Female,36,Guwahati,Assam,East
CUST-01061,5,10841.150000000001,5118.86,2024-03-17,2024-10-05,5,5,2168.23,47.22,88,290,2,1,2,212,Lost Customers,Deepa Shah,Female,52,Hyderabad,Telangana,South
CUST-01062,9,29762.1,11539.06,2022-09-30,2024-04-29,9,12,3306.9,38.77,247,824,1,3,4,134,At Risk,Nikhil Das,Male,27,Ahmedabad,Gujarat,West
CUST-01063,2,21747.1,4043.2200000000003,2024-02-04,2024-12-25,2,2,10873.55,18.59,7,332,5,1,3,513,New Customers,Navya Mishra,Female,30,Kolkata,West Bengal,East
CUST-01064,18,23045.699999999997,5884.1900000000005,2022-04-30,2024-12-14,18,33,1280.32,25.53,18,977,5,5,4,554,Champions,Nikhil Banerjee,Male,39,Guwahati,Assam,East
CUST-01065,6,12355.3,4720.46,2023-12-11,2024-12-03,6,13,2059.22,38.21,29,387,4,2,2,422,Potential Loyalists,Siddharth Nair,Other,45,Lucknow,Uttar Pradesh,North
CUST-01066,16,32877.85,10731.07,2023-09-03,2024-11-26,15,24,2054.87,32.64,36,486,4,5,4,454,Champions,Anjali Kaur,Female,39,Mumbai,Maharashtra,West
CUST-01067,3,10182.7,4253.389999999999,2023-09-03,2024-10-24,3,10,3394.23,41.77,69,486,3,1,2,312,Regular Customers,Ayaan Iyer,Male,46,Hyderabad,Telangana,South
CUST-01068,2,976.5,211.48000000000002,2022-11-02,2024-07-10,2,3,488.25,21.66,175,791,1,1,1,111,Lost Customers,Nandini Yadav,Female,45,Delhi,Delhi,North
CUST-01069,17,102173.7,25901.670000000002,2024-03-20,2024-12-17,16,25,6010.22,25.35,15,287,5,5,5,555,Champions,Pranav Iyengar,Male,45,Jaipur,Rajasthan,North
CUST-01070,25,58739.85,19228.11,2022-01-30,2024-12-19,23,35,2349.59,32.73,13,1067,5,5,5,555,Champions,Ramesh Bhatia,Male,44,Delhi,Delhi,North
CUST-01071,15,33852.2,8231.15,2022-02-24,2024-12-28,15,20,2256.81,24.31,4,1042,5,4,4,544,Champions,Riya Saxena,Female,19,Lucknow,Uttar Pradesh,North
CUST-01072,4,96148.7,10011.69,2023-12-02,2024-10-16,4,6,24037.18,10.41,77,396,2,1,5,215,Lost Customers,Kunal Mehta,Male,37,Jaipur,Rajasthan,North
CUST-01073,5,4375.6,1871.47,2023-06-15,2024-03-18,5,5,875.12,42.77,289,566,1,1,1,111,Lost Customers,Aadhya Kaur,Female,38,Lucknow,Uttar Pradesh,North
CUST-01074,16,24611.05,10778.3,2022-01-14,2024-11-24,16,20,1538.19,43.79,38,1083,4,5,4,454,Champions,Deepa Singh,Female,47,Bhopal,Madhya Pradesh,Central
CUST-01075,10,16749.45,3929.12,2022-02-03,2024-09-02,10,13,1674.95,23.46,121,1063,2,3,3,233,At Risk,Kavya Reddy,Female,22,Hyderabad,Telangana,South
CUST-01076,5,18610.5,8463.09,2024-02-07,2024-11-06,5,11,3722.1,45.47,56,329,3,1,3,313,Regular Customers,Vikram Nair,Male,66,Pune,Maharashtra,West
CUST-01077,23,39612.3,11576.79,2023-07-28,2024-12-11,22,31,1722.27,29.23,21,523,5,5,5,555,Champions,Krishna Iyengar,Male,34,Pune,Maharashtra,West
CUST-01078,7,10609.400000000001,5079.35,2024-07-04,2024-12-18,7,10,1515.63,47.88,14,181,5,2,2,522,Potential Loyalists,Aarav Mishra,Male,41,Mumbai,Maharashtra,West
CUST-01079,4,3719.95,1798.3600000000001,2023-01-02,2024-10-16,4,4,929.99,48.34,77,730,2,1,1,211,Lost Customers,Kunal Pillai,Male,24,Ahmedabad,Gujarat,West
CUST-01080,11,18599.35,8070.07,2024-04-20,2024-06-21,11,17,1690.85,43.39,194,256,1,4,3,143,At Risk,Ananya Banerjee,Female,31,Bhubaneswar,Odisha,East
CUST-01081,12,13589.1,5420.58,2022-06-05,2024-08-20,12,17,1132.42,39.89,134,941,2,4,2,242,Regular Customers,Aarohi Agarwal,Female,37,Bhubaneswar,Odisha,East
CUST-01082,21,42447.9,6296.1,2022-08-17,2024-10-27,20,32,2021.33,14.83,66,868,3,5,5,355,Loyal Customers,Vihaan Mishra,Male,29,Chandigarh,Punjab,North
CUST-01083,5,8931.8,2773.5299999999997,2023-05-19,2024-07-10,5,9,1786.36,31.05,175,593,1,1,2,112,Lost Customers,Pranav Rao,Male,36,Chennai,Tamil Nadu,South
CUST-01084,10,25111.55,9021.84,2024-03-18,2024-11-08,10,13,2511.15,35.93,54,289,3,3,4,334,Loyal Customers,Divya Iyer,Female,33,Mumbai,Maharashtra,West
CUST-01085,6,13456.1,7217.8,2022-08-08,2024-01-30,6,11,2242.68,53.64,337,877,1,2,2,122,Lost Customers,Vivaan Saxena,Male,36,Surat,Gujarat,West
CUST-01086,5,3974.4,1717.21,2023-04-09,2024-11-24,5,8,794.88,43.21,38,633,4,1,1,411,New Customers,Ramesh Mukherjee,Male,36,Hyderabad,Telangana,South
CUST-01087,8,14518.3,6530.2,2022-12-06,2024-08-13,8,12,1814.79,44.98,141,757,2,3,3,233,At Risk,Pranav Tripathi,Male,25,Chennai,Tamil Nadu,South
CUST-01088,15,78386.4,20275.64,2023-09-06,2024-07-23,15,22,5225.76,25.87,162,483,2,4,5,245,At Risk,Vivaan Dutta,Male,25,Mumbai,Maharashtra,West
CUST-01089,1,3519.0,1487.92,2022-12-13,2022-12-13,1,1,3519.0,42.28,750,750,1,1,1,111,Lost Customers,Pranav Rao,Male,18,Bhopal,Madhya Pradesh,Central
CUST-01090,4,11789.4,4015.3900000000003,2023-02-07,2024-04-30,4,5,2947.35,34.06,246,694,1,1,2,112,Lost Customers,Kunal Joshi,Male,27,Bengaluru,Karnataka,South
CUST-01091,16,35192.7,13661.579999999998,2022-01-30,2024-11-24,16,22,2199.54,38.82,38,1067,4,5,4,454,Champions,Rahul Yadav,Male,28,Hyderabad,Telangana,South
CUST-01092,27,179724.35,28460.79,2022-09-09,2024-10-07,27,45,6656.46,15.84,86,845,2,5,5,255,At Risk,Isha Bhatia,Female,26,Mumbai,Maharashtra,West
CUST-01093,5,24570.75,4106.65,2022-10-27,2024-08-31,5,6,4914.15,16.71,123,797,2,1,4,214,Lost Customers,Rohan Choudhury,Male,28,Hyderabad,Telangana,South
CUST-01094,5,5003.0,1976.4,2022-04-07,2024-06-07,5,5,1000.6,39.5,208,1000,1,1,1,111,Lost Customers,Prisha Mukherjee,Female,36,Delhi,Delhi,North
CUST-01095,21,67463.75,21129.07,2023-04-17,2024-10-29,19,35,3212.56,31.32,64,625,3,5,5,355,Loyal Customers,Reyansh Agarwal,Male,18,Pune,Maharashtra,West
CUST-01096,12,16129.449999999999,6132.97,2023-02-09,2024-10-31,12,14,1344.12,38.02,62,692,3,4,3,343,Loyal Customers,Sunita Iyengar,Female,31,Delhi,Delhi,North
CUST-01097,6,7373.9,2692.53,2022-04-25,2024-11-12,6,7,1228.98,36.51,50,982,3,2,1,321,Regular Customers,Pooja Mishra,Female,20,Ahmedabad,Gujarat,West
CUST-01098,1,94.05,12.66,2023-05-07,2023-05-07,1,1,94.05,13.46,605,605,1,1,1,111,Lost Customers,Deepak Iyengar,Male,33,Kolkata,West Bengal,East
CUST-01099,5,19855.1,6175.38,2024-03-18,2024-08-07,5,7,3971.02,31.1,147,289,2,1,3,213,Lost Customers,Gaurav Iyengar,Male,18,Kochi,Kerala,South
CUST-01100,12,26422.65,10306.119999999999,2022-02-16,2024-11-17,12,15,2201.89,39.0,45,1050,4,4,4,444,Champions,Reyansh Tripathi,Male,28,Chennai,Tamil Nadu,South
CUST-01101,3,1799.6499999999999,622.9200000000001,2023-07-27,2023-10-10,3,3,599.88,34.61,449,524,1,1,1,111,Lost Customers,Ayaan Verma,Male,38,Jaipur,Rajasthan,North
CUST-01102,2,864.2,301.11,2023-11-30,2024-01-09,2,2,432.1,34.84,358,398,1,1,1,111,Lost Customers,Navya Das,Female,51,Patna,Bihar,East
CUST-01103,11,37127.0,7970.31,2023-11-03,2024-11-28,11,17,3375.18,21.47,34,425,4,4,4,444,Champions,Siddharth Menon,Male,46,Visakhapatnam,Andhra Pradesh,South
CUST-01104,6,8853.65,4196.6900000000005,2022-04-20,2024-11-09,6,11,1475.61,47.4,53,987,3,2,2,322,Regular Customers,Pallavi Malhotra,Female,34,Hyderabad,Telangana,South
CUST-01105,2,962.75,267.15000000000003,2023-07-09,2023-12-06,2,2,481.38,27.75,392,542,1,1,1,111,Lost Customers,Rahul Mukherjee,Male,51,Kolkata,West Bengal,East
CUST-01106,18,36284.8,14405.57,2024-04-19,2024-12-10,18,24,2015.82,39.7,22,257,5,5,4,554,Champions,Gaurav Iyer,Male,32,Kochi,Kerala,South
CUST-01107,12,90319.1,18412.829999999998,2022-11-16,2024-10-14,12,17,7526.59,20.39,79,777,2,4,5,245,At Risk,Atharv Saxena,Male,29,Hyderabad,Telangana,South
CUST-01108,4,7251.8,3446.3900000000003,2022-08-12,2024-03-06,4,6,1812.95,47.52,301,873,1,1,1,111,Lost Customers,Deepak Gupta,Male,44,Indore,Madhya Pradesh,Central
CUST-01109,13,18584.6,6370.650000000001,2024-03-27,2024-12-15,13,16,1429.58,34.28,17,280,5,4,3,543,Loyal Customers,Vivaan Saxena,Male,35,Pune,Maharashtra,West
CUST-01110,12,7976.15,2589.04,2022-04-05,2024-08-09,12,13,664.68,32.46,145,1002,2,4,2,242,Regular Customers,Reyansh Yadav,Male,19,Jaipur,Rajasthan,North
CUST-01111,12,49456.5,18055.46,2022-07-16,2024-12-29,12,23,4121.38,36.51,3,900,5,4,5,545,Champions,Rajesh Mehta,Male,18,Jaipur,Rajasthan,North
CUST-01112,7,18451.75,7290.13,2022-09-19,2024-11-23,7,12,2635.96,39.51,39,835,4,2,3,423,Potential Loyalists,Amit Sharma,Male,42,Pune,Maharashtra,West
CUST-01113,19,31198.45,10785.43,2022-01-14,2024-12-04,18,28,1642.02,34.57,28,1083,4,5,4,454,Champions,Arjun Singh,Male,23,Delhi,Delhi,North
CUST-01114,12,9566.25,3933.93,2022-06-12,2024-11-01,12,16,797.19,41.12,61,934,3,4,2,342,Regular Customers,Saanvi Patel,Female,25,Bengaluru,Karnataka,South
CUST-01115,2,3569.55,1690.01,2023-12-11,2024-12-29,2,3,1784.78,47.35,3,387,5,1,1,511,New Customers,Khushi Das,Female,33,Delhi,Delhi,North
CUST-01116,7,10019.15,2464.39,2022-12-19,2024-04-19,7,10,1431.31,24.6,257,744,1,2,2,122,Lost Customers,Dhruv Yadav,Male,37,Bhopal,Madhya Pradesh,Central
CUST-01117,16,18115.35,6847.3099999999995,2022-09-14,2024-10-13,16,16,1132.21,37.8,80,840,2,5,3,253,At Risk,Reyansh Menon,Male,34,Patna,Bihar,East
CUST-01118,15,93590.25,23827.64,2023-03-26,2024-10-31,15,18,6239.35,25.46,62,647,3,4,5,345,Loyal Customers,Deepa Mukherjee,Female,23,Delhi,Delhi,North
CUST-01119,13,49906.45,10675.85,2023-02-12,2024-12-24,13,15,3838.96,21.39,8,689,5,4,5,545,Champions,Saanvi Iyengar,Female,25,Bhubaneswar,Odisha,East
CUST-01120,9,26058.85,7191.83,2022-09-01,2024-12-29,9,10,2895.43,27.6,3,853,5,3,4,534,Loyal Customers,Ramesh Mukherjee,Male,25,Bengaluru,Karnataka,South
CUST-01121,6,7290.2,2856.9900000000002,2022-10-16,2024-05-11,6,11,1215.03,39.19,235,808,1,2,1,121,Lost Customers,Vihaan Iyer,Male,36,Ahmedabad,Gujarat,West
CUST-01122,30,73884.6,19527.1,2022-10-29,2024-12-13,30,48,2462.82,26.43,19,795,5,5,5,555,Champions,Kavya Singh,Female,37,Delhi,Delhi,North
CUST-01123,12,17847.6,6190.87,2022-09-18,2024-11-17,11,20,1487.3,34.69,45,836,4,4,3,443,Loyal Customers,Krishna Singh,Male,25,Kolkata,West Bengal,East
CUST-01124,26,24008.0,8651.81,2022-05-10,2024-12-02,23,32,923.38,36.04,30,967,4,5,4,454,Champions,Pooja Choudhury,Female,30,Mumbai,Maharashtra,West
CUST-01125,4,2873.35,1496.6499999999999,2024-05-21,2024-05-28,4,5,718.34,52.09,218,225,1,1,1,111,Lost Customers,Kunal Yadav,Male,25,Coimbatore,Tamil Nadu,South
CUST-01126,19,24360.25,6261.2699999999995,2022-02-09,2024-11-13,19,23,1282.12,25.7,49,1057,3,5,4,354,Loyal Customers,Shaurya Kaur,Male,24,Chennai,Tamil Nadu,South
CUST-01127,8,9637.3,2277.63,2022-09-10,2024-10-12,8,11,1204.66,23.63,81,844,2,3,2,232,Regular Customers,Divya Iyer,Female,32,Chennai,Tamil Nadu,South
CUST-01128,16,41056.4,14247.119999999999,2023-03-15,2024-11-22,16,25,2566.02,34.7,40,658,4,5,5,455,Champions,Prisha Nair,Female,19,Guwahati,Assam,East
CUST-01129,19,29296.5,8452.27,2024-03-21,2024-11-20,19,28,1541.92,28.85,42,286,4,5,4,454,Champions,Priyanka Das,Female,45,Delhi,Delhi,North
CUST-01130,10,7501.25,2915.29,2022-10-16,2024-09-03,9,14,750.12,38.86,120,808,2,3,2,232,Regular Customers,Shaurya Dutta,Male,28,Delhi,Delhi,North
CUST-01131,23,72134.7,15536.36,2023-09-12,2024-09-03,23,34,3136.29,21.54,120,477,2,5,5,255,At Risk,Manish Mishra,Male,59,Coimbatore,Tamil Nadu,South
CUST-01132,5,10594.35,4165.04,2023-11-13,2024-10-28,5,9,2118.87,39.31,65,415,3,1,2,312,Regular Customers,Rajesh Rao,Male,35,Kolkata,West Bengal,East
CUST-01133,7,11394.35,4815.22,2024-02-27,2024-11-11,7,7,1627.76,42.26,51,309,3,2,2,322,Regular Customers,Sai Pandey,Male,33,Chennai,Tamil Nadu,South
CUST-01134,7,9823.0,2654.69,2022-02-13,2024-09-23,7,9,1403.29,27.03,100,1053,2,2,2,222,Lost Customers,Aarohi Iyer,Female,27,Delhi,Delhi,North
CUST-01135,18,29943.35,9144.26,2024-02-20,2024-12-09,18,25,1663.52,30.54,23,316,5,5,4,554,Champions,Anand Mishra,Male,18,Mumbai,Maharashtra,West
CUST-01136,13,28866.35,10002.369999999999,2022-12-01,2024-11-19,13,19,2220.49,34.65,43,762,4,4,4,444,Champions,Diya Kaur,Female,29,Mumbai,Maharashtra,West
CUST-01137,13,43135.399999999994,12161.45,2022-04-26,2024-08-21,13,22,3318.11,28.19,133,981,2,4,5,245,At Risk,Isha Rao,Female,24,Hyderabad,Telangana,South
CUST-01138,3,168122.44999999998,24679.31,2022-11-13,2024-11-18,3,8,56040.82,14.68,44,780,4,1,5,415,New Customers,Khushi Pillai,Female,26,Hyderabad,Telangana,South
CUST-01139,25,97455.2,29892.77,2023-08-09,2024-12-25,25,41,3898.21,30.67,7,511,5,5,5,555,Champions,Priyanka Joshi,Female,36,Bengaluru,Karnataka,South
CUST-01140,12,49494.299999999996,13725.84,2024-04-13,2024-12-02,11,16,4124.52,27.73,30,263,4,4,5,445,Champions,Sneha Verma,Female,28,Pune,Maharashtra,West
CUST-01141,22,50020.9,15930.1,2023-08-27,2024-12-19,21,31,2273.68,31.85,13,493,5,5,5,555,Champions,Neha Gupta,Female,25,Mumbai,Maharashtra,West
CUST-01142,4,2031.8,560.07,2023-03-18,2024-08-20,3,4,507.95,27.57,134,655,2,1,1,211,Lost Customers,Pooja Malhotra,Female,31,Kolkata,West Bengal,East
CUST-01143,7,7359.700000000001,1967.23,2023-11-10,2024-12-17,7,12,1051.39,26.73,15,418,5,2,1,521,Potential Loyalists,Prisha Verma,Female,25,Mumbai,Maharashtra,West
CUST-01144,18,33866.15,10363.960000000001,2023-04-20,2024-12-01,18,24,1881.45,30.6,31,622,4,5,4,454,Champions,Gauri Reddy,Female,19,Jaipur,Rajasthan,North
CUST-01145,4,7052.3,2433.61,2023-07-30,2024-01-14,4,8,1763.08,34.51,353,521,1,1,1,111,Lost Customers,Nandini Agarwal,Female,40,Jaipur,Rajasthan,North
CUST-01146,15,39384.3,10997.6,2022-09-08,2024-11-20,15,20,2625.62,27.92,42,846,4,4,5,445,Champions,Gaurav Das,Male,18,Patna,Bihar,East
CUST-01147,6,5739.299999999999,2495.8399999999997,2022-05-04,2024-03-17,6,10,956.55,43.49,290,973,1,2,1,121,Lost Customers,Sneha Reddy,Female,36,Bengaluru,Karnataka,South
CUST-01148,8,9665.25,3941.85,2023-07-20,2024-12-12,8,10,1208.16,40.78,20,531,5,3,2,532,Potential Loyalists,Vivaan Sharma,Male,38,Nagpur,Maharashtra,West
CUST-01149,15,25026.4,8901.61,2022-11-28,2024-10-19,15,18,1668.43,35.57,74,765,3,4,4,344,Loyal Customers,Nikhil Choudhury,Male,43,Ahmedabad,Gujarat,West
CUST-01150,9,11186.5,5006.68,2022-07-17,2024-12-10,8,12,1242.94,44.76,22,899,5,3,2,532,Potential Loyalists,Sai Iyer,Other,44,Bengaluru,Karnataka,South
CUST-01151,3,19753.0,9583.66,2023-06-17,2024-06-28,3,7,6584.33,48.52,187,564,1,1,3,113,Lost Customers,Kabir Singh,Male,31,Bengaluru,Karnataka,South
CUST-01152,9,16518.85,6209.68,2022-06-19,2024-11-11,9,13,1835.43,37.59,51,927,3,3,3,333,Loyal Customers,Rahul Nair,Male,24,Kochi,Kerala,South
CUST-01153,25,66227.05,16769.28,2023-02-05,2024-12-19,25,35,2649.08,25.32,13,696,5,5,5,555,Champions,Gauri Dutta,Female,27,Surat,Gujarat,West
CUST-01154,4,3782.2,1664.51,2023-12-29,2024-01-13,4,7,945.55,44.01,354,369,1,1,1,111,Lost Customers,Pranav Reddy,Male,20,Mumbai,Maharashtra,West
CUST-01155,10,57915.399999999994,18041.34,2022-06-12,2024-08-29,9,14,5791.54,31.15,125,934,2,3,5,235,At Risk,Rajesh Sharma,Male,20,Nagpur,Maharashtra,West
CUST-01156,10,14089.05,6422.72,2022-10-08,2024-11-24,10,15,1408.9,45.59,38,816,4,3,3,433,Loyal Customers,Pranav Rao,Male,36,Kolkata,West Bengal,East
CUST-01157,7,49121.3,8142.58,2024-04-29,2024-11-17,7,11,7017.33,16.58,45,247,4,2,5,425,Potential Loyalists,Dhruv Iyengar,Male,55,Chandigarh,Punjab,North
CUST-01158,7,11892.949999999999,4307.289999999999,2023-05-11,2024-12-15,7,16,1698.99,36.22,17,601,5,2,2,522,Potential Loyalists,Aadhya Pandey,Female,28,Pune,Maharashtra,West
CUST-01159,15,37973.5,18404.22,2023-12-06,2024-11-09,15,27,2531.57,48.47,53,392,3,4,4,344,Loyal Customers,Khushi Menon,Female,39,Mumbai,Maharashtra,West
CUST-01161,15,23994.65,9431.699999999999,2023-01-11,2024-11-28,14,25,1599.64,39.31,34,721,4,4,4,444,Champions,Nandini Iyer,Female,18,Bhubaneswar,Odisha,East
CUST-01162,2,1668.7,598.7,2023-04-14,2024-05-18,2,2,834.35,35.88,228,628,1,1,1,111,Lost Customers,Diya Agarwal,Female,18,Coimbatore,Tamil Nadu,South
CUST-01163,10,13011.05,3807.07,2022-01-03,2024-10-30,10,16,1301.1,29.26,63,1094,3,3,2,332,Regular Customers,Ayaan Dutta,Male,20,Delhi,Delhi,North
CUST-01164,7,6546.55,2350.81,2023-11-19,2024-10-15,7,11,935.22,35.91,78,409,2,2,1,221,Lost Customers,Aarav Banerjee,Male,43,Hyderabad,Telangana,South
CUST-01165,8,11297.55,4236.07,2022-01-19,2024-11-22,8,8,1412.19,37.5,40,1078,4,3,2,432,Potential Loyalists,Atharv Das,Male,35,Bengaluru,Karnataka,South
CUST-01167,15,15354.85,6691.98,2022-03-07,2024-05-25,15,22,1023.66,43.58,221,1031,1,4,3,143,At Risk,Neha Verma,Female,19,Mumbai,Maharashtra,West
CUST-01168,3,7898.75,1262.9099999999999,2022-02-16,2023-11-21,3,4,2632.92,15.99,407,1050,1,1,2,112,Lost Customers,Saanvi Verma,Female,30,Coimbatore,Tamil Nadu,South
CUST-01169,8,37360.65,6966.349999999999,2024-01-28,2024-10-14,8,11,4670.08,18.65,79,339,2,3,4,234,At Risk,Dhruv Malhotra,Male,42,Surat,Gujarat,West
CUST-01170,12,23155.0,7793.88,2022-09-07,2024-11-17,11,19,1929.58,33.66,45,847,4,4,4,444,Champions,Shreya Bhatia,Female,46,Pune,Maharashtra,West
CUST-01171,8,12597.0,5052.84,2023-01-01,2024-11-02,8,10,1574.62,40.11,60,731,3,3,2,332,Regular Customers,Divya Sharma,Female,30,Hyderabad,Telangana,South
CUST-01172,7,35594.65,9479.34,2023-12-07,2024-12-12,7,8,5084.95,26.63,20,391,5,2,4,524,Potential Loyalists,Vihaan Kaur,Male,42,Kochi,Kerala,South
CUST-01173,5,7589.0,3474.9500000000003,2022-02-02,2024-06-02,5,7,1517.8,45.79,213,1064,1,1,2,112,Lost Customers,Neha Das,Female,34,Chennai,Tamil Nadu,South
CUST-01174,19,38364.7,11718.36,2023-11-20,2024-08-03,19,35,2019.19,30.54,151,408,2,5,4,254,At Risk,Pranav Malhotra,Male,22,Visakhapatnam,Andhra Pradesh,South
CUST-01175,18,53000.05,17724.93,2022-07-31,2024-12-04,18,28,2944.45,33.44,28,885,4,5,5,455,Champions,Vihaan Joshi,Male,34,Chandigarh,Punjab,North
CUST-01176,6,14137.85,4888.5,2024-06-02,2024-06-29,5,9,2356.31,34.58,186,213,1,2,3,123,Lost Customers,Rahul Mehta,Male,25,Jaipur,Rajasthan,North
CUST-01177,24,310645.7,39356.58,2023-12-10,2024-12-21,23,46,12943.57,12.67,11,388,5,5,5,555,Champions,Kavya Pandey,Female,18,Surat,Gujarat,West
CUST-01178,7,11783.6,4873.8,2023-05-09,2024-10-10,7,9,1683.37,41.36,83,603,2,2,2,222,Lost Customers,Navya Das,Female,39,Visakhapatnam,Andhra Pradesh,South
CUST-01179,16,55981.9,14503.65,2023-10-22,2024-08-25,16,23,3498.87,25.91,129,437,2,5,5,255,At Risk,Vivaan Chatterjee,Male,32,Hyderabad,Telangana,South
CUST-01180,5,9809.6,4161.389999999999,2023-09-20,2024-11-23,5,8,1961.92,42.42,39,469,4,1,2,412,New Customers,Deepak Agarwal,Male,37,Mumbai,Maharashtra,West
CUST-01181,23,61183.85,24715.88,2022-01-19,2024-12-26,23,34,2660.17,40.4,6,1078,5,5,5,555,Champions,Saanvi Sharma,Female,18,Ahmedabad,Gujarat,West
CUST-01182,6,5152.65,1635.22,2023-10-12,2024-11-07,6,6,858.78,31.74,55,447,3,2,1,321,Regular Customers,Siddharth Banerjee,Male,30,Pune,Maharashtra,West
CUST-01183,7,11439.75,4246.14,2023-11-20,2024-10-22,7,12,1634.25,37.12,71,408,3,2,2,322,Regular Customers,Aditya Choudhury,Male,37,Kolkata,West Bengal,East
CUST-01184,12,19566.85,8694.240000000002,2022-07-05,2024-11-06,12,18,1630.57,44.43,56,911,3,4,3,343,Loyal Customers,Anand Malhotra,Male,37,Hyderabad,Telangana,South
CUST-01185,6,15661.75,7007.2,2022-07-10,2024-12-23,6,6,2610.29,44.74,9,906,5,2,3,523,Potential Loyalists,Riya Joshi,Female,21,Mumbai,Maharashtra,West
CUST-01186,13,33182.1,12818.93,2022-05-03,2024-11-15,13,19,2552.47,38.63,47,974,3,4,4,344,Loyal Customers,Vihaan Pandey,Male,25,Kolkata,West Bengal,East
CUST-01187,12,23008.6,9472.41,2023-01-27,2024-12-07,12,19,1917.38,41.17,25,705,5,4,4,544,Champions,Rekha Joshi,Female,26,Bhopal,Madhya Pradesh,Central
CUST-01188,1,414.4,45.78,2022-08-10,2022-08-10,1,2,414.4,11.05,875,875,1,1,1,111,Lost Customers,Meera Pillai,Female,18,Hyderabad,Telangana,South
CUST-01189,11,29509.1,8796.28,2022-11-03,2024-12-21,11,13,2682.65,29.81,11,790,5,4,4,544,Champions,Nikhil Tripathi,Male,37,Mumbai,Maharashtra,West
CUST-01190,8,26058.7,10133.119999999999,2022-09-10,2024-12-08,8,12,3257.34,38.89,24,844,5,3,4,534,Loyal Customers,Ananya Kaur,Female,30,Lucknow,Uttar Pradesh,North
CUST-01191,2,3905.0,1721.56,2024-07-13,2024-12-13,2,4,1952.5,44.09,19,172,5,1,1,511,New Customers,Nandini Menon,Female,32,Chennai,Tamil Nadu,South
CUST-01192,13,20556.75,6838.97,2023-02-05,2024-12-06,13,21,1581.29,33.27,26,696,4,4,3,443,Loyal Customers,Anand Gupta,Male,27,Jaipur,Rajasthan,North
CUST-01193,7,13804.45,5680.13,2023-04-12,2024-10-21,7,9,1972.06,41.15,72,630,3,2,3,323,Regular Customers,Diya Malhotra,Female,51,Mumbai,Maharashtra,West
CUST-01194,12,13641.550000000001,4496.49,2023-03-10,2024-11-12,11,15,1136.8,32.96,50,663,3,4,2,342,Regular Customers,Rohan Shah,Male,38,Mumbai,Maharashtra,West
CUST-01195,12,11279.0,2451.84,2023-05-30,2024-11-10,12,14,939.92,21.74,52,582,3,4,2,342,Regular Customers,Sneha Mishra,Female,34,Mumbai,Maharashtra,West
CUST-01196,3,4327.0,1078.92,2022-09-07,2023-07-22,3,4,1442.33,24.93,529,847,1,1,1,111,Lost Customers,Kunal Saxena,Male,38,Pune,Maharashtra,West
CUST-01197,8,9363.85,2791.18,2022-01-04,2024-11-22,8,10,1170.48,29.81,40,1093,4,3,2,432,Potential Loyalists,Anand Verma,Male,37,Ahmedabad,Gujarat,West
CUST-01198,10,22112.0,8251.06,2023-09-17,2024-12-26,10,17,2211.2,37.31,6,472,5,3,3,533,Loyal Customers,Varun Banerjee,Male,37,Bengaluru,Karnataka,South
CUST-01199,11,16417.0,4660.51,2022-01-29,2024-12-30,11,15,1492.45,28.39,2,1068,5,4,3,543,Loyal Customers,Rajesh Menon,Male,21,Jaipur,Rajasthan,North
CUST-01200,2,111032.0,25963.579999999998,2024-06-15,2024-08-18,2,8,55516.0,23.38,136,200,2,1,5,215,Lost Customers,Sunita Rao,Female,18,Mumbai,Maharashtra,West
CUST-01201,5,6374.0,1634.98,2022-10-13,2024-08-15,5,8,1274.8,25.65,139,811,2,1,1,211,Lost Customers,Rajesh Tripathi,Male,28,Kochi,Kerala,South
CUST-01202,6,4741.6,1653.1999999999998,2023-05-01,2024-05-31,5,9,790.27,34.87,215,611,1,2,1,121,Lost Customers,Rahul Malhotra,Male,29,Chennai,Tamil Nadu,South
CUST-01203,3,2749.15,1094.4699999999998,2022-12-24,2023-12-04,3,3,916.38,39.81,394,739,1,1,1,111,Lost Customers,Aditya Shah,Male,34,Bengaluru,Karnataka,South
CUST-01204,13,14658.15,5707.47,2023-12-14,2024-09-22,13,16,1127.55,38.94,101,384,2,4,3,243,At Risk,Gaurav Kaur,Male,44,Chandigarh,Punjab,North
CUST-01205,4,5052.3,1011.9,2024-03-08,2024-03-31,4,4,1263.08,20.03,276,299,1,1,1,111,Lost Customers,Priyanka Dutta,Female,36,Surat,Gujarat,West
CUST-01206,1,459.0,190.86,2023-04-29,2023-04-29,1,1,459.0,41.58,613,613,1,1,1,111,Lost Customers,Swati Yadav,Female,30,Ahmedabad,Gujarat,West
CUST-01207,1,436.05,167.91,2024-06-25,2024-06-25,1,1,436.05,38.51,190,190,1,1,1,111,Lost Customers,Shreya Das,Female,49,Kolkata,West Bengal,East
CUST-01208,6,34120.6,11233.93,2022-08-01,2024-12-15,6,12,5686.77,32.92,17,884,5,2,4,524,Potential Loyalists,Swati Dutta,Female,26,Chennai,Tamil Nadu,South
CUST-01209,3,2882.1000000000004,1654.49,2023-03-21,2024-08-03,3,3,960.7,57.41,151,652,2,1,1,211,Lost Customers,Swati Kaur,Female,29,Kochi,Kerala,South
CUST-01210,6,5552.2,2529.3999999999996,2024-06-23,2024-11-18,6,7,925.37,45.56,44,192,4,2,1,421,Potential Loyalists,Deepa Chatterjee,Female,36,Patna,Bihar,East
CUST-01211,5,2586.25,948.63,2022-06-24,2024-06-07,5,5,517.25,36.68,208,922,1,1,1,111,Lost Customers,Manish Agarwal,Male,41,Bengaluru,Karnataka,South
CUST-01213,9,22591.9,8916.730000000001,2023-10-11,2024-07-09,9,15,2510.21,39.47,176,448,1,3,3,133,At Risk,Aadhya Choudhury,Female,40,Bengaluru,Karnataka,South
CUST-01214,4,3502.9500000000003,566.5,2022-11-30,2024-11-17,4,4,875.74,16.17,45,763,4,1,1,411,New Customers,Shaurya Shah,Male,18,Bengaluru,Karnataka,South
CUST-01215,2,1077.15,353.18,2024-01-18,2024-05-28,2,3,538.58,32.79,218,349,1,1,1,111,Lost Customers,Vikram Singh,Male,49,Hyderabad,Telangana,South
CUST-01216,11,84807.75,10248.08,2023-08-04,2024-11-26,11,15,7709.8,12.08,36,516,4,4,5,445,Champions,Isha Gupta,Female,25,Bhopal,Madhya Pradesh,Central
CUST-01217,26,63663.75,15101.17,2022-01-04,2024-12-20,26,30,2448.61,23.72,12,1093,5,5,5,555,Champions,Priyanka Menon,Female,47,Bengaluru,Karnataka,South
CUST-01218,23,40888.15,16440.5,2022-01-20,2024-12-29,23,34,1777.75,40.21,3,1077,5,5,5,555,Champions,Rohan Reddy,Other,27,Mumbai,Maharashtra,West
CUST-01219,7,69222.55,14597.599999999999,2022-11-28,2024-11-09,7,8,9888.94,21.09,53,765,3,2,5,325,Regular Customers,Tanvi Singh,Female,47,Delhi,Delhi,North
CUST-01220,6,36093.35,12736.71,2024-02-24,2024-11-11,6,9,6015.56,35.29,51,312,3,2,4,324,Regular Customers,Prisha Verma,Female,44,Delhi,Delhi,North
CUST-01221,24,65585.7,25558.89,2024-05-24,2024-12-22,24,29,2732.74,38.97,10,222,5,5,5,555,Champions,Deepa Gupta,Female,25,Pune,Maharashtra,West
CUST-01222,12,16635.3,6425.410000000001,2023-11-10,2024-12-08,12,13,1386.28,38.63,24,418,5,4,3,543,Loyal Customers,Manish Joshi,Male,21,Delhi,Delhi,North
CUST-01223,10,21900.4,9651.800000000001,2023-07-26,2024-12-17,10,21,2190.04,44.07,15,525,5,3,3,533,Loyal Customers,Manish Kaur,Male,49,Coimbatore,Tamil Nadu,South
CUST-01224,19,89762.35,21688.9,2022-01-21,2024-12-10,19,29,4724.33,24.16,22,1076,5,5,5,555,Champions,Atharv Pandey,Male,27,Hyderabad,Telangana,South
CUST-01225,17,27304.6,11609.81,2022-11-24,2024-12-27,17,22,1606.15,42.52,5,769,5,5,4,554,Champions,Gaurav Menon,Male,20,Bengaluru,Karnataka,South
CUST-01226,12,38163.6,10713.05,2023-08-28,2024-12-01,12,23,3180.3,28.07,31,492,4,4,4,444,Champions,Ramesh Mukherjee,Male,36,Kochi,Kerala,South
CUST-01227,9,28905.25,10376.06,2023-07-28,2024-10-08,9,16,3211.69,35.9,85,523,2,3,4,234,At Risk,Navya Das,Female,28,Patna,Bihar,East
CUST-01228,7,8198.5,3082.66,2022-05-22,2024-05-23,7,8,1171.21,37.6,223,955,1,2,2,122,Lost Customers,Sunita Kaur,Female,27,Chennai,Tamil Nadu,South
CUST-01229,8,19670.35,5182.81,2022-09-17,2024-11-20,8,10,2458.79,26.35,42,837,4,3,3,433,Loyal Customers,Atharv Pandey,Male,33,Hyderabad,Telangana,South
CUST-01230,4,18132.85,5432.06,2022-11-04,2023-10-30,4,5,4533.21,29.96,429,789,1,1,3,113,Lost Customers,Atharv Das,Male,27,Pune,Maharashtra,West
CUST-01231,12,12959.8,5358.82,2022-01-18,2024-10-29,12,12,1079.98,41.35,64,1079,3,4,2,342,Regular Customers,Sai Iyer,Male,25,Mumbai,Maharashtra,West
CUST-01232,4,1988.05,479.79,2023-05-12,2024-11-02,4,5,497.01,24.13,60,600,3,1,1,311,Regular Customers,Tanvi Dutta,Female,44,Hyderabad,Telangana,South
CUST-01233,5,3539.9,990.9200000000001,2022-05-10,2024-05-13,5,6,707.98,27.99,233,967,1,1,1,111,Lost Customers,Neha Mehta,Female,18,Lucknow,Uttar Pradesh,North
CUST-01234,9,10239.45,3466.46,2022-04-23,2024-11-28,9,14,1137.72,33.85,34,984,4,3,2,432,Potential Loyalists,Gaurav Nair,Male,36,Coimbatore,Tamil Nadu,South
CUST-01235,5,7030.85,2877.67,2022-11-28,2024-12-28,5,9,1406.17,40.93,4,765,5,1,1,511,New Customers,Kunal Mehta,Male,26,Chennai,Tamil Nadu,South
CUST-01237,13,65338.45,17526.23,2023-08-02,2024-12-28,13,22,5026.03,26.82,4,518,5,4,5,545,Champions,Pranav Menon,Male,39,Surat,Gujarat,West
CUST-01238,3,4742.1,1459.96,2023-10-21,2024-11-15,3,4,1580.7,30.79,47,438,3,1,1,311,Regular Customers,Amit Bhatia,Male,26,Chennai,Tamil Nadu,South
CUST-01239,24,39205.0,16125.619999999999,2024-02-11,2024-12-26,23,32,1633.54,41.13,6,325,5,5,4,554,Champions,Anand Verma,Male,40,Mumbai,Maharashtra,West
CUST-01240,22,76167.0,10566.76,2023-09-20,2024-12-14,22,26,3462.14,13.87,18,469,5,5,5,555,Champions,Siddharth Banerjee,Male,24,Chennai,Tamil Nadu,South
CUST-01241,16,26229.0,10770.01,2022-02-05,2024-11-20,15,19,1639.31,41.06,42,1061,4,5,4,454,Champions,Nikhil Agarwal,Male,40,Delhi,Delhi,North
CUST-01242,7,12747.4,4064.7200000000003,2022-04-26,2024-12-29,7,9,1821.06,31.89,3,981,5,2,2,522,Potential Loyalists,Diya Dutta,Female,18,Bhopal,Madhya Pradesh,Central
CUST-01243,20,58623.6,20813.6,2024-05-27,2024-11-03,20,26,2931.18,35.5,59,219,3,5,5,355,Loyal Customers,Swati Mukherjee,Female,31,Bengaluru,Karnataka,South
CUST-01244,5,15756.65,932.73,2023-03-05,2024-10-29,4,6,3151.33,5.92,64,668,3,1,3,313,Regular Customers,Amit Tripathi,Male,31,Chennai,Tamil Nadu,South
CUST-01245,5,3488.45,881.01,2023-01-16,2024-05-05,5,7,697.69,25.26,241,716,1,1,1,111,Lost Customers,Neha Agarwal,Female,50,Delhi,Delhi,North
CUST-01246,14,40102.25,13751.130000000001,2023-07-17,2024-11-08,14,31,2864.45,34.29,54,534,3,4,5,345,Loyal Customers,Meera Joshi,Female,23,Bengaluru,Karnataka,South
CUST-01247,16,108099.84999999999,9158.17,2024-05-19,2024-10-26,16,23,6756.24,8.47,67,227,3,5,5,355,Loyal Customers,Ananya Pillai,Female,29,Bengaluru,Karnataka,South
CUST-01248,13,55861.05,13954.18,2022-09-15,2024-11-29,12,25,4297.0,24.98,33,839,4,4,5,445,Champions,Anand Iyengar,Male,39,Bengaluru,Karnataka,South
CUST-01249,15,19478.75,6315.620000000001,2022-10-07,2024-11-17,13,25,1298.58,32.42,45,817,4,4,3,443,Loyal Customers,Anjali Yadav,Female,38,Kochi,Kerala,South
CUST-01250,5,7307.5,2374.68,2022-11-22,2024-10-13,5,5,1461.5,32.5,80,771,2,1,1,211,Lost Customers,Varun Chatterjee,Male,43,Delhi,Delhi,North
CUST-01251,12,90550.7,12428.21,2022-08-25,2024-11-28,12,20,7545.89,13.73,34,860,4,4,5,445,Champions,Neha Das,Female,48,Bengaluru,Karnataka,South
CUST-01252,19,25713.55,9162.17,2022-06-28,2024-12-23,19,23,1353.34,35.63,9,918,5,5,4,554,Champions,Varun Kaur,Male,20,Guwahati,Assam,East
CUST-01253,7,8055.599999999999,2339.06,2023-10-30,2024-12-28,7,8,1150.8,29.04,4,429,5,2,2,522,Potential Loyalists,Manish Saxena,Male,39,Pune,Maharashtra,West
CUST-01254,11,21567.8,7791.65,2022-05-22,2024-11-05,11,17,1960.71,36.13,57,955,3,4,3,343,Loyal Customers,Divya Reddy,Female,45,Bengaluru,Karnataka,South
CUST-01255,13,18742.7,6135.92,2024-04-10,2024-12-24,13,21,1441.75,32.74,8,266,5,4,3,543,Loyal Customers,Vikram Iyer,Male,18,Chennai,Tamil Nadu,South
CUST-01256,16,28970.149999999998,6700.18,2023-05-07,2024-11-13,16,22,1810.63,23.13,49,605,3,5,4,354,Loyal Customers,Rajesh Das,Male,52,Pune,Maharashtra,West
CUST-01257,13,23027.8,8953.75,2024-01-06,2024-12-16,13,15,1771.37,38.88,16,361,5,4,4,544,Champions,Nandini Pandey,Female,43,Pune,Maharashtra,West
CUST-01258,5,26361.35,8583.74,2022-10-29,2024-11-20,5,9,5272.27,32.56,42,795,4,1,4,414,New Customers,Rekha Pillai,Female,38,Mumbai,Maharashtra,West
CUST-01259,7,5402.25,2144.44,2022-06-25,2024-12-02,7,12,771.75,39.7,30,921,4,2,1,421,Potential Loyalists,Saanvi Nair,Female,40,Bengaluru,Karnataka,South
CUST-01260,12,84231.2,10821.13,2022-07-02,2024-11-06,12,18,7019.27,12.85,56,914,3,4,5,345,Loyal Customers,Aanya Mehta,Female,25,Mumbai,Maharashtra,West
CUST-01261,8,40094.45,9732.78,2022-06-07,2024-01-13,8,8,5011.81,24.27,354,939,1,3,5,135,At Risk,Sai Joshi,Male,28,Jaipur,Rajasthan,North
CUST-01262,9,22029.2,7194.07,2022-10-26,2024-12-26,8,11,2447.69,32.66,6,798,5,3,3,533,Loyal Customers,Aanya Das,Female,42,Ahmedabad,Gujarat,West
CUST-01263,19,16422.95,5878.67,2023-01-15,2024-12-29,18,24,864.37,35.8,3,717,5,5,3,553,Loyal Customers,Anjali Verma,Female,18,Bengaluru,Karnataka,South
CUST-01264,22,39747.2,12166.35,2024-02-25,2024-11-06,22,29,1806.69,30.61,56,311,3,5,5,355,Loyal Customers,Aarohi Mukherjee,Female,53,Delhi,Delhi,North
CUST-01265,7,22397.8,8141.85,2024-02-27,2024-11-27,7,9,3199.69,36.35,35,309,4,2,3,423,Potential Loyalists,Tanvi Singh,Female,39,Chandigarh,Punjab,North
CUST-01266,12,22942.5,9406.42,2022-11-26,2024-10-07,12,15,1911.88,41.0,86,767,2,4,4,244,At Risk,Amit Mishra,Male,18,Mumbai,Maharashtra,West
CUST-01267,2,1758.0,939.39,2023-09-01,2024-05-13,2,2,879.0,53.44,233,488,1,1,1,111,Lost Customers,Vivaan Agarwal,Male,44,Mumbai,Maharashtra,West
CUST-01268,22,63915.95,23711.5,2022-10-04,2024-11-21,22,41,2905.27,37.1,41,820,4,5,5,455,Champions,Anita Kaur,Female,36,Hyderabad,Telangana,South
CUST-01269,5,13589.95,3900.25,2022-10-02,2024-06-12,5,6,2717.99,28.7,203,822,1,1,2,112,Lost Customers,Vivaan Sharma,Male,30,Chennai,Tamil Nadu,South
CUST-01270,12,15899.05,5434.4400000000005,2023-06-30,2024-11-21,11,14,1324.92,34.18,41,551,4,4,3,443,Loyal Customers,Gaurav Choudhury,Male,38,Mumbai,Maharashtra,West
CUST-01271,9,16252.95,6315.23,2023-01-25,2024-03-07,8,13,1805.88,38.86,300,707,1,3,3,133,At Risk,Varun Singh,Male,33,Chennai,Tamil Nadu,South
CUST-01272,5,6428.55,2996.4,2024-05-21,2024-09-27,5,6,1285.71,46.61,96,225,2,1,1,211,Lost Customers,Anjali Dutta,Female,30,Delhi,Delhi,North
CUST-01273,4,15153.300000000001,3224.05,2024-01-15,2024-12-25,4,6,3788.32,21.28,7,352,5,1,3,513,New Customers,Anand Mehta,Male,35,Mumbai,Maharashtra,West
CUST-01274,24,39179.35,16018.71,2022-01-26,2024-12-26,24,33,1632.47,40.89,6,1071,5,5,4,554,Champions,Swati Gupta,Female,33,Pune,Maharashtra,West
CUST-01275,5,8737.05,3726.0,2022-06-18,2024-10-18,5,10,1747.41,42.65,75,928,3,1,2,312,Regular Customers,Tanvi Iyengar,Female,24,Mumbai,Maharashtra,West
CUST-01276,8,25672.65,7101.65,2024-02-15,2024-11-11,8,16,3209.08,27.66,51,321,3,3,4,334,Loyal Customers,Prisha Shah,Female,33,Hyderabad,Telangana,South
CUST-01277,5,22946.85,4055.66,2022-06-14,2023-11-29,5,5,4589.37,17.67,399,932,1,1,4,114,Lost Customers,Diya Banerjee,Female,21,Lucknow,Uttar Pradesh,North
CUST-01278,4,8504.4,2747.52,2023-06-03,2024-11-01,4,6,2126.1,32.31,61,578,3,1,2,312,Regular Customers,Rohan Das,Male,29,Kolkata,West Bengal,East
CUST-01279,5,10127.1,4940.66,2024-05-22,2024-11-29,5,8,2025.42,48.79,33,224,4,1,2,412,New Customers,Pallavi Reddy,Female,34,Jaipur,Rajasthan,North
CUST-01280,11,40937.9,11028.07,2024-06-16,2024-11-18,11,14,3721.63,26.94,44,199,4,4,5,445,Champions,Pallavi Singh,Female,34,Surat,Gujarat,West
CUST-01281,12,19148.4,5210.81,2024-03-24,2024-11-17,12,15,1595.7,27.21,45,283,4,4,3,443,Loyal Customers,Ishaan Iyer,Male,40,Ahmedabad,Gujarat,West
CUST-01282,6,16543.75,5882.13,2022-12-24,2024-11-25,6,7,2757.29,35.55,37,739,4,2,3,423,Potential Loyalists,Aadhya Mishra,Female,20,Mumbai,Maharashtra,West
CUST-01283,12,17262.3,5415.25,2022-02-18,2024-11-27,12,13,1438.52,31.37,35,1048,4,4,3,443,Loyal Customers,Diya Iyengar,Female,45,Pune,Maharashtra,West
CUST-01284,6,14689.75,5804.17,2024-01-19,2024-10-01,6,7,2448.29,39.51,92,348,2,2,3,223,Lost Customers,Sai Pillai,Male,19,Delhi,Delhi,North
CUST-01285,18,56270.649999999994,18458.48,2022-04-04,2024-12-01,17,31,3126.15,32.8,31,1003,4,5,5,455,Champions,Aditya Rao,Male,24,Hyderabad,Telangana,South
CUST-01286,7,14184.7,4190.92,2022-11-11,2024-10-26,7,11,2026.39,29.55,67,782,3,2,3,323,Regular Customers,Swati Reddy,Female,36,Indore,Madhya Pradesh,Central
CUST-01287,8,22984.949999999997,8904.11,2024-06-30,2024-11-25,8,13,2873.12,38.74,37,185,4,3,4,434,Loyal Customers,Reyansh Choudhury,Male,18,Mumbai,Maharashtra,West
CUST-01288,6,15741.699999999999,6999.54,2022-05-07,2024-12-29,6,9,2623.62,44.46,3,970,5,2,3,523,Potential Loyalists,Anjali Pandey,Female,24,Patna,Bihar,East
CUST-01289,16,28124.0,8316.01,2022-05-10,2024-10-30,16,23,1757.75,29.57,63,967,3,5,4,354,Loyal Customers,Navya Menon,Female,39,Mumbai,Maharashtra,West
CUST-01290,7,19328.55,4370.54,2024-06-27,2024-10-20,7,13,2761.22,22.61,73,188,3,2,3,323,Regular Customers,Neha Agarwal,Female,63,Hyderabad,Telangana,South
CUST-01291,7,76241.5,4728.59,2022-11-03,2024-02-07,7,9,10891.64,6.2,329,790,1,2,5,125,Lost Customers,Aanya Kaur,Female,18,Mumbai,Maharashtra,West
CUST-01292,5,14374.0,5115.4800000000005,2023-03-05,2024-10-03,5,9,2874.8,35.59,90,668,2,1,3,213,Lost Customers,Kunal Malhotra,Male,26,Mumbai,Maharashtra,West
CUST-01293,18,37281.95,6911.25,2022-05-10,2024-12-10,17,24,2071.22,18.54,22,967,5,5,4,554,Champions,Anand Joshi,Male,32,Kolkata,West Bengal,East
CUST-01294,4,3627.2,822.11,2023-07-06,2024-11-11,4,4,906.8,22.67,51,545,3,1,1,311,Regular Customers,Deepa Choudhury,Female,36,Guwahati,Assam,East
CUST-01295,5,4462.3,1406.03,2023-10-12,2024-11-19,5,8,892.46,31.51,43,447,4,1,1,411,New Customers,Pooja Menon,Female,26,Bengaluru,Karnataka,South
CUST-01296,8,7051.05,1886.1000000000001,2022-10-07,2024-10-30,8,13,881.38,26.75,63,817,3,3,1,331,Regular Customers,Pranav Singh,Male,44,Jaipur,Rajasthan,North
CUST-01297,25,106957.95,6684.98,2022-03-02,2024-12-18,25,37,4278.32,6.25,14,1036,5,5,5,555,Champions,Aadhya Malhotra,Female,24,Ahmedabad,Gujarat,West
CUST-01298,4,7184.55,2904.6499999999996,2024-01-04,2024-09-26,4,4,1796.14,40.43,97,363,2,1,1,211,Lost Customers,Nikhil Chatterjee,Male,28,Pune,Maharashtra,West
CUST-01299,18,65814.84999999999,12115.16,2022-04-02,2024-12-12,17,30,3656.38,18.41,20,1005,5,5,5,555,Champions,Aadhya Mehta,Female,44,Bhubaneswar,Odisha,East
CUST-01300,4,6491.700000000001,1898.46,2022-09-29,2024-01-17,4,4,1622.93,29.24,350,825,1,1,1,111,Lost Customers,Kabir Pandey,Male,42,Chandigarh,Punjab,North
CUST-01301,9,34970.9,8004.400000000001,2023-06-30,2024-06-02,9,10,3885.66,22.89,213,551,1,3,4,134,At Risk,Deepa Das,Female,27,Ahmedabad,Gujarat,West
CUST-01302,6,10777.2,4428.21,2022-01-23,2024-09-06,6,7,1796.2,41.09,117,1074,2,2,2,222,Lost Customers,Aadhya Dutta,Female,18,Delhi,Delhi,North
CUST-01303,6,35524.4,7395.31,2022-06-14,2024-11-27,6,7,5920.73,20.82,35,932,4,2,4,424,Potential Loyalists,Deepak Reddy,Male,61,Pune,Maharashtra,West
CUST-01304,18,30126.3,12654.35,2022-06-23,2024-12-10,18,27,1673.68,42.0,22,923,5,5,4,554,Champions,Vivaan Saxena,Male,25,Mumbai,Maharashtra,West
CUST-01305,19,21913.25,9101.9,2022-06-14,2024-08-31,19,29,1153.33,41.54,123,932,2,5,3,253,At Risk,Suresh Pandey,Male,45,Bengaluru,Karnataka,South
CUST-01306,8,23448.5,10267.09,2023-07-25,2024-12-17,8,15,2931.06,43.79,15,526,5,3,4,534,Loyal Customers,Prisha Nair,Female,58,Kochi,Kerala,South
CUST-01307,8,5541.3,1887.36,2022-02-04,2024-12-04,8,10,692.66,34.06,28,1062,4,3,1,431,Potential Loyalists,Kabir Reddy,Male,54,Bengaluru,Karnataka,South
CUST-01308,8,9542.25,3868.24,2022-06-09,2024-11-05,8,8,1192.78,40.54,57,937,3,3,2,332,Regular Customers,Vihaan Chatterjee,Male,32,Ahmedabad,Gujarat,West
CUST-01309,6,69484.5,16692.78,2024-04-16,2024-11-25,6,9,11580.75,24.02,37,260,4,2,5,425,Potential Loyalists,Neha Gupta,Female,36,Chandigarh,Punjab,North
CUST-01310,12,33252.75,17064.9,2023-01-15,2024-12-21,12,19,2771.06,51.32,11,717,5,4,4,544,Champions,Gaurav Gupta,Male,47,Ahmedabad,Gujarat,West
CUST-01311,13,18785.9,5627.889999999999,2022-09-23,2024-11-14,13,18,1445.07,29.96,48,831,3,4,3,343,Loyal Customers,Vihaan Joshi,Male,39,Pune,Maharashtra,West
CUST-01312,9,7659.75,3176.2599999999998,2023-06-27,2024-10-27,9,15,851.08,41.47,66,554,3,3,2,332,Regular Customers,Ishaan Choudhury,Male,22,Coimbatore,Tamil Nadu,South
CUST-01313,4,9423.1,2486.92,2023-10-18,2024-11-03,4,6,2355.78,26.39,59,441,3,1,2,312,Regular Customers,Siddharth Kaur,Male,28,Indore,Madhya Pradesh,Central
CUST-01314,12,12208.3,4541.3,2022-03-20,2024-12-23,12,15,1017.36,37.2,9,1018,5,4,2,542,Regular Customers,Anjali Patel,Female,31,Hyderabad,Telangana,South
CUST-01315,2,59230.05,9997.19,2024-02-12,2024-02-20,2,2,29615.02,16.88,316,324,1,1,5,115,Lost Customers,Anita Mishra,Female,48,Chennai,Tamil Nadu,South
CUST-01316,13,13045.1,5266.99,2022-09-05,2024-09-29,12,16,1003.47,40.38,94,849,2,4,2,242,Regular Customers,Manish Bhatia,Male,26,Surat,Gujarat,West
CUST-01317,14,73397.8,20211.21,2023-02-10,2024-11-19,14,18,5242.7,27.54,43,691,4,4,5,445,Champions,Varun Mishra,Male,35,Nagpur,Maharashtra,West
CUST-01318,3,2461.55,1046.5,2024-03-03,2024-11-15,3,3,820.52,42.51,47,304,3,1,1,311,Regular Customers,Aarav Chatterjee,Male,22,Mumbai,Maharashtra,West
CUST-01319,10,59973.299999999996,9795.12,2024-03-20,2024-11-09,10,15,5997.33,16.33,53,287,3,3,5,335,Loyal Customers,Vivaan Sharma,Male,19,Jaipur,Rajasthan,North
CUST-01320,8,25602.35,6411.15,2022-03-25,2024-11-17,8,11,3200.29,25.04,45,1013,4,3,4,434,Loyal Customers,Vikram Chatterjee,Other,33,Chennai,Tamil Nadu,South
CUST-01321,6,5781.2,2339.95,2022-12-12,2024-07-28,6,9,963.53,40.48,157,751,2,2,1,221,Lost Customers,Anand Dutta,Male,22,Bhubaneswar,Odisha,East
CUST-01322,11,11416.5,2889.16,2023-11-20,2024-09-01,11,13,1037.86,25.31,122,408,2,4,2,242,Regular Customers,Pranav Singh,Male,30,Hyderabad,Telangana,South
CUST-01323,10,62773.95,16813.34,2024-06-26,2024-11-15,10,19,6277.4,26.78,47,189,3,3,5,335,Loyal Customers,Diya Patel,Female,54,Mumbai,Maharashtra,West
CUST-01324,13,17799.5,4077.6800000000003,2022-02-18,2024-12-29,13,19,1369.19,22.91,3,1048,5,4,3,543,Loyal Customers,Gauri Malhotra,Female,24,Surat,Gujarat,West
CUST-01325,24,33585.8,12311.130000000001,2022-02-03,2024-12-19,22,32,1399.41,36.66,13,1063,5,5,4,554,Champions,Priyanka Yadav,Female,59,Pune,Maharashtra,West
CUST-01326,15,34254.1,11728.53,2023-08-04,2024-11-29,14,19,2283.61,34.24,33,516,4,4,4,444,Champions,Varun Chatterjee,Male,27,Hyderabad,Telangana,South
CUST-01327,7,8130.9,3334.99,2022-04-04,2024-09-24,7,7,1161.56,41.02,99,1003,2,2,2,222,Lost Customers,Aditya Joshi,Male,20,Chandigarh,Punjab,North
CUST-01328,5,99522.7,12077.07,2024-04-14,2024-10-07,5,8,19904.54,12.13,86,262,2,1,5,215,Lost Customers,Reyansh Dutta,Male,29,Mumbai,Maharashtra,West
CUST-01329,13,18659.7,6446.0599999999995,2022-09-11,2024-10-06,12,19,1435.36,34.55,87,843,2,4,3,243,At Risk,Meera Rao,Female,43,Pune,Maharashtra,West
CUST-01330,16,30810.75,8797.74,2022-08-08,2024-12-14,16,26,1925.67,28.55,18,877,5,5,4,554,Champions,Ayaan Malhotra,Male,35,Bhopal,Madhya Pradesh,Central
CUST-01331,4,3738.95,1017.8800000000001,2022-10-15,2023-06-04,4,5,934.74,27.22,577,809,1,1,1,111,Lost Customers,Nandini Mehta,Female,34,Coimbatore,Tamil Nadu,South
CUST-01332,16,33020.75,13498.26,2022-10-07,2024-12-30,16,17,2063.8,40.88,2,817,5,5,4,554,Champions,Shaurya Mukherjee,Male,24,Bengaluru,Karnataka,South
CUST-01333,6,17517.55,3794.0599999999995,2024-03-12,2024-06-19,6,7,2919.59,21.66,196,295,1,2,3,123,Lost Customers,Arjun Banerjee,Male,30,Ahmedabad,Gujarat,West
CUST-01334,5,12078.55,5078.29,2022-05-24,2024-12-08,5,8,2415.71,42.04,24,953,5,1,2,512,New Customers,Shaurya Pillai,Male,20,Surat,Gujarat,West
CUST-01335,11,27582.75,11821.75,2022-04-04,2024-10-26,11,15,2507.52,42.86,67,1003,3,4,4,344,Loyal Customers,Isha Mishra,Female,46,Mumbai,Maharashtra,West
CUST-01336,8,15751.7,5595.27,2022-08-06,2024-08-14,8,11,1968.96,35.52,140,879,2,3,3,233,At Risk,Manish Pillai,Male,36,Ahmedabad,Gujarat,West
CUST-01337,19,77151.5,25179.87,2022-11-17,2024-11-27,19,29,4060.61,32.64,35,776,4,5,5,455,Champions,Ananya Kaur,Female,25,Surat,Gujarat,West
CUST-01338,11,14553.4,6195.9800000000005,2023-01-10,2024-10-24,11,13,1323.04,42.57,69,722,3,4,3,343,Loyal Customers,Rohan Menon,Male,42,Bhubaneswar,Odisha,East
CUST-01339,5,22693.149999999998,4236.5599999999995,2023-10-05,2024-11-11,5,11,4538.63,18.67,51,454,3,1,3,313,Regular Customers,Sneha Chatterjee,Female,39,Mumbai,Maharashtra,West
CUST-01340,19,30033.95,9369.46,2022-08-03,2024-11-22,19,30,1580.73,31.2,40,882,4,5,4,454,Champions,Ramesh Gupta,Male,24,Kolkata,West Bengal,East
CUST-01341,8,18397.25,8428.119999999999,2024-01-17,2024-10-23,8,14,2299.66,45.81,70,350,3,3,3,333,Loyal Customers,Ananya Tripathi,Female,35,Kolkata,West Bengal,East
CUST-01342,16,24932.45,6852.47,2022-02-01,2024-06-06,16,23,1558.28,27.48,209,1065,1,5,4,154,At Risk,Tanvi Tripathi,Female,38,Nagpur,Maharashtra,West
CUST-01343,12,33442.950000000004,5142.73,2023-11-06,2024-10-20,12,15,2786.91,15.38,73,422,3,4,4,344,Loyal Customers,Pranav Sharma,Male,26,Delhi,Delhi,North
CUST-01344,8,21182.6,5545.89,2024-04-05,2024-11-01,7,14,2647.82,26.18,61,271,3,3,3,333,Loyal Customers,Siddharth Banerjee,Male,42,Jaipur,Rajasthan,North
CUST-01345,14,32036.949999999997,14297.59,2022-02-24,2024-10-09,14,25,2288.35,44.63,84,1042,2,4,4,244,At Risk,Suresh Mehta,Male,34,Coimbatore,Tamil Nadu,South
CUST-01346,8,26615.800000000003,9977.630000000001,2024-01-17,2024-11-25,8,11,3326.98,37.49,37,350,4,3,4,434,Loyal Customers,Vikram Tripathi,Male,26,Delhi,Delhi,North
CUST-01347,3,2434.1,816.9100000000001,2023-06-29,2024-03-28,3,4,811.37,33.56,279,552,1,1,1,111,Lost Customers,Nikhil Bhatia,Male,36,Hyderabad,Telangana,South
CUST-01348,10,38831.6,15199.51,2024-04-23,2024-10-18,10,15,3883.16,39.14,75,253,3,3,4,334,Loyal Customers,Nandini Choudhury,Female,46,Pune,Maharashtra,West
CUST-01349,4,15282.35,5115.77,2023-08-12,2024-10-03,4,5,3820.59,33.48,90,508,2,1,3,213,Lost Customers,Khushi Bhatia,Female,46,Ahmedabad,Gujarat,West
CUST-01350,10,61421.25,14493.51,2023-01-25,2024-12-29,10,11,6142.12,23.6,3,707,5,3,5,535,Loyal Customers,Aditya Nair,Male,39,Nagpur,Maharashtra,West
CUST-01351,20,38578.1,16056.31,2024-06-12,2024-12-02,20,23,1928.9,41.62,30,203,4,5,4,454,Champions,Swati Patel,Female,18,Ahmedabad,Gujarat,West
CUST-01352,7,10206.45,4125.09,2022-08-30,2024-09-02,7,8,1458.06,40.42,121,855,2,2,2,222,Lost Customers,Sunita Iyengar,Female,38,Delhi,Delhi,North
CUST-01353,12,32820.15,16236.24,2024-03-06,2024-10-09,12,21,2735.01,49.47,84,301,2,4,4,244,At Risk,Sai Banerjee,Male,48,Kolkata,West Bengal,East
CUST-01354,18,20107.5,10368.18,2023-09-19,2024-11-02,16,28,1117.08,51.56,60,470,3,5,3,353,Loyal Customers,Arjun Dutta,Male,39,Jaipur,Rajasthan,North
CUST-01355,5,11044.150000000001,2909.1,2023-10-04,2024-07-08,5,5,2208.83,26.34,177,455,1,1,2,112,Lost Customers,Vivaan Patel,Male,19,Delhi,Delhi,North
CUST-01356,6,13110.05,5323.26,2022-05-07,2024-06-07,6,7,2185.01,40.6,208,970,1,2,2,122,Lost Customers,Krishna Rao,Male,30,Hyderabad,Telangana,South
CUST-01357,7,3617.35,803.11,2023-01-13,2024-10-27,7,9,516.76,22.2,66,719,3,2,1,321,Regular Customers,Reyansh Iyengar,Male,36,Kolkata,West Bengal,East
CUST-01358,7,6437.25,2315.7200000000003,2022-06-22,2024-12-17,7,7,919.61,35.97,15,924,5,2,1,521,Potential Loyalists,Varun Menon,Male,18,Kochi,Kerala,South
CUST-01359,11,11930.7,4911.66,2022-11-01,2024-10-19,10,16,1084.61,41.17,74,792,3,4,2,342,Regular Customers,Manish Reddy,Male,24,Mumbai,Maharashtra,West
CUST-01360,12,15882.65,5951.82,2022-07-19,2024-10-13,12,13,1323.55,37.47,80,897,2,4,3,243,At Risk,Pooja Singh,Female,33,Pune,Maharashtra,West
CUST-01361,18,34605.85,14399.4,2024-01-21,2024-09-27,18,28,1922.55,41.61,96,346,2,5,4,254,At Risk,Kavya Banerjee,Female,39,Mumbai,Maharashtra,West
CUST-01362,7,13411.0,3904.1400000000003,2023-03-04,2024-10-14,7,10,1915.86,29.11,79,669,2,2,2,222,Lost Customers,Dhruv Singh,Male,33,Mumbai,Maharashtra,West
CUST-01363,8,7728.55,2710.49,2022-01-19,2024-11-28,8,8,966.07,35.07,34,1078,4,3,2,432,Potential Loyalists,Manish Tripathi,Male,56,Mumbai,Maharashtra,West
CUST-01364,9,19486.6,6873.93,2022-04-12,2024-11-06,9,14,2165.18,35.28,56,995,3,3,3,333,Loyal Customers,Pari Agarwal,Female,39,Patna,Bihar,East
CUST-01365,4,10629.25,3667.43,2022-12-31,2024-03-15,4,5,2657.31,34.5,292,732,1,1,2,112,Lost Customers,Atharv Pandey,Male,18,Hyderabad,Telangana,South
CUST-01366,3,1989.65,802.6400000000001,2024-06-13,2024-08-02,3,3,663.22,40.34,152,202,2,1,1,211,Lost Customers,Rahul Tripathi,Other,34,Lucknow,Uttar Pradesh,North
CUST-01367,8,3739.25,814.04,2023-06-23,2024-11-19,8,8,467.41,21.77,43,558,4,3,1,431,Potential Loyalists,Nandini Bhatia,Female,29,Pune,Maharashtra,West
CUST-01368,6,14553.2,7242.96,2022-08-14,2024-11-07,6,8,2425.53,49.77,55,871,3,2,3,323,Regular Customers,Aditya Iyengar,Male,21,Mumbai,Maharashtra,West
CUST-01369,13,17917.15,6845.98,2023-01-13,2024-12-19,12,19,1378.24,38.21,13,719,5,4,3,543,Loyal Customers,Diya Saxena,Female,20,Kolkata,West Bengal,East
CUST-01370,14,65962.25,7228.000000000001,2022-04-28,2024-12-03,14,21,4711.59,10.96,29,979,4,4,5,445,Champions,Siddharth Malhotra,Male,52,Mumbai,Maharashtra,West
CUST-01371,6,6455.45,2328.63,2022-01-24,2024-11-30,6,8,1075.91,36.07,32,1073,4,2,1,421,Potential Loyalists,Shaurya Dutta,Male,34,Chandigarh,Punjab,North
CUST-01372,12,9499.150000000001,3383.31,2022-05-16,2024-12-14,12,16,791.6,35.62,18,961,5,4,2,542,Regular Customers,Rahul Iyer,Male,38,Hyderabad,Telangana,South
CUST-01373,6,45670.649999999994,5166.23,2023-05-15,2024-12-20,6,9,7611.77,11.31,12,597,5,2,5,525,Potential Loyalists,Manish Pandey,Male,39,Pune,Maharashtra,West
CUST-01374,13,17842.0,6183.43,2024-03-21,2024-12-11,13,16,1372.46,34.66,21,286,5,4,3,543,Loyal Customers,Vivaan Bhatia,Male,44,Surat,Gujarat,West
CUST-01375,4,9571.849999999999,2029.3400000000001,2023-12-01,2024-12-20,4,4,2392.96,21.2,12,397,5,1,2,512,New Customers,Arjun Singh,Male,23,Bhopal,Madhya Pradesh,Central
CUST-01376,5,12192.0,6429.91,2022-04-17,2022-08-30,5,8,2438.4,52.74,855,990,1,1,2,112,Lost Customers,Suresh Bhatia,Other,18,Bengaluru,Karnataka,South
CUST-01377,23,73421.75,25112.76,2023-11-28,2024-12-28,23,44,3192.25,34.2,4,400,5,5,5,555,Champions,Pallavi Saxena,Female,27,Hyderabad,Telangana,South
CUST-01378,22,26875.399999999998,8639.78,2022-05-05,2024-12-03,21,31,1221.61,32.15,29,972,4,5,4,454,Champions,Ramesh Banerjee,Male,39,Visakhapatnam,Andhra Pradesh,South
CUST-01379,20,75792.75,24849.53,2022-08-14,2024-10-23,20,32,3789.64,32.79,70,871,3,5,5,355,Loyal Customers,Anand Kaur,Male,26,Chandigarh,Punjab,North
CUST-01380,20,38760.8,15117.4,2024-05-28,2024-12-23,19,29,1938.04,39.0,9,218,5,5,4,554,Champions,Reyansh Menon,Male,44,Pune,Maharashtra,West
CUST-01381,2,487.0,197.45,2023-12-16,2024-10-19,2,3,243.5,40.54,74,382,3,1,1,311,Regular Customers,Rekha Iyer,Female,36,Mumbai,Maharashtra,West
CUST-01382,12,56596.799999999996,8209.13,2022-06-07,2024-11-24,12,21,4716.4,14.5,38,939,4,4,5,445,Champions,Prisha Mukherjee,Female,36,Delhi,Delhi,North
CUST-01383,15,22218.25,8398.79,2022-09-04,2024-12-01,15,24,1481.22,37.8,31,850,4,4,3,443,Loyal Customers,Siddharth Choudhury,Male,18,Kolkata,West Bengal,East
CUST-01384,11,27044.5,9309.16,2022-03-06,2024-12-26,11,22,2458.59,34.42,6,1032,5,4,4,544,Champions,Amit Shah,Other,45,Delhi,Delhi,North
CUST-01385,14,58940.95,19866.239999999998,2023-07-20,2024-11-08,14,25,4210.07,33.71,54,531,3,4,5,345,Loyal Customers,Meera Agarwal,Female,21,Delhi,Delhi,North
CUST-01386,6,9434.85,1900.24,2023-02-24,2024-11-13,6,8,1572.48,20.14,49,677,3,2,2,322,Regular Customers,Aadhya Patel,Female,29,Bhubaneswar,Odisha,East
CUST-01387,9,15654.65,7213.76,2022-08-12,2024-07-23,9,11,1739.41,46.08,162,873,2,3,3,233,At Risk,Aarohi Sharma,Female,48,Kolkata,West Bengal,East
CUST-01389,9,12161.35,4413.89,2022-09-27,2024-11-28,9,10,1351.26,36.29,34,827,4,3,2,432,Potential Loyalists,Neha Malhotra,Female,20,Chennai,Tamil Nadu,South
CUST-01390,15,73250.4,22437.86,2022-03-05,2024-11-04,15,21,4883.36,30.63,58,1033,3,4,5,345,Loyal Customers,Neha Mukherjee,Female,35,Pune,Maharashtra,West
CUST-01391,4,8130.95,1120.01,2022-06-12,2024-10-04,4,8,2032.74,13.77,89,934,2,1,2,212,Lost Customers,Vikram Iyengar,Male,46,Pune,Maharashtra,West
CUST-01392,8,12217.800000000001,5829.7,2024-05-24,2024-11-09,8,11,1527.22,47.71,53,222,3,3,2,332,Regular Customers,Rajesh Bhatia,Male,26,Lucknow,Uttar Pradesh,North
CUST-01393,3,10345.3,4913.31,2023-06-28,2024-11-21,3,5,3448.43,47.49,41,553,4,1,2,412,New Customers,Saanvi Tripathi,Female,40,Ahmedabad,Gujarat,West
CUST-01394,8,5477.9,1986.34,2022-02-04,2024-07-06,8,10,684.74,36.26,179,1062,1,3,1,131,Regular Customers,Atharv Yadav,Male,42,Delhi,Delhi,North
CUST-01395,15,53069.95,14108.720000000001,2023-09-17,2024-11-09,15,17,3538.0,26.59,53,472,3,4,5,345,Loyal Customers,Kabir Patel,Male,52,Kolkata,West Bengal,East
CUST-01396,12,11416.95,5855.24,2024-04-21,2024-09-23,12,17,951.41,51.29,100,255,2,4,2,242,Regular Customers,Dhruv Rao,Male,18,Mumbai,Maharashtra,West
CUST-01397,10,31280.399999999998,12227.38,2024-03-31,2024-10-16,10,16,3128.04,39.09,77,276,2,3,4,234,At Risk,Varun Choudhury,Male,43,Mumbai,Maharashtra,West
CUST-01398,17,45123.45,10510.75,2023-09-08,2024-11-17,17,25,2654.32,23.29,45,481,4,5,5,455,Champions,Ananya Shah,Female,23,Surat,Gujarat,West
CUST-01399,6,10908.4,2664.97,2023-01-25,2024-06-30,6,7,1818.07,24.43,185,707,1,2,2,122,Lost Customers,Varun Yadav,Male,23,Ahmedabad,Gujarat,West
CUST-01400,3,548.8,124.43,2023-05-19,2024-11-23,3,5,182.93,22.67,39,593,4,1,1,411,New Customers,Nandini Chatterjee,Female,32,Chennai,Tamil Nadu,South
CUST-01401,13,31187.1,8280.49,2022-03-12,2024-11-27,13,23,2399.01,26.55,35,1026,4,4,4,444,Champions,Saanvi Das,Female,32,Mumbai,Maharashtra,West
CUST-01402,6,14146.4,6195.64,2022-04-01,2024-11-03,6,9,2357.73,43.8,59,1006,3,2,3,323,Regular Customers,Aarohi Iyengar,Female,33,Pune,Maharashtra,West
CUST-01403,3,6480.2,1532.87,2022-10-20,2024-10-16,3,4,2160.07,23.65,77,804,2,1,1,211,Lost Customers,Gauri Das,Female,46,Chennai,Tamil Nadu,South
CUST-01404,8,8973.3,3342.57,2023-05-27,2024-06-05,8,9,1121.66,37.25,210,585,1,3,2,132,Regular Customers,Aarohi Bhatia,Female,37,Coimbatore,Tamil Nadu,South
CUST-01405,3,4479.35,1339.52,2024-01-22,2024-10-14,3,3,1493.12,29.9,79,345,2,1,1,211,Lost Customers,Kavya Shah,Female,26,Delhi,Delhi,North
CUST-01406,14,34704.9,13186.79,2022-07-29,2024-11-08,14,27,2478.92,38.0,54,887,3,4,4,344,Loyal Customers,Atharv Mukherjee,Male,24,Bengaluru,Karnataka,South
CUST-01407,3,5831.099999999999,1100.3600000000001,2023-05-02,2024-11-18,3,6,1943.7,18.87,44,610,4,1,1,411,New Customers,Pari Choudhury,Female,18,Ahmedabad,Gujarat,West
CUST-01408,5,10851.95,2960.14,2023-09-19,2024-10-05,5,13,2170.39,27.28,88,470,2,1,2,212,Lost Customers,Kunal Chatterjee,Male,53,Mumbai,Maharashtra,West
CUST-01409,7,11228.7,4452.26,2023-09-29,2024-06-05,7,12,1604.1,39.65,210,460,1,2,2,122,Lost Customers,Vikram Chatterjee,Male,18,Bengaluru,Karnataka,South
CUST-01410,11,30649.8,7391.82,2022-12-12,2024-12-31,11,19,2786.35,24.12,1,751,5,4,4,544,Champions,Ishaan Banerjee,Male,34,Bhopal,Madhya Pradesh,Central
CUST-01411,15,20333.85,7741.45,2022-04-21,2024-11-19,15,25,1355.59,38.07,43,986,4,4,3,443,Loyal Customers,Dhruv Dutta,Male,47,Bhopal,Madhya Pradesh,Central
CUST-01412,5,6953.349999999999,2456.86,2022-06-19,2024-11-04,5,8,1390.67,35.33,58,927,3,1,1,311,Regular Customers,Swati Malhotra,Female,46,Mumbai,Maharashtra,West
CUST-01413,7,17308.35,4495.6900000000005,2022-04-01,2024-05-19,7,11,2472.62,25.97,227,1006,1,2,3,123,Lost Customers,Deepak Saxena,Male,31,Pune,Maharashtra,West
CUST-01414,10,21979.05,9936.34,2022-11-29,2024-08-14,9,16,2197.9,45.21,140,764,2,3,3,233,At Risk,Pari Mishra,Female,43,Jaipur,Rajasthan,North
CUST-01415,7,18901.1,7537.780000000001,2022-03-02,2024-11-25,7,8,2700.16,39.88,37,1036,4,2,3,423,Potential Loyalists,Neha Das,Female,40,Mumbai,Maharashtra,West
CUST-01416,11,17056.8,6478.34,2022-06-15,2024-12-21,11,13,1550.62,37.98,11,931,5,4,3,543,Loyal Customers,Manish Sharma,Male,28,Coimbatore,Tamil Nadu,South
CUST-01417,4,14833.0,4539.85,2024-05-19,2024-07-02,4,7,3708.25,30.61,183,227,1,1,3,113,Lost Customers,Rahul Agarwal,Male,27,Patna,Bihar,East
CUST-01418,7,10710.25,3494.9100000000003,2022-11-22,2024-05-11,7,8,1530.04,32.63,235,771,1,2,2,122,Lost Customers,Aditya Shah,Male,28,Jaipur,Rajasthan,North
CUST-01419,16,21689.0,8041.88,2023-02-28,2024-10-29,15,21,1355.56,37.08,64,673,3,5,3,353,Loyal Customers,Ramesh Verma,Male,41,Bengaluru,Karnataka,South
CUST-01420,6,24375.75,4898.469999999999,2023-12-07,2024-10-19,6,6,4062.62,20.1,74,391,3,2,4,324,Regular Customers,Dhruv Mukherjee,Male,41,Delhi,Delhi,North
CUST-01421,11,7216.65,2166.64,2022-02-27,2024-05-12,11,16,656.06,30.02,234,1039,1,4,1,141,Regular Customers,Neha Verma,Female,39,Bengaluru,Karnataka,South
CUST-01422,20,46308.5,18639.21,2022-04-30,2024-12-30,20,33,2315.43,40.25,2,977,5,5,5,555,Champions,Riya Sharma,Female,35,Indore,Madhya Pradesh,Central
CUST-01423,2,5778.0,1861.39,2023-12-21,2024-05-02,2,2,2889.0,32.22,244,377,1,1,1,111,Lost Customers,Pallavi Mishra,Female,31,Delhi,Delhi,North
CUST-01424,6,14101.25,911.67,2024-05-19,2024-07-12,6,6,2350.21,6.47,173,227,1,2,3,123,Lost Customers,Aanya Mishra,Female,37,Chandigarh,Punjab,North
CUST-01425,9,16461.35,5539.69,2024-06-20,2024-11-21,9,12,1829.04,33.65,41,195,4,3,3,433,Loyal Customers,Shreya Patel,Female,33,Bengaluru,Karnataka,South
CUST-01426,17,66049.8,12152.95,2022-05-14,2024-05-24,16,29,3885.28,18.4,222,963,1,5,5,155,At Risk,Vivaan Rao,Male,18,Jaipur,Rajasthan,North
CUST-01427,12,19664.6,6954.76,2022-07-30,2024-11-05,12,19,1638.72,35.37,57,886,3,4,3,343,Loyal Customers,Diya Gupta,Female,27,Bengaluru,Karnataka,South
CUST-01428,4,9752.55,4179.77,2023-03-23,2024-08-11,3,4,2438.14,42.86,143,650,2,1,2,212,Lost Customers,Atharv Kaur,Male,18,Bhopal,Madhya Pradesh,Central
CUST-01429,14,21178.5,5997.3099999999995,2022-04-18,2024-06-25,14,16,1512.75,28.32,190,989,1,4,3,143,At Risk,Gauri Iyengar,Female,47,Coimbatore,Tamil Nadu,South
CUST-01430,2,53536.0,7435.6900000000005,2022-05-25,2024-09-30,2,4,26768.0,13.89,93,952,2,1,5,215,Lost Customers,Aadhya Agarwal,Female,25,Delhi,Delhi,North
CUST-01431,16,80810.55,11824.64,2024-02-21,2024-11-21,14,20,5050.66,14.63,41,315,4,5,5,455,Champions,Tanvi Pandey,Female,18,Mumbai,Maharashtra,West
CUST-01432,7,63297.5,12816.689999999999,2022-09-19,2024-11-18,7,7,9042.5,20.25,44,835,4,2,5,425,Potential Loyalists,Atharv Rao,Male,20,Mumbai,Maharashtra,West
CUST-01433,15,42396.049999999996,14499.970000000001,2023-04-11,2024-10-31,15,18,2826.4,34.2,62,631,3,4,5,345,Loyal Customers,Reyansh Menon,Male,43,Bhubaneswar,Odisha,East
CUST-01434,4,11516.699999999999,4723.85,2023-04-28,2024-05-24,4,11,2879.18,41.02,222,614,1,1,2,112,Lost Customers,Krishna Saxena,Male,26,Patna,Bihar,East
CUST-01435,2,27965.0,7700.68,2023-11-17,2023-12-23,2,5,13982.5,27.54,375,411,1,1,4,114,Lost Customers,Anjali Gupta,Female,26,Lucknow,Uttar Pradesh,North
CUST-01436,21,53744.05,15853.140000000001,2023-11-19,2024-11-28,20,28,2559.24,29.5,34,409,4,5,5,455,Champions,Aarohi Mishra,Female,37,Jaipur,Rajasthan,North
CUST-01437,3,18290.5,8549.560000000001,2024-03-27,2024-06-27,3,7,6096.83,46.74,188,280,1,1,3,113,Lost Customers,Pranav Chatterjee,Male,57,Kolkata,West Bengal,East
CUST-01438,12,40982.7,10113.4,2024-03-05,2024-10-02,12,18,3415.22,24.68,91,302,2,4,5,245,At Risk,Rohan Nair,Male,33,Bengaluru,Karnataka,South
CUST-01439,13,18302.35,5308.32,2022-12-02,2024-12-25,12,18,1407.87,29.0,7,761,5,4,3,543,Loyal Customers,Isha Choudhury,Female,31,Jaipur,Rajasthan,North
CUST-01440,25,42007.65,14281.41,2023-08-05,2024-11-18,25,35,1680.31,34.0,44,515,4,5,5,455,Champions,Riya Kaur,Female,36,Kochi,Kerala,South
CUST-01441,9,44336.25,8165.610000000001,2023-09-16,2024-12-07,8,9,4926.25,18.42,25,473,5,3,5,535,Loyal Customers,Rekha Sharma,Female,41,Delhi,Delhi,North
CUST-01442,13,36527.65,8794.06,2022-08-17,2024-12-06,13,23,2809.82,24.08,26,868,4,4,4,444,Champions,Aadhya Nair,Female,28,Chandigarh,Punjab,North
CUST-01443,7,14381.2,3657.75,2022-10-19,2024-11-02,7,11,2054.46,25.43,60,805,3,2,3,323,Regular Customers,Isha Mishra,Female,39,Delhi,Delhi,North
CUST-01444,2,1540.1,784.74,2024-01-10,2024-01-17,2,2,770.05,50.95,350,357,1,1,1,111,Lost Customers,Atharv Iyengar,Male,28,Lucknow,Uttar Pradesh,North
CUST-01445,8,47611.850000000006,5045.71,2022-06-25,2024-11-29,8,12,5951.48,10.6,33,921,4,3,5,435,Loyal Customers,Siddharth Shah,Male,29,Delhi,Delhi,North
CUST-01446,12,65926.95,8828.99,2022-12-04,2024-10-31,12,15,5493.91,13.39,62,759,3,4,5,345,Loyal Customers,Pari Kaur,Female,44,Pune,Maharashtra,West
CUST-01447,8,13380.8,6122.32,2023-09-04,2024-07-07,8,11,1672.6,45.75,178,485,1,3,2,132,Regular Customers,Varun Saxena,Male,34,Ahmedabad,Gujarat,West
CUST-01448,5,5805.65,2689.45,2024-03-28,2024-07-13,5,6,1161.13,46.32,172,279,1,1,1,111,Lost Customers,Reyansh Tripathi,Male,52,Kochi,Kerala,South
CUST-01449,6,15032.25,2290.15,2022-09-22,2024-10-20,6,9,2505.38,15.23,73,832,3,2,3,323,Regular Customers,Tanvi Kaur,Female,26,Kochi,Kerala,South
CUST-01450,27,184365.8,47505.13,2022-06-06,2024-09-24,27,42,6828.36,25.77,99,940,2,5,5,255,At Risk,Gauri Patel,Female,36,Lucknow,Uttar Pradesh,North
CUST-01451,10,21224.2,6112.65,2022-07-14,2024-10-19,10,19,2122.42,28.8,74,902,3,3,3,333,Loyal Customers,Reyansh Patel,Male,36,Mumbai,Maharashtra,West
CUST-01452,3,1696.3000000000002,697.6800000000001,2023-11-24,2024-05-11,3,4,565.43,41.13,235,404,1,1,1,111,Lost Customers,Siddharth Mukherjee,Male,39,Bhubaneswar,Odisha,East
CUST-01453,7,21357.25,6493.4800000000005,2022-06-25,2024-10-15,7,8,3051.04,30.4,78,921,2,2,3,223,Lost Customers,Vihaan Malhotra,Male,33,Ahmedabad,Gujarat,West
CUST-01454,6,12699.150000000001,4634.45,2024-06-19,2024-12-19,6,9,2116.52,36.49,13,196,5,2,2,522,Potential Loyalists,Rajesh Iyer,Male,35,Bengaluru,Karnataka,South
CUST-01455,15,29356.35,6234.71,2022-04-30,2024-11-15,14,28,1957.09,21.24,47,977,3,4,4,344,Loyal Customers,Rekha Chatterjee,Female,43,Hyderabad,Telangana,South
CUST-01456,3,27028.5,5840.29,2022-10-18,2024-10-17,3,7,9009.5,21.61,76,806,2,1,4,214,Lost Customers,Atharv Mukherjee,Male,24,Mumbai,Maharashtra,West
CUST-01457,26,35772.5,9612.0,2024-03-24,2024-10-31,25,34,1375.87,26.87,62,283,3,5,4,354,Loyal Customers,Nandini Tripathi,Female,32,Hyderabad,Telangana,South
CUST-01458,5,5328.2,2222.08,2023-11-19,2024-08-15,5,6,1065.64,41.7,139,409,2,1,1,211,Lost Customers,Rahul Saxena,Male,35,Kolkata,West Bengal,East
CUST-01459,8,17608.050000000003,4209.45,2024-03-31,2024-08-14,8,14,2201.01,23.91,140,276,2,3,3,233,At Risk,Ayaan Choudhury,Male,33,Kolkata,West Bengal,East
CUST-01460,4,11062.6,3324.1600000000003,2023-06-02,2023-10-11,4,9,2765.65,30.05,448,579,1,1,2,112,Lost Customers,Amit Mishra,Male,44,Visakhapatnam,Andhra Pradesh,South
CUST-01461,4,6655.0,3072.73,2023-11-02,2024-09-19,4,6,1663.75,46.17,104,426,2,1,1,211,Lost Customers,Vikram Verma,Male,35,Ahmedabad,Gujarat,West
CUST-01462,6,7590.4,3107.6400000000003,2022-06-15,2024-08-20,6,6,1265.07,40.94,134,931,2,2,2,222,Lost Customers,Gaurav Kaur,Male,26,Chennai,Tamil Nadu,South
CUST-01463,8,11722.25,6221.3,2023-12-03,2024-12-28,8,10,1465.28,53.07,4,395,5,3,2,532,Potential Loyalists,Aarohi Das,Female,38,Jaipur,Rajasthan,North
CUST-01464,21,31862.7,11623.86,2022-02-26,2024-12-08,21,31,1517.27,36.48,24,1040,5,5,4,554,Champions,Deepak Sharma,Male,27,Chennai,Tamil Nadu,South
CUST-01465,5,61828.399999999994,21300.329999999998,2022-02-23,2024-01-16,5,10,12365.68,34.45,351,1043,1,1,5,115,Lost Customers,Dhruv Banerjee,Male,33,Bengaluru,Karnataka,South
CUST-01466,4,19725.3,1476.3700000000001,2022-12-21,2023-10-26,4,8,4931.32,7.48,433,742,1,1,3,113,Lost Customers,Neha Yadav,Female,51,Guwahati,Assam,East
CUST-01467,7,9944.4,2909.84,2023-02-11,2024-08-09,7,9,1420.63,29.26,145,690,2,2,2,222,Lost Customers,Krishna Patel,Male,30,Mumbai,Maharashtra,West
CUST-01468,8,23495.25,8229.56,2023-02-03,2024-11-09,8,10,2936.91,35.03,53,698,3,3,4,334,Loyal Customers,Ramesh Reddy,Male,39,Chennai,Tamil Nadu,South
CUST-01469,14,40964.25,10120.48,2023-05-24,2024-09-22,14,17,2926.02,24.71,101,588,2,4,5,245,At Risk,Kabir Mehta,Male,38,Delhi,Delhi,North
CUST-01470,9,6725.7,2907.5,2023-04-17,2024-12-28,9,11,747.3,43.23,4,625,5,3,1,531,Potential Loyalists,Atharv Rao,Male,40,Mumbai,Maharashtra,West
CUST-01471,14,22241.5,8385.52,2022-11-23,2024-11-17,13,18,1588.68,37.7,45,770,4,4,3,443,Loyal Customers,Diya Banerjee,Female,31,Delhi,Delhi,North
CUST-01472,18,40858.35,9549.93,2022-01-29,2024-12-26,17,24,2269.91,23.37,6,1068,5,5,5,555,Champions,Swati Patel,Female,41,Hyderabad,Telangana,South
CUST-01473,6,8904.1,3409.62,2024-02-18,2024-08-24,6,7,1484.02,38.29,130,318,2,2,2,222,Lost Customers,Kunal Patel,Male,49,Mumbai,Maharashtra,West
CUST-01474,19,21152.3,8239.57,2022-06-24,2024-12-21,18,28,1113.28,38.95,11,922,5,5,3,553,Loyal Customers,Dhruv Mehta,Male,41,Guwahati,Assam,East
CUST-01475,16,136696.30000000002,24627.52,2023-09-03,2024-11-09,16,21,8543.52,18.02,53,486,3,5,5,355,Loyal Customers,Anand Bhatia,Male,31,Bhopal,Madhya Pradesh,Central
CUST-01476,4,8225.7,1575.6599999999999,2023-11-19,2024-09-19,4,7,2056.43,19.16,104,409,2,1,2,212,Lost Customers,Sai Pillai,Male,28,Chennai,Tamil Nadu,South
CUST-01477,5,29199.2,10194.949999999999,2023-12-08,2024-12-17,5,9,5839.84,34.92,15,390,5,1,4,514,New Customers,Nandini Yadav,Female,45,Patna,Bihar,East
CUST-01478,15,24929.7,7660.26,2023-09-25,2024-12-27,14,26,1661.98,30.73,5,464,5,4,4,544,Champions,Shaurya Mishra,Male,33,Indore,Madhya Pradesh,Central
CUST-01479,6,11076.25,4633.79,2024-03-09,2024-09-27,6,7,1846.04,41.84,96,298,2,2,2,222,Lost Customers,Vikram Yadav,Male,32,Visakhapatnam,Andhra Pradesh,South
CUST-01480,3,3607.75,1201.5900000000001,2023-07-09,2024-10-23,3,5,1202.58,33.31,70,542,3,1,1,311,Regular Customers,Aarohi Das,Female,36,Bengaluru,Karnataka,South
CUST-01481,11,17470.35,6900.75,2023-09-05,2024-08-08,11,14,1588.21,39.5,146,484,2,4,3,243,At Risk,Deepa Shah,Female,36,Hyderabad,Telangana,South
CUST-01482,8,26022.600000000002,8996.23,2022-11-18,2024-08-19,8,13,3252.82,34.57,135,775,2,3,4,234,At Risk,Vihaan Menon,Male,26,Hyderabad,Telangana,South
CUST-01483,24,42167.15,12569.82,2024-02-17,2024-12-18,23,34,1756.96,29.81,14,319,5,5,5,555,Champions,Atharv Chatterjee,Male,27,Kochi,Kerala,South
CUST-01484,3,2773.35,1337.1599999999999,2023-01-18,2024-11-27,3,4,924.45,48.21,35,714,4,1,1,411,New Customers,Krishna Rao,Male,44,Bengaluru,Karnataka,South
CUST-01485,5,2590.35,917.23,2024-06-03,2024-11-21,5,6,518.07,35.41,41,212,4,1,1,411,New Customers,Atharv Yadav,Male,35,Bengaluru,Karnataka,South
CUST-01486,9,15704.2,5599.68,2024-01-13,2024-11-13,9,14,1744.91,35.66,49,354,3,3,3,333,Loyal Customers,Suresh Singh,Male,18,Hyderabad,Telangana,South
CUST-01487,6,8258.75,3576.3300000000004,2023-01-21,2024-06-10,6,8,1376.46,43.3,205,711,1,2,2,122,Lost Customers,Sunita Joshi,Female,32,Hyderabad,Telangana,South
CUST-01488,18,50550.3,14704.61,2023-07-06,2024-12-25,16,25,2808.35,29.09,7,545,5,5,5,555,Champions,Amit Iyer,Male,43,Nagpur,Maharashtra,West
CUST-01489,6,23140.35,8250.51,2022-08-13,2024-06-13,6,8,3856.72,35.65,202,872,1,2,4,124,Lost Customers,Dhruv Mukherjee,Male,21,Bengaluru,Karnataka,South
CUST-01490,13,23892.3,8496.08,2022-04-22,2024-09-27,13,17,1837.87,35.56,96,985,2,4,4,244,At Risk,Arjun Yadav,Male,21,Bhopal,Madhya Pradesh,Central
CUST-01492,4,11269.05,4167.599999999999,2022-11-05,2024-12-15,4,5,2817.26,36.98,17,788,5,1,2,512,New Customers,Priyanka Nair,Female,36,Delhi,Delhi,North
CUST-01493,3,9412.5,234.77000000000004,2023-01-25,2024-08-28,3,4,3137.5,2.49,126,707,2,1,2,212,Lost Customers,Meera Patel,Female,24,Nagpur,Maharashtra,West
CUST-01494,11,21085.7,6767.62,2022-07-08,2024-11-20,11,15,1916.88,32.1,42,908,4,4,3,443,Loyal Customers,Ishaan Das,Male,33,Patna,Bihar,East
CUST-01495,12,16346.65,7517.21,2023-07-03,2024-11-26,11,21,1362.22,45.99,36,548,4,4,3,443,Loyal Customers,Dhruv Shah,Male,50,Surat,Gujarat,West
CUST-01496,6,13875.2,6767.24,2024-04-20,2024-10-02,6,6,2312.53,48.77,91,256,2,2,3,223,Lost Customers,Navya Dutta,Female,33,Kochi,Kerala,South
CUST-01497,5,4215.05,1201.1599999999999,2022-04-20,2024-10-11,5,6,843.01,28.5,82,987,2,1,1,211,Lost Customers,Riya Pillai,Female,25,Bengaluru,Karnataka,South
CUST-01498,18,25949.600000000002,4691.81,2022-05-07,2024-10-27,18,21,1441.64,18.08,66,970,3,5,4,354,Loyal Customers,Aarav Bhatia,Male,23,Hyderabad,Telangana,South
CUST-01499,5,4337.85,1675.71,2022-10-05,2024-02-18,4,7,867.57,38.63,318,819,1,1,1,111,Lost Customers,Tanvi Das,Female,38,Delhi,Delhi,North
CUST-01500,9,21857.85,6737.33,2023-03-10,2024-11-30,9,15,2428.65,30.82,32,663,4,3,3,433,Loyal Customers,Dhruv Malhotra,Male,23,Kolkata,West Bengal,East
CUST-01501,15,19313.35,7608.13,2024-02-10,2024-11-30,15,21,1287.56,39.39,32,326,4,4,3,443,Loyal Customers,Nandini Iyer,Female,41,Delhi,Delhi,North
CUST-01502,14,18279.95,7364.82,2023-12-11,2024-09-07,14,23,1305.71,40.29,116,387,2,4,3,243,At Risk,Sunita Nair,Female,47,Mumbai,Maharashtra,West
CUST-01503,18,44076.15,19594.8,2022-07-09,2024-11-24,18,28,2448.68,44.46,38,907,4,5,5,455,Champions,Aditya Malhotra,Male,27,Bengaluru,Karnataka,South
CUST-01504,5,7786.7,1583.28,2023-03-17,2024-11-08,5,6,1557.34,20.33,54,656,3,1,2,312,Regular Customers,Aadhya Singh,Female,31,Nagpur,Maharashtra,West
CUST-01505,7,63955.2,5254.27,2022-08-06,2024-10-22,7,9,9136.46,8.22,71,879,3,2,5,325,Regular Customers,Ayaan Dutta,Male,39,Delhi,Delhi,North
CUST-01506,11,18707.35,6743.39,2023-12-16,2024-12-13,11,15,1700.67,36.05,19,382,5,4,3,543,Loyal Customers,Ananya Bhatia,Female,31,Mumbai,Maharashtra,West
CUST-01507,27,38514.7,12977.24,2023-01-08,2024-12-11,26,31,1426.47,33.69,21,724,5,5,4,554,Champions,Aarav Verma,Other,47,Hyderabad,Telangana,South
CUST-01508,9,61998.25,16058.03,2023-09-11,2024-11-13,9,16,6888.69,25.9,49,478,3,3,5,335,Loyal Customers,Meera Yadav,Female,26,Delhi,Delhi,North
CUST-01509,7,8345.8,3392.59,2022-07-17,2024-09-07,7,9,1192.26,40.65,116,899,2,2,2,222,Lost Customers,Gaurav Chatterjee,Male,36,Bhopal,Madhya Pradesh,Central
CUST-01510,7,4306.6,1826.3,2024-01-18,2024-09-12,7,11,615.23,42.41,111,349,2,2,1,221,Lost Customers,Arjun Das,Male,42,Hyderabad,Telangana,South
CUST-01511,10,94589.8,13277.08,2024-03-02,2024-10-31,10,11,9458.98,14.04,62,305,3,3,5,335,Loyal Customers,Ramesh Menon,Male,18,Delhi,Delhi,North
CUST-01512,7,9284.9,2948.54,2024-01-03,2024-10-25,7,7,1326.41,31.76,68,364,3,2,2,322,Regular Customers,Divya Singh,Female,47,Kochi,Kerala,South
CUST-01513,4,2165.1,1074.04,2024-01-17,2024-10-10,4,6,541.28,49.61,83,350,2,1,1,211,Lost Customers,Atharv Iyer,Male,29,Bengaluru,Karnataka,South
CUST-01514,7,25129.3,10812.14,2023-05-26,2024-12-30,7,10,3589.9,43.03,2,586,5,2,4,524,Potential Loyalists,Aditya Menon,Male,29,Ahmedabad,Gujarat,West
CUST-01515,6,12639.45,6449.69,2022-10-09,2024-10-23,6,9,2106.58,51.03,70,815,3,2,2,322,Regular Customers,Kavya Bhatia,Female,22,Kochi,Kerala,South
CUST-01516,6,13544.2,5931.05,2022-07-28,2024-03-07,6,6,2257.37,43.79,300,888,1,2,2,122,Lost Customers,Amit Pandey,Male,48,Chennai,Tamil Nadu,South
CUST-01517,15,25196.3,9699.41,2022-04-19,2024-06-08,15,20,1679.75,38.5,207,988,1,4,4,144,At Risk,Sneha Chatterjee,Female,29,Lucknow,Uttar Pradesh,North
CUST-01518,6,10782.5,2781.67,2023-09-08,2024-12-06,6,8,1797.08,25.8,26,481,4,2,2,422,Potential Loyalists,Rahul Choudhury,Male,41,Lucknow,Uttar Pradesh,North
CUST-01519,13,15861.1,5101.13,2022-09-08,2024-10-25,13,16,1220.08,32.16,68,846,3,4,3,343,Loyal Customers,Nikhil Pillai,Male,34,Bengaluru,Karnataka,South
CUST-01520,8,11671.7,2629.66,2024-01-31,2024-12-23,8,12,1458.96,22.53,9,336,5,3,2,532,Potential Loyalists,Kunal Sharma,Male,26,Mumbai,Maharashtra,West
CUST-01521,4,4233.3,1213.1200000000001,2024-03-04,2024-03-20,4,7,1058.32,28.66,287,303,1,1,1,111,Lost Customers,Kabir Tripathi,Male,27,Coimbatore,Tamil Nadu,South
CUST-01522,12,21616.949999999997,11394.66,2023-03-12,2024-10-10,12,24,1801.41,52.71,83,661,2,4,3,243,At Risk,Ayaan Saxena,Male,30,Kolkata,West Bengal,East
CUST-01523,6,13670.05,6895.82,2022-02-10,2024-09-30,6,9,2278.34,50.44,93,1056,2,2,2,222,Lost Customers,Ayaan Shah,Male,38,Delhi,Delhi,North
CUST-01524,12,8825.8,2969.23,2024-06-14,2024-12-11,12,19,735.48,33.64,21,201,5,4,2,542,Regular Customers,Isha Iyengar,Female,30,Delhi,Delhi,North
CUST-01525,12,58082.6,14193.59,2022-08-12,2024-10-01,12,15,4840.22,24.44,92,873,2,4,5,245,At Risk,Swati Shah,Female,44,Pune,Maharashtra,West
CUST-01526,7,17635.5,3021.25,2022-07-13,2024-04-07,7,10,2519.36,17.13,269,903,1,2,3,123,Lost Customers,Anjali Mishra,Female,34,Delhi,Delhi,North
CUST-01527,9,41220.9,15825.84,2022-05-03,2024-10-11,9,16,4580.1,38.39,82,974,2,3,5,235,At Risk,Gaurav Gupta,Male,30,Hyderabad,Telangana,South
CUST-01528,14,27491.899999999998,10998.61,2023-08-14,2024-12-30,14,20,1963.71,40.01,2,506,5,4,4,544,Champions,Aarohi Singh,Female,39,Hyderabad,Telangana,South
CUST-01529,11,15743.599999999999,6378.42,2024-07-01,2024-10-18,11,19,1431.24,40.51,75,184,3,4,3,343,Loyal Customers,Kavya Das,Female,39,Bhubaneswar,Odisha,East
CUST-01530,2,6972.3,1852.73,2022-11-22,2024-07-30,2,5,3486.15,26.57,155,771,2,1,1,211,Lost Customers,Shaurya Sharma,Male,49,Bengaluru,Karnataka,South
CUST-01531,20,49043.25,11732.39,2022-01-18,2024-11-20,20,32,2452.16,23.92,42,1079,4,5,5,455,Champions,Vikram Sharma,Male,41,Coimbatore,Tamil Nadu,South
CUST-01532,9,13440.7,4187.69,2022-05-14,2024-07-04,9,11,1493.41,31.16,181,963,1,3,2,132,Regular Customers,Ishaan Shah,Male,23,Hyderabad,Telangana,South
CUST-01533,2,4105.0,2120.15,2022-05-18,2024-03-20,2,2,2052.5,51.65,287,959,1,1,1,111,Lost Customers,Tanvi Sharma,Female,26,Hyderabad,Telangana,South
CUST-01534,3,12431.300000000001,4856.27,2022-11-13,2024-11-08,3,3,4143.77,39.06,54,780,3,1,2,312,Regular Customers,Saanvi Iyer,Female,18,Pune,Maharashtra,West
CUST-01535,30,66915.4,20875.899999999998,2023-10-20,2024-11-01,29,46,2230.51,31.2,61,439,3,5,5,355,Loyal Customers,Khushi Mishra,Female,27,Chennai,Tamil Nadu,South
CUST-01536,11,6500.25,2045.41,2022-12-29,2024-12-29,11,14,590.93,31.47,3,734,5,4,1,541,Regular Customers,Riya Das,Female,44,Hyderabad,Telangana,South
CUST-01537,7,7205.35,2526.32,2022-01-29,2024-11-28,7,10,1029.34,35.06,34,1068,4,2,1,421,Potential Loyalists,Deepa Choudhury,Female,34,Chandigarh,Punjab,North
CUST-01538,5,7542.8,2136.4700000000003,2022-08-03,2024-11-21,5,7,1508.56,28.32,41,882,4,1,2,412,New Customers,Sunita Nair,Female,39,Patna,Bihar,East
CUST-01539,15,22930.4,10848.029999999999,2022-06-07,2024-12-13,15,21,1528.69,47.31,19,939,5,4,4,544,Champions,Sai Mehta,Male,31,Jaipur,Rajasthan,North
CUST-01540,26,52277.45,13256.36,2022-01-01,2024-11-15,25,35,2010.67,25.36,47,1096,3,5,5,355,Loyal Customers,Siddharth Sharma,Male,26,Chandigarh,Punjab,North
CUST-01541,10,31813.5,10491.54,2023-03-04,2024-12-07,10,18,3181.35,32.98,25,669,5,3,4,534,Loyal Customers,Deepak Patel,Male,20,Chandigarh,Punjab,North
CUST-01543,8,24075.85,7088.1,2022-12-04,2024-12-07,8,12,3009.48,29.44,25,759,5,3,4,534,Loyal Customers,Anand Choudhury,Male,31,Delhi,Delhi,North
CUST-01544,10,25756.65,9856.95,2023-03-09,2024-05-18,10,22,2575.66,38.27,228,664,1,3,4,134,At Risk,Gauri Iyer,Female,51,Lucknow,Uttar Pradesh,North
CUST-01545,3,3105.0,1078.9,2022-11-04,2024-06-27,3,6,1035.0,34.75,188,789,1,1,1,111,Lost Customers,Khushi Agarwal,Female,23,Coimbatore,Tamil Nadu,South
CUST-01546,9,12100.15,4231.63,2024-02-03,2024-11-11,9,17,1344.46,34.97,51,333,3,3,2,332,Regular Customers,Tanvi Verma,Female,18,Lucknow,Uttar Pradesh,North
CUST-01547,10,61079.4,14075.02,2022-10-02,2024-12-28,10,12,6107.94,23.04,4,822,5,3,5,535,Loyal Customers,Krishna Iyer,Male,21,Delhi,Delhi,North
CUST-01548,19,17648.1,7018.9,2022-08-22,2024-11-18,18,26,928.85,39.77,44,863,4,5,3,453,Loyal Customers,Pranav Verma,Male,31,Mumbai,Maharashtra,West
CUST-01549,6,34823.85,12925.58,2023-07-05,2024-12-16,6,10,5803.98,37.12,16,546,5,2,4,524,Potential Loyalists,Isha Singh,Female,41,Kochi,Kerala,South
CUST-01550,17,36700.4,6413.73,2022-07-26,2024-11-22,17,22,2158.85,17.48,40,890,4,5,4,454,Champions,Diya Mishra,Female,19,Delhi,Delhi,North
CUST-01551,5,40960.35,8356.14,2022-05-18,2024-12-06,5,9,8192.07,20.4,26,959,4,1,5,415,New Customers,Pari Mishra,Female,49,Indore,Madhya Pradesh,Central
CUST-01552,21,31433.600000000002,13378.17,2023-09-03,2024-12-24,21,30,1496.84,42.56,8,486,5,5,4,554,Champions,Aanya Banerjee,Female,40,Pune,Maharashtra,West
CUST-01553,6,8208.7,2545.04,2022-08-12,2024-11-06,6,7,1368.12,31.0,56,873,3,2,2,322,Regular Customers,Arjun Rao,Male,26,Coimbatore,Tamil Nadu,South
CUST-01555,6,10048.8,4515.4,2023-01-26,2024-12-23,6,6,1674.8,44.93,9,706,5,2,2,522,Potential Loyalists,Sunita Singh,Female,18,Chennai,Tamil Nadu,South
CUST-01556,12,19917.15,6882.87,2024-01-11,2024-10-24,12,19,1659.76,34.56,69,356,3,4,3,343,Loyal Customers,Divya Bhatia,Female,49,Hyderabad,Telangana,South
CUST-01557,6,15998.45,3546.18,2022-07-11,2024-11-26,6,9,2666.41,22.17,36,905,4,2,3,423,Potential Loyalists,Ananya Iyer,Female,34,Patna,Bihar,East
CUST-01558,13,12349.6,4560.5599999999995,2022-12-24,2024-11-09,13,23,949.97,36.93,53,739,3,4,2,342,Regular Customers,Vikram Mishra,Male,31,Chennai,Tamil Nadu,South
CUST-01559,13,39231.55,9609.35,2022-04-30,2024-12-17,12,13,3017.81,24.49,15,977,5,4,5,545,Champions,Rohan Dutta,Male,36,Ahmedabad,Gujarat,West
CUST-01560,8,21362.35,9506.630000000001,2022-01-25,2024-11-20,8,12,2670.29,44.5,42,1072,4,3,3,433,Loyal Customers,Dhruv Rao,Male,53,Delhi,Delhi,North
CUST-01561,17,28985.9,10745.53,2023-06-25,2024-11-20,17,20,1705.05,37.07,42,556,4,5,4,454,Champions,Vivaan Iyer,Male,39,Patna,Bihar,East
CUST-01562,5,9911.0,1742.74,2023-10-02,2024-06-25,5,8,1982.2,17.58,190,457,1,1,2,112,Lost Customers,Anjali Das,Female,18,Chennai,Tamil Nadu,South
CUST-01563,7,8801.4,4233.66,2022-12-22,2024-03-27,7,12,1257.34,48.1,280,741,1,2,2,122,Lost Customers,Diya Chatterjee,Female,36,Kolkata,West Bengal,East
CUST-01564,28,58329.95,16099.71,2024-05-11,2024-12-26,28,31,2083.21,27.6,6,235,5,5,5,555,Champions,Rohan Shah,Male,34,Mumbai,Maharashtra,West
CUST-01565,11,16785.2,6229.66,2022-12-03,2024-10-01,11,14,1525.93,37.11,92,760,2,4,3,243,At Risk,Anjali Saxena,Female,28,Kolkata,West Bengal,East
CUST-01566,6,8048.900000000001,2682.44,2022-06-28,2024-11-09,6,8,1341.48,33.33,53,918,3,2,2,322,Regular Customers,Riya Joshi,Female,25,Ahmedabad,Gujarat,West
CUST-01567,1,1231.2,-6.46,2024-02-24,2024-02-24,1,1,1231.2,-0.52,312,312,1,1,1,111,Lost Customers,Rohan Sharma,Male,49,Nagpur,Maharashtra,West
CUST-01568,17,20533.25,8261.18,2022-08-20,2024-11-28,17,19,1207.84,40.23,34,865,4,5,3,453,Loyal Customers,Diya Tripathi,Female,18,Surat,Gujarat,West
CUST-01569,4,12169.900000000001,3180.01,2024-07-07,2024-10-28,4,5,3042.48,26.13,65,178,3,1,2,312,Regular Customers,Navya Choudhury,Female,18,Jaipur,Rajasthan,North
CUST-01570,13,20651.65,7721.23,2024-01-20,2024-11-16,13,20,1588.59,37.39,46,347,4,4,3,443,Loyal Customers,Tanvi Gupta,Female,37,Ahmedabad,Gujarat,West
CUST-01571,11,14075.15,5700.15,2023-10-17,2024-10-31,10,16,1279.56,40.5,62,442,3,4,3,343,Loyal Customers,Reyansh Iyengar,Male,18,Kolkata,West Bengal,East
CUST-01572,5,9025.3,3293.9000000000005,2022-08-11,2024-11-28,5,6,1805.06,36.5,34,874,4,1,2,412,New Customers,Arjun Mukherjee,Male,36,Bhopal,Madhya Pradesh,Central
CUST-01573,4,4616.25,1638.66,2022-06-06,2024-07-05,4,7,1154.06,35.5,180,940,1,1,1,111,Lost Customers,Manish Reddy,Male,31,Jaipur,Rajasthan,North
CUST-01574,11,16920.75,4617.860000000001,2022-01-13,2024-11-22,11,21,1538.25,27.29,40,1084,4,4,3,443,Loyal Customers,Rajesh Gupta,Male,23,Bengaluru,Karnataka,South
CUST-01575,5,16824.6,3663.68,2022-05-19,2024-11-11,5,6,3364.92,21.78,51,958,3,1,3,313,Regular Customers,Ananya Saxena,Female,39,Surat,Gujarat,West
CUST-01576,7,15580.900000000001,6101.54,2022-02-12,2024-11-05,7,8,2225.84,39.16,57,1054,3,2,3,323,Regular Customers,Rahul Mehta,Male,30,Hyderabad,Telangana,South
CUST-01577,18,120923.05,28344.72,2023-03-12,2024-11-30,18,30,6717.95,23.44,32,661,4,5,5,455,Champions,Divya Pandey,Female,32,Hyderabad,Telangana,South
CUST-01578,3,6104.1,2705.3599999999997,2024-04-25,2024-05-20,3,3,2034.7,44.32,226,251,1,1,1,111,Lost Customers,Pooja Mukherjee,Female,26,Mumbai,Maharashtra,West
CUST-01579,11,12174.65,3925.0299999999997,2024-06-03,2024-11-14,10,16,1106.79,32.24,48,212,3,4,2,342,Regular Customers,Navya Patel,Female,31,Mumbai,Maharashtra,West
CUST-01580,15,20893.05,6172.7,2022-03-26,2024-10-29,14,23,1392.87,29.54,64,1012,3,4,3,343,Loyal Customers,Saanvi Agarwal,Female,51,Kolkata,West Bengal,East
CUST-01581,4,1530.2,712.1,2022-04-07,2024-08-16,4,4,382.55,46.54,138,1000,2,1,1,211,Lost Customers,Pallavi Tripathi,Female,31,Chennai,Tamil Nadu,South
CUST-01582,11,29787.75,6293.17,2023-01-18,2024-11-23,11,12,2707.98,21.13,39,714,4,4,4,444,Champions,Manish Verma,Male,18,Mumbai,Maharashtra,West
CUST-01583,10,9592.65,2634.84,2023-01-28,2024-12-09,10,11,959.26,27.47,23,704,5,3,2,532,Potential Loyalists,Nandini Pillai,Female,25,Kolkata,West Bengal,East
CUST-01584,1,436.0,95.36,2024-07-08,2024-07-08,1,4,436.0,21.87,177,177,1,1,1,111,Lost Customers,Aanya Pandey,Female,26,Mumbai,Maharashtra,West
CUST-01585,9,13478.55,5724.28,2022-10-26,2024-09-06,9,12,1497.62,42.47,117,798,2,3,2,232,Regular Customers,Aanya Dutta,Female,45,Bengaluru,Karnataka,South
CUST-01586,6,18775.4,2112.7400000000002,2023-12-02,2024-09-28,6,6,3129.23,11.25,95,396,2,2,3,223,Lost Customers,Aditya Mehta,Male,30,Mumbai,Maharashtra,West
CUST-01587,8,26691.800000000003,13509.21,2024-01-02,2024-05-20,8,16,3336.48,50.61,226,365,1,3,4,134,At Risk,Anand Patel,Male,51,Hyderabad,Telangana,South
CUST-01588,18,25024.1,9475.92,2022-06-02,2024-12-19,18,20,1390.23,37.87,13,944,5,5,4,554,Champions,Reyansh Iyengar,Male,53,Mumbai,Maharashtra,West
CUST-01589,10,12923.05,5460.93,2024-03-02,2024-11-26,10,11,1292.3,42.26,36,305,4,3,2,432,Potential Loyalists,Sai Chatterjee,Male,35,Nagpur,Maharashtra,West
CUST-01590,6,10031.6,3411.34,2024-04-02,2024-10-10,6,8,1671.93,34.01,83,274,2,2,2,222,Lost Customers,Aarohi Choudhury,Female,29,Patna,Bihar,East
CUST-01591,17,80173.15,16853.66,2023-05-26,2024-10-09,17,23,4716.07,21.02,84,586,2,5,5,255,At Risk,Riya Das,Female,21,Ahmedabad,Gujarat,West
CUST-01592,4,3776.8,362.15000000000003,2022-08-07,2024-10-12,4,7,944.2,9.59,81,878,2,1,1,211,Lost Customers,Sai Mishra,Male,43,Kolkata,West Bengal,East
CUST-01593,5,6754.2,2357.67,2022-09-01,2024-12-06,5,7,1350.84,34.91,26,853,4,1,1,411,New Customers,Pooja Reddy,Female,22,Surat,Gujarat,West
CUST-01594,12,14950.0,4823.67,2022-12-26,2024-12-30,12,13,1245.83,32.27,2,737,5,4,3,543,Loyal Customers,Ramesh Menon,Male,20,Kolkata,West Bengal,East
CUST-01596,18,54282.2,12985.82,2022-10-28,2024-11-21,18,26,3015.68,23.92,41,796,4,5,5,455,Champions,Manish Pillai,Male,57,Patna,Bihar,East
CUST-01597,5,6740.05,1293.65,2022-03-17,2023-11-06,5,8,1348.01,19.19,422,1021,1,1,1,111,Lost Customers,Priyanka Chatterjee,Female,22,Mumbai,Maharashtra,West
CUST-01598,5,14623.25,7626.16,2022-06-07,2024-09-10,5,8,2924.65,52.15,113,939,2,1,3,213,Lost Customers,Anjali Agarwal,Female,33,Hyderabad,Telangana,South
CUST-01599,5,4374.0,1166.46,2023-04-06,2024-07-28,5,8,874.8,26.67,157,636,2,1,1,211,Lost Customers,Riya Menon,Female,35,Surat,Gujarat,West
CUST-01600,4,1255.3999999999999,286.83000000000004,2024-05-11,2024-09-21,3,4,313.85,22.85,102,235,2,1,1,211,Lost Customers,Aanya Joshi,Female,27,Delhi,Delhi,North
CUST-01601,7,16625.8,4949.48,2022-10-05,2024-10-12,7,13,2375.11,29.77,81,819,2,2,3,223,Lost Customers,Ananya Tripathi,Female,27,Bhubaneswar,Odisha,East
CUST-01602,3,12294.0,2823.27,2023-06-21,2024-11-15,3,9,4098.0,22.96,47,560,3,1,2,312,Regular Customers,Isha Mehta,Female,48,Coimbatore,Tamil Nadu,South
CUST-01603,21,67644.5,18318.41,2022-08-03,2024-11-19,21,28,3221.17,27.08,43,882,4,5,5,455,Champions,Deepa Das,Female,28,Delhi,Delhi,North
CUST-01604,17,52870.7,15976.1,2024-03-17,2024-11-13,17,27,3110.04,30.22,49,290,3,5,5,355,Loyal Customers,Pooja Chatterjee,Female,24,Indore,Madhya Pradesh,Central
CUST-01605,6,20101.15,5260.77,2022-01-01,2024-12-14,6,8,3350.19,26.17,18,1096,5,2,3,523,Potential Loyalists,Ananya Malhotra,Female,22,Indore,Madhya Pradesh,Central
CUST-01606,4,1938.0,786.03,2022-07-01,2023-06-17,4,8,484.5,40.56,564,915,1,1,1,111,Lost Customers,Arjun Bhatia,Male,26,Delhi,Delhi,North
CUST-01607,6,8035.35,2752.6400000000003,2022-05-17,2024-08-20,6,9,1339.22,34.26,134,960,2,2,2,222,Lost Customers,Priyanka Patel,Female,31,Chennai,Tamil Nadu,South
CUST-01608,7,18240.75,11081.65,2024-03-18,2024-07-15,7,8,2605.82,60.75,170,289,1,2,3,123,Lost Customers,Ishaan Gupta,Male,30,Visakhapatnam,Andhra Pradesh,South
CUST-01609,15,43726.8,14464.63,2022-06-20,2024-11-06,15,24,2915.12,33.08,56,926,3,4,5,345,Loyal Customers,Varun Mehta,Male,29,Indore,Madhya Pradesh,Central
CUST-01610,7,11043.35,4327.87,2022-02-16,2024-10-17,7,10,1577.62,39.19,76,1050,2,2,2,222,Lost Customers,Kunal Iyer,Male,29,Pune,Maharashtra,West
CUST-01611,11,27239.0,10642.03,2024-03-28,2024-09-19,11,14,2476.27,39.07,104,279,2,4,4,244,At Risk,Pranav Das,Male,32,Kochi,Kerala,South
CUST-01612,7,5911.1,2242.54,2022-09-10,2024-11-24,7,7,844.44,37.94,38,844,4,2,1,421,Potential Loyalists,Aarohi Mukherjee,Female,27,Mumbai,Maharashtra,West
CUST-01613,6,27531.55,540.27,2023-02-28,2024-12-08,6,7,4588.59,1.96,24,673,5,2,4,524,Potential Loyalists,Anita Banerjee,Female,30,Kochi,Kerala,South
CUST-01614,7,17955.8,4559.08,2022-12-06,2024-11-19,6,8,2565.11,25.39,43,757,4,2,3,423,Potential Loyalists,Vivaan Agarwal,Male,41,Surat,Gujarat,West
CUST-01615,26,50170.2,19619.87,2023-05-08,2024-12-30,25,33,1929.62,39.11,2,604,5,5,5,555,Champions,Deepa Pillai,Female,34,Hyderabad,Telangana,South
CUST-01616,13,60075.35,13255.92,2022-04-22,2024-06-26,12,22,4621.18,22.07,189,985,1,4,5,145,At Risk,Aarohi Yadav,Female,37,Bengaluru,Karnataka,South
CUST-01617,12,44392.2,9898.03,2022-10-17,2024-11-05,12,14,3699.35,22.3,57,807,3,4,5,345,Loyal Customers,Gaurav Mukherjee,Male,44,Surat,Gujarat,West
CUST-01618,5,36407.3,14280.099999999999,2022-12-01,2024-10-13,5,9,7281.46,39.22,80,762,2,1,4,214,Lost Customers,Manish Nair,Male,41,Bhopal,Madhya Pradesh,Central
CUST-01619,15,60327.1,12874.33,2024-01-15,2024-11-12,15,21,4021.81,21.34,50,352,3,4,5,345,Loyal Customers,Aanya Reddy,Female,31,Bengaluru,Karnataka,South
CUST-01620,4,6488.0,3171.28,2022-09-22,2024-06-17,4,6,1622.0,48.88,198,832,1,1,1,111,Lost Customers,Shaurya Iyengar,Male,26,Visakhapatnam,Andhra Pradesh,South
CUST-01622,5,10673.15,4699.5,2024-03-26,2024-04-20,5,6,2134.63,44.03,256,281,1,1,2,112,Lost Customers,Sunita Mukherjee,Female,27,Delhi,Delhi,North
CUST-01623,6,9690.2,3506.82,2022-08-21,2024-05-10,6,8,1615.03,36.19,236,864,1,2,2,122,Lost Customers,Isha Pillai,Female,25,Indore,Madhya Pradesh,Central
CUST-01624,9,8493.05,3192.92,2022-11-22,2024-10-10,9,13,943.67,37.59,83,771,2,3,2,232,Regular Customers,Arjun Bhatia,Male,20,Ahmedabad,Gujarat,West
CUST-01625,5,7793.5,4062.7000000000003,2022-02-05,2024-11-23,5,5,1558.7,52.13,39,1061,4,1,2,412,New Customers,Suresh Dutta,Male,23,Mumbai,Maharashtra,West
CUST-01626,7,32451.45,4721.63,2023-04-01,2024-08-09,7,15,4635.92,14.55,145,641,2,2,4,224,Lost Customers,Krishna Gupta,Male,41,Chennai,Tamil Nadu,South
CUST-01627,7,15547.3,4221.58,2022-04-20,2024-11-01,7,8,2221.04,27.15,61,987,3,2,3,323,Regular Customers,Nikhil Das,Male,20,Mumbai,Maharashtra,West
CUST-01628,7,18440.6,7852.26,2022-10-04,2024-11-12,7,8,2634.37,42.58,50,820,3,2,3,323,Regular Customers,Sneha Chatterjee,Female,18,Bhubaneswar,Odisha,East
CUST-01629,15,30925.5,11041.78,2022-03-05,2024-11-22,15,28,2061.7,35.7,40,1033,4,4,4,444,Champions,Manish Banerjee,Male,51,Chennai,Tamil Nadu,South
CUST-01630,5,22435.2,9459.759999999998,2022-11-22,2024-12-08,5,11,4487.04,42.16,24,771,5,1,3,513,New Customers,Tanvi Iyengar,Female,44,Chennai,Tamil Nadu,South
CUST-01631,4,13477.999999999998,4396.139999999999,2023-06-05,2024-05-21,4,4,3369.5,32.62,225,576,1,1,2,112,Lost Customers,Krishna Choudhury,Male,29,Hyderabad,Telangana,South
CUST-01632,8,10465.6,3757.54,2022-04-04,2024-10-27,8,12,1308.2,35.9,66,1003,3,3,2,332,Regular Customers,Pallavi Banerjee,Female,34,Chennai,Tamil Nadu,South
CUST-01633,6,5727.8,2494.47,2023-01-30,2024-12-05,6,6,954.63,43.55,27,702,4,2,1,421,Potential Loyalists,Kabir Pillai,Male,35,Pune,Maharashtra,West
CUST-01634,15,18877.3,6549.26,2024-05-02,2024-11-28,15,26,1258.49,34.69,34,244,4,4,3,443,Loyal Customers,Meera Rao,Female,38,Patna,Bihar,East
CUST-01635,21,31826.05,6799.9,2022-01-06,2024-11-18,19,30,1515.53,21.37,44,1091,4,5,4,454,Champions,Nikhil Joshi,Male,18,Nagpur,Maharashtra,West
CUST-01636,11,11790.35,4565.3,2023-07-11,2024-08-12,11,13,1071.85,38.72,142,540,2,4,2,242,Regular Customers,Neha Pandey,Female,27,Mumbai,Maharashtra,West
CUST-01637,4,1819.6,610.99,2022-05-06,2024-12-28,4,6,454.9,33.58,4,971,5,1,1,511,New Customers,Riya Verma,Female,24,Pune,Maharashtra,West
CUST-01638,8,15910.55,4553.85,2022-02-12,2024-08-20,8,10,1988.82,28.62,134,1054,2,3,3,233,At Risk,Atharv Bhatia,Male,32,Bhubaneswar,Odisha,East
CUST-01639,13,121624.0,27934.1,2024-06-26,2024-10-11,13,17,9355.69,22.97,82,189,2,4,5,245,At Risk,Vivaan Patel,Male,35,Mumbai,Maharashtra,West
CUST-01640,5,3054.6,1528.46,2023-03-04,2024-10-19,5,6,610.92,50.04,74,669,3,1,1,311,Regular Customers,Rekha Pandey,Female,46,Kolkata,West Bengal,East
CUST-01641,3,2774.55,1155.3899999999999,2022-11-27,2024-07-20,3,4,924.85,41.64,165,766,2,1,1,211,Lost Customers,Deepak Mishra,Male,45,Bengaluru,Karnataka,South
CUST-01642,8,18043.25,6111.33,2022-11-23,2024-12-26,8,10,2255.41,33.87,6,770,5,3,3,533,Loyal Customers,Rahul Sharma,Male,31,Delhi,Delhi,North
CUST-01643,5,4052.25,759.2,2022-10-20,2024-11-09,5,8,810.45,18.74,53,804,3,1,1,311,Regular Customers,Vikram Mehta,Male,31,Delhi,Delhi,North
CUST-01644,8,16692.95,5184.05,2024-02-01,2024-11-07,8,15,2086.62,31.06,55,335,3,3,3,333,Loyal Customers,Nikhil Shah,Male,49,Hyderabad,Telangana,South
CUST-01645,4,16446.05,3714.7500000000005,2022-12-20,2024-11-08,4,7,4111.51,22.59,54,743,3,1,3,313,Regular Customers,Tanvi Bhatia,Female,18,Coimbatore,Tamil Nadu,South
CUST-01646,10,24537.7,9056.04,2024-01-04,2024-11-20,10,18,2453.77,36.91,42,363,4,3,4,434,Loyal Customers,Pranav Kaur,Male,32,Lucknow,Uttar Pradesh,North
CUST-01647,8,4821.8,1413.42,2023-01-23,2024-10-13,8,14,602.72,29.31,80,709,2,3,1,231,Regular Customers,Sai Verma,Other,22,Delhi,Delhi,North
CUST-01648,7,22421.55,9151.8,2022-08-09,2023-09-05,7,9,3203.08,40.82,484,876,1,2,3,123,Lost Customers,Deepak Mukherjee,Male,43,Mumbai,Maharashtra,West
CUST-01649,2,904.15,122.16,2023-09-15,2023-10-06,2,3,452.08,13.51,453,474,1,1,1,111,Lost Customers,Divya Sharma,Female,31,Ahmedabad,Gujarat,West
CUST-01650,27,157268.75,35498.3,2023-01-11,2024-12-29,25,35,5824.77,22.57,3,721,5,5,5,555,Champions,Krishna Kaur,Male,20,Mumbai,Maharashtra,West
CUST-01651,8,22839.65,4701.7300000000005,2023-03-11,2024-10-06,8,9,2854.96,20.59,87,662,2,3,3,233,At Risk,Saanvi Joshi,Female,31,Pune,Maharashtra,West
CUST-01652,22,29350.850000000002,8935.14,2022-03-09,2024-11-30,22,29,1334.13,30.44,32,1029,4,5,4,454,Champions,Dhruv Iyengar,Male,43,Hyderabad,Telangana,South
CUST-01653,3,23931.3,3300.48,2024-05-09,2024-11-08,3,7,7977.1,13.79,54,237,3,1,4,314,Regular Customers,Sneha Yadav,Female,29,Ahmedabad,Gujarat,West
CUST-01654,20,21745.5,6551.54,2023-10-24,2024-12-22,18,23,1087.28,30.13,10,435,5,5,3,553,Loyal Customers,Diya Mehta,Female,41,Nagpur,Maharashtra,West
CUST-01655,4,6609.4,2951.74,2022-05-21,2024-10-27,4,5,1652.35,44.66,66,956,3,1,1,311,Regular Customers,Vikram Agarwal,Male,18,Nagpur,Maharashtra,West
CUST-01656,4,10372.4,3822.6500000000005,2023-02-24,2023-12-30,4,6,2593.1,36.85,368,677,1,1,2,112,Lost Customers,Varun Iyengar,Male,28,Pune,Maharashtra,West
CUST-01657,8,22325.8,8589.7,2022-04-18,2024-10-02,8,13,2790.72,38.47,91,989,2,3,3,233,At Risk,Dhruv Dutta,Male,25,Guwahati,Assam,East
CUST-01658,12,17279.05,5371.030000000001,2023-01-02,2024-12-26,12,15,1439.92,31.08,6,730,5,4,3,543,Loyal Customers,Rajesh Rao,Male,18,Pune,Maharashtra,West
CUST-01659,17,37978.55,14372.67,2022-07-21,2024-11-15,17,22,2234.03,37.84,47,895,3,5,4,354,Loyal Customers,Ayaan Iyengar,Male,30,Kolkata,West Bengal,East
CUST-01660,25,49542.35,18648.04,2023-03-09,2024-11-29,25,42,1981.69,37.64,33,664,4,5,5,455,Champions,Manish Shah,Male,20,Bengaluru,Karnataka,South
CUST-01661,17,85195.15,27070.38,2024-02-14,2024-10-06,17,23,5011.48,31.77,87,322,2,5,5,255,At Risk,Siddharth Sharma,Male,31,Pune,Maharashtra,West
CUST-01662,19,47986.35,16774.03,2022-12-05,2024-12-13,19,21,2525.6,34.96,19,758,5,5,5,555,Champions,Isha Bhatia,Female,37,Mumbai,Maharashtra,West
CUST-01663,9,8556.6,2507.51,2024-04-05,2024-12-14,9,15,950.73,29.3,18,271,5,3,2,532,Potential Loyalists,Swati Bhatia,Female,29,Bengaluru,Karnataka,South
CUST-01664,27,63286.65,17155.84,2024-06-12,2024-12-15,26,42,2343.95,27.11,17,203,5,5,5,555,Champions,Amit Kaur,Male,33,Lucknow,Uttar Pradesh,North
CUST-01665,7,13188.5,4745.62,2023-05-25,2024-09-12,7,10,1884.07,35.98,111,587,2,2,2,222,Lost Customers,Swati Patel,Female,54,Hyderabad,Telangana,South
CUST-01666,27,39782.85,16008.72,2022-10-08,2024-11-21,24,44,1473.44,40.24,41,816,4,5,5,455,Champions,Arjun Pillai,Male,58,Visakhapatnam,Andhra Pradesh,South
CUST-01667,3,3192.15,941.91,2024-01-25,2024-04-06,3,3,1064.05,29.51,270,342,1,1,1,111,Lost Customers,Meera Menon,Female,60,Delhi,Delhi,North
CUST-01668,3,7994.0,2838.65,2024-04-14,2024-10-16,3,6,2664.67,35.51,77,262,2,1,2,212,Lost Customers,Divya Bhatia,Female,32,Lucknow,Uttar Pradesh,North
CUST-01669,3,6679.6,1628.8600000000001,2022-08-20,2024-04-12,3,4,2226.53,24.39,264,865,1,1,1,111,Lost Customers,Anita Mehta,Female,47,Delhi,Delhi,North
CUST-01670,29,52091.9,19559.85,2023-12-10,2024-11-16,29,33,1796.27,37.55,46,388,4,5,5,455,Champions,Deepak Tripathi,Male,26,Hyderabad,Telangana,South
CUST-01671,13,65226.4,23084.54,2022-01-01,2024-11-22,13,24,5017.42,35.39,40,1096,4,4,5,445,Champions,Kabir Agarwal,Male,32,Bhopal,Madhya Pradesh,Central
CUST-01672,8,21794.649999999998,8009.71,2022-03-10,2024-11-13,8,14,2724.33,36.75,49,1028,3,3,3,333,Loyal Customers,Priyanka Agarwal,Female,49,Hyderabad,Telangana,South
CUST-01673,6,12902.35,3242.58,2023-06-07,2024-12-06,6,10,2150.39,25.13,26,574,4,2,2,422,Potential Loyalists,Anjali Chatterjee,Female,24,Kolkata,West Bengal,East
CUST-01674,19,107521.2,30151.829999999998,2022-02-02,2024-11-08,19,29,5659.01,28.04,54,1064,3,5,5,355,Loyal Customers,Siddharth Tripathi,Male,25,Mumbai,Maharashtra,West
CUST-01675,28,71606.0,25051.79,2023-04-30,2024-11-04,28,41,2557.36,34.99,58,612,3,5,5,355,Loyal Customers,Sunita Reddy,Female,18,Nagpur,Maharashtra,West
CUST-01676,4,12486.849999999999,4479.07,2022-07-26,2024-02-14,4,6,3121.71,35.87,322,890,1,1,2,112,Lost Customers,Khushi Menon,Female,39,Patna,Bihar,East
CUST-01677,2,538.0,265.61,2023-08-26,2024-11-21,2,2,269.0,49.37,41,494,4,1,1,411,New Customers,Reyansh Malhotra,Male,44,Pune,Maharashtra,West
CUST-01678,3,5768.0,3069.9300000000003,2024-06-26,2024-07-01,3,3,1922.67,53.22,184,189,1,1,1,111,Lost Customers,Sunita Mukherjee,Female,35,Hyderabad,Telangana,South
CUST-01679,11,13138.550000000001,4709.73,2022-05-12,2024-11-22,11,16,1194.41,35.85,40,965,4,4,2,442,Regular Customers,Suresh Mukherjee,Male,18,Patna,Bihar,East
CUST-01680,6,10393.35,3787.93,2023-01-30,2024-12-17,6,9,1732.22,36.45,15,702,5,2,2,522,Potential Loyalists,Ayaan Kaur,Male,23,Nagpur,Maharashtra,West
CUST-01681,4,4292.05,1509.35,2023-09-11,2024-06-23,4,5,1073.01,35.17,192,478,1,1,1,111,Lost Customers,Shreya Choudhury,Female,24,Coimbatore,Tamil Nadu,South
CUST-01682,13,26418.600000000002,7798.259999999999,2023-08-23,2024-11-24,13,16,2032.2,29.52,38,497,4,4,4,444,Champions,Rekha Mukherjee,Female,19,Chennai,Tamil Nadu,South
CUST-01683,5,7118.05,2780.83,2023-03-09,2024-10-15,5,9,1423.61,39.07,78,664,2,1,1,211,Lost Customers,Atharv Saxena,Male,54,Bengaluru,Karnataka,South
CUST-01684,7,8100.3,3498.59,2022-05-11,2023-10-26,7,9,1157.19,43.19,433,966,1,2,2,122,Lost Customers,Ananya Saxena,Female,35,Mumbai,Maharashtra,West
CUST-01685,25,89596.1,14131.28,2022-02-13,2024-12-22,23,38,3583.84,15.77,10,1053,5,5,5,555,Champions,Kabir Choudhury,Male,18,Bengaluru,Karnataka,South
CUST-01686,11,19631.9,5512.42,2022-07-08,2024-12-05,11,13,1784.72,28.08,27,908,4,4,3,443,Loyal Customers,Kabir Patel,Male,19,Bengaluru,Karnataka,South
CUST-01687,28,65584.65,21512.16,2023-06-30,2024-12-19,27,41,2342.31,32.8,13,551,5,5,5,555,Champions,Aditya Saxena,Male,18,Pune,Maharashtra,West
CUST-01688,28,69441.15,26884.850000000002,2022-11-03,2024-12-26,25,35,2480.04,38.72,6,790,5,5,5,555,Champions,Rahul Das,Other,18,Bengaluru,Karnataka,South
CUST-01689,6,4879.2,1887.41,2023-05-28,2024-10-05,6,7,813.2,38.68,88,584,2,2,1,221,Lost Customers,Nandini Patel,Female,41,Mumbai,Maharashtra,West
CUST-01690,14,31382.9,9662.630000000001,2023-02-21,2024-11-27,13,20,2241.64,30.79,35,680,4,4,4,444,Champions,Aanya Mukherjee,Female,49,Mumbai,Maharashtra,West
CUST-01691,10,17670.35,7084.35,2024-03-20,2024-04-22,10,16,1767.04,40.09,254,287,1,3,3,133,At Risk,Pari Mukherjee,Female,23,Patna,Bihar,East
CUST-01692,5,12107.75,5261.86,2022-07-23,2024-12-16,5,7,2421.55,43.46,16,893,5,1,2,512,New Customers,Amit Singh,Male,40,Patna,Bihar,East
CUST-01693,22,31639.8,11270.16,2022-05-22,2024-12-02,18,34,1438.17,35.62,30,955,4,5,4,454,Champions,Rohan Menon,Male,28,Nagpur,Maharashtra,West
CUST-01694,6,13728.95,5205.23,2024-01-14,2024-11-23,6,8,2288.16,37.91,39,353,4,2,2,422,Potential Loyalists,Ayaan Iyengar,Male,29,Delhi,Delhi,North
CUST-01695,6,15935.05,2407.8900000000003,2024-02-26,2024-10-12,6,6,2655.84,15.11,81,310,2,2,3,223,Lost Customers,Anand Verma,Male,41,Delhi,Delhi,North
CUST-01696,7,109705.79999999999,19022.569999999996,2022-04-18,2024-12-02,7,10,15672.26,17.34,30,989,4,2,5,425,Potential Loyalists,Nikhil Singh,Male,57,Bengaluru,Karnataka,South
CUST-01697,18,67390.95,16010.060000000001,2022-09-20,2024-11-22,18,26,3743.94,23.76,40,834,4,5,5,455,Champions,Rohan Nair,Male,51,Delhi,Delhi,North
CUST-01698,7,9754.699999999999,3852.5,2022-02-21,2024-03-06,6,10,1393.53,39.49,301,1045,1,2,2,122,Lost Customers,Ishaan Menon,Male,25,Hyderabad,Telangana,South
CUST-01699,14,12034.35,3773.74,2022-01-16,2024-10-22,14,19,859.6,31.36,71,1081,3,4,2,342,Regular Customers,Neha Agarwal,Female,20,Kolkata,West Bengal,East
CUST-01700,11,13248.85,5595.62,2023-08-13,2024-12-28,11,15,1204.44,42.23,4,507,5,4,2,542,Regular Customers,Nandini Bhatia,Female,23,Patna,Bihar,East
CUST-01701,3,1296.8,357.81,2023-11-13,2024-11-10,3,3,432.27,27.59,52,415,3,1,1,311,Regular Customers,Riya Gupta,Female,48,Bengaluru,Karnataka,South
CUST-01702,5,8808.55,1119.09,2024-02-01,2024-02-18,5,9,1761.71,12.7,318,335,1,1,2,112,Lost Customers,Nikhil Banerjee,Male,21,Lucknow,Uttar Pradesh,North
CUST-01703,8,14185.85,4931.73,2023-07-20,2024-11-13,8,12,1773.23,34.77,49,531,3,3,3,333,Loyal Customers,Kabir Reddy,Male,18,Lucknow,Uttar Pradesh,North
CUST-01704,25,56559.95,16616.11,2022-03-04,2024-12-21,24,43,2262.4,29.38,11,1034,5,5,5,555,Champions,Riya Banerjee,Female,22,Bengaluru,Karnataka,South
CUST-01705,15,42582.4,9982.300000000001,2022-11-15,2024-10-04,14,20,2838.83,23.44,89,778,2,4,5,245,At Risk,Aadhya Shah,Female,27,Chandigarh,Punjab,North
CUST-01706,24,70150.45,24610.23,2022-01-02,2024-10-30,23,37,2922.94,35.08,63,1095,3,5,5,355,Loyal Customers,Pallavi Das,Female,18,Visakhapatnam,Andhra Pradesh,South
CUST-01707,14,20952.05,6898.54,2022-03-21,2024-11-16,13,21,1496.58,32.93,46,1017,4,4,3,443,Loyal Customers,Vihaan Gupta,Male,44,Coimbatore,Tamil Nadu,South
CUST-01708,7,51083.450000000004,5212.41,2022-07-23,2024-11-18,7,10,7297.64,10.2,44,893,4,2,5,425,Potential Loyalists,Manish Rao,Male,50,Chandigarh,Punjab,North
CUST-01709,17,31791.2,11513.99,2023-11-18,2024-11-05,17,24,1870.07,36.22,57,410,3,5,4,354,Loyal Customers,Pari Dutta,Female,30,Hyderabad,Telangana,South
CUST-01710,3,4169.55,1371.9,2024-02-19,2024-02-27,3,3,1389.85,32.9,309,317,1,1,1,111,Lost Customers,Diya Nair,Female,18,Bhubaneswar,Odisha,East
CUST-01711,7,12350.4,3937.81,2022-11-20,2024-10-29,7,10,1764.34,31.88,64,773,3,2,2,322,Regular Customers,Sunita Saxena,Female,36,Mumbai,Maharashtra,West
CUST-01712,6,7824.950000000001,2483.53,2022-01-10,2024-10-25,6,7,1304.16,31.74,68,1087,3,2,2,322,Regular Customers,Rajesh Yadav,Male,58,Kolkata,West Bengal,East
CUST-01713,10,14871.15,3499.3799999999997,2022-05-12,2024-11-25,10,11,1487.12,23.53,37,965,4,3,3,433,Loyal Customers,Arjun Saxena,Male,33,Bengaluru,Karnataka,South
CUST-01714,13,61478.6,15646.720000000001,2023-07-06,2024-10-17,12,22,4729.12,25.45,76,545,2,4,5,245,At Risk,Ishaan Dutta,Male,18,Chennai,Tamil Nadu,South
CUST-01715,24,63040.25,21404.940000000002,2022-02-12,2024-12-15,22,29,2626.68,33.95,17,1054,5,5,5,555,Champions,Sai Malhotra,Male,26,Indore,Madhya Pradesh,Central
CUST-01716,4,8241.25,2399.9900000000002,2022-07-11,2024-03-20,4,6,2060.31,29.12,287,905,1,1,2,112,Lost Customers,Saanvi Mukherjee,Female,36,Indore,Madhya Pradesh,Central
CUST-01717,9,55532.15,16927.34,2023-10-20,2024-11-29,9,16,6170.24,30.48,33,439,4,3,5,435,Loyal Customers,Rahul Yadav,Male,44,Pune,Maharashtra,West
CUST-01718,6,36567.9,5184.39,2023-10-25,2024-11-24,6,9,6094.65,14.18,38,434,4,2,4,424,Potential Loyalists,Saanvi Mukherjee,Female,37,Chennai,Tamil Nadu,South
CUST-01719,6,12326.95,3122.3199999999997,2023-09-07,2024-10-21,6,7,2054.49,25.33,72,482,3,2,2,322,Regular Customers,Priyanka Kaur,Female,34,Mumbai,Maharashtra,West
CUST-01720,15,29232.6,8205.37,2024-05-17,2024-10-29,15,20,1948.84,28.07,64,229,3,4,4,344,Loyal Customers,Rohan Gupta,Male,29,Bengaluru,Karnataka,South
CUST-01721,5,4718.45,1816.99,2024-01-27,2024-02-21,5,10,943.69,38.51,315,340,1,1,1,111,Lost Customers,Isha Tripathi,Female,37,Bhopal,Madhya Pradesh,Central
CUST-01722,5,7158.35,3096.5,2022-12-10,2024-12-31,5,7,1431.67,43.26,1,753,5,1,1,511,New Customers,Manish Chatterjee,Male,24,Mumbai,Maharashtra,West
CUST-01723,4,4841.2,1287.41,2022-12-22,2023-05-01,4,5,1210.3,26.59,611,741,1,1,1,111,Lost Customers,Arjun Verma,Male,33,Chennai,Tamil Nadu,South
CUST-01724,14,77537.35,26116.039999999997,2024-03-30,2024-07-07,14,24,5538.38,33.68,178,277,1,4,5,145,At Risk,Gaurav Verma,Male,44,Jaipur,Rajasthan,North
CUST-01725,9,118710.29999999999,3796.02,2022-06-23,2024-10-05,9,14,13190.03,3.2,88,923,2,3,5,235,At Risk,Khushi Reddy,Female,37,Mumbai,Maharashtra,West
CUST-01726,17,37790.8,18019.91,2022-05-31,2024-11-28,17,26,2222.99,47.68,34,946,4,5,4,454,Champions,Kabir Saxena,Male,45,Mumbai,Maharashtra,West
CUST-01727,12,35029.2,14088.69,2024-05-07,2024-11-24,12,17,2919.1,40.22,38,239,4,4,4,444,Champions,Ramesh Kaur,Male,28,Hyderabad,Telangana,South
CUST-01728,16,37098.4,16071.470000000001,2023-07-23,2024-11-11,16,25,2318.65,43.32,51,528,3,5,4,354,Loyal Customers,Anjali Saxena,Female,26,Ahmedabad,Gujarat,West
CUST-01729,6,9415.65,3926.28,2022-04-30,2024-11-28,6,7,1569.28,41.7,34,977,4,2,2,422,Potential Loyalists,Navya Agarwal,Female,26,Chandigarh,Punjab,North
CUST-01730,24,30850.05,9726.51,2023-01-30,2024-11-11,22,33,1285.42,31.53,51,702,3,5,4,354,Loyal Customers,Ishaan Reddy,Male,36,Ahmedabad,Gujarat,West
CUST-01731,13,41874.85,18149.62,2023-05-29,2024-11-01,13,23,3221.14,43.34,61,583,3,4,5,345,Loyal Customers,Siddharth Gupta,Male,36,Mumbai,Maharashtra,West
CUST-01732,3,4298.25,945.1899999999999,2023-08-24,2024-06-02,3,3,1432.75,21.99,213,496,1,1,1,111,Lost Customers,Aadhya Joshi,Female,31,Chandigarh,Punjab,North
CUST-01733,4,5876.1,2201.62,2023-02-01,2024-08-22,4,5,1469.02,37.47,132,700,2,1,1,211,Lost Customers,Shreya Yadav,Female,47,Delhi,Delhi,North
CUST-01734,5,21716.65,4058.2200000000003,2022-04-25,2024-11-06,5,6,4343.33,18.69,56,982,3,1,3,313,Regular Customers,Prisha Iyengar,Female,47,Visakhapatnam,Andhra Pradesh,South
CUST-01735,15,24353.95,8079.51,2022-02-12,2024-11-30,15,21,1623.6,33.18,32,1054,4,4,4,444,Champions,Neha Verma,Female,27,Hyderabad,Telangana,South
CUST-01736,2,2117.1,486.65,2022-12-07,2024-05-05,2,2,1058.55,22.99,241,756,1,1,1,111,Lost Customers,Divya Iyengar,Female,32,Lucknow,Uttar Pradesh,North
CUST-01737,9,22592.45,9478.44,2022-09-06,2024-11-09,9,12,2510.27,41.95,53,848,3,3,3,333,Loyal Customers,Deepak Mukherjee,Male,31,Chennai,Tamil Nadu,South
CUST-01738,9,9821.9,3510.29,2022-07-10,2024-10-24,9,12,1091.32,35.74,69,906,3,3,2,332,Regular Customers,Rekha Reddy,Female,26,Ahmedabad,Gujarat,West
CUST-01739,16,157516.15,26743.07,2022-01-27,2024-10-23,15,31,9844.76,16.98,70,1070,3,5,5,355,Loyal Customers,Ramesh Rao,Male,24,Visakhapatnam,Andhra Pradesh,South
CUST-01740,14,25914.65,8966.77,2023-10-22,2024-12-10,14,22,1851.05,34.6,22,437,5,4,4,544,Champions,Rahul Iyengar,Male,33,Kolkata,West Bengal,East
CUST-01741,9,13914.4,5196.31,2024-06-03,2024-06-23,9,14,1546.04,37.34,192,212,1,3,3,133,At Risk,Sai Tripathi,Male,45,Lucknow,Uttar Pradesh,North
CUST-01743,16,26508.75,11598.09,2022-05-23,2024-11-21,16,23,1656.8,43.75,41,954,4,5,4,454,Champions,Rohan Singh,Male,29,Ahmedabad,Gujarat,West
CUST-01744,18,27862.649999999998,10719.880000000001,2024-06-15,2024-11-09,18,27,1547.92,38.47,53,200,3,5,4,354,Loyal Customers,Gauri Mishra,Female,34,Bhubaneswar,Odisha,East
CUST-01745,5,10493.5,3642.7300000000005,2022-11-16,2024-10-13,5,7,2098.7,34.71,80,777,2,1,2,212,Lost Customers,Kabir Verma,Male,24,Jaipur,Rajasthan,North
CUST-01746,7,27794.65,6828.0599999999995,2022-05-11,2024-09-25,7,8,3970.66,24.57,98,966,2,2,4,224,Lost Customers,Anita Singh,Female,32,Bengaluru,Karnataka,South
CUST-01747,6,25642.449999999997,8734.53,2022-08-01,2024-10-18,6,11,4273.74,34.06,75,884,3,2,4,324,Regular Customers,Reyansh Das,Male,36,Delhi,Delhi,North
CUST-01748,8,15992.55,4359.09,2022-09-14,2024-06-08,8,11,1999.07,27.26,207,840,1,3,3,133,At Risk,Aditya Joshi,Male,18,Coimbatore,Tamil Nadu,South
CUST-01749,5,21649.95,1184.43,2022-01-08,2024-10-17,5,5,4329.99,5.47,76,1089,2,1,3,213,Lost Customers,Meera Choudhury,Female,30,Hyderabad,Telangana,South
CUST-01750,17,14952.45,5223.71,2023-04-03,2024-12-25,15,21,879.56,34.94,7,639,5,5,3,553,Loyal Customers,Meera Reddy,Female,45,Mumbai,Maharashtra,West
CUST-01751,7,11562.5,4992.9400000000005,2022-01-02,2024-11-04,7,7,1651.79,43.18,58,1095,3,2,2,322,Regular Customers,Neha Sharma,Female,18,Delhi,Delhi,North
CUST-01752,16,28142.25,6845.89,2023-09-18,2024-12-30,15,23,1758.89,24.33,2,471,5,5,4,554,Champions,Siddharth Reddy,Male,36,Mumbai,Maharashtra,West
CUST-01753,3,1203.3,310.47,2022-09-14,2024-05-22,3,3,401.1,25.8,224,840,1,1,1,111,Lost Customers,Anita Verma,Female,34,Kochi,Kerala,South
CUST-01754,30,49471.4,18825.3,2024-01-09,2024-11-21,29,39,1649.05,38.05,41,358,4,5,5,455,Champions,Manish Menon,Male,26,Hyderabad,Telangana,South
CUST-01755,17,20115.95,6378.99,2023-04-30,2024-12-16,17,22,1183.29,31.71,16,612,5,5,3,553,Loyal Customers,Riya Mishra,Female,41,Pune,Maharashtra,West
CUST-01756,9,49008.85,12349.64,2023-12-05,2024-09-18,9,19,5445.43,25.2,105,393,2,3,5,235,At Risk,Aanya Pandey,Female,48,Jaipur,Rajasthan,North
CUST-01757,18,14180.55,4162.96,2022-10-20,2024-10-15,17,22,787.81,29.36,78,804,2,5,3,253,At Risk,Anand Kaur,Male,23,Delhi,Delhi,North
CUST-01758,15,32762.399999999998,10774.74,2024-04-04,2024-11-20,15,21,2184.16,32.89,42,272,4,4,4,444,Champions,Saanvi Mehta,Female,29,Patna,Bihar,East
CUST-01759,12,157531.55,41227.75,2023-01-08,2024-12-30,11,22,13127.63,26.17,2,724,5,4,5,545,Champions,Anita Agarwal,Female,20,Mumbai,Maharashtra,West
CUST-01760,3,3842.5,1467.5,2022-08-21,2024-04-22,3,4,1280.83,38.19,254,864,1,1,1,111,Lost Customers,Ananya Shah,Female,38,Pune,Maharashtra,West
CUST-01761,15,22868.6,10146.42,2024-01-06,2024-11-28,15,20,1524.57,44.37,34,361,4,4,3,443,Loyal Customers,Pari Singh,Female,40,Kochi,Kerala,South
CUST-01762,8,8425.15,3257.49,2023-03-14,2024-09-10,8,8,1053.14,38.66,113,659,2,3,2,232,Regular Customers,Suresh Mukherjee,Male,43,Chandigarh,Punjab,North
CUST-01763,12,17841.399999999998,7416.01,2022-10-17,2024-11-28,12,14,1486.78,41.57,34,807,4,4,3,443,Loyal Customers,Aarohi Yadav,Female,42,Bengaluru,Karnataka,South
CUST-01764,5,12617.1,4822.72,2023-02-16,2024-10-13,5,7,2523.42,38.22,80,685,2,1,2,212,Lost Customers,Meera Das,Female,18,Mumbai,Maharashtra,West
CUST-01765,10,41980.799999999996,12146.94,2022-05-17,2024-08-04,10,14,4198.08,28.93,150,960,2,3,5,235,At Risk,Aadhya Iyer,Female,38,Delhi,Delhi,North
CUST-01766,8,11922.7,4530.92,2022-04-26,2024-09-08,8,11,1490.34,38.0,115,981,2,3,2,232,Regular Customers,Siddharth Joshi,Male,24,Kolkata,West Bengal,East
CUST-01767,14,64653.8,16627.3,2023-02-11,2024-10-26,14,20,4618.13,25.72,67,690,3,4,5,345,Loyal Customers,Diya Malhotra,Female,27,Indore,Madhya Pradesh,Central
CUST-01768,3,7167.5,2108.54,2023-11-24,2024-10-17,3,3,2389.17,29.42,76,404,2,1,1,211,Lost Customers,Nikhil Mehta,Male,28,Coimbatore,Tamil Nadu,South
CUST-01769,21,29495.35,9095.460000000001,2023-09-19,2024-11-27,21,31,1404.54,30.84,35,470,4,5,4,454,Champions,Aarav Mishra,Male,19,Delhi,Delhi,North
CUST-01770,20,108720.7,28052.16,2022-11-28,2024-11-18,20,27,5436.04,25.8,44,765,4,5,5,455,Champions,Ananya Mehta,Female,40,Pune,Maharashtra,West
CUST-01771,8,18373.15,6724.04,2023-12-10,2024-05-02,8,10,2296.64,36.6,244,388,1,3,3,133,At Risk,Tanvi Yadav,Female,27,Hyderabad,Telangana,South
CUST-01772,17,40605.35,15263.04,2022-11-23,2024-12-17,17,24,2388.55,37.59,15,770,5,5,5,555,Champions,Shaurya Bhatia,Other,18,Bengaluru,Karnataka,South
CUST-01773,4,4701.3,1512.8,2023-07-13,2024-10-16,4,4,1175.32,32.18,77,538,2,1,1,211,Lost Customers,Amit Kaur,Male,42,Bengaluru,Karnataka,South
CUST-01774,13,18459.5,8182.9800000000005,2023-03-15,2024-12-19,13,20,1419.96,44.33,13,658,5,4,3,543,Loyal Customers,Aanya Menon,Female,18,Bengaluru,Karnataka,South
CUST-01775,11,10870.55,3233.84,2022-02-15,2024-11-28,11,15,988.23,29.75,34,1051,4,4,2,442,Regular Customers,Pooja Malhotra,Female,36,Coimbatore,Tamil Nadu,South
CUST-01776,16,34694.65,13925.45,2024-05-03,2024-12-23,15,25,2168.42,40.14,9,243,5,5,4,554,Champions,Vivaan Kaur,Male,24,Nagpur,Maharashtra,West
CUST-01777,3,4236.15,1533.9099999999999,2022-03-13,2024-12-12,3,3,1412.05,36.21,20,1025,5,1,1,511,New Customers,Shaurya Menon,Male,34,Bengaluru,Karnataka,South
CUST-01778,9,10831.45,3077.23,2022-10-18,2024-11-22,9,14,1203.49,28.41,40,806,4,3,2,432,Potential Loyalists,Nikhil Kaur,Male,37,Bengaluru,Karnataka,South
CUST-01779,3,5282.3,1610.28,2023-11-15,2024-10-02,3,4,1760.77,30.48,91,413,2,1,1,211,Lost Customers,Nikhil Joshi,Male,47,Delhi,Delhi,North
CUST-01780,12,20223.1,4599.01,2022-07-21,2024-06-08,12,15,1685.26,22.74,207,895,1,4,3,143,At Risk,Reyansh Joshi,Male,29,Ahmedabad,Gujarat,West
CUST-01781,3,1148.25,323.09000000000003,2022-11-04,2022-12-29,3,3,382.75,28.14,734,789,1,1,1,111,Lost Customers,Nikhil Menon,Male,47,Pune,Maharashtra,West
CUST-01782,10,25648.25,9845.380000000001,2022-03-11,2024-12-22,10,14,2564.82,38.39,10,1027,5,3,4,534,Loyal Customers,Diya Shah,Female,19,Jaipur,Rajasthan,North
CUST-01783,5,5728.8,2640.58,2023-11-25,2024-11-02,5,7,1145.76,46.09,60,403,3,1,1,311,Regular Customers,Neha Chatterjee,Female,43,Pune,Maharashtra,West
CUST-01784,9,16955.5,3309.1099999999997,2024-02-04,2024-11-07,8,14,1883.94,19.52,55,332,3,3,3,333,Loyal Customers,Anjali Rao,Female,31,Guwahati,Assam,East
CUST-01785,10,10770.0,4484.66,2022-08-05,2024-05-06,10,12,1077.0,41.64,240,880,1,3,2,132,Regular Customers,Arjun Das,Male,44,Visakhapatnam,Andhra Pradesh,South
CUST-01786,12,43902.5,10691.67,2022-10-03,2024-11-30,12,20,3658.54,24.35,32,821,4,4,5,445,Champions,Sai Gupta,Other,46,Lucknow,Uttar Pradesh,North
CUST-01787,4,7100.05,3177.12,2023-07-06,2024-01-23,4,6,1775.01,44.75,344,545,1,1,1,111,Lost Customers,Shaurya Chatterjee,Male,30,Indore,Madhya Pradesh,Central
CUST-01788,5,8461.0,3549.17,2022-07-11,2024-08-10,5,9,1692.2,41.95,144,905,2,1,2,212,Lost Customers,Saanvi Iyer,Female,34,Hyderabad,Telangana,South
CUST-01789,4,3985.6000000000004,1047.8200000000002,2023-06-05,2024-08-04,4,6,996.4,26.29,150,576,2,1,1,211,Lost Customers,Aanya Gupta,Female,18,Bengaluru,Karnataka,South
CUST-01790,14,64215.9,20662.079999999998,2024-04-29,2024-10-04,14,19,4586.85,32.18,89,247,2,4,5,245,At Risk,Shreya Mukherjee,Female,18,Surat,Gujarat,West
CUST-01791,19,30350.5,12130.34,2023-07-04,2024-11-08,19,27,1597.39,39.97,54,547,3,5,4,354,Loyal Customers,Shreya Das,Female,34,Chandigarh,Punjab,North
CUST-01792,10,10202.3,4221.82,2022-04-03,2024-12-18,10,10,1020.23,41.38,14,1004,5,3,2,532,Potential Loyalists,Ishaan Reddy,Male,31,Mumbai,Maharashtra,West
CUST-01793,6,22673.9,4825.39,2024-01-04,2024-12-29,6,6,3778.98,21.28,3,363,5,2,3,523,Potential Loyalists,Rajesh Mishra,Male,35,Lucknow,Uttar Pradesh,North
CUST-01794,10,16958.05,6413.7,2023-08-14,2024-12-13,9,17,1695.8,37.82,19,506,5,3,3,533,Loyal Customers,Varun Choudhury,Male,40,Lucknow,Uttar Pradesh,North
CUST-01795,6,11889.4,3473.24,2023-08-24,2024-08-11,6,12,1981.57,29.21,143,496,2,2,2,222,Lost Customers,Aditya Pandey,Male,48,Delhi,Delhi,North
CUST-01796,11,19650.2,6527.23,2023-08-15,2024-12-27,11,15,1786.38,33.22,5,505,5,4,3,543,Loyal Customers,Khushi Kaur,Female,18,Bengaluru,Karnataka,South
CUST-01797,7,16987.350000000002,6020.42,2024-06-23,2024-12-17,7,8,2426.76,35.44,15,192,5,2,3,523,Potential Loyalists,Isha Bhatia,Female,50,Mumbai,Maharashtra,West
CUST-01799,6,19205.95,4050.75,2022-11-10,2024-11-11,6,7,3200.99,21.09,51,783,3,2,3,323,Regular Customers,Rajesh Reddy,Male,25,Jaipur,Rajasthan,North
CUST-01800,3,3509.1000000000004,1172.76,2023-09-14,2024-09-11,3,3,1169.7,33.42,112,475,2,1,1,211,Lost Customers,Saanvi Gupta,Female,23,Coimbatore,Tamil Nadu,South
CUST-01801,7,10030.4,4000.8,2022-03-06,2024-12-06,7,10,1432.91,39.89,26,1032,4,2,2,422,Potential Loyalists,Rahul Menon,Male,28,Visakhapatnam,Andhra Pradesh,South
CUST-01802,3,4115.2,1823.4,2024-03-29,2024-04-07,3,5,1371.73,44.31,269,278,1,1,1,111,Lost Customers,Navya Mukherjee,Female,36,Delhi,Delhi,North
CUST-01803,1,602.1,43.14,2022-07-28,2022-07-28,1,1,602.1,7.16,888,888,1,1,1,111,Lost Customers,Vihaan Nair,Male,29,Kochi,Kerala,South
CUST-01804,7,14356.0,4503.0199999999995,2022-10-02,2024-09-21,7,7,2050.86,31.37,102,822,2,2,3,223,Lost Customers,Manish Gupta,Male,27,Mumbai,Maharashtra,West
CUST-01805,5,9659.55,2025.3600000000001,2023-05-11,2024-10-13,5,8,1931.91,20.97,80,601,2,1,2,212,Lost Customers,Dhruv Banerjee,Male,33,Chennai,Tamil Nadu,South
CUST-01806,19,60879.8,17037.32,2022-01-17,2024-12-21,19,26,3204.2,27.99,11,1080,5,5,5,555,Champions,Ayaan Chatterjee,Male,34,Visakhapatnam,Andhra Pradesh,South
CUST-01807,10,10100.3,4152.13,2022-12-06,2024-11-21,10,15,1010.03,41.11,41,757,4,3,2,432,Potential Loyalists,Pari Gupta,Female,29,Mumbai,Maharashtra,West
CUST-01808,12,12123.35,3797.85,2023-06-05,2024-12-02,12,20,1010.28,31.33,30,576,4,4,2,442,Regular Customers,Deepak Banerjee,Male,31,Pune,Maharashtra,West
CUST-01809,6,27981.6,11430.15,2022-12-23,2024-11-14,6,13,4663.6,40.85,48,740,3,2,4,324,Regular Customers,Prisha Banerjee,Female,46,Chennai,Tamil Nadu,South
CUST-01810,15,42002.65,12245.51,2022-03-14,2024-11-16,15,26,2800.18,29.15,46,1024,4,4,5,445,Champions,Isha Saxena,Female,32,Chandigarh,Punjab,North
CUST-01811,6,12888.55,4880.59,2023-09-28,2024-06-01,6,8,2148.09,37.87,214,461,1,2,2,122,Lost Customers,Deepak Banerjee,Male,48,Mumbai,Maharashtra,West
CUST-01812,15,29815.3,5642.89,2022-11-03,2024-11-30,15,22,1987.69,18.93,32,790,4,4,4,444,Champions,Ramesh Menon,Male,18,Pune,Maharashtra,West
CUST-01813,3,1753.4,478.5,2023-10-01,2024-07-14,3,3,584.47,27.29,171,458,1,1,1,111,Lost Customers,Siddharth Menon,Other,47,Chennai,Tamil Nadu,South
CUST-01814,7,24777.249999999996,7941.0199999999995,2024-05-11,2024-09-25,7,13,3539.61,32.05,98,235,2,2,4,224,Lost Customers,Pari Gupta,Female,31,Ahmedabad,Gujarat,West
CUST-01815,5,6548.3,2912.36,2023-02-18,2024-11-12,5,5,1309.66,44.48,50,683,3,1,1,311,Regular Customers,Deepa Mukherjee,Female,52,Ahmedabad,Gujarat,West
CUST-01816,6,5613.9,1613.07,2022-09-01,2024-10-25,6,12,935.65,28.73,68,853,3,2,1,321,Regular Customers,Manish Kaur,Male,18,Delhi,Delhi,North
CUST-01817,22,46305.9,14472.72,2024-04-04,2024-10-31,21,29,2104.81,31.25,62,272,3,5,5,355,Loyal Customers,Siddharth Bhatia,Male,24,Chandigarh,Punjab,North
CUST-01818,13,14261.95,5622.3099999999995,2022-04-23,2024-12-29,13,15,1097.07,39.42,3,984,5,4,3,543,Loyal Customers,Manish Mishra,Male,25,Kolkata,West Bengal,East
CUST-01819,9,20158.7,6054.28,2023-07-22,2024-10-02,9,14,2239.86,30.03,91,529,2,3,3,233,At Risk,Rajesh Bhatia,Male,30,Indore,Madhya Pradesh,Central
CUST-01820,5,19506.2,8759.87,2024-04-01,2024-12-16,5,8,3901.24,44.91,16,275,5,1,3,513,New Customers,Dhruv Mukherjee,Male,44,Mumbai,Maharashtra,West
CUST-01821,4,3812.75,1311.15,2022-10-26,2023-11-26,4,4,953.19,34.39,402,798,1,1,1,111,Lost Customers,Reyansh Kaur,Male,20,Kolkata,West Bengal,East
CUST-01822,16,41790.8,10209.1,2022-09-17,2024-11-06,15,19,2611.93,24.43,56,837,3,5,5,355,Loyal Customers,Kunal Agarwal,Male,58,Chennai,Tamil Nadu,South
CUST-01823,23,35771.85,13643.36,2022-12-12,2024-12-01,22,26,1555.3,38.14,31,751,4,5,4,454,Champions,Pallavi Pillai,Female,51,Bengaluru,Karnataka,South
CUST-01824,12,55285.4,10800.99,2024-06-07,2024-12-21,12,13,4607.12,19.54,11,208,5,4,5,545,Champions,Priyanka Sharma,Female,28,Pune,Maharashtra,West
CUST-01825,11,37356.35,14354.220000000001,2022-05-02,2024-10-17,11,16,3396.03,38.43,76,975,2,4,4,244,At Risk,Dhruv Yadav,Male,40,Kochi,Kerala,South
CUST-01826,25,21186.8,7785.43,2024-01-31,2024-12-26,24,39,847.47,36.75,6,336,5,5,3,553,Loyal Customers,Vivaan Rao,Male,18,Bengaluru,Karnataka,South
CUST-01827,15,40526.05,16622.170000000002,2024-02-22,2024-12-18,15,22,2701.74,41.02,14,314,5,4,5,545,Champions,Saanvi Das,Female,26,Kolkata,West Bengal,East
CUST-01828,29,77957.4,20026.37,2022-08-06,2024-11-20,27,45,2688.19,25.69,42,879,4,5,5,455,Champions,Atharv Malhotra,Male,54,Ahmedabad,Gujarat,West
CUST-01829,4,4379.1,1526.1299999999999,2024-04-29,2024-05-19,4,8,1094.78,34.85,227,247,1,1,1,111,Lost Customers,Ayaan Pillai,Male,32,Kolkata,West Bengal,East
CUST-01830,6,10845.05,4148.26,2023-03-09,2024-12-24,6,7,1807.51,38.25,8,664,5,2,2,522,Potential Loyalists,Meera Das,Female,34,Coimbatore,Tamil Nadu,South
CUST-01831,14,36551.200000000004,13805.41,2022-03-28,2024-06-16,14,23,2610.8,37.77,199,1010,1,4,4,144,At Risk,Prisha Chatterjee,Female,52,Pune,Maharashtra,West
CUST-01832,19,70620.7,19559.379999999997,2023-03-11,2024-12-11,19,24,3716.88,27.7,21,662,5,5,5,555,Champions,Rahul Bhatia,Male,28,Delhi,Delhi,North
CUST-01833,18,31292.3,10662.49,2023-01-12,2024-12-14,18,22,1738.46,34.07,18,720,5,5,4,554,Champions,Siddharth Agarwal,Male,36,Hyderabad,Telangana,South
CUST-01834,8,11685.6,2456.17,2022-01-11,2024-12-19,8,8,1460.7,21.02,13,1086,5,3,2,532,Potential Loyalists,Ananya Joshi,Female,31,Kolkata,West Bengal,East
CUST-01835,4,4311.85,1545.94,2022-06-25,2024-05-09,4,6,1077.96,35.85,237,921,1,1,1,111,Lost Customers,Aadhya Singh,Female,21,Hyderabad,Telangana,South
CUST-01836,23,64395.35,14946.95,2023-06-23,2024-12-17,22,40,2799.8,23.21,15,558,5,5,5,555,Champions,Pranav Iyer,Male,34,Ahmedabad,Gujarat,West
CUST-01837,26,35438.65,14265.19,2022-04-23,2024-11-30,26,41,1363.02,40.25,32,984,4,5,4,454,Champions,Arjun Gupta,Male,25,Delhi,Delhi,North
CUST-01838,19,27338.8,11384.69,2023-07-25,2024-10-11,17,27,1438.88,41.64,82,526,2,5,4,254,At Risk,Kabir Yadav,Male,40,Surat,Gujarat,West
CUST-01839,15,29714.05,11674.34,2023-05-30,2024-11-06,15,19,1980.94,39.29,56,582,3,4,4,344,Loyal Customers,Shreya Mukherjee,Female,39,Mumbai,Maharashtra,West
CUST-01840,16,17496.55,6402.0,2023-05-23,2024-11-25,16,23,1093.53,36.59,37,589,4,5,3,453,Loyal Customers,Rohan Iyengar,Other,18,Jaipur,Rajasthan,North
CUST-01841,8,7604.95,2370.3900000000003,2023-01-17,2024-09-08,8,9,950.62,31.17,115,715,2,3,2,232,Regular Customers,Rohan Nair,Male,22,Nagpur,Maharashtra,West
CUST-01842,10,25983.149999999998,9110.02,2022-07-04,2024-11-03,10,13,2598.31,35.06,59,912,3,3,4,334,Loyal Customers,Kabir Mukherjee,Male,35,Jaipur,Rajasthan,North
CUST-01843,10,20553.3,7377.09,2022-05-25,2024-10-27,10,22,2055.33,35.89,66,952,3,3,3,333,Loyal Customers,Gaurav Dutta,Male,43,Jaipur,Rajasthan,North
CUST-01844,10,25464.7,6974.13,2024-01-25,2024-12-29,10,14,2546.47,27.39,3,342,5,3,4,534,Loyal Customers,Kavya Pillai,Female,41,Coimbatore,Tamil Nadu,South
CUST-01845,3,2031.2,476.46999999999997,2024-04-12,2024-12-05,3,4,677.07,23.46,27,264,4,1,1,411,New Customers,Vivaan Verma,Male,20,Visakhapatnam,Andhra Pradesh,South
CUST-01846,3,5132.6,3047.2400000000002,2024-04-04,2024-04-15,3,3,1710.87,59.37,261,272,1,1,1,111,Lost Customers,Atharv Malhotra,Male,24,Chandigarh,Punjab,North
CUST-01847,18,34864.2,15757.55,2022-01-04,2024-10-15,18,29,1936.9,45.2,78,1093,2,5,4,254,At Risk,Shreya Gupta,Female,25,Bengaluru,Karnataka,South
CUST-01848,7,18749.95,7710.98,2023-05-22,2024-12-25,7,10,2678.56,41.13,7,590,5,2,3,523,Potential Loyalists,Amit Yadav,Male,24,Bengaluru,Karnataka,South
CUST-01849,4,9569.25,2346.41,2024-10-16,2024-11-06,4,5,2392.31,24.52,56,77,3,1,2,312,Regular Customers,Aditya Iyengar,Male,19,Mumbai,Maharashtra,West
CUST-01850,9,17525.8,6605.89,2022-08-11,2024-11-30,9,11,1947.31,37.69,32,874,4,3,3,433,Loyal Customers,Sneha Singh,Female,19,Kochi,Kerala,South
CUST-01851,11,41810.95,11605.130000000001,2024-04-09,2024-12-12,10,14,3801.0,27.76,20,267,5,4,5,545,Champions,Vikram Mishra,Male,37,Ahmedabad,Gujarat,West
CUST-01852,6,14352.6,4183.82,2022-12-18,2024-10-24,6,10,2392.1,29.15,69,745,3,2,3,323,Regular Customers,Vivaan Tripathi,Male,27,Ahmedabad,Gujarat,West
CUST-01853,2,27847.0,6512.849999999999,2024-04-24,2024-08-24,2,3,13923.5,23.39,130,252,2,1,4,214,Lost Customers,Aarav Iyer,Male,47,Bhopal,Madhya Pradesh,Central
CUST-01854,3,3977.2,2001.8999999999999,2023-09-18,2024-11-14,3,4,1325.73,50.33,48,471,3,1,1,311,Regular Customers,Rahul Banerjee,Male,26,Surat,Gujarat,West
CUST-01855,5,9833.95,5041.89,2022-09-13,2024-12-08,5,7,1966.79,51.27,24,841,5,1,2,512,New Customers,Kunal Joshi,Male,31,Coimbatore,Tamil Nadu,South
CUST-01856,14,99359.34999999999,18954.46,2024-05-11,2024-10-27,14,22,7097.1,19.08,66,235,3,4,5,345,Loyal Customers,Shreya Agarwal,Female,50,Mumbai,Maharashtra,West
CUST-01857,5,5136.0,1388.37,2024-03-12,2024-07-30,5,5,1027.2,27.03,155,295,2,1,1,211,Lost Customers,Tanvi Mishra,Female,38,Delhi,Delhi,North
CUST-01858,9,12627.55,4936.6,2024-04-05,2024-09-16,9,15,1403.06,39.09,107,271,2,3,2,232,Regular Customers,Divya Iyer,Female,39,Patna,Bihar,East
CUST-01859,9,15403.35,6659.51,2022-09-05,2024-12-20,9,12,1711.48,43.23,12,849,5,3,3,533,Loyal Customers,Vivaan Kaur,Male,34,Pune,Maharashtra,West
CUST-01860,3,14439.15,1811.82,2023-04-30,2024-09-29,3,7,4813.05,12.55,94,612,2,1,3,213,Lost Customers,Neha Sharma,Female,20,Mumbai,Maharashtra,West
CUST-01861,15,37467.85,11193.16,2022-08-01,2024-12-27,15,21,2497.86,29.87,5,884,5,4,4,544,Champions,Ananya Iyengar,Female,33,Surat,Gujarat,West
CUST-01862,10,6954.1,2873.88,2022-02-12,2024-05-10,10,13,695.41,41.33,236,1054,1,3,1,131,Regular Customers,Kavya Shah,Female,29,Kochi,Kerala,South
CUST-01863,3,2848.8500000000004,1210.93,2023-05-10,2024-05-12,3,5,949.62,42.51,234,602,1,1,1,111,Lost Customers,Krishna Yadav,Male,18,Kolkata,West Bengal,East
CUST-01864,20,36333.4,13452.92,2022-02-21,2024-10-07,20,28,1816.67,37.03,86,1045,2,5,4,254,At Risk,Vihaan Mukherjee,Male,56,Lucknow,Uttar Pradesh,North
CUST-01865,8,14389.65,5627.13,2023-07-04,2023-12-19,8,10,1798.71,39.11,379,547,1,3,3,133,At Risk,Anand Bhatia,Male,32,Delhi,Delhi,North
CUST-01866,7,8893.3,3287.27,2022-05-21,2024-11-15,7,7,1270.47,36.96,47,956,3,2,2,322,Regular Customers,Diya Shah,Female,50,Delhi,Delhi,North
CUST-01867,10,16096.9,5438.49,2022-01-19,2024-10-27,10,12,1609.69,33.79,66,1078,3,3,3,333,Loyal Customers,Anita Iyengar,Female,21,Nagpur,Maharashtra,West
CUST-01868,25,49516.45,14918.48,2024-05-06,2024-11-24,22,38,1980.66,30.13,38,240,4,5,5,455,Champions,Aadhya Bhatia,Female,36,Mumbai,Maharashtra,West
CUST-01869,15,14093.45,5251.67,2023-10-17,2024-10-17,15,18,939.56,37.26,76,442,2,4,3,243,At Risk,Ananya Pandey,Female,41,Kochi,Kerala,South
CUST-01870,3,14466.6,6602.25,2023-02-28,2024-12-23,3,6,4822.2,45.64,9,673,5,1,3,513,New Customers,Prisha Choudhury,Female,26,Kolkata,West Bengal,East
CUST-01871,6,12971.85,6379.79,2022-09-12,2024-04-15,6,11,2161.98,49.18,261,842,1,2,2,122,Lost Customers,Rohan Dutta,Male,26,Pune,Maharashtra,West
CUST-01872,7,17137.2,6125.3,2022-12-28,2024-10-12,7,18,2448.17,35.74,81,735,2,2,3,223,Lost Customers,Tanvi Pandey,Female,37,Mumbai,Maharashtra,West
CUST-01873,5,107577.5,18453.56,2023-10-14,2024-11-27,5,8,21515.5,17.15,35,445,4,1,5,415,New Customers,Krishna Choudhury,Male,39,Delhi,Delhi,North
CUST-01874,5,10652.75,4423.62,2023-09-14,2024-07-31,5,7,2130.55,41.53,154,475,2,1,2,212,Lost Customers,Riya Nair,Female,28,Mumbai,Maharashtra,West
CUST-01875,1,2924.1,448.78,2023-12-29,2023-12-29,1,2,2924.1,15.35,369,369,1,1,1,111,Lost Customers,Tanvi Choudhury,Female,46,Bengaluru,Karnataka,South
CUST-01876,5,20030.1,6199.87,2023-03-28,2024-10-15,5,8,4006.02,30.95,78,645,2,1,3,213,Lost Customers,Swati Das,Female,26,Bengaluru,Karnataka,South
CUST-01877,6,3465.8,1520.22,2023-06-19,2024-10-27,6,6,577.63,43.86,66,562,3,2,1,321,Regular Customers,Ananya Iyengar,Female,35,Delhi,Delhi,North
CUST-01878,7,53464.75,16480.75,2023-07-21,2024-06-15,7,11,7637.82,30.83,200,530,1,2,5,125,Lost Customers,Varun Mishra,Male,44,Delhi,Delhi,North
CUST-01879,6,8313.0,3400.48,2022-08-06,2024-12-21,6,8,1385.5,40.91,11,879,5,2,2,522,Potential Loyalists,Meera Iyengar,Female,28,Kolkata,West Bengal,East
CUST-01880,21,42801.5,16282.62,2023-01-04,2024-11-16,20,31,2038.17,38.04,46,728,4,5,5,455,Champions,Anjali Singh,Female,35,Surat,Gujarat,West
CUST-01881,7,9331.449999999999,4000.84,2023-02-25,2024-10-18,7,14,1333.06,42.87,75,676,3,2,2,322,Regular Customers,Prisha Mukherjee,Female,33,Hyderabad,Telangana,South
CUST-01882,6,8614.300000000001,3520.67,2022-03-28,2024-06-29,6,8,1435.72,40.87,186,1010,1,2,2,122,Lost Customers,Kavya Mishra,Female,39,Kolkata,West Bengal,East
CUST-01883,14,11970.8,3684.23,2023-08-19,2024-06-25,14,24,855.06,30.78,190,501,1,4,2,142,Regular Customers,Suresh Nair,Male,46,Kochi,Kerala,South
CUST-01884,13,27236.95,8584.91,2024-04-21,2024-12-14,13,21,2095.15,31.52,18,255,5,4,4,544,Champions,Anand Patel,Male,32,Hyderabad,Telangana,South
CUST-01885,3,2896.5,1104.38,2022-01-20,2023-11-15,3,3,965.5,38.13,413,1077,1,1,1,111,Lost Customers,Amit Reddy,Male,18,Bhopal,Madhya Pradesh,Central
CUST-01886,16,65717.0,14313.550000000001,2022-02-10,2024-11-20,16,22,4107.31,21.78,42,1056,4,5,5,455,Champions,Aarav Kaur,Male,37,Hyderabad,Telangana,South
CUST-01887,6,6688.05,2783.88,2022-11-17,2024-12-31,6,7,1114.68,41.62,1,776,5,2,1,521,Potential Loyalists,Aarav Pillai,Male,23,Chennai,Tamil Nadu,South
CUST-01888,4,3517.85,853.0000000000001,2024-08-03,2024-11-06,4,4,879.46,24.25,56,151,3,1,1,311,Regular Customers,Rajesh Menon,Male,27,Mumbai,Maharashtra,West
CUST-01889,6,14431.5,6669.19,2022-02-04,2024-12-03,6,7,2405.25,46.21,29,1062,4,2,3,423,Potential Loyalists,Ishaan Shah,Male,56,Hyderabad,Telangana,South
CUST-01890,23,30116.5,11277.61,2022-02-27,2024-12-24,22,31,1309.41,37.45,8,1039,5,5,4,554,Champions,Ramesh Gupta,Male,53,Nagpur,Maharashtra,West
CUST-01891,25,43506.65,17031.08,2022-04-17,2024-12-20,24,41,1740.27,39.15,12,990,5,5,5,555,Champions,Rajesh Tripathi,Male,23,Chennai,Tamil Nadu,South
CUST-01892,7,17080.9,4960.0,2022-01-31,2024-12-23,7,9,2440.13,29.04,9,1066,5,2,3,523,Potential Loyalists,Divya Malhotra,Female,24,Delhi,Delhi,North
CUST-01893,15,31735.7,14006.29,2023-02-11,2024-11-19,15,20,2115.71,44.13,43,690,4,4,4,444,Champions,Neha Bhatia,Female,32,Indore,Madhya Pradesh,Central
CUST-01894,14,61657.3,16500.489999999998,2024-03-06,2024-10-13,14,21,4404.09,26.76,80,301,2,4,5,245,At Risk,Pranav Singh,Male,29,Pune,Maharashtra,West
CUST-01895,14,12379.3,3641.02,2022-10-21,2024-12-22,13,20,884.24,29.41,10,803,5,4,2,542,Regular Customers,Sai Tripathi,Male,29,Bhubaneswar,Odisha,East
CUST-01896,15,88756.4,12052.949999999999,2023-08-17,2024-10-13,15,21,5917.09,13.58,80,503,2,4,5,245,At Risk,Krishna Joshi,Male,37,Lucknow,Uttar Pradesh,North
CUST-01897,23,54766.2,19739.18,2023-07-18,2024-12-26,22,32,2381.14,36.04,6,533,5,5,5,555,Champions,Aditya Singh,Male,32,Mumbai,Maharashtra,West
CUST-01898,6,37905.65,3628.46,2023-06-04,2024-10-06,6,9,6317.61,9.57,87,577,2,2,4,224,Lost Customers,Krishna Choudhury,Male,18,Surat,Gujarat,West
CUST-01899,10,8906.9,4169.45,2023-02-28,2024-09-20,10,12,890.69,46.81,103,673,2,3,2,232,Regular Customers,Swati Choudhury,Female,40,Pune,Maharashtra,West
CUST-01900,23,28277.6,14011.31,2022-07-26,2024-12-02,21,33,1229.46,49.55,30,890,4,5,4,454,Champions,Nikhil Gupta,Male,30,Lucknow,Uttar Pradesh,North
CUST-01901,18,48675.45,10855.03,2022-12-07,2024-11-05,18,29,2704.19,22.3,57,756,3,5,5,355,Loyal Customers,Pari Nair,Female,28,Mumbai,Maharashtra,West
CUST-01902,3,1574.3,415.33000000000004,2023-06-15,2024-03-06,3,4,524.77,26.38,301,566,1,1,1,111,Lost Customers,Krishna Pandey,Male,34,Guwahati,Assam,East
CUST-01903,15,19700.65,7546.0599999999995,2022-03-11,2024-11-17,15,22,1313.38,38.3,45,1027,4,4,3,443,Loyal Customers,Aadhya Iyer,Female,33,Bengaluru,Karnataka,South
CUST-01904,6,8449.2,4028.34,2023-10-13,2024-09-01,6,7,1408.2,47.68,122,446,2,2,2,222,Lost Customers,Sai Singh,Male,49,Bengaluru,Karnataka,South
CUST-01905,5,20969.25,5873.0,2023-06-05,2024-11-18,5,7,4193.85,28.01,44,576,4,1,3,413,New Customers,Vikram Choudhury,Male,35,Mumbai,Maharashtra,West
CUST-01906,10,20461.05,3579.26,2023-07-06,2024-11-03,10,13,2046.1,17.49,59,545,3,3,3,333,Loyal Customers,Manish Malhotra,Male,50,Mumbai,Maharashtra,West
CUST-01907,6,6541.1,1810.52,2023-09-09,2024-06-11,6,9,1090.18,27.68,204,480,1,2,1,121,Lost Customers,Vihaan Verma,Male,35,Bhopal,Madhya Pradesh,Central
CUST-01908,7,12581.7,4524.18,2023-07-13,2024-08-19,7,10,1797.39,35.96,135,538,2,2,2,222,Lost Customers,Anand Shah,Male,39,Hyderabad,Telangana,South
CUST-01909,16,25761.100000000002,8847.39,2022-03-12,2024-11-12,16,22,1610.07,34.34,50,1026,3,5,4,354,Loyal Customers,Rahul Bhatia,Male,36,Delhi,Delhi,North
CUST-01910,4,5522.35,2309.9900000000002,2022-07-05,2023-11-30,4,5,1380.59,41.83,398,911,1,1,1,111,Lost Customers,Swati Nair,Female,37,Kolkata,West Bengal,East
CUST-01911,12,41906.0,13943.970000000001,2023-03-30,2024-12-12,12,27,3492.17,33.27,20,643,5,4,5,545,Champions,Meera Tripathi,Female,34,Pune,Maharashtra,West
CUST-01912,7,11712.15,4615.12,2023-10-24,2024-10-01,7,10,1673.16,39.4,92,435,2,2,2,222,Lost Customers,Amit Das,Male,39,Mumbai,Maharashtra,West
CUST-01913,7,12960.5,5318.43,2022-08-15,2024-12-13,7,8,1851.5,41.04,19,870,5,2,2,522,Potential Loyalists,Dhruv Yadav,Male,25,Kochi,Kerala,South
CUST-01914,10,29176.45,10120.97,2023-09-16,2024-11-26,10,14,2917.64,34.69,36,473,4,3,4,434,Loyal Customers,Aarav Nair,Male,37,Bengaluru,Karnataka,South
CUST-01915,9,11453.55,4142.1900000000005,2023-01-08,2024-08-17,9,12,1272.62,36.17,137,724,2,3,2,232,Regular Customers,Vikram Agarwal,Male,18,Kolkata,West Bengal,East
CUST-01916,3,6682.1,1988.48,2023-01-10,2024-08-30,3,5,2227.37,29.76,124,722,2,1,1,211,Lost Customers,Ishaan Nair,Male,25,Visakhapatnam,Andhra Pradesh,South
CUST-01917,4,14837.2,4917.469999999999,2023-01-29,2024-05-01,4,8,3709.3,33.14,245,703,1,1,3,113,Lost Customers,Manish Gupta,Male,27,Kochi,Kerala,South
CUST-01918,13,25875.6,4106.77,2023-08-02,2024-10-31,13,18,1990.43,15.87,62,518,3,4,4,344,Loyal Customers,Meera Gupta,Female,34,Kolkata,West Bengal,East
CUST-01919,3,42454.75,6151.44,2022-04-16,2024-10-17,3,6,14151.58,14.49,76,991,2,1,5,215,Lost Customers,Khushi Singh,Female,28,Bengaluru,Karnataka,South
CUST-01920,9,5063.75,1532.6200000000001,2022-09-23,2024-08-26,8,10,562.64,30.27,128,831,2,3,1,231,Regular Customers,Aanya Nair,Female,27,Delhi,Delhi,North
CUST-01921,9,20166.15,8176.8,2022-06-16,2024-07-23,9,21,2240.68,40.55,162,930,2,3,3,233,At Risk,Dhruv Tripathi,Male,39,Bengaluru,Karnataka,South
CUST-01922,20,50889.5,19098.87,2022-05-28,2024-12-27,20,31,2544.48,37.53,5,949,5,5,5,555,Champions,Atharv Iyer,Male,39,Delhi,Delhi,North
CUST-01923,9,14105.75,5184.450000000001,2022-10-03,2024-12-18,9,15,1567.31,36.75,14,821,5,3,3,533,Loyal Customers,Riya Dutta,Female,46,Surat,Gujarat,West
CUST-01924,6,4501.45,1233.06,2024-05-11,2024-10-17,6,7,750.24,27.39,76,235,2,2,1,221,Lost Customers,Gauri Sharma,Female,39,Delhi,Delhi,North
CUST-01925,10,21515.75,6777.85,2024-01-30,2024-11-15,10,14,2151.57,31.5,47,337,3,3,3,333,Loyal Customers,Dhruv Gupta,Male,28,Mumbai,Maharashtra,West
CUST-01926,14,37071.15,15403.59,2023-07-12,2024-11-25,14,21,2647.94,41.55,37,539,4,4,4,444,Champions,Sneha Chatterjee,Female,38,Hyderabad,Telangana,South
CUST-01927,9,12433.650000000001,3401.51,2023-04-13,2024-08-18,9,12,1381.52,27.36,136,629,2,3,2,232,Regular Customers,Saanvi Verma,Female,25,Surat,Gujarat,West
CUST-01928,9,21772.5,7860.29,2022-05-22,2024-08-31,9,17,2419.17,36.1,123,955,2,3,3,233,At Risk,Kunal Dutta,Male,35,Hyderabad,Telangana,South
CUST-01929,4,1803.9,351.02000000000004,2023-12-28,2024-01-07,4,4,450.98,19.46,360,370,1,1,1,111,Lost Customers,Reyansh Mishra,Male,32,Delhi,Delhi,North
CUST-01930,6,3753.85,1317.92,2024-01-07,2024-05-11,6,9,625.64,35.11,235,360,1,2,1,121,Lost Customers,Rajesh Yadav,Male,25,Hyderabad,Telangana,South
CUST-01931,7,7258.05,2983.28,2022-01-26,2024-10-18,7,8,1036.86,41.1,75,1071,3,2,1,321,Regular Customers,Priyanka Patel,Female,28,Hyderabad,Telangana,South
CUST-01932,7,5519.8,2075.63,2022-02-17,2024-02-09,7,9,788.54,37.6,327,1049,1,2,1,121,Lost Customers,Arjun Iyer,Male,37,Delhi,Delhi,North
CUST-01933,6,22332.699999999997,2800.38,2023-11-05,2024-11-03,6,6,3722.12,12.54,59,423,3,2,3,323,Regular Customers,Pallavi Mukherjee,Female,23,Hyderabad,Telangana,South
CUST-01934,11,24435.6,8961.04,2022-08-09,2024-12-21,11,18,2221.42,36.67,11,876,5,4,4,544,Champions,Manish Bhatia,Male,39,Ahmedabad,Gujarat,West
CUST-01935,12,55261.25,12063.53,2022-10-06,2024-11-11,12,16,4605.1,21.83,51,818,3,4,5,345,Loyal Customers,Vivaan Tripathi,Male,47,Coimbatore,Tamil Nadu,South
CUST-01936,7,6134.85,2629.87,2024-06-06,2024-09-03,7,7,876.41,42.87,120,209,2,2,1,221,Lost Customers,Aarohi Menon,Female,18,Delhi,Delhi,North
CUST-01937,9,14573.400000000001,5519.7,2022-01-19,2024-10-18,9,11,1619.27,37.88,75,1078,3,3,3,333,Loyal Customers,Suresh Gupta,Male,37,Jaipur,Rajasthan,North
CUST-01938,2,4045.1000000000004,1854.22,2024-06-28,2024-06-29,2,2,2022.55,45.84,186,187,1,1,1,111,Lost Customers,Neha Mishra,Female,44,Coimbatore,Tamil Nadu,South
CUST-01939,8,31505.7,9315.54,2023-06-03,2024-07-08,8,14,3938.21,29.57,177,578,1,3,4,134,At Risk,Anita Mehta,Female,34,Chandigarh,Punjab,North
CUST-01940,10,10782.05,4388.75,2023-04-06,2024-11-17,9,16,1078.2,40.7,45,636,4,3,2,432,Potential Loyalists,Deepa Dutta,Female,23,Ahmedabad,Gujarat,West
CUST-01941,9,25032.05,10759.210000000001,2024-01-28,2024-07-28,9,14,2781.34,42.98,157,339,2,3,4,234,At Risk,Rajesh Banerjee,Male,40,Mumbai,Maharashtra,West
CUST-01942,14,21148.2,8712.75,2022-07-03,2024-11-10,14,18,1510.59,41.2,52,913,3,4,3,343,Loyal Customers,Siddharth Mishra,Male,42,Delhi,Delhi,North
CUST-01943,7,13072.199999999999,5979.45,2022-11-20,2024-10-28,7,15,1867.46,45.74,65,773,3,2,2,322,Regular Customers,Suresh Saxena,Male,32,Pune,Maharashtra,West
CUST-01944,7,19781.95,6979.75,2023-05-06,2024-12-02,7,10,2825.99,35.28,30,606,4,2,3,423,Potential Loyalists,Kavya Bhatia,Female,30,Jaipur,Rajasthan,North
CUST-01945,7,14396.0,3772.14,2022-12-03,2023-10-03,7,13,2056.57,26.2,456,760,1,2,3,123,Lost Customers,Navya Chatterjee,Female,28,Patna,Bihar,East
CUST-01946,5,11853.4,6480.27,2022-05-25,2024-07-31,5,9,2370.68,54.67,154,952,2,1,2,212,Lost Customers,Varun Banerjee,Male,29,Visakhapatnam,Andhra Pradesh,South
CUST-01947,2,1247.5,364.90999999999997,2024-06-14,2024-06-21,2,3,623.75,29.25,194,201,1,1,1,111,Lost Customers,Anita Yadav,Female,32,Mumbai,Maharashtra,West
CUST-01948,7,12582.65,6994.32,2023-10-11,2024-11-25,7,10,1797.52,55.59,37,448,4,2,2,422,Potential Loyalists,Sai Sharma,Male,33,Ahmedabad,Gujarat,West
CUST-01949,18,21831.4,9434.17,2022-01-16,2024-11-30,18,23,1212.86,43.21,32,1081,4,5,3,453,Loyal Customers,Aarav Saxena,Male,57,Jaipur,Rajasthan,North
CUST-01950,2,1802.3999999999999,746.44,2023-03-22,2024-09-27,2,3,901.2,41.41,96,651,2,1,1,211,Lost Customers,Suresh Tripathi,Male,46,Hyderabad,Telangana,South
CUST-01951,10,49358.5,10638.8,2023-09-09,2024-12-30,10,14,4935.85,21.55,2,480,5,3,5,535,Loyal Customers,Anita Mishra,Female,38,Pune,Maharashtra,West
CUST-01952,4,21196.15,8886.76,2022-07-21,2024-06-23,4,9,5299.04,41.93,192,895,1,1,3,113,Lost Customers,Gauri Bhatia,Female,27,Lucknow,Uttar Pradesh,North
CUST-01953,13,21236.85,7415.780000000001,2022-07-01,2024-11-11,13,22,1633.6,34.92,51,915,3,4,3,343,Loyal Customers,Kabir Patel,Male,44,Chennai,Tamil Nadu,South
CUST-01954,7,8749.55,2573.6,2022-04-28,2024-11-09,7,8,1249.94,29.41,53,979,3,2,2,322,Regular Customers,Aanya Mukherjee,Female,35,Chennai,Tamil Nadu,South
CUST-01955,11,15578.6,5560.5599999999995,2022-09-17,2024-10-22,10,14,1416.24,35.69,71,837,3,4,3,343,Loyal Customers,Ramesh Gupta,Male,38,Bengaluru,Karnataka,South
CUST-01956,3,4348.25,1623.09,2024-03-06,2024-10-18,3,4,1449.42,37.33,75,301,3,1,1,311,Regular Customers,Saanvi Chatterjee,Female,31,Bhubaneswar,Odisha,East
CUST-01957,4,13291.550000000001,3013.1400000000003,2024-07-05,2024-12-14,4,7,3322.89,22.67,18,180,5,1,2,512,New Customers,Amit Malhotra,Male,35,Bengaluru,Karnataka,South
CUST-01958,4,5063.25,2185.04,2023-11-20,2024-10-27,4,5,1265.81,43.15,66,408,3,1,1,311,Regular Customers,Sunita Chatterjee,Female,28,Chennai,Tamil Nadu,South
CUST-01959,5,10752.9,4522.0599999999995,2022-11-07,2024-08-17,5,10,2150.58,42.05,137,786,2,1,2,212,Lost Customers,Nikhil Singh,Male,26,Chennai,Tamil Nadu,South
CUST-01960,4,2908.0499999999997,909.38,2022-12-24,2024-11-02,4,4,727.01,31.27,60,739,3,1,1,311,Regular Customers,Reyansh Malhotra,Male,47,Hyderabad,Telangana,South
CUST-01961,4,1122.6,198.09,2023-10-18,2023-11-25,4,4,280.65,17.65,403,441,1,1,1,111,Lost Customers,Pallavi Iyer,Female,27,Kolkata,West Bengal,East
CUST-01962,5,43600.5,17204.61,2022-10-25,2024-08-28,5,11,8720.1,39.46,126,799,2,1,5,215,Lost Customers,Swati Agarwal,Female,45,Bengaluru,Karnataka,South
CUST-01963,3,7733.1,4101.05,2023-03-14,2023-10-13,3,4,2577.7,53.03,446,659,1,1,2,112,Lost Customers,Atharv Joshi,Male,34,Pune,Maharashtra,West
CUST-01964,1,1439.1,522.0,2024-01-16,2024-01-16,1,1,1439.1,36.27,351,351,1,1,1,111,Lost Customers,Meera Mukherjee,Female,36,Mumbai,Maharashtra,West
CUST-01965,3,8249.65,4377.15,2024-01-26,2024-11-27,3,4,2749.88,53.06,35,341,4,1,2,412,New Customers,Tanvi Verma,Female,66,Hyderabad,Telangana,South
CUST-01966,6,10510.9,3519.7400000000002,2023-10-02,2024-08-22,6,9,1751.82,33.49,132,457,2,2,2,222,Lost Customers,Kunal Sharma,Male,39,Delhi,Delhi,North
CUST-01967,16,20524.4,8200.38,2022-05-05,2024-12-31,16,19,1282.78,39.95,1,972,5,5,3,553,Loyal Customers,Aadhya Tripathi,Female,23,Mumbai,Maharashtra,West
CUST-01968,6,31497.85,12076.42,2022-11-05,2024-11-05,6,16,5249.64,38.34,57,788,3,2,4,324,Regular Customers,Suresh Banerjee,Male,18,Lucknow,Uttar Pradesh,North
CUST-01969,1,2156.4,440.16,2022-11-03,2022-11-03,1,4,2156.4,20.41,790,790,1,1,1,111,Lost Customers,Tanvi Kaur,Female,18,Chandigarh,Punjab,North
CUST-01970,7,8614.2,3689.62,2022-04-12,2024-10-05,7,8,1230.6,42.83,88,995,2,2,2,222,Lost Customers,Vihaan Reddy,Male,33,Delhi,Delhi,North
CUST-01971,5,3307.0,1463.44,2022-10-02,2024-10-28,5,8,661.4,44.25,65,822,3,1,1,311,Regular Customers,Anand Pillai,Male,22,Jaipur,Rajasthan,North
CUST-01972,14,114715.40000000001,26276.27,2023-09-01,2024-11-19,14,25,8193.96,22.91,43,488,4,4,5,445,Champions,Isha Gupta,Female,23,Kochi,Kerala,South
CUST-01973,6,28998.45,12251.73,2023-06-26,2024-10-06,6,12,4833.08,42.25,87,555,2,2,4,224,Lost Customers,Vivaan Tripathi,Male,31,Visakhapatnam,Andhra Pradesh,South
CUST-01974,5,5058.8,2106.86,2024-02-04,2024-12-07,5,7,1011.76,41.65,25,332,5,1,1,511,New Customers,Pallavi Mukherjee,Female,29,Lucknow,Uttar Pradesh,North
CUST-01975,9,13917.3,6151.1,2023-08-06,2024-10-17,9,13,1546.37,44.2,76,514,2,3,3,233,At Risk,Atharv Bhatia,Male,26,Pune,Maharashtra,West
CUST-01976,2,5667.15,963.47,2023-08-17,2024-07-04,2,2,2833.58,17.0,181,503,1,1,1,111,Lost Customers,Divya Rao,Female,33,Nagpur,Maharashtra,West
CUST-01977,5,5692.7,2435.04,2024-03-16,2024-12-23,5,5,1138.54,42.77,9,291,5,1,1,511,New Customers,Ananya Verma,Female,40,Jaipur,Rajasthan,North
CUST-01978,5,4265.15,1597.0600000000002,2023-08-19,2024-08-20,5,9,853.03,37.44,134,501,2,1,1,211,Lost Customers,Arjun Malhotra,Male,32,Chennai,Tamil Nadu,South
CUST-01979,7,15549.650000000001,5687.85,2022-12-21,2024-10-23,7,12,2221.38,36.58,70,742,3,2,3,323,Regular Customers,Sai Choudhury,Male,18,Pune,Maharashtra,West
CUST-01980,12,26399.3,10905.05,2022-03-12,2024-10-12,12,14,2199.94,41.31,81,1026,2,4,4,244,At Risk,Ishaan Mukherjee,Male,18,Delhi,Delhi,North
CUST-01981,13,26420.2,9394.08,2022-03-04,2024-12-03,13,13,2032.32,35.56,29,1034,4,4,4,444,Champions,Manish Mukherjee,Male,38,Hyderabad,Telangana,South
CUST-01982,9,19242.7,8260.550000000001,2023-01-15,2024-10-19,9,12,2138.08,42.93,74,717,3,3,3,333,Loyal Customers,Anjali Yadav,Female,43,Coimbatore,Tamil Nadu,South
CUST-01983,20,59750.15,16111.74,2023-09-30,2024-11-26,19,28,2987.51,26.97,36,459,4,5,5,455,Champions,Gaurav Iyengar,Male,35,Kolkata,West Bengal,East
CUST-01984,11,86742.65,21195.25,2023-08-29,2024-12-17,11,18,7885.7,24.43,15,491,5,4,5,545,Champions,Reyansh Banerjee,Male,42,Bengaluru,Karnataka,South
CUST-01985,17,130033.15,16404.37,2023-05-28,2024-10-11,17,21,7649.01,12.62,82,584,2,5,5,255,At Risk,Krishna Sharma,Male,43,Chandigarh,Punjab,North
CUST-01986,6,8040.3,3568.46,2022-11-15,2024-11-22,5,6,1340.05,44.38,40,778,4,2,2,422,Potential Loyalists,Ayaan Patel,Male,55,Pune,Maharashtra,West
CUST-01987,18,29334.2,7300.89,2024-04-29,2024-08-04,18,26,1629.68,24.89,150,247,2,5,4,254,At Risk,Ayaan Tripathi,Male,49,Lucknow,Uttar Pradesh,North
CUST-01988,9,7450.0,3165.29,2022-02-02,2024-12-01,9,14,827.78,42.49,31,1064,4,3,1,431,Potential Loyalists,Varun Banerjee,Other,27,Bengaluru,Karnataka,South
CUST-01989,13,27137.949999999997,9090.69,2023-08-27,2024-11-25,13,20,2087.53,33.5,37,493,4,4,4,444,Champions,Vivaan Verma,Male,25,Patna,Bihar,East
CUST-01990,3,779.15,-8.41,2023-05-27,2024-05-14,3,3,259.72,-1.08,232,585,1,1,1,111,Lost Customers,Pooja Verma,Female,18,Bhubaneswar,Odisha,East
CUST-01991,5,7237.45,1928.6,2022-06-26,2024-10-26,5,6,1447.49,26.65,67,920,3,1,1,311,Regular Customers,Rahul Mishra,Male,29,Bengaluru,Karnataka,South
CUST-01992,6,2231.85,355.71000000000004,2024-02-23,2024-03-17,6,10,371.98,15.94,290,313,1,2,1,121,Lost Customers,Isha Gupta,Female,41,Surat,Gujarat,West
CUST-01993,15,34748.0,11914.11,2023-04-21,2024-12-26,15,27,2316.53,34.29,6,621,5,4,4,544,Champions,Deepak Dutta,Male,43,Hyderabad,Telangana,South
CUST-01994,8,31098.15,8649.48,2022-09-08,2024-06-20,8,13,3887.27,27.81,195,846,1,3,4,134,At Risk,Arjun Rao,Male,28,Chennai,Tamil Nadu,South
CUST-01995,13,32613.8,8652.6,2023-09-13,2024-12-04,13,13,2508.75,26.53,28,476,4,4,4,444,Champions,Aditya Sharma,Male,34,Kolkata,West Bengal,East
CUST-01996,15,26187.9,6859.14,2023-08-06,2024-11-02,14,24,1745.86,26.19,60,514,3,4,4,344,Loyal Customers,Sai Das,Other,35,Chennai,Tamil Nadu,South
CUST-01997,23,33902.45,14536.38,2022-05-07,2024-11-18,23,31,1474.02,42.88,44,970,4,5,4,454,Champions,Anand Banerjee,Male,28,Delhi,Delhi,North
CUST-01998,22,39238.05,16058.65,2022-03-11,2024-10-18,22,30,1783.55,40.93,75,1027,3,5,5,355,Loyal Customers,Riya Choudhury,Female,18,Indore,Madhya Pradesh,Central
CUST-01999,12,13106.4,4178.139999999999,2023-02-01,2024-12-27,12,15,1092.2,31.88,5,700,5,4,2,542,Regular Customers,Dhruv Saxena,Male,50,Surat,Gujarat,West
CUST-02000,15,32403.5,10744.19,2022-01-21,2024-12-30,15,22,2160.23,33.16,2,1076,5,4,4,544,Champions,Shreya Singh,Female,40,Kolkata,West Bengal,East
CUST-02001,7,9774.75,3344.88,2022-11-23,2024-11-23,7,9,1396.39,34.22,39,770,4,2,2,422,Potential Loyalists,Aadhya Nair,Female,52,Mumbai,Maharashtra,West
CUST-02002,12,26849.85,11682.13,2022-09-04,2024-08-26,12,21,2237.49,43.51,128,850,2,4,4,244,At Risk,Ishaan Pillai,Male,55,Kolkata,West Bengal,East
CUST-02003,13,110438.59999999999,20379.0,2024-03-27,2024-11-10,13,21,8495.28,18.45,52,280,3,4,5,345,Loyal Customers,Ramesh Chatterjee,Male,33,Pune,Maharashtra,West
CUST-02004,11,37320.25,7316.3,2022-05-11,2024-11-01,11,19,3392.75,19.6,61,966,3,4,4,344,Loyal Customers,Anita Kaur,Female,28,Kolkata,West Bengal,East
CUST-02005,3,7751.05,3262.14,2022-04-23,2024-09-03,3,3,2583.68,42.09,120,984,2,1,2,212,Lost Customers,Shaurya Dutta,Male,46,Guwahati,Assam,East
CUST-02006,23,37972.9,13419.07,2023-01-20,2024-11-28,23,39,1651.0,35.34,34,712,4,5,4,454,Champions,Varun Kaur,Male,35,Bengaluru,Karnataka,South
CUST-02007,3,5268.1,1060.86,2023-06-22,2024-12-21,3,4,1756.03,20.14,11,559,5,1,1,511,New Customers,Aarohi Nair,Female,37,Hyderabad,Telangana,South
CUST-02008,4,9399.5,3041.7900000000004,2023-01-28,2024-08-22,4,6,2349.88,32.36,132,704,2,1,2,212,Lost Customers,Vivaan Rao,Male,19,Hyderabad,Telangana,South
CUST-02009,9,74543.05,4667.71,2022-07-03,2024-10-25,9,14,8282.56,6.26,68,913,3,3,5,335,Loyal Customers,Vikram Das,Male,36,Bengaluru,Karnataka,South
CUST-02010,31,85269.5,25655.19,2022-03-16,2024-12-22,30,55,2750.63,30.09,10,1022,5,5,5,555,Champions,Sunita Mehta,Female,34,Mumbai,Maharashtra,West
CUST-02011,12,44530.95,13302.23,2022-05-23,2024-11-24,12,21,3710.91,29.87,38,954,4,4,5,445,Champions,Isha Chatterjee,Female,40,Kochi,Kerala,South
CUST-02012,21,43884.75,15060.289999999999,2024-04-05,2024-12-26,20,27,2089.75,34.32,6,271,5,5,5,555,Champions,Tanvi Choudhury,Female,46,Nagpur,Maharashtra,West
CUST-02013,7,8106.65,3017.95,2022-09-30,2024-12-11,7,11,1158.09,37.23,21,824,5,2,2,522,Potential Loyalists,Shreya Mehta,Female,33,Mumbai,Maharashtra,West
CUST-02014,9,22790.100000000002,7520.92,2023-11-02,2024-09-22,9,22,2532.23,33.0,101,426,2,3,3,233,At Risk,Nandini Shah,Female,41,Delhi,Delhi,North
CUST-02015,6,32141.699999999997,10896.34,2022-06-08,2024-11-11,6,11,5356.95,33.9,51,938,3,2,4,324,Regular Customers,Kavya Verma,Female,58,Mumbai,Maharashtra,West
CUST-02016,11,16547.85,7033.11,2023-10-26,2024-10-06,11,13,1504.35,42.5,87,433,2,4,3,243,At Risk,Rohan Iyer,Male,29,Kolkata,West Bengal,East
CUST-02017,11,14867.849999999999,4815.469999999999,2023-12-27,2024-11-28,11,14,1351.62,32.39,34,371,4,4,3,443,Loyal Customers,Aarohi Iyer,Female,19,Lucknow,Uttar Pradesh,North
CUST-02018,5,14480.95,5186.57,2023-02-18,2024-09-28,5,8,2896.19,35.82,95,683,2,1,3,213,Lost Customers,Anjali Tripathi,Female,18,Bengaluru,Karnataka,South
CUST-02019,7,69713.6,23173.16,2022-11-09,2024-10-22,7,13,9959.09,33.24,71,784,3,2,5,325,Regular Customers,Atharv Mishra,Male,29,Mumbai,Maharashtra,West
CUST-02020,4,15398.150000000001,6129.51,2022-06-23,2023-12-07,4,8,3849.54,39.81,391,923,1,1,3,113,Lost Customers,Pranav Menon,Male,22,Indore,Madhya Pradesh,Central
CUST-02021,25,114184.2,26468.61,2022-08-25,2024-11-21,24,38,4567.37,23.18,41,860,4,5,5,455,Champions,Pranav Saxena,Male,32,Mumbai,Maharashtra,West
CUST-02022,4,5744.2,2731.02,2023-05-02,2024-08-23,4,5,1436.05,47.54,131,610,2,1,1,211,Lost Customers,Aditya Malhotra,Male,23,Bhopal,Madhya Pradesh,Central
CUST-02023,7,4798.8,1940.7400000000002,2023-10-17,2024-11-28,7,7,685.54,40.44,34,442,4,2,1,421,Potential Loyalists,Shreya Bhatia,Female,29,Bhopal,Madhya Pradesh,Central
CUST-02024,6,13934.650000000001,4011.42,2022-11-27,2024-11-29,6,10,2322.44,28.79,33,766,4,2,3,423,Potential Loyalists,Gauri Iyengar,Female,34,Bhopal,Madhya Pradesh,Central
CUST-02025,2,3651.5,567.74,2022-07-16,2022-11-16,2,3,1825.75,15.55,777,900,1,1,1,111,Lost Customers,Rajesh Chatterjee,Male,39,Chandigarh,Punjab,North
CUST-02026,7,14888.900000000001,3335.04,2022-10-23,2024-11-11,7,12,2126.99,22.4,51,801,3,2,3,323,Regular Customers,Kabir Menon,Other,28,Delhi,Delhi,North
CUST-02027,13,57446.05,15529.45,2022-04-22,2024-10-13,13,22,4418.93,27.03,80,985,2,4,5,245,At Risk,Aditya Sharma,Male,39,Delhi,Delhi,North
CUST-02028,7,16227.45,4057.29,2022-11-23,2024-10-21,7,9,2318.21,25.0,72,770,3,2,3,323,Regular Customers,Amit Singh,Male,26,Guwahati,Assam,East
CUST-02029,4,13749.199999999999,6363.3099999999995,2023-04-10,2024-12-14,3,10,3437.3,46.28,18,632,5,1,2,512,New Customers,Shaurya Singh,Male,28,Patna,Bihar,East
CUST-02030,13,23502.0,7896.120000000001,2023-12-28,2024-10-30,13,16,1807.85,33.6,63,370,3,4,4,344,Loyal Customers,Swati Das,Female,44,Coimbatore,Tamil Nadu,South
CUST-02031,13,68027.45,10272.02,2022-10-01,2024-11-03,12,20,5232.88,15.1,59,823,3,4,5,345,Loyal Customers,Riya Menon,Female,41,Bhubaneswar,Odisha,East
CUST-02032,3,8274.1,2810.4,2023-07-10,2024-12-26,3,5,2758.03,33.97,6,541,5,1,2,512,New Customers,Pranav Mishra,Male,20,Ahmedabad,Gujarat,West
CUST-02033,8,28632.050000000003,3886.94,2023-10-06,2024-10-28,8,8,3579.01,13.58,65,453,3,3,4,334,Loyal Customers,Krishna Patel,Male,32,Mumbai,Maharashtra,West
CUST-02034,11,16525.3,6272.64,2022-03-16,2024-11-05,11,14,1502.3,37.96,57,1022,3,4,3,343,Loyal Customers,Khushi Choudhury,Female,18,Kolkata,West Bengal,East
CUST-02035,17,41514.1,13360.77,2022-09-28,2024-11-24,16,30,2442.01,32.18,38,826,4,5,5,455,Champions,Ishaan Menon,Male,18,Kolkata,West Bengal,East
CUST-02036,9,16542.3,5986.06,2024-01-08,2024-07-08,9,12,1838.03,36.19,177,359,1,3,3,133,At Risk,Diya Das,Female,25,Mumbai,Maharashtra,West
CUST-02037,7,15083.05,7061.05,2022-07-23,2024-08-31,7,13,2154.72,46.81,123,893,2,2,3,223,Lost Customers,Diya Pandey,Female,23,Mumbai,Maharashtra,West
CUST-02038,7,8058.4,2878.81,2022-10-23,2023-11-10,7,9,1151.2,35.72,418,801,1,2,2,122,Lost Customers,Aarohi Verma,Female,48,Nagpur,Maharashtra,West
CUST-02039,4,10234.5,4381.34,2023-11-24,2024-12-10,4,6,2558.62,42.81,22,404,5,1,2,512,New Customers,Rohan Shah,Male,22,Pune,Maharashtra,West
CUST-02040,12,17295.2,6370.0599999999995,2022-05-06,2024-05-07,12,14,1441.27,36.83,239,971,1,4,3,143,At Risk,Vikram Das,Male,26,Hyderabad,Telangana,South
CUST-02041,1,429.0,128.03,2023-02-05,2023-02-05,1,1,429.0,29.84,696,696,1,1,1,111,Lost Customers,Navya Bhatia,Female,18,Chennai,Tamil Nadu,South
CUST-02042,6,9475.15,4014.13,2023-12-25,2024-08-17,6,10,1579.19,42.36,137,373,2,2,2,222,Lost Customers,Diya Chatterjee,Female,45,Mumbai,Maharashtra,West
CUST-02043,23,31854.05,10049.58,2023-10-22,2024-11-07,23,31,1384.96,31.55,55,437,3,5,4,354,Loyal Customers,Aarav Nair,Male,38,Bengaluru,Karnataka,South
CUST-02044,6,8483.4,2116.83,2022-10-20,2024-10-22,6,8,1413.9,24.95,71,804,3,2,2,322,Regular Customers,Rohan Agarwal,Male,35,Pune,Maharashtra,West
CUST-02045,3,1737.0,742.87,2023-11-26,2024-09-22,3,3,579.0,42.77,101,402,2,1,1,211,Lost Customers,Tanvi Chatterjee,Female,35,Chennai,Tamil Nadu,South
CUST-02046,32,131250.6,42489.3,2023-08-30,2024-11-29,32,50,4101.58,32.37,33,490,4,5,5,455,Champions,Deepak Joshi,Male,26,Mumbai,Maharashtra,West
CUST-02047,13,57801.700000000004,16348.6,2022-01-07,2024-06-18,13,25,4446.28,28.28,197,1090,1,4,5,145,At Risk,Nikhil Banerjee,Male,30,Bengaluru,Karnataka,South
CUST-02048,6,9834.5,3308.88,2023-07-06,2024-10-26,6,7,1639.08,33.65,67,545,3,2,2,322,Regular Customers,Anand Agarwal,Male,48,Patna,Bihar,East
CUST-02049,32,65013.45,20109.58,2023-09-09,2024-12-20,31,43,2031.67,30.93,12,480,5,5,5,555,Champions,Aarohi Dutta,Female,26,Bengaluru,Karnataka,South
CUST-02050,4,2716.0,1071.5,2024-02-12,2024-07-10,4,4,679.0,39.45,175,324,1,1,1,111,Lost Customers,Ananya Kaur,Female,29,Pune,Maharashtra,West
CUST-02051,5,11644.5,6637.419999999999,2024-06-26,2024-09-29,5,8,2328.9,57.0,94,189,2,1,2,212,Lost Customers,Saanvi Nair,Female,18,Bhopal,Madhya Pradesh,Central
CUST-02052,7,11705.2,5380.33,2022-07-28,2024-12-29,7,10,1672.17,45.97,3,888,5,2,2,522,Potential Loyalists,Riya Rao,Female,46,Mumbai,Maharashtra,West
CUST-02053,10,17727.8,4390.19,2022-07-11,2024-11-12,10,12,1772.78,24.76,50,905,3,3,3,333,Loyal Customers,Ramesh Singh,Male,40,Bengaluru,Karnataka,South
CUST-02054,6,7317.4,2662.9,2022-08-22,2024-12-28,6,7,1219.57,36.39,4,863,5,2,1,521,Potential Loyalists,Isha Mishra,Female,33,Indore,Madhya Pradesh,Central
CUST-02055,16,47359.950000000004,16523.92,2023-07-02,2024-11-30,15,21,2960.0,34.89,32,549,4,5,5,455,Champions,Aditya Chatterjee,Male,23,Hyderabad,Telangana,South
CUST-02056,5,27648.4,5585.08,2023-03-24,2024-11-24,5,5,5529.68,20.2,38,649,4,1,4,414,New Customers,Aditya Iyengar,Male,40,Chandigarh,Punjab,North
CUST-02057,6,23591.95,9087.41,2024-06-03,2024-06-23,6,10,3931.99,38.52,192,212,1,2,4,124,Lost Customers,Shaurya Mukherjee,Male,28,Pune,Maharashtra,West
CUST-02058,3,13401.3,4835.530000000001,2023-02-09,2024-03-24,3,9,4467.1,36.08,283,692,1,1,2,112,Lost Customers,Aanya Agarwal,Female,18,Delhi,Delhi,North
CUST-02059,9,7007.4,2403.87,2023-06-17,2024-12-31,9,10,778.6,34.3,1,564,5,3,1,531,Potential Loyalists,Shreya Yadav,Female,38,Lucknow,Uttar Pradesh,North
CUST-02060,9,7188.45,2886.51,2022-08-20,2024-11-05,9,13,798.72,40.15,57,865,3,3,1,331,Regular Customers,Atharv Sharma,Male,53,Delhi,Delhi,North
CUST-02061,3,7601.75,3630.0,2024-02-27,2024-03-11,3,4,2533.92,47.75,296,309,1,1,2,112,Lost Customers,Khushi Menon,Female,57,Hyderabad,Telangana,South
CUST-02062,14,58196.05,15365.210000000001,2023-07-17,2024-12-16,14,18,4156.86,26.4,16,534,5,4,5,545,Champions,Tanvi Tripathi,Female,37,Pune,Maharashtra,West
CUST-02063,6,6112.4,2859.57,2023-06-29,2024-12-17,6,6,1018.73,46.78,15,552,5,2,1,521,Potential Loyalists,Kabir Mishra,Male,50,Bhopal,Madhya Pradesh,Central
CUST-02064,16,21548.45,7432.21,2023-05-22,2024-10-08,16,20,1346.78,34.49,85,590,2,5,3,253,At Risk,Kunal Dutta,Male,29,Coimbatore,Tamil Nadu,South
CUST-02065,5,8720.8,2790.35,2024-04-24,2024-05-11,5,9,1744.16,32.0,235,252,1,1,2,112,Lost Customers,Kabir Bhatia,Male,42,Coimbatore,Tamil Nadu,South
CUST-02066,5,10859.7,1878.32,2022-10-03,2024-03-20,5,7,2171.94,17.3,287,821,1,1,2,112,Lost Customers,Ananya Mehta,Female,30,Patna,Bihar,East
CUST-02067,4,11249.25,5232.67,2022-12-02,2024-01-14,4,10,2812.31,46.52,353,761,1,1,2,112,Lost Customers,Gaurav Iyengar,Male,28,Delhi,Delhi,North
CUST-02068,4,5748.25,1963.08,2023-02-20,2023-10-15,4,7,1437.06,34.15,444,681,1,1,1,111,Lost Customers,Suresh Choudhury,Male,41,Chennai,Tamil Nadu,South
CUST-02069,6,2159.7,544.29,2022-12-15,2024-09-15,6,7,359.95,25.2,108,748,2,2,1,221,Lost Customers,Kabir Singh,Male,24,Bengaluru,Karnataka,South
CUST-02070,13,16621.05,6022.96,2024-03-10,2024-10-28,13,23,1278.54,36.24,65,297,3,4,3,343,Loyal Customers,Anjali Menon,Female,28,Chennai,Tamil Nadu,South
CUST-02071,9,18027.3,4742.8,2022-09-18,2024-12-05,9,12,2003.03,26.31,27,836,4,3,3,433,Loyal Customers,Arjun Mehta,Male,38,Indore,Madhya Pradesh,Central
CUST-02072,4,14518.199999999999,5770.780000000001,2023-10-22,2024-12-05,4,9,3629.55,39.75,27,437,4,1,3,413,New Customers,Ishaan Chatterjee,Male,36,Chandigarh,Punjab,North
CUST-02073,7,17159.25,7553.93,2024-04-18,2024-07-22,7,11,2451.32,44.02,163,258,2,2,3,223,Lost Customers,Siddharth Joshi,Male,29,Bhopal,Madhya Pradesh,Central
CUST-02074,9,20878.0,7676.18,2023-08-17,2024-10-03,9,14,2319.78,36.77,90,503,2,3,3,233,At Risk,Vikram Dutta,Male,23,Mumbai,Maharashtra,West
CUST-02075,6,15965.4,4852.08,2022-04-26,2024-10-26,6,8,2660.9,30.39,67,981,3,2,3,323,Regular Customers,Kunal Sharma,Male,36,Bengaluru,Karnataka,South
CUST-02076,3,2306.25,604.34,2023-09-11,2023-12-15,3,4,768.75,26.2,383,478,1,1,1,111,Lost Customers,Divya Pandey,Female,43,Kolkata,West Bengal,East
CUST-02077,8,44667.9,7510.09,2023-03-11,2024-10-29,8,10,5583.49,16.81,64,662,3,3,5,335,Loyal Customers,Swati Tripathi,Female,38,Bengaluru,Karnataka,South
CUST-02078,6,7620.05,2465.66,2022-10-14,2024-05-23,6,9,1270.01,32.36,223,810,1,2,2,122,Lost Customers,Sneha Agarwal,Female,28,Mumbai,Maharashtra,West
CUST-02079,21,43583.3,6802.41,2023-10-08,2024-12-22,21,25,2075.4,15.61,10,451,5,5,5,555,Champions,Nikhil Shah,Male,39,Mumbai,Maharashtra,West
CUST-02080,16,27558.2,12190.88,2023-01-12,2024-11-30,16,20,1722.39,44.24,32,720,4,5,4,454,Champions,Aadhya Mukherjee,Female,18,Delhi,Delhi,North
CUST-02081,14,39162.15,10462.05,2022-10-07,2024-11-08,14,18,2797.3,26.71,54,817,3,4,4,344,Loyal Customers,Priyanka Pillai,Female,36,Chandigarh,Punjab,North
CUST-02082,4,5920.55,2224.62,2022-10-07,2024-11-28,4,6,1480.14,37.57,34,817,4,1,1,411,New Customers,Sneha Das,Female,47,Hyderabad,Telangana,South
CUST-02083,10,17196.7,7451.59,2022-11-15,2024-12-11,10,16,1719.67,43.33,21,778,5,3,3,533,Loyal Customers,Tanvi Banerjee,Female,39,Chandigarh,Punjab,North
CUST-02084,7,9445.85,2488.13,2022-04-25,2024-11-22,7,11,1349.41,26.34,40,982,4,2,2,422,Potential Loyalists,Sai Banerjee,Male,18,Bengaluru,Karnataka,South
CUST-02085,5,7837.950000000001,1326.42,2022-01-26,2024-10-25,5,7,1567.59,16.92,68,1071,3,1,2,312,Regular Customers,Rohan Tripathi,Male,55,Coimbatore,Tamil Nadu,South
CUST-02086,7,9201.05,3802.11,2023-01-15,2024-12-28,7,11,1314.44,41.32,4,717,5,2,2,522,Potential Loyalists,Vivaan Shah,Male,39,Bengaluru,Karnataka,South
CUST-02087,7,9521.55,4718.58,2022-05-23,2024-10-20,7,11,1360.22,49.56,73,954,3,2,2,322,Regular Customers,Pallavi Rao,Female,36,Chennai,Tamil Nadu,South
CUST-02088,5,1843.35,678.35,2022-09-27,2024-08-12,5,5,368.67,36.8,142,827,2,1,1,211,Lost Customers,Amit Singh,Male,35,Chennai,Tamil Nadu,South
CUST-02089,21,29657.75,10323.56,2022-03-10,2024-10-24,21,28,1412.27,34.81,69,1028,3,5,4,354,Loyal Customers,Nikhil Singh,Male,43,Mumbai,Maharashtra,West
CUST-02090,5,9925.55,4929.79,2022-06-20,2024-12-20,5,9,1985.11,49.67,12,926,5,1,2,512,New Customers,Neha Choudhury,Female,24,Chennai,Tamil Nadu,South
CUST-02091,2,6756.55,3095.0099999999998,2022-09-28,2024-06-10,2,5,3378.28,45.81,205,826,1,1,1,111,Lost Customers,Rekha Reddy,Female,30,Mumbai,Maharashtra,West
CUST-02092,5,4048.4,2032.5900000000001,2023-01-25,2024-11-10,5,6,809.68,50.21,52,707,3,1,1,311,Regular Customers,Shreya Das,Female,25,Bhopal,Madhya Pradesh,Central
CUST-02093,8,14894.15,6804.740000000001,2022-09-15,2024-11-06,8,10,1861.77,45.69,56,839,3,3,3,333,Loyal Customers,Suresh Rao,Male,22,Pune,Maharashtra,West
CUST-02094,11,23636.05,7281.33,2023-02-09,2024-12-21,11,15,2148.73,30.81,11,692,5,4,4,544,Champions,Pooja Joshi,Female,28,Mumbai,Maharashtra,West
CUST-02095,4,4810.2,1836.04,2022-01-07,2024-05-19,4,7,1202.55,38.17,227,1090,1,1,1,111,Lost Customers,Kabir Reddy,Male,34,Patna,Bihar,East
CUST-02096,14,19708.45,6511.53,2022-04-06,2024-12-19,14,21,1407.75,33.04,13,1001,5,4,3,543,Loyal Customers,Arjun Iyengar,Male,22,Guwahati,Assam,East
CUST-02097,10,7375.25,2755.06,2024-02-27,2024-12-03,10,10,737.52,37.36,29,309,4,3,1,431,Potential Loyalists,Anita Tripathi,Female,18,Pune,Maharashtra,West
CUST-02098,9,29700.45,12316.689999999999,2023-12-28,2024-12-09,9,12,3300.05,41.47,23,370,5,3,4,534,Loyal Customers,Siddharth Iyengar,Male,25,Mumbai,Maharashtra,West
CUST-02099,3,4099.1,744.3399999999999,2022-10-25,2024-10-25,3,3,1366.37,18.16,68,799,3,1,1,311,Regular Customers,Deepak Choudhury,Male,46,Pune,Maharashtra,West
CUST-02100,15,40552.25,15359.05,2022-01-26,2024-09-20,15,22,2703.48,37.87,103,1071,2,4,5,245,At Risk,Varun Gupta,Other,30,Bengaluru,Karnataka,South
CUST-02101,4,10987.75,2178.74,2023-09-16,2024-06-16,4,4,2746.94,19.83,199,473,1,1,2,112,Lost Customers,Varun Sharma,Male,29,Bengaluru,Karnataka,South
CUST-02102,9,17078.4,6896.84,2022-04-15,2024-11-10,9,10,1897.6,40.38,52,992,3,3,3,333,Loyal Customers,Shreya Rao,Female,29,Coimbatore,Tamil Nadu,South
CUST-02104,3,9860.5,5426.4,2022-09-29,2024-03-27,3,5,3286.83,55.03,280,825,1,1,2,112,Lost Customers,Shaurya Saxena,Male,29,Patna,Bihar,East
CUST-02105,5,3881.2,1724.06,2022-09-15,2024-02-25,5,6,776.24,44.42,311,839,1,2,1,121,Lost Customers,Deepa Malhotra,Female,30,Bengaluru,Karnataka,South
CUST-02106,7,27129.1,2363.34,2022-05-26,2024-11-05,7,11,3875.59,8.71,57,951,3,2,4,324,Regular Customers,Shreya Bhatia,Female,19,Chennai,Tamil Nadu,South
CUST-02107,8,14609.85,6359.06,2022-07-21,2024-10-26,8,12,1826.23,43.53,67,895,3,3,3,333,Loyal Customers,Reyansh Bhatia,Other,31,Kolkata,West Bengal,East
CUST-02108,5,12119.65,5210.27,2022-06-02,2024-12-26,5,6,2423.93,42.99,6,944,5,2,2,522,Potential Loyalists,Nikhil Mishra,Male,27,Bengaluru,Karnataka,South
CUST-02109,3,13504.55,7964.6900000000005,2023-06-12,2024-12-05,3,5,4501.52,58.98,27,569,4,1,2,412,New Customers,Sunita Iyer,Female,37,Pune,Maharashtra,West
CUST-02110,18,42038.1,9348.17,2023-11-19,2024-11-11,18,28,2335.45,22.24,51,409,3,5,5,355,Loyal Customers,Aarohi Verma,Female,36,Bengaluru,Karnataka,South
CUST-02111,8,25677.35,10669.32,2022-07-02,2024-12-05,8,12,3209.67,41.55,27,914,4,3,4,434,Loyal Customers,Rahul Malhotra,Male,29,Bengaluru,Karnataka,South
CUST-02112,16,23782.0,8969.92,2022-06-04,2024-10-12,16,19,1486.38,37.72,81,942,2,5,4,254,At Risk,Khushi Kaur,Female,18,Bengaluru,Karnataka,South
CUST-02113,11,57757.1,14790.96,2024-05-19,2024-11-23,11,18,5250.65,25.61,39,227,4,4,5,445,Champions,Kunal Malhotra,Male,25,Mumbai,Maharashtra,West
CUST-02114,9,15968.95,5072.78,2022-03-25,2024-11-30,9,14,1774.33,31.77,32,1013,4,3,3,433,Loyal Customers,Pranav Mehta,Male,33,Chennai,Tamil Nadu,South
CUST-02115,13,31920.15,9919.45,2022-03-09,2024-12-20,13,15,2455.4,31.08,12,1029,5,4,4,544,Champions,Aarav Gupta,Male,40,Chennai,Tamil Nadu,South
CUST-02116,7,47329.85,12060.41,2022-12-18,2024-04-05,7,12,6761.41,25.48,271,745,1,2,5,125,Lost Customers,Krishna Banerjee,Male,41,Bengaluru,Karnataka,South
CUST-02117,10,38214.0,10188.74,2024-06-17,2024-11-30,10,13,3821.4,26.66,32,198,4,3,4,434,Loyal Customers,Rekha Iyengar,Female,31,Delhi,Delhi,North
CUST-02118,13,44351.7,10032.09,2022-03-09,2024-07-21,13,17,3411.67,22.62,164,1029,2,4,5,245,At Risk,Suresh Gupta,Male,48,Surat,Gujarat,West
CUST-02119,9,22017.899999999998,9452.22,2023-12-31,2024-12-19,9,14,2446.43,42.93,13,367,5,3,3,533,Loyal Customers,Sunita Sharma,Female,31,Kolkata,West Bengal,East
CUST-02120,24,75175.45,18699.88,2022-01-10,2024-09-11,24,38,3132.31,24.87,112,1087,2,5,5,255,At Risk,Gauri Joshi,Female,53,Nagpur,Maharashtra,West
CUST-02121,25,74137.55,21735.58,2022-04-16,2024-12-31,25,40,2965.5,29.32,1,991,5,5,5,555,Champions,Vikram Sharma,Male,27,Delhi,Delhi,North
CUST-02122,2,34719.1,4000.26,2023-12-23,2024-06-15,2,3,17359.55,11.52,200,375,1,1,4,114,Lost Customers,Pallavi Iyengar,Female,38,Hyderabad,Telangana,South
CUST-02123,13,25738.2,9973.55,2023-06-22,2024-11-21,13,22,1979.86,38.75,41,559,4,4,4,444,Champions,Priyanka Saxena,Female,33,Coimbatore,Tamil Nadu,South
CUST-02124,21,57200.9,21590.84,2022-12-29,2024-11-25,21,30,2723.85,37.75,37,734,4,5,5,455,Champions,Aarohi Saxena,Female,23,Delhi,Delhi,North
CUST-02125,3,13765.05,6072.57,2023-11-25,2024-10-16,3,5,4588.35,44.12,77,403,2,1,2,212,Lost Customers,Kabir Mehta,Male,21,Nagpur,Maharashtra,West
CUST-02126,8,10616.45,3130.33,2022-10-07,2024-04-16,8,9,1327.06,29.49,260,817,1,3,2,132,Regular Customers,Aarohi Choudhury,Female,37,Delhi,Delhi,North
CUST-02127,5,11822.25,4778.54,2022-06-17,2023-11-04,5,8,2364.45,40.42,424,929,1,2,2,122,Lost Customers,Vihaan Iyengar,Male,29,Chennai,Tamil Nadu,South
CUST-02128,9,11650.35,2780.22,2022-09-11,2024-12-01,9,13,1294.48,23.86,31,843,4,3,2,432,Potential Loyalists,Navya Das,Female,18,Mumbai,Maharashtra,West
CUST-02129,6,6277.0,2695.19,2022-11-04,2024-10-01,6,7,1046.17,42.94,92,789,2,2,1,221,Lost Customers,Vivaan Gupta,Male,45,Bengaluru,Karnataka,South
CUST-02130,11,18296.1,6305.08,2023-08-16,2024-11-21,11,11,1663.28,34.46,41,504,4,4,3,443,Loyal Customers,Pari Joshi,Female,18,Ahmedabad,Gujarat,West
CUST-02131,3,12355.150000000001,1148.8500000000001,2024-04-01,2024-11-30,3,5,4118.38,9.3,32,275,4,1,2,412,New Customers,Ishaan Kaur,Male,33,Bengaluru,Karnataka,South
CUST-02132,9,30315.55,6666.19,2023-06-09,2024-11-14,9,11,3368.39,21.99,48,572,3,3,4,334,Loyal Customers,Kabir Joshi,Male,24,Delhi,Delhi,North
CUST-02133,25,42965.0,17839.63,2023-09-11,2024-10-02,25,41,1718.6,41.52,91,478,2,5,5,255,At Risk,Aadhya Tripathi,Female,33,Mumbai,Maharashtra,West
CUST-02134,20,131031.09999999999,27429.75,2022-02-13,2024-11-07,19,34,6551.55,20.93,55,1053,3,5,5,355,Loyal Customers,Navya Saxena,Female,39,Hyderabad,Telangana,South
CUST-02135,3,8365.6,3447.69,2022-10-03,2024-11-22,3,7,2788.53,41.21,40,821,4,1,2,412,New Customers,Sneha Kaur,Female,18,Delhi,Delhi,North
CUST-02136,9,21615.15,4892.5,2022-11-25,2024-11-09,9,14,2401.68,22.63,53,768,3,3,3,333,Loyal Customers,Pooja Kaur,Female,29,Bengaluru,Karnataka,South
CUST-02137,11,106729.35,21598.66,2024-04-25,2024-10-27,11,16,9702.67,20.24,66,251,3,4,5,345,Loyal Customers,Pari Nair,Female,26,Chennai,Tamil Nadu,South
CUST-02138,3,3946.0,1373.8899999999999,2023-03-22,2024-12-29,3,4,1315.33,34.82,3,651,5,1,1,511,New Customers,Tanvi Agarwal,Female,21,Surat,Gujarat,West
CUST-02139,8,8796.35,2847.37,2022-05-07,2024-12-23,8,12,1099.54,32.37,9,970,5,3,2,532,Potential Loyalists,Reyansh Reddy,Male,22,Kolkata,West Bengal,East
CUST-02140,8,8205.35,2308.39,2023-05-04,2024-12-21,8,8,1025.67,28.13,11,608,5,3,2,532,Potential Loyalists,Dhruv Malhotra,Male,28,Coimbatore,Tamil Nadu,South
CUST-02141,14,40544.549999999996,11297.5,2022-08-22,2024-12-31,14,17,2896.04,27.86,1,863,5,4,5,545,Champions,Tanvi Iyer,Female,31,Coimbatore,Tamil Nadu,South
CUST-02142,6,10722.95,3978.4,2024-05-02,2024-05-22,6,8,1787.16,37.1,224,244,1,2,2,122,Lost Customers,Sunita Banerjee,Female,18,Mumbai,Maharashtra,West
CUST-02143,4,13956.65,5302.7,2023-04-23,2024-11-06,4,10,3489.16,37.99,56,619,3,1,3,313,Regular Customers,Kunal Mishra,Male,18,Delhi,Delhi,North
CUST-02144,23,49424.55,17193.02,2023-04-11,2024-12-17,23,36,2148.89,34.79,15,631,5,5,5,555,Champions,Rajesh Mukherjee,Male,28,Ahmedabad,Gujarat,West
CUST-02145,15,29855.75,13341.820000000002,2022-07-14,2024-08-29,15,18,1990.38,44.69,125,902,2,4,4,244,At Risk,Amit Shah,Male,37,Kolkata,West Bengal,East
CUST-02146,2,1610.1,328.61,2022-06-05,2022-11-02,2,3,805.05,20.41,791,941,1,1,1,111,Lost Customers,Vihaan Malhotra,Male,36,Visakhapatnam,Andhra Pradesh,South
CUST-02147,5,7926.65,2904.01,2022-07-14,2024-11-16,5,7,1585.33,36.64,46,902,4,2,2,422,Potential Loyalists,Ayaan Singh,Male,25,Delhi,Delhi,North
CUST-02148,6,9203.65,2665.0,2022-01-23,2024-08-25,6,8,1533.94,28.96,129,1074,2,2,2,222,Lost Customers,Anand Verma,Male,22,Coimbatore,Tamil Nadu,South
CUST-02149,14,25869.95,10647.05,2023-02-24,2024-11-01,13,17,1847.85,41.16,61,677,3,4,4,344,Loyal Customers,Saanvi Saxena,Female,40,Mumbai,Maharashtra,West
CUST-02150,19,30122.399999999998,7879.53,2022-09-20,2024-12-26,18,27,1585.39,26.16,6,834,5,5,4,554,Champions,Shaurya Bhatia,Male,31,Pune,Maharashtra,West
CUST-02151,11,19470.85,8676.32,2023-03-12,2024-12-20,11,15,1770.08,44.56,12,661,5,4,3,543,Loyal Customers,Aarohi Choudhury,Female,31,Jaipur,Rajasthan,North
CUST-02152,15,90876.4,9600.37,2023-10-14,2024-10-26,15,18,6058.43,10.56,67,445,3,4,5,345,Loyal Customers,Pooja Choudhury,Female,27,Ahmedabad,Gujarat,West
CUST-02153,12,33157.2,11262.31,2023-10-22,2024-11-12,12,17,2763.1,33.97,50,437,3,4,4,344,Loyal Customers,Reyansh Joshi,Male,31,Delhi,Delhi,North
CUST-02154,14,21869.55,8003.2,2022-12-07,2024-11-09,14,23,1562.11,36.6,53,756,3,4,3,343,Loyal Customers,Kavya Chatterjee,Female,23,Chennai,Tamil Nadu,South
CUST-02155,18,43956.1,13243.45,2022-03-24,2024-11-26,17,35,2442.01,30.13,36,1014,4,5,5,455,Champions,Vikram Chatterjee,Male,32,Bengaluru,Karnataka,South
CUST-02156,6,22388.7,6351.5199999999995,2022-02-19,2023-11-21,6,10,3731.45,28.37,407,1047,1,2,3,123,Lost Customers,Aanya Pillai,Female,50,Patna,Bihar,East
CUST-02157,5,5034.799999999999,1979.45,2023-02-15,2023-11-22,5,5,1006.96,39.32,406,686,1,2,1,121,Lost Customers,Meera Yadav,Female,33,Indore,Madhya Pradesh,Central
CUST-02158,14,25941.1,11146.92,2022-02-07,2024-11-14,14,21,1852.94,42.97,48,1059,3,4,4,344,Loyal Customers,Vivaan Verma,Male,26,Bengaluru,Karnataka,South
CUST-02159,21,38328.85,13240.54,2022-09-28,2024-10-20,21,29,1825.18,34.54,73,826,3,5,4,354,Loyal Customers,Rekha Choudhury,Female,18,Mumbai,Maharashtra,West
CUST-02160,10,30977.15,9321.67,2023-06-07,2024-11-27,10,15,3097.72,30.09,35,574,4,3,4,434,Loyal Customers,Diya Iyer,Female,18,Hyderabad,Telangana,South
CUST-02161,12,32550.850000000002,11273.8,2023-10-05,2024-09-06,12,17,2712.57,34.63,117,454,2,4,4,244,At Risk,Shreya Nair,Female,46,Nagpur,Maharashtra,West
CUST-02162,12,222936.4,22196.859999999997,2023-10-11,2024-12-15,12,19,18578.03,9.96,17,448,5,4,5,545,Champions,Priyanka Kaur,Female,44,Hyderabad,Telangana,South
CUST-02163,9,10045.6,4444.03,2024-03-27,2024-08-30,9,10,1116.18,44.24,124,280,2,3,2,232,Regular Customers,Swati Chatterjee,Female,18,Delhi,Delhi,North
CUST-02164,5,47965.8,9629.28,2022-11-15,2024-07-30,5,7,9593.16,20.08,155,778,2,2,5,225,Lost Customers,Anjali Yadav,Female,43,Hyderabad,Telangana,South
CUST-02165,14,42462.75,4256.25,2023-10-24,2024-12-30,14,18,3033.05,10.02,2,435,5,4,5,545,Champions,Pari Shah,Female,18,Ahmedabad,Gujarat,West
CUST-02166,22,73703.95,19650.43,2022-12-30,2024-12-22,22,30,3350.18,26.66,10,733,5,5,5,555,Champions,Dhruv Mukherjee,Male,31,Chennai,Tamil Nadu,South
CUST-02167,6,13592.2,4290.24,2022-11-26,2024-10-01,6,10,2265.37,31.56,92,767,2,2,2,222,Lost Customers,Khushi Reddy,Female,50,Kochi,Kerala,South
CUST-02168,7,50824.85,10551.09,2023-01-23,2024-10-08,7,10,7260.69,20.76,85,709,2,2,5,225,Lost Customers,Aanya Bhatia,Female,28,Mumbai,Maharashtra,West
CUST-02169,16,92491.5,18323.56,2022-01-22,2024-11-10,16,24,5780.72,19.81,52,1075,3,5,5,355,Loyal Customers,Anand Banerjee,Male,41,Kochi,Kerala,South
CUST-02170,5,6540.5,2206.67,2023-05-28,2024-05-19,4,7,1308.1,33.74,227,584,1,2,1,121,Lost Customers,Divya Reddy,Female,33,Bengaluru,Karnataka,South
CUST-02171,4,3871.65,1942.02,2023-05-13,2024-08-22,4,5,967.91,50.16,132,599,2,1,1,211,Lost Customers,Atharv Rao,Male,19,Mumbai,Maharashtra,West
CUST-02172,7,13958.6,6858.23,2022-12-24,2024-07-15,7,11,1994.09,49.13,170,739,1,2,3,123,Lost Customers,Swati Patel,Female,31,Bengaluru,Karnataka,South
CUST-02173,24,55845.65,18722.34,2022-04-22,2024-11-09,23,36,2326.9,33.53,53,985,3,5,5,355,Loyal Customers,Ishaan Banerjee,Male,52,Coimbatore,Tamil Nadu,South
CUST-02174,14,14744.15,6091.04,2022-11-30,2024-12-12,14,15,1053.15,41.31,20,763,5,4,3,543,Loyal Customers,Aditya Yadav,Male,42,Ahmedabad,Gujarat,West
CUST-02175,5,8356.9,2931.47,2024-01-13,2024-10-03,5,6,1671.38,35.08,90,354,2,2,2,222,Lost Customers,Sai Sharma,Male,37,Indore,Madhya Pradesh,Central
CUST-02176,10,18138.699999999997,2091.53,2023-05-23,2024-10-28,10,15,1813.87,11.53,65,589,3,3,3,333,Loyal Customers,Rohan Kaur,Male,28,Hyderabad,Telangana,South
CUST-02177,9,9757.6,4918.95,2022-07-26,2024-12-22,9,11,1084.18,50.41,10,890,5,3,2,532,Potential Loyalists,Nandini Pillai,Female,25,Bhopal,Madhya Pradesh,Central
CUST-02178,23,38809.15,15129.27,2022-08-02,2024-12-24,23,28,1687.35,38.98,8,883,5,5,4,554,Champions,Rahul Banerjee,Male,24,Delhi,Delhi,North
CUST-02179,4,11383.8,4926.4400000000005,2023-03-17,2024-07-25,4,5,2845.95,43.28,160,656,2,1,2,212,Lost Customers,Dhruv Banerjee,Male,28,Mumbai,Maharashtra,West
CUST-02180,4,2656.9,1094.0900000000001,2023-10-06,2023-12-14,4,5,664.22,41.18,384,453,1,1,1,111,Lost Customers,Vihaan Mishra,Male,38,Chandigarh,Punjab,North
CUST-02181,7,16984.3,5324.42,2022-12-05,2024-10-13,7,9,2426.33,31.35,80,758,2,2,3,223,Lost Customers,Swati Mehta,Female,38,Kolkata,West Bengal,East
CUST-02182,8,7131.7,3297.3399999999997,2022-12-12,2024-11-07,8,10,891.46,46.23,55,751,3,3,1,331,Regular Customers,Kunal Choudhury,Male,47,Visakhapatnam,Andhra Pradesh,South
CUST-02183,5,5774.35,2107.73,2023-06-17,2023-11-30,5,7,1154.87,36.5,398,564,1,2,1,121,Lost Customers,Ishaan Rao,Male,37,Bengaluru,Karnataka,South
CUST-02184,13,16144.7,6775.33,2022-04-04,2024-06-23,12,23,1241.9,41.97,192,1003,1,4,3,143,At Risk,Divya Yadav,Female,22,Pune,Maharashtra,West
CUST-02185,7,44793.45,13062.55,2022-08-24,2024-08-13,7,12,6399.06,29.16,141,861,2,2,5,225,Lost Customers,Vikram Mehta,Male,27,Chennai,Tamil Nadu,South
CUST-02186,18,17080.0,7321.66,2023-04-06,2024-12-28,17,26,948.89,42.87,4,636,5,5,3,553,Loyal Customers,Khushi Banerjee,Female,41,Jaipur,Rajasthan,North
CUST-02187,13,14027.05,4277.75,2022-06-30,2024-11-27,13,16,1079.0,30.5,35,916,4,4,3,443,Loyal Customers,Neha Dutta,Female,51,Delhi,Delhi,North
CUST-02188,7,8921.65,2049.9,2024-05-04,2024-07-18,7,10,1274.52,22.98,167,242,1,2,2,122,Lost Customers,Priyanka Malhotra,Female,20,Hyderabad,Telangana,South
CUST-02189,6,6012.35,2356.6,2024-01-19,2024-10-22,6,10,1002.06,39.2,71,348,3,2,1,321,Regular Customers,Aadhya Banerjee,Female,44,Kolkata,West Bengal,East
CUST-02190,12,20168.2,7564.839999999999,2022-02-04,2024-10-17,11,19,1680.68,37.51,76,1062,2,4,3,243,At Risk,Gauri Rao,Female,32,Kolkata,West Bengal,East
CUST-02191,5,8132.9,2392.7799999999997,2022-11-15,2024-12-31,5,5,1626.58,29.42,1,778,5,2,2,522,Potential Loyalists,Ishaan Iyengar,Male,35,Bengaluru,Karnataka,South
CUST-02192,5,5509.549999999999,2029.5700000000002,2023-09-24,2024-11-11,5,8,1101.91,36.84,51,465,3,2,1,321,Regular Customers,Anjali Reddy,Female,30,Coimbatore,Tamil Nadu,South
CUST-02193,9,67651.25,12864.17,2023-12-01,2024-12-15,9,11,7516.81,19.02,17,397,5,3,5,535,Loyal Customers,Kavya Mukherjee,Female,55,Indore,Madhya Pradesh,Central
CUST-02194,25,86880.55,24737.9,2022-02-24,2024-09-16,24,36,3475.22,28.47,107,1042,2,5,5,255,At Risk,Nikhil Chatterjee,Male,35,Ahmedabad,Gujarat,West
CUST-02195,20,58342.75,14663.89,2023-11-25,2024-10-08,20,24,2917.14,25.13,85,403,2,5,5,255,At Risk,Manish Das,Male,19,Delhi,Delhi,North
CUST-02196,16,34114.8,11032.28,2022-03-27,2024-12-23,16,21,2132.18,32.34,9,1011,5,5,4,554,Champions,Suresh Iyer,Male,32,Chennai,Tamil Nadu,South
CUST-02197,9,23077.55,6126.38,2023-08-25,2024-10-28,9,10,2564.17,26.55,65,495,3,3,4,334,Loyal Customers,Deepa Dutta,Female,33,Delhi,Delhi,North
CUST-02198,24,61134.0,18804.74,2024-06-14,2024-12-07,24,31,2547.25,30.76,25,201,5,5,5,555,Champions,Divya Chatterjee,Female,24,Ahmedabad,Gujarat,West
CUST-02199,10,27989.5,8958.46,2024-03-18,2024-10-03,10,22,2798.95,32.01,90,289,2,3,4,234,At Risk,Pallavi Pillai,Female,23,Indore,Madhya Pradesh,Central
CUST-02200,4,10131.400000000001,3977.64,2022-12-01,2023-06-30,4,6,2532.85,39.26,551,762,1,1,2,112,Lost Customers,Vivaan Iyengar,Male,46,Kolkata,West Bengal,East
CUST-02201,18,92711.75,25107.79,2022-01-08,2024-12-01,18,28,5150.65,27.08,31,1089,4,5,5,455,Champions,Ananya Patel,Female,18,Mumbai,Maharashtra,West
CUST-02202,2,8087.1,4195.54,2023-06-14,2023-07-04,2,3,4043.55,51.88,547,567,1,1,2,112,Lost Customers,Nikhil Joshi,Male,43,Surat,Gujarat,West
CUST-02203,19,25952.9,8916.62,2022-01-31,2024-12-29,19,25,1365.94,34.36,3,1066,5,5,4,554,Champions,Rekha Pandey,Female,29,Pune,Maharashtra,West
CUST-02204,15,21294.1,8208.69,2022-07-27,2024-08-08,15,24,1419.61,38.55,146,889,2,4,3,243,At Risk,Rekha Pillai,Female,23,Mumbai,Maharashtra,West
CUST-02205,14,31751.95,12066.49,2022-07-10,2024-10-10,14,19,2268.0,38.0,83,906,2,4,4,244,At Risk,Manish Saxena,Male,18,Mumbai,Maharashtra,West
CUST-02206,5,3256.75,1572.48,2023-01-12,2024-07-13,5,5,651.35,48.28,172,720,1,2,1,121,Lost Customers,Ayaan Nair,Male,40,Bengaluru,Karnataka,South
CUST-02207,16,47745.9,7455.0,2022-05-29,2024-09-08,15,21,2984.12,15.61,115,948,2,5,5,255,At Risk,Gauri Sharma,Female,50,Coimbatore,Tamil Nadu,South
CUST-02208,19,51947.75,17112.09,2023-09-29,2024-12-27,19,30,2734.09,32.94,5,460,5,5,5,555,Champions,Ishaan Menon,Male,26,Delhi,Delhi,North
CUST-02209,7,19634.95,6222.24,2022-11-12,2024-11-28,7,7,2804.99,31.69,34,781,4,2,3,423,Potential Loyalists,Prisha Pillai,Female,35,Pune,Maharashtra,West
CUST-02210,10,71672.7,18848.08,2022-11-13,2024-11-16,10,10,7167.27,26.3,46,780,4,3,5,435,Loyal Customers,Kavya Bhatia,Female,28,Delhi,Delhi,North
CUST-02211,8,62671.35,10770.82,2024-02-07,2024-10-20,8,13,7833.92,17.19,73,329,3,3,5,335,Loyal Customers,Anita Shah,Female,30,Kolkata,West Bengal,East
CUST-02212,8,38335.700000000004,5669.719999999999,2023-09-24,2024-12-15,8,9,4791.96,14.79,17,465,5,3,4,534,Loyal Customers,Gaurav Verma,Male,43,Bengaluru,Karnataka,South
CUST-02213,7,11050.85,4989.59,2022-03-03,2024-12-04,7,9,1578.69,45.15,28,1035,4,2,2,422,Potential Loyalists,Vivaan Yadav,Male,32,Chennai,Tamil Nadu,South
CUST-02214,27,69089.55,19246.670000000002,2022-01-15,2024-11-26,27,38,2558.87,27.86,36,1082,4,5,5,455,Champions,Khushi Yadav,Female,34,Delhi,Delhi,North
CUST-02215,8,10175.25,4046.88,2023-01-30,2024-08-26,8,8,1271.91,39.77,128,702,2,3,2,232,Regular Customers,Kabir Tripathi,Male,39,Ahmedabad,Gujarat,West
CUST-02216,20,30607.65,10681.25,2023-03-25,2024-11-04,19,32,1530.38,34.9,58,648,3,5,4,354,Loyal Customers,Nandini Gupta,Female,37,Delhi,Delhi,North
CUST-02217,10,8478.9,3062.85,2022-01-02,2024-12-27,10,14,847.89,36.12,5,1095,5,3,2,532,Potential Loyalists,Tanvi Pandey,Female,36,Bengaluru,Karnataka,South
CUST-02218,32,106144.7,27002.81,2023-10-23,2024-12-03,31,49,3317.02,25.44,29,436,4,5,5,455,Champions,Priyanka Dutta,Female,27,Lucknow,Uttar Pradesh,North
CUST-02219,12,59646.950000000004,13894.92,2024-04-13,2024-12-17,12,20,4970.58,23.3,15,263,5,4,5,545,Champions,Pooja Kaur,Female,29,Ahmedabad,Gujarat,West
CUST-02220,4,14579.85,7529.41,2022-08-10,2024-04-20,4,7,3644.96,51.64,256,875,1,1,3,113,Lost Customers,Pallavi Iyengar,Female,18,Mumbai,Maharashtra,West
CUST-02221,2,519.2,42.010000000000005,2024-05-17,2024-05-23,2,3,259.6,8.09,223,229,1,1,1,111,Lost Customers,Aadhya Patel,Female,29,Kochi,Kerala,South
CUST-02222,15,38270.1,10104.47,2022-11-06,2024-12-25,15,21,2551.34,26.4,7,787,5,4,4,544,Champions,Anita Reddy,Female,38,Chennai,Tamil Nadu,South
CUST-02223,18,17233.2,5834.650000000001,2022-05-18,2024-11-15,17,27,957.4,33.86,47,959,3,5,3,353,Loyal Customers,Anand Nair,Male,50,Chennai,Tamil Nadu,South
CUST-02224,7,5789.4,1572.29,2022-06-10,2023-10-27,7,12,827.06,27.16,432,936,1,2,1,121,Lost Customers,Gauri Bhatia,Female,39,Lucknow,Uttar Pradesh,North
CUST-02225,4,3653.8500000000004,1834.83,2023-05-06,2024-04-07,4,4,913.46,50.22,269,606,1,1,1,111,Lost Customers,Kavya Menon,Female,18,Bengaluru,Karnataka,South
CUST-02226,7,124572.0,15811.37,2023-10-26,2024-11-17,7,10,17796.0,12.69,45,433,4,2,5,425,Potential Loyalists,Suresh Verma,Male,29,Bhubaneswar,Odisha,East
CUST-02227,6,9647.75,3498.85,2022-10-28,2024-05-22,6,8,1607.96,36.27,224,796,1,2,2,122,Lost Customers,Deepak Malhotra,Male,28,Kolkata,West Bengal,East
CUST-02228,14,163711.35,30481.92,2022-05-31,2024-06-12,14,20,11693.67,18.62,203,946,1,4,5,145,At Risk,Rahul Kaur,Other,35,Indore,Madhya Pradesh,Central
CUST-02229,3,4523.25,1241.27,2022-11-13,2023-11-16,3,6,1507.75,27.44,412,780,1,1,1,111,Lost Customers,Pranav Mishra,Male,18,Chennai,Tamil Nadu,South
CUST-02230,6,34245.95,7924.6900000000005,2022-09-26,2024-06-01,6,11,5707.66,23.14,214,828,1,2,4,124,Lost Customers,Shreya Rao,Female,33,Indore,Madhya Pradesh,Central
CUST-02231,16,35645.8,11329.38,2022-08-14,2024-11-30,16,28,2227.86,31.78,32,871,4,5,4,454,Champions,Pranav Mukherjee,Male,34,Hyderabad,Telangana,South
CUST-02232,17,36758.9,8994.69,2022-06-07,2024-12-17,16,28,2162.29,24.47,15,939,5,5,4,554,Champions,Rajesh Mishra,Male,41,Ahmedabad,Gujarat,West
CUST-02233,10,21221.4,8833.34,2022-05-11,2024-12-31,10,14,2122.14,41.62,1,966,5,3,3,533,Loyal Customers,Anita Kaur,Female,47,Delhi,Delhi,North
CUST-02234,20,36730.25,15798.77,2023-01-15,2024-09-21,20,25,1836.51,43.01,102,717,2,5,4,254,At Risk,Pari Joshi,Female,18,Pune,Maharashtra,West
CUST-02235,20,143380.55,32585.89,2024-01-02,2024-12-30,20,29,7169.03,22.73,2,365,5,5,5,555,Champions,Rajesh Malhotra,Male,31,Delhi,Delhi,North
CUST-02236,3,4744.1,2682.37,2023-04-05,2024-02-18,3,3,1581.37,56.54,318,637,1,1,1,111,Lost Customers,Rekha Menon,Female,38,Mumbai,Maharashtra,West
CUST-02237,6,9737.35,2851.84,2022-06-18,2024-11-07,6,11,1622.89,29.29,55,928,3,2,2,322,Regular Customers,Pari Agarwal,Female,26,Chennai,Tamil Nadu,South
CUST-02238,5,10533.25,4202.39,2022-10-20,2024-12-25,5,7,2106.65,39.9,7,804,5,2,2,522,Potential Loyalists,Varun Pandey,Male,24,Bhopal,Madhya Pradesh,Central
CUST-02239,13,32374.35,11556.79,2022-05-17,2024-11-10,13,24,2490.33,35.7,52,960,3,4,4,344,Loyal Customers,Gaurav Tripathi,Male,27,Kolkata,West Bengal,East
CUST-02240,18,55616.7,21000.55,2023-04-22,2024-10-31,18,28,3089.82,37.76,62,620,3,5,5,355,Loyal Customers,Manish Reddy,Male,24,Ahmedabad,Gujarat,West
CUST-02241,13,16982.2,5322.68,2022-05-03,2024-10-22,12,14,1306.32,31.34,71,974,3,4,3,343,Loyal Customers,Kavya Yadav,Female,36,Coimbatore,Tamil Nadu,South
CUST-02242,31,91014.05,28991.94,2023-04-27,2024-12-22,29,52,2935.94,31.85,10,615,5,5,5,555,Champions,Sneha Iyer,Female,34,Bengaluru,Karnataka,South
CUST-02243,16,26728.55,10673.38,2023-05-20,2024-10-02,16,24,1670.53,39.93,91,592,2,5,4,254,At Risk,Shaurya Das,Male,39,Visakhapatnam,Andhra Pradesh,South
CUST-02244,14,18908.65,7767.82,2022-09-06,2024-12-06,13,24,1350.62,41.08,26,848,4,4,3,443,Loyal Customers,Deepa Malhotra,Female,29,Mumbai,Maharashtra,West
CUST-02245,6,1784.7,591.72,2023-01-04,2024-07-17,6,6,297.45,33.16,168,728,1,2,1,121,Lost Customers,Pooja Gupta,Female,31,Chennai,Tamil Nadu,South
CUST-02246,15,17076.3,7209.01,2024-01-30,2024-09-14,15,22,1138.42,42.22,109,337,2,4,3,243,At Risk,Anand Pandey,Male,32,Pune,Maharashtra,West
CUST-02247,13,44755.1,12925.47,2022-05-25,2024-11-14,12,16,3442.7,28.88,48,952,3,4,5,345,Loyal Customers,Rohan Das,Male,58,Patna,Bihar,East
CUST-02248,17,22047.3,7879.5,2022-05-08,2024-10-24,17,24,1296.9,35.74,69,969,3,5,3,353,Loyal Customers,Divya Singh,Female,26,Chennai,Tamil Nadu,South
CUST-02249,9,6735.25,2037.31,2022-02-10,2024-06-02,9,11,748.36,30.25,213,1056,1,3,1,131,Regular Customers,Anita Singh,Female,18,Mumbai,Maharashtra,West
CUST-02250,5,7671.2,3250.28,2022-09-23,2024-11-09,4,6,1534.24,42.37,53,831,3,2,2,322,Regular Customers,Gauri Singh,Female,35,Patna,Bihar,East
CUST-02251,5,7525.2,3507.5800000000004,2022-08-04,2024-10-08,5,5,1505.04,46.61,85,881,2,2,2,222,Lost Customers,Aditya Malhotra,Male,36,Coimbatore,Tamil Nadu,South
CUST-02252,11,10544.3,4154.650000000001,2022-05-12,2024-10-31,11,15,958.57,39.4,62,965,3,4,2,342,Regular Customers,Deepak Choudhury,Male,36,Coimbatore,Tamil Nadu,South
CUST-02253,10,16204.9,5124.47,2022-10-18,2024-11-13,10,16,1620.49,31.62,49,806,3,3,3,333,Loyal Customers,Rajesh Pillai,Male,26,Mumbai,Maharashtra,West
CUST-02254,5,157135.15,21169.29,2023-07-11,2024-11-05,5,10,31427.03,13.47,57,540,3,2,5,325,Regular Customers,Rekha Dutta,Female,33,Chennai,Tamil Nadu,South
CUST-02255,10,65160.899999999994,14208.16,2022-11-10,2024-12-13,10,13,6516.09,21.8,19,783,5,3,5,535,Loyal Customers,Rajesh Banerjee,Male,39,Mumbai,Maharashtra,West
CUST-02256,9,4989.4,2065.0,2023-05-20,2024-12-09,9,12,554.38,41.39,23,592,5,3,1,531,Potential Loyalists,Gauri Gupta,Female,21,Mumbai,Maharashtra,West
CUST-02257,22,37318.4,14210.94,2023-02-21,2024-11-26,21,33,1696.29,38.08,36,680,4,5,4,454,Champions,Dhruv Tripathi,Male,29,Hyderabad,Telangana,South
CUST-02258,9,9070.45,3725.2200000000003,2022-06-10,2024-11-09,9,10,1007.83,41.07,53,936,3,3,2,332,Regular Customers,Pranav Banerjee,Male,18,Nagpur,Maharashtra,West
CUST-02259,14,17951.4,5868.12,2024-02-22,2024-11-08,14,20,1282.24,32.69,54,314,3,4,3,343,Loyal Customers,Saanvi Agarwal,Female,32,Bhubaneswar,Odisha,East
CUST-02260,17,48784.8,13160.25,2022-08-18,2024-12-09,17,22,2869.69,26.98,23,867,5,5,5,555,Champions,Manish Patel,Male,28,Mumbai,Maharashtra,West
CUST-02261,6,13105.9,4806.9,2022-06-05,2024-12-08,6,10,2184.32,36.68,24,941,5,2,2,522,Potential Loyalists,Gauri Shah,Female,47,Mumbai,Maharashtra,West
CUST-02262,3,14665.5,3093.46,2024-05-23,2024-06-10,3,9,4888.5,21.09,205,223,1,1,3,113,Lost Customers,Ramesh Pillai,Male,54,Ahmedabad,Gujarat,West
CUST-02263,20,21544.85,7683.42,2022-04-01,2024-10-01,20,26,1077.24,35.66,92,1006,2,5,3,253,At Risk,Aditya Rao,Male,66,Bengaluru,Karnataka,South
CUST-02264,8,36132.75,6047.12,2023-12-31,2024-12-03,8,15,4516.59,16.74,29,367,4,3,4,434,Loyal Customers,Aarohi Sharma,Female,36,Patna,Bihar,East
CUST-02265,17,88236.3,32716.31,2023-07-22,2024-11-21,17,35,5190.37,37.08,41,529,4,5,5,455,Champions,Pallavi Agarwal,Female,19,Visakhapatnam,Andhra Pradesh,South
CUST-02266,13,14734.85,3678.8199999999997,2022-04-13,2024-11-23,13,24,1133.45,24.97,39,994,4,4,3,443,Loyal Customers,Rahul Malhotra,Male,32,Kolkata,West Bengal,East
CUST-02268,7,10950.55,2206.8199999999997,2023-01-18,2024-11-01,7,10,1564.36,20.15,61,714,3,2,2,322,Regular Customers,Rahul Nair,Male,36,Bhubaneswar,Odisha,East
CUST-02269,21,53577.9,11126.23,2022-03-22,2024-11-15,20,26,2551.33,20.77,47,1016,3,5,5,355,Loyal Customers,Reyansh Mukherjee,Male,43,Mumbai,Maharashtra,West
CUST-02270,1,589.0,231.97,2023-03-15,2023-03-15,1,1,589.0,39.38,658,658,1,1,1,111,Lost Customers,Khushi Dutta,Female,25,Kolkata,West Bengal,East
CUST-02271,5,10574.4,3873.67,2022-03-20,2024-10-25,5,12,2114.88,36.63,68,1018,3,2,2,322,Regular Customers,Kabir Mishra,Male,26,Visakhapatnam,Andhra Pradesh,South
CUST-02272,5,12126.75,3270.3599999999997,2024-07-05,2024-07-14,5,8,2425.35,26.97,171,180,1,2,2,122,Lost Customers,Krishna Patel,Male,30,Jaipur,Rajasthan,North
CUST-02273,12,178841.85,35191.270000000004,2024-04-21,2024-11-04,11,16,14903.49,19.68,58,255,3,4,5,345,Loyal Customers,Ayaan Rao,Male,18,Lucknow,Uttar Pradesh,North
CUST-02274,8,7819.65,2898.16,2023-02-28,2024-08-10,8,10,977.46,37.06,144,673,2,3,2,232,Regular Customers,Rohan Gupta,Male,64,Delhi,Delhi,North
CUST-02275,13,20471.6,8634.54,2023-03-27,2024-09-26,12,15,1574.74,42.18,97,646,2,4,3,243,At Risk,Gaurav Reddy,Male,24,Pune,Maharashtra,West
CUST-02276,12,20749.5,6510.860000000001,2023-05-18,2024-11-19,12,16,1729.12,31.38,43,594,4,4,3,443,Loyal Customers,Deepak Nair,Male,39,Patna,Bihar,East
CUST-02277,5,6554.700000000001,2790.27,2022-10-13,2024-10-22,5,5,1310.94,42.57,71,811,3,2,1,321,Regular Customers,Kavya Gupta,Female,18,Bengaluru,Karnataka,South
CUST-02278,6,16313.5,3917.8900000000003,2022-08-06,2024-03-25,6,11,2718.92,24.02,282,879,1,2,3,123,Lost Customers,Vivaan Reddy,Male,36,Bengaluru,Karnataka,South
CUST-02279,18,27616.6,8421.25,2024-05-11,2024-11-29,17,21,1534.26,30.49,33,235,4,5,4,454,Champions,Navya Mukherjee,Female,40,Hyderabad,Telangana,South
CUST-02280,3,12188.15,4484.96,2023-08-24,2024-10-30,3,5,4062.72,36.8,63,496,3,1,2,312,Regular Customers,Anita Verma,Female,33,Kolkata,West Bengal,East
CUST-02281,23,75806.15,6042.46,2022-09-25,2024-11-13,23,33,3295.92,7.97,49,829,3,5,5,355,Loyal Customers,Neha Nair,Female,29,Chennai,Tamil Nadu,South
CUST-02282,20,52139.15,12080.07,2022-06-25,2024-12-31,20,22,2606.96,23.17,1,921,5,5,5,555,Champions,Swati Rao,Female,18,Surat,Gujarat,West
CUST-02283,5,13507.650000000001,5576.86,2024-04-10,2024-10-16,5,8,2701.53,41.29,77,266,2,2,2,222,Lost Customers,Vikram Verma,Male,32,Pune,Maharashtra,West
CUST-02284,23,53178.65,14157.41,2023-10-09,2024-12-29,22,32,2312.12,26.62,3,450,5,5,5,555,Champions,Sai Iyengar,Male,26,Indore,Madhya Pradesh,Central
CUST-02285,7,19065.85,7106.99,2022-05-25,2024-12-01,7,10,2723.69,37.28,31,952,4,2,3,423,Potential Loyalists,Pranav Menon,Other,37,Chennai,Tamil Nadu,South
CUST-02286,5,5599.3,1831.5,2023-06-18,2024-09-28,5,6,1119.86,32.71,95,563,2,2,1,221,Lost Customers,Shreya Iyengar,Female,40,Patna,Bihar,East
CUST-02287,23,53268.5,19928.88,2022-03-18,2024-11-20,23,40,2316.02,37.41,42,1020,4,5,5,455,Champions,Vihaan Reddy,Male,31,Pune,Maharashtra,West
CUST-02288,23,46162.95,15149.5,2022-08-05,2024-11-27,23,27,2007.08,32.82,35,880,4,5,5,455,Champions,Rahul Yadav,Male,18,Coimbatore,Tamil Nadu,South
CUST-02289,18,30033.1,12581.25,2022-08-12,2024-08-29,18,19,1668.51,41.89,125,873,2,5,4,254,At Risk,Pallavi Pillai,Female,24,Ahmedabad,Gujarat,West
CUST-02290,3,3495.0,1937.4,2022-09-11,2024-09-07,3,5,1165.0,55.43,116,843,2,1,1,211,Lost Customers,Krishna Mukherjee,Male,35,Mumbai,Maharashtra,West
CUST-02291,6,14911.95,4883.4,2022-02-01,2024-12-02,6,7,2485.33,32.75,30,1065,4,2,3,423,Potential Loyalists,Prisha Tripathi,Female,50,Mumbai,Maharashtra,West
CUST-02292,11,12785.2,4391.6900000000005,2022-08-11,2024-09-06,11,15,1162.29,34.35,117,874,2,4,2,242,Regular Customers,Rahul Choudhury,Male,18,Delhi,Delhi,North
CUST-02293,6,15733.650000000001,3333.6000000000004,2023-07-01,2024-09-28,6,9,2622.28,21.19,95,550,2,2,3,223,Lost Customers,Varun Kaur,Other,53,Bengaluru,Karnataka,South
CUST-02294,6,5215.950000000001,2186.9,2022-08-06,2024-01-31,6,7,869.33,41.93,336,879,1,2,1,121,Lost Customers,Arjun Verma,Male,39,Visakhapatnam,Andhra Pradesh,South
CUST-02295,12,18051.85,6885.3,2022-01-12,2024-10-13,12,18,1504.32,38.14,80,1085,2,4,3,243,At Risk,Rahul Shah,Male,53,Mumbai,Maharashtra,West
CUST-02296,9,20315.45,6622.0,2023-10-12,2024-10-25,9,13,2257.27,32.6,68,447,3,3,3,333,Loyal Customers,Prisha Malhotra,Female,22,Pune,Maharashtra,West
CUST-02297,7,18306.2,6399.099999999999,2024-02-24,2024-12-07,7,14,2615.17,34.96,25,312,5,2,3,523,Potential Loyalists,Atharv Das,Male,36,Bengaluru,Karnataka,South
CUST-02298,5,4363.9,1300.19,2023-07-28,2024-10-28,5,5,872.78,29.79,65,523,3,2,1,321,Regular Customers,Rahul Malhotra,Male,40,Lucknow,Uttar Pradesh,North
CUST-02299,5,9238.3,3294.82,2022-08-18,2024-09-26,4,6,1847.66,35.66,97,867,2,2,2,222,Lost Customers,Aadhya Mehta,Female,18,Delhi,Delhi,North
CUST-02300,7,55778.799999999996,6672.85,2023-11-11,2024-10-11,7,8,7968.4,11.96,82,417,2,2,5,225,Lost Customers,Diya Dutta,Female,19,Visakhapatnam,Andhra Pradesh,South
CUST-02301,1,1583.1,423.48,2024-05-05,2024-05-05,1,1,1583.1,26.75,241,241,1,1,1,111,Lost Customers,Suresh Tripathi,Male,18,Chennai,Tamil Nadu,South
CUST-02302,7,16063.7,5224.34,2024-03-16,2024-09-24,7,9,2294.81,32.52,99,291,2,2,3,223,Lost Customers,Aarav Iyengar,Male,53,Kochi,Kerala,South
CUST-02303,8,9485.45,2896.67,2022-06-07,2024-11-06,8,12,1185.68,30.54,56,939,3,3,2,332,Regular Customers,Varun Gupta,Male,18,Delhi,Delhi,North
CUST-02304,7,14837.3,4355.5599999999995,2022-12-03,2024-07-23,7,8,2119.61,29.36,162,760,2,2,3,223,Lost Customers,Rajesh Malhotra,Male,37,Lucknow,Uttar Pradesh,North
CUST-02305,3,10712.1,4633.34,2022-06-28,2024-12-14,3,3,3570.7,43.25,18,918,5,1,2,512,New Customers,Rajesh Kaur,Male,23,Chennai,Tamil Nadu,South
CUST-02306,13,101050.40000000001,19244.370000000003,2022-09-23,2024-11-23,13,26,7773.11,19.04,39,831,4,4,5,445,Champions,Suresh Agarwal,Male,50,Hyderabad,Telangana,South
CUST-02307,3,6770.450000000001,1406.76,2022-03-10,2024-03-01,3,4,2256.82,20.78,306,1028,1,1,1,111,Lost Customers,Arjun Sharma,Male,44,Jaipur,Rajasthan,North
CUST-02308,4,8677.45,3179.2999999999997,2023-09-15,2023-11-06,4,6,2169.36,36.64,422,474,1,1,2,112,Lost Customers,Deepak Kaur,Male,19,Chennai,Tamil Nadu,South
CUST-02309,5,9409.3,2327.6099999999997,2022-05-27,2024-09-17,5,5,1881.86,24.74,106,950,2,2,2,222,Lost Customers,Krishna Mukherjee,Male,31,Delhi,Delhi,North
CUST-02310,18,68869.6,22012.42,2024-06-29,2024-07-25,18,21,3826.09,31.96,160,186,2,5,5,255,At Risk,Vivaan Singh,Male,35,Delhi,Delhi,North
CUST-02311,7,78064.7,10816.289999999999,2024-03-12,2024-04-05,7,13,11152.1,13.86,271,295,1,2,5,125,Lost Customers,Meera Dutta,Female,18,Lucknow,Uttar Pradesh,North
CUST-02312,2,15720.599999999999,2351.96,2022-08-08,2023-07-25,2,2,7860.3,14.96,526,877,1,1,3,113,Lost Customers,Rekha Verma,Female,46,Bengaluru,Karnataka,South
CUST-02313,3,6658.150000000001,2405.57,2022-08-10,2024-05-06,3,3,2219.38,36.13,240,875,1,1,1,111,Lost Customers,Aanya Dutta,Female,34,Chennai,Tamil Nadu,South
CUST-02314,6,34669.4,10097.36,2022-03-23,2024-12-31,6,9,5778.23,29.12,1,1015,5,2,4,524,Potential Loyalists,Ramesh Nair,Male,21,Ahmedabad,Gujarat,West
CUST-02315,3,6032.700000000001,665.1700000000001,2023-04-21,2024-10-24,3,3,2010.9,11.03,69,621,3,1,1,311,Regular Customers,Diya Patel,Female,18,Bengaluru,Karnataka,South
CUST-02316,12,14190.9,6307.49,2022-04-19,2024-11-02,11,18,1182.58,44.45,60,988,3,4,3,343,Loyal Customers,Gaurav Mehta,Male,27,Hyderabad,Telangana,South
CUST-02317,5,15854.9,3922.6800000000003,2022-01-03,2024-03-05,5,11,3170.98,24.74,302,1094,1,2,3,123,Lost Customers,Pari Joshi,Female,18,Hyderabad,Telangana,South
CUST-02318,16,28566.1,10613.18,2023-06-09,2024-10-22,15,23,1785.38,37.15,71,572,3,5,4,354,Loyal Customers,Sneha Mishra,Female,18,Jaipur,Rajasthan,North
CUST-02319,6,14157.95,2769.84,2024-05-25,2024-06-09,6,7,2359.66,19.56,206,221,1,2,3,123,Lost Customers,Pallavi Joshi,Female,44,Mumbai,Maharashtra,West
CUST-02320,10,30477.649999999998,10506.07,2023-02-02,2024-06-02,10,19,3047.76,34.47,213,699,1,3,4,134,At Risk,Swati Malhotra,Female,27,Kolkata,West Bengal,East
CUST-02321,5,6509.15,810.0699999999999,2023-03-11,2024-09-25,5,9,1301.83,12.45,98,662,2,2,1,221,Lost Customers,Rahul Menon,Male,56,Mumbai,Maharashtra,West
CUST-02322,6,39965.65,2651.23,2023-05-31,2024-10-21,6,8,6660.94,6.63,72,581,3,2,5,325,Regular Customers,Priyanka Mukherjee,Female,32,Chennai,Tamil Nadu,South
CUST-02323,11,36862.5,9281.44,2023-01-27,2024-12-15,11,14,3351.14,25.18,17,705,5,4,4,544,Champions,Kabir Mishra,Male,30,Kolkata,West Bengal,East
CUST-02324,7,14625.349999999999,5205.13,2023-05-24,2024-11-18,7,9,2089.34,35.59,44,588,4,2,3,423,Potential Loyalists,Kabir Singh,Male,20,Jaipur,Rajasthan,North
CUST-02325,22,53584.5,16640.989999999998,2023-08-09,2024-11-13,22,30,2435.66,31.06,49,511,3,5,5,355,Loyal Customers,Amit Reddy,Male,34,Bhopal,Madhya Pradesh,Central
CUST-02326,22,31964.7,12054.74,2022-02-18,2024-12-29,22,36,1452.94,37.71,3,1048,5,5,4,554,Champions,Manish Kaur,Male,38,Hyderabad,Telangana,South
CUST-02327,6,40111.45,18294.45,2023-12-16,2024-09-28,6,13,6685.24,45.61,95,382,2,2,5,225,Lost Customers,Amit Singh,Male,44,Mumbai,Maharashtra,West
CUST-02328,29,82942.7,23684.399999999998,2022-01-24,2024-12-04,29,46,2860.09,28.56,28,1073,4,5,5,455,Champions,Rohan Pillai,Male,35,Patna,Bihar,East
CUST-02329,9,9578.2,3454.44,2022-06-01,2024-07-26,9,14,1064.24,36.07,159,945,2,3,2,232,Regular Customers,Rahul Joshi,Male,38,Kochi,Kerala,South
CUST-02330,12,14298.050000000001,6130.44,2022-10-08,2024-12-08,12,13,1191.5,42.88,24,816,5,4,3,543,Loyal Customers,Rajesh Tripathi,Male,54,Delhi,Delhi,North
CUST-02331,9,8072.55,2535.37,2022-09-12,2024-12-18,9,10,896.95,31.41,14,842,5,3,2,532,Potential Loyalists,Pooja Pillai,Female,31,Hyderabad,Telangana,South
CUST-02332,6,12769.0,6162.03,2023-01-25,2024-05-12,6,11,2128.17,48.26,234,707,1,2,2,122,Lost Customers,Anjali Gupta,Female,39,Surat,Gujarat,West
CUST-02334,11,38817.75,7948.51,2024-03-15,2024-11-28,11,22,3528.89,20.48,34,292,4,4,4,444,Champions,Rajesh Dutta,Male,23,Bengaluru,Karnataka,South
CUST-02335,6,13298.55,4852.65,2024-05-02,2024-10-25,6,8,2216.42,36.49,68,244,3,2,2,322,Regular Customers,Navya Shah,Female,31,Kolkata,West Bengal,East
CUST-02336,10,8813.1,3702.05,2022-05-09,2024-12-21,10,11,881.31,42.01,11,968,5,3,2,532,Potential Loyalists,Pooja Sharma,Female,27,Chandigarh,Punjab,North
CUST-02337,10,8814.65,3259.39,2023-06-03,2024-11-15,10,14,881.46,36.98,47,578,3,3,2,332,Regular Customers,Rohan Saxena,Male,47,Pune,Maharashtra,West
CUST-02338,16,58206.25,18604.309999999998,2023-05-04,2024-11-28,15,27,3637.89,31.96,34,608,4,5,5,455,Champions,Aanya Gupta,Female,52,Bengaluru,Karnataka,South
CUST-02339,11,17110.3,7488.08,2024-04-20,2024-12-19,11,16,1555.48,43.76,13,256,5,4,3,543,Loyal Customers,Ishaan Reddy,Male,29,Kolkata,West Bengal,East
CUST-02340,15,22099.6,6787.08,2023-07-13,2024-11-13,15,15,1473.31,30.71,49,538,3,4,3,343,Loyal Customers,Sunita Kaur,Female,28,Lucknow,Uttar Pradesh,North
CUST-02341,10,29738.699999999997,6482.88,2022-01-19,2024-03-05,10,10,2973.87,21.8,302,1078,1,3,4,134,At Risk,Kavya Reddy,Female,20,Hyderabad,Telangana,South
CUST-02342,2,5175.0,2319.63,2024-06-05,2024-06-20,2,5,2587.5,44.82,195,210,1,1,1,111,Lost Customers,Aditya Dutta,Male,18,Mumbai,Maharashtra,West
CUST-02343,5,16013.349999999999,6137.55,2023-06-11,2024-02-14,5,7,3202.67,38.33,322,570,1,2,3,123,Lost Customers,Swati Malhotra,Female,40,Lucknow,Uttar Pradesh,North
CUST-02344,6,19620.75,6645.7,2022-06-10,2024-12-16,6,9,3270.12,33.87,16,936,5,2,3,523,Potential Loyalists,Saanvi Nair,Female,27,Chennai,Tamil Nadu,South
CUST-02345,14,16718.65,7192.42,2023-08-02,2024-10-08,14,16,1194.19,43.02,85,518,2,4,3,243,At Risk,Divya Iyer,Female,57,Chennai,Tamil Nadu,South
CUST-02346,9,12816.65,4474.26,2024-05-20,2024-09-26,9,13,1424.07,34.91,97,226,2,3,2,232,Regular Customers,Gaurav Kaur,Male,26,Kolkata,West Bengal,East
CUST-02347,5,20604.8,8252.52,2024-06-18,2024-12-16,5,8,4120.96,40.05,16,197,5,2,3,523,Potential Loyalists,Khushi Mukherjee,Female,39,Jaipur,Rajasthan,North
CUST-02348,19,40415.1,12105.869999999999,2023-03-27,2024-11-25,19,28,2127.11,29.95,37,646,4,5,5,455,Champions,Rajesh Das,Male,41,Lucknow,Uttar Pradesh,North
CUST-02349,6,37591.2,17221.5,2022-04-21,2024-09-19,6,13,6265.2,45.81,104,986,2,2,4,224,Lost Customers,Aditya Bhatia,Male,31,Pune,Maharashtra,West
CUST-02350,10,18982.95,8090.59,2022-04-02,2024-10-04,9,14,1898.3,42.62,89,1005,2,3,3,233,At Risk,Vihaan Pandey,Male,28,Chandigarh,Punjab,North
CUST-02351,5,5935.2,2575.73,2022-05-21,2024-08-17,5,5,1187.04,43.4,137,956,2,2,1,221,Lost Customers,Reyansh Yadav,Male,36,Lucknow,Uttar Pradesh,North
CUST-02352,6,8274.15,3074.8,2022-06-03,2024-10-03,6,6,1379.02,37.16,90,943,2,2,2,222,Lost Customers,Divya Bhatia,Female,19,Lucknow,Uttar Pradesh,North
CUST-02353,4,13991.6,6588.09,2024-03-03,2024-10-29,4,8,3497.9,47.09,64,304,3,1,3,313,Regular Customers,Divya Yadav,Female,34,Jaipur,Rajasthan,North
CUST-02354,4,31476.65,6110.93,2023-08-12,2024-07-14,4,4,7869.16,19.41,171,508,1,1,4,114,Lost Customers,Ishaan Choudhury,Male,21,Chandigarh,Punjab,North
CUST-02355,6,4209.95,1578.88,2022-05-01,2024-09-08,6,6,701.66,37.5,115,976,2,2,1,221,Lost Customers,Prisha Sharma,Female,38,Coimbatore,Tamil Nadu,South
CUST-02356,23,66201.25,25176.51,2023-07-02,2024-12-01,23,32,2878.32,38.03,31,549,4,5,5,455,Champions,Arjun Dutta,Male,41,Guwahati,Assam,East
CUST-02357,12,20174.5,6235.97,2023-07-11,2024-11-15,12,16,1681.21,30.91,47,540,3,4,3,343,Loyal Customers,Rahul Sharma,Male,43,Delhi,Delhi,North
CUST-02358,13,15335.85,5088.29,2024-03-13,2024-06-20,13,19,1179.68,33.18,195,294,1,4,3,143,At Risk,Gauri Joshi,Female,19,Coimbatore,Tamil Nadu,South
CUST-02359,6,13334.15,3140.9199999999996,2023-01-25,2024-09-10,6,6,2222.36,23.56,113,707,2,2,2,222,Lost Customers,Dhruv Verma,Male,21,Ahmedabad,Gujarat,West
CUST-02360,19,38054.65,13042.44,2023-06-13,2024-11-18,19,26,2002.88,34.27,44,568,4,5,4,454,Champions,Manish Yadav,Male,39,Delhi,Delhi,North
CUST-02361,19,40415.9,8653.59,2024-04-01,2024-12-02,18,29,2127.15,21.41,30,275,4,5,5,455,Champions,Gaurav Iyer,Male,18,Chennai,Tamil Nadu,South
CUST-02362,4,17399.1,7131.74,2022-10-20,2024-10-19,4,9,4349.77,40.99,74,804,3,1,3,313,Regular Customers,Vikram Joshi,Male,26,Chandigarh,Punjab,North
CUST-02363,11,10049.45,3097.3,2024-04-30,2024-11-15,11,15,913.59,30.82,47,246,3,4,2,342,Regular Customers,Sneha Iyengar,Female,45,Pune,Maharashtra,West
CUST-02364,8,22953.8,7131.67,2023-10-05,2024-12-22,8,11,2869.22,31.07,10,454,5,3,4,534,Loyal Customers,Varun Kaur,Male,30,Lucknow,Uttar Pradesh,North
CUST-02365,5,2899.35,1241.4,2022-04-30,2024-12-03,5,6,579.87,42.82,29,977,4,2,1,421,Potential Loyalists,Aanya Iyengar,Female,41,Chennai,Tamil Nadu,South
CUST-02366,8,22213.199999999997,8501.2,2022-03-16,2024-12-07,8,12,2776.65,38.27,25,1022,5,3,3,533,Loyal Customers,Meera Chatterjee,Female,36,Chandigarh,Punjab,North
CUST-02367,8,6222.5,2352.17,2023-09-05,2024-07-06,8,9,777.81,37.8,179,484,1,3,1,131,Regular Customers,Manish Pillai,Male,18,Visakhapatnam,Andhra Pradesh,South
CUST-02368,7,10876.0,4245.34,2022-12-28,2024-07-14,7,12,1553.71,39.03,171,735,1,2,2,122,Lost Customers,Neha Singh,Female,43,Mumbai,Maharashtra,West
CUST-02369,5,4082.9500000000003,1964.61,2022-11-28,2024-03-22,5,5,816.59,48.12,285,765,1,2,1,121,Lost Customers,Kabir Sharma,Male,26,Mumbai,Maharashtra,West
CUST-02370,6,18503.050000000003,4242.91,2022-12-15,2024-05-25,6,7,3083.84,22.93,221,748,1,2,3,123,Lost Customers,Reyansh Iyer,Male,34,Hyderabad,Telangana,South
CUST-02371,17,143243.85,23109.27,2024-04-22,2024-10-08,17,27,8426.11,16.13,85,254,2,5,5,255,At Risk,Amit Patel,Male,25,Lucknow,Uttar Pradesh,North
CUST-02372,27,46002.75,14054.7,2024-05-19,2024-12-24,25,37,1703.81,30.55,8,227,5,5,5,555,Champions,Meera Agarwal,Female,27,Delhi,Delhi,North
CUST-02373,6,6044.1,2399.33,2023-08-23,2023-09-17,6,12,1007.35,39.7,472,497,1,2,1,121,Lost Customers,Deepak Kaur,Male,25,Delhi,Delhi,North
CUST-02374,19,35507.75,10219.03,2023-03-14,2024-11-21,18,30,1868.83,28.78,41,659,4,5,4,454,Champions,Ishaan Dutta,Male,34,Kochi,Kerala,South
CUST-02375,6,8287.95,3538.8300000000004,2023-01-15,2024-05-31,6,10,1381.32,42.7,215,717,1,2,2,122,Lost Customers,Deepa Kaur,Female,42,Jaipur,Rajasthan,North
CUST-02376,17,32730.5,7083.34,2022-01-01,2024-12-09,17,23,1925.32,21.64,23,1096,5,5,4,554,Champions,Kunal Yadav,Male,43,Ahmedabad,Gujarat,West
CUST-02377,4,20106.1,7514.78,2022-09-12,2024-10-24,4,8,5026.52,37.38,69,842,3,1,3,313,Regular Customers,Ishaan Das,Male,47,Kolkata,West Bengal,East
CUST-02378,5,6316.1,1996.98,2023-03-26,2024-08-19,5,9,1263.22,31.62,135,647,2,2,1,221,Lost Customers,Arjun Saxena,Male,39,Bengaluru,Karnataka,South
CUST-02379,23,29951.3,10186.77,2023-05-05,2024-12-14,23,34,1302.23,34.01,18,607,5,5,4,554,Champions,Sneha Malhotra,Female,41,Hyderabad,Telangana,South
CUST-02380,6,13405.55,7512.610000000001,2022-05-07,2024-10-17,6,7,2234.26,56.04,76,970,2,2,2,222,Lost Customers,Sneha Joshi,Female,37,Pune,Maharashtra,West
CUST-02381,17,37520.0,14182.34,2023-01-09,2024-11-13,16,26,2207.06,37.8,49,723,3,5,4,354,Loyal Customers,Aanya Sharma,Female,52,Pune,Maharashtra,West
CUST-02382,7,12523.35,4966.570000000001,2022-03-13,2024-03-24,7,7,1789.05,39.66,283,1025,1,2,2,122,Lost Customers,Navya Kaur,Female,63,Nagpur,Maharashtra,West
CUST-02383,11,43524.4,10855.23,2023-11-04,2024-12-07,11,20,3956.76,24.94,25,424,5,4,5,545,Champions,Gaurav Tripathi,Male,58,Kolkata,West Bengal,East
CUST-02384,6,16189.3,3917.7500000000005,2023-06-03,2024-10-25,6,9,2698.22,24.2,68,578,3,2,3,323,Regular Customers,Aditya Reddy,Male,39,Indore,Madhya Pradesh,Central
CUST-02385,9,20223.85,4515.88,2024-03-01,2024-10-23,9,15,2247.09,22.33,70,306,3,3,3,333,Loyal Customers,Isha Malhotra,Female,20,Kochi,Kerala,South
CUST-02386,13,35619.1,9984.03,2022-12-31,2024-12-23,13,19,2739.93,28.03,9,732,5,4,4,544,Champions,Krishna Reddy,Male,20,Bhubaneswar,Odisha,East
CUST-02387,9,59141.9,10103.9,2024-02-16,2024-09-04,8,13,6571.32,17.08,119,320,2,3,5,235,At Risk,Nikhil Tripathi,Male,40,Jaipur,Rajasthan,North
CUST-02388,7,16343.55,6928.47,2023-11-26,2024-12-03,7,9,2334.79,42.39,29,402,4,2,3,423,Potential Loyalists,Arjun Yadav,Male,34,Lucknow,Uttar Pradesh,North
CUST-02389,23,113087.45000000001,12584.18,2022-01-20,2024-12-07,22,28,4916.85,11.13,25,1077,5,5,5,555,Champions,Vihaan Das,Male,41,Hyderabad,Telangana,South
CUST-02390,15,23615.5,10271.32,2023-07-27,2024-12-11,15,18,1574.37,43.49,21,524,5,4,4,544,Champions,Rohan Mishra,Male,47,Mumbai,Maharashtra,West
CUST-02391,15,76204.25,13742.57,2022-02-07,2024-10-11,15,17,5080.28,18.03,82,1059,2,4,5,245,At Risk,Sunita Malhotra,Female,35,Kochi,Kerala,South
CUST-02392,13,19007.7,6799.69,2022-01-10,2024-12-03,12,15,1462.13,35.77,29,1087,4,4,3,443,Loyal Customers,Ramesh Mishra,Male,50,Hyderabad,Telangana,South
CUST-02393,6,11663.2,4897.900000000001,2022-01-04,2024-11-26,6,10,1943.87,41.99,36,1093,4,2,2,422,Potential Loyalists,Vivaan Iyengar,Male,24,Nagpur,Maharashtra,West
CUST-02394,15,22967.5,9345.78,2022-03-06,2024-07-30,15,18,1531.17,40.69,155,1032,2,4,4,244,At Risk,Vihaan Yadav,Male,31,Surat,Gujarat,West
CUST-02395,10,26019.55,5576.09,2022-11-05,2024-11-04,10,14,2601.96,21.43,58,788,3,3,4,334,Loyal Customers,Sai Dutta,Male,33,Surat,Gujarat,West
CUST-02396,15,24858.0,9169.63,2023-10-19,2024-12-06,15,20,1657.2,36.89,26,440,4,4,4,444,Champions,Nikhil Iyengar,Male,36,Chandigarh,Punjab,North
CUST-02397,6,10144.45,4416.3,2023-02-01,2024-11-29,6,9,1690.74,43.53,33,700,4,2,2,422,Potential Loyalists,Aarohi Bhatia,Female,40,Pune,Maharashtra,West
CUST-02398,9,22894.5,8075.2699999999995,2022-03-16,2024-10-01,9,17,2543.83,35.27,92,1022,2,3,4,234,At Risk,Ananya Malhotra,Female,31,Delhi,Delhi,North
CUST-02399,6,13394.3,3954.55,2022-08-11,2024-11-30,6,8,2232.38,29.52,32,874,4,2,2,422,Potential Loyalists,Kabir Choudhury,Male,40,Delhi,Delhi,North
CUST-02400,7,17167.3,6806.01,2022-12-17,2024-11-20,7,9,2452.47,39.65,42,746,4,2,3,423,Potential Loyalists,Anita Iyer,Female,35,Mumbai,Maharashtra,West
CUST-02401,7,6645.7,1899.53,2022-07-26,2024-12-22,7,8,949.39,28.58,10,890,5,2,1,521,Potential Loyalists,Diya Gupta,Female,38,Bengaluru,Karnataka,South
CUST-02402,15,32497.0,13199.35,2023-01-13,2024-08-06,15,18,2166.47,40.62,148,719,2,4,4,244,At Risk,Nikhil Pillai,Male,25,Ahmedabad,Gujarat,West
CUST-02403,7,22015.55,8316.01,2023-12-29,2024-01-17,7,9,3145.08,37.77,350,369,1,2,3,123,Lost Customers,Ayaan Bhatia,Male,23,Jaipur,Rajasthan,North
CUST-02404,2,4239.1,1768.25,2023-06-20,2023-06-23,2,2,2119.55,41.71,558,561,1,1,1,111,Lost Customers,Ayaan Bhatia,Male,44,Lucknow,Uttar Pradesh,North
CUST-02405,21,60950.25,15447.22,2023-08-01,2024-12-31,21,26,2902.39,25.34,1,519,5,5,5,555,Champions,Kabir Tripathi,Male,18,Chandigarh,Punjab,North
CUST-02406,26,64442.950000000004,18876.38,2023-01-13,2024-10-24,25,36,2478.58,29.29,69,719,3,5,5,355,Loyal Customers,Amit Mishra,Male,28,Bhubaneswar,Odisha,East
CUST-02407,12,21521.45,6005.950000000001,2022-03-04,2024-11-15,12,17,1793.45,27.91,47,1034,3,4,3,343,Loyal Customers,Riya Bhatia,Female,38,Mumbai,Maharashtra,West
CUST-02408,5,3824.65,1349.62,2022-01-15,2024-11-14,5,7,764.93,35.29,48,1082,3,2,1,321,Regular Customers,Amit Gupta,Male,19,Lucknow,Uttar Pradesh,North
CUST-02409,6,26806.65,7066.16,2022-04-12,2024-12-10,6,12,4467.78,26.36,22,995,5,2,4,524,Potential Loyalists,Pari Choudhury,Female,18,Hyderabad,Telangana,South
CUST-02410,17,16456.1,5116.51,2022-05-20,2024-12-05,16,21,968.01,31.09,27,957,4,5,3,453,Loyal Customers,Dhruv Choudhury,Male,42,Lucknow,Uttar Pradesh,North
CUST-02411,2,1119.1,562.03,2024-05-12,2024-11-30,2,2,559.55,50.22,32,234,4,1,1,411,New Customers,Manish Bhatia,Male,21,Bengaluru,Karnataka,South
CUST-02412,17,21963.55,6706.72,2023-12-02,2024-10-29,17,26,1291.97,30.54,64,396,3,5,3,353,Loyal Customers,Manish Das,Male,42,Mumbai,Maharashtra,West
CUST-02413,20,52142.2,15543.34,2024-02-08,2024-12-29,20,25,2607.11,29.81,3,328,5,5,5,555,Champions,Kabir Nair,Male,33,Kolkata,West Bengal,East
CUST-02414,12,34919.3,8652.689999999999,2022-10-07,2024-12-26,12,16,2909.94,24.78,6,817,5,4,4,544,Champions,Anand Dutta,Male,33,Mumbai,Maharashtra,West
CUST-02415,24,33121.15,10691.37,2022-07-29,2024-12-30,23,29,1380.05,32.28,2,887,5,5,4,554,Champions,Saanvi Pandey,Female,18,Surat,Gujarat,West
CUST-02416,14,39376.4,6212.63,2022-02-15,2024-10-29,14,17,2812.6,15.78,64,1051,3,4,5,345,Loyal Customers,Ramesh Agarwal,Male,31,Pune,Maharashtra,West
CUST-02417,17,48118.6,15319.12,2022-11-16,2024-12-19,17,28,2830.51,31.84,13,777,5,5,5,555,Champions,Riya Singh,Female,29,Jaipur,Rajasthan,North
CUST-02418,14,27250.25,9023.93,2024-06-21,2024-11-08,13,22,1946.45,33.12,54,194,3,4,4,344,Loyal Customers,Neha Mishra,Female,18,Mumbai,Maharashtra,West
CUST-02419,17,35354.65,14215.64,2023-04-16,2024-12-06,17,21,2079.69,40.21,26,626,4,5,4,454,Champions,Shreya Rao,Female,27,Bengaluru,Karnataka,South
CUST-02420,6,6586.2,2743.17,2022-05-06,2024-10-29,6,10,1097.7,41.65,64,971,3,2,1,321,Regular Customers,Pranav Joshi,Male,26,Delhi,Delhi,North
CUST-02421,7,6479.05,2541.1499999999996,2022-09-21,2024-10-11,7,9,925.58,39.22,82,833,2,2,1,221,Lost Customers,Shaurya Nair,Other,25,Mumbai,Maharashtra,West
CUST-02422,8,56494.549999999996,7310.8,2022-08-26,2024-12-04,8,10,7061.82,12.94,28,859,4,3,5,435,Loyal Customers,Anjali Joshi,Female,29,Patna,Bihar,East
CUST-02423,3,13282.15,4689.58,2023-12-10,2024-11-08,3,5,4427.38,35.31,54,388,3,1,2,312,Regular Customers,Vikram Joshi,Male,18,Kolkata,West Bengal,East
CUST-02424,3,4373.8,2207.35,2024-08-04,2024-12-02,3,5,1457.93,50.47,30,150,4,1,1,411,New Customers,Manish Saxena,Male,28,Surat,Gujarat,West
CUST-02425,8,18729.05,5983.44,2024-04-28,2024-11-20,8,11,2341.13,31.95,42,248,4,3,3,433,Loyal Customers,Anita Chatterjee,Female,18,Hyderabad,Telangana,South
CUST-02426,10,41183.8,9437.24,2022-11-11,2024-03-09,10,17,4118.38,22.91,298,782,1,3,5,135,At Risk,Siddharth Choudhury,Male,42,Chandigarh,Punjab,North
CUST-02427,17,32287.85,11248.03,2022-09-29,2024-12-27,16,24,1899.29,34.84,5,825,5,5,4,554,Champions,Amit Malhotra,Male,40,Mumbai,Maharashtra,West
CUST-02428,6,10253.6,4121.63,2023-11-16,2024-10-26,6,6,1708.93,40.2,67,412,3,2,2,322,Regular Customers,Krishna Singh,Male,18,Chennai,Tamil Nadu,South
CUST-02429,4,6047.2,2665.08,2022-05-30,2024-10-13,4,6,1511.8,44.07,80,947,2,1,1,211,Lost Customers,Vivaan Choudhury,Male,57,Lucknow,Uttar Pradesh,North
CUST-02430,3,4598.650000000001,2060.81,2022-04-20,2024-01-14,3,4,1532.88,44.81,353,987,1,1,1,111,Lost Customers,Suresh Dutta,Male,22,Patna,Bihar,East
CUST-02431,8,36129.95,16329.75,2024-04-12,2024-12-28,8,12,4516.24,45.2,4,264,5,3,4,534,Loyal Customers,Isha Mishra,Female,25,Chennai,Tamil Nadu,South
CUST-02432,17,155398.75,24275.55,2023-12-30,2024-12-29,16,25,9141.1,15.62,3,368,5,5,5,555,Champions,Nandini Singh,Female,31,Ahmedabad,Gujarat,West
CUST-02433,5,7795.2,4350.46,2022-09-20,2023-11-27,5,7,1559.04,55.81,401,834,1,2,2,122,Lost Customers,Isha Rao,Female,21,Mumbai,Maharashtra,West
CUST-02434,16,47779.55,15401.35,2024-03-23,2024-11-18,16,26,2986.22,32.23,44,284,4,5,5,455,Champions,Kunal Pandey,Male,32,Lucknow,Uttar Pradesh,North
CUST-02435,14,54210.850000000006,15951.07,2023-12-11,2024-12-13,14,21,3872.2,29.42,19,387,5,4,5,545,Champions,Shreya Nair,Female,32,Chennai,Tamil Nadu,South
CUST-02436,11,18682.45,7490.6900000000005,2023-11-29,2024-02-12,11,14,1698.4,40.09,324,399,1,4,3,143,At Risk,Vihaan Reddy,Male,18,Bengaluru,Karnataka,South
CUST-02437,5,3415.45,1624.69,2023-05-20,2024-06-28,5,9,683.09,47.57,187,592,1,2,1,121,Lost Customers,Siddharth Choudhury,Male,18,Visakhapatnam,Andhra Pradesh,South
CUST-02438,17,111312.4,19300.379999999997,2023-05-23,2024-11-27,17,25,6547.79,17.34,35,589,4,5,5,455,Champions,Arjun Das,Male,44,Hyderabad,Telangana,South
CUST-02439,6,11992.2,2744.68,2022-01-17,2024-10-03,6,6,1998.7,22.89,90,1080,2,2,2,222,Lost Customers,Aditya Gupta,Male,33,Pune,Maharashtra,West
CUST-02440,6,7161.3,2895.04,2022-05-30,2024-10-08,5,9,1193.55,40.43,85,947,2,2,1,221,Lost Customers,Ananya Iyer,Female,43,Hyderabad,Telangana,South
CUST-02441,6,29885.6,8157.83,2023-12-15,2024-01-13,6,6,4980.93,27.3,354,383,1,2,4,124,Lost Customers,Navya Kaur,Female,56,Bhubaneswar,Odisha,East
CUST-02442,20,62052.549999999996,15785.11,2023-03-21,2024-11-29,20,34,3102.63,25.44,33,652,4,5,5,455,Champions,Vikram Iyengar,Male,18,Kochi,Kerala,South
CUST-02443,27,59340.8,20753.66,2023-05-19,2024-11-21,25,35,2197.81,34.97,41,593,4,5,5,455,Champions,Suresh Iyer,Male,18,Hyderabad,Telangana,South
CUST-02444,10,48211.0,12784.09,2023-10-01,2024-11-14,10,14,4821.1,26.52,48,458,3,3,5,335,Loyal Customers,Deepak Agarwal,Male,22,Kolkata,West Bengal,East
CUST-02445,8,15788.65,7012.65,2022-02-08,2024-06-27,8,9,1973.58,44.42,188,1058,1,3,3,133,At Risk,Prisha Pandey,Female,27,Patna,Bihar,East
CUST-02446,4,6406.3,1823.6000000000001,2023-07-31,2024-11-24,4,5,1601.58,28.47,38,520,4,1,1,411,New Customers,Ananya Iyer,Female,18,Kolkata,West Bengal,East
CUST-02447,7,5895.9,1969.88,2023-12-21,2024-11-22,7,10,842.27,33.41,40,377,4,2,1,421,Potential Loyalists,Deepak Iyengar,Male,35,Delhi,Delhi,North
CUST-02448,9,14265.8,5118.18,2023-09-06,2023-11-06,9,13,1585.09,35.88,422,483,1,3,3,133,At Risk,Reyansh Menon,Male,43,Bhopal,Madhya Pradesh,Central
CUST-02449,22,28768.2,9130.369999999999,2023-01-29,2024-12-28,21,32,1307.65,31.74,4,703,5,5,4,554,Champions,Sai Chatterjee,Male,27,Kolkata,West Bengal,East
CUST-02450,4,8481.85,3416.14,2023-11-23,2024-12-18,4,6,2120.46,40.28,14,405,5,1,2,512,New Customers,Aarohi Mukherjee,Female,47,Chennai,Tamil Nadu,South
CUST-02451,5,21804.15,8341.119999999999,2023-05-19,2024-12-04,5,7,4360.83,38.25,28,593,4,2,3,423,Potential Loyalists,Navya Banerjee,Female,41,Delhi,Delhi,North
CUST-02452,4,24460.75,4566.41,2023-10-19,2024-12-08,4,4,6115.19,18.67,24,440,5,1,4,514,New Customers,Arjun Malhotra,Male,20,Chennai,Tamil Nadu,South
CUST-02453,2,1048.1,263.38,2023-05-04,2023-10-19,2,2,524.05,25.13,440,608,1,1,1,111,Lost Customers,Navya Joshi,Female,23,Mumbai,Maharashtra,West
CUST-02454,11,44297.35,15968.67,2022-06-23,2024-10-18,11,22,4027.03,36.05,75,923,3,4,5,345,Loyal Customers,Anita Bhatia,Female,39,Bengaluru,Karnataka,South
CUST-02455,23,29138.4,12829.56,2022-09-18,2024-12-10,23,34,1266.89,44.03,22,836,5,5,4,554,Champions,Prisha Verma,Female,37,Delhi,Delhi,North
CUST-02456,8,21529.05,5422.22,2023-09-30,2024-07-14,7,12,2691.13,25.19,171,459,1,3,3,133,At Risk,Gauri Saxena,Female,38,Indore,Madhya Pradesh,Central
CUST-02457,24,74037.0,23316.05,2022-03-25,2024-09-01,24,35,3084.88,31.49,122,1013,2,5,5,255,At Risk,Anjali Rao,Female,19,Delhi,Delhi,North
CUST-02458,5,8668.1,3720.71,2024-03-29,2024-12-07,5,8,1733.62,42.92,25,278,5,2,2,522,Potential Loyalists,Kabir Iyer,Male,23,Pune,Maharashtra,West
CUST-02459,18,30085.6,11179.79,2022-11-30,2024-12-03,17,31,1671.42,37.16,29,763,4,5,4,454,Champions,Rohan Tripathi,Male,18,Ahmedabad,Gujarat,West
CUST-02460,10,10163.95,3799.5099999999998,2024-05-29,2024-06-23,9,12,1016.4,37.38,192,217,1,3,2,132,Regular Customers,Sneha Pandey,Female,28,Delhi,Delhi,North
CUST-02461,17,54787.35,11503.380000000001,2023-08-03,2024-11-27,17,22,3222.79,21.0,35,517,4,5,5,455,Champions,Arjun Iyengar,Male,36,Chandigarh,Punjab,North
CUST-02462,16,29809.55,11084.98,2022-01-17,2024-11-29,15,25,1863.1,37.19,33,1080,4,5,4,454,Champions,Swati Menon,Female,22,Bengaluru,Karnataka,South
CUST-02463,3,5494.299999999999,2110.16,2023-05-09,2023-10-22,3,5,1831.43,38.41,437,603,1,1,1,111,Lost Customers,Meera Gupta,Female,34,Mumbai,Maharashtra,West
CUST-02464,6,4677.3,1298.69,2022-11-27,2023-11-01,6,9,779.55,27.77,427,766,1,2,1,121,Lost Customers,Nandini Nair,Female,25,Kolkata,West Bengal,East
CUST-02465,13,19101.15,6547.929999999999,2023-06-28,2024-08-13,12,29,1469.32,34.28,141,553,2,4,3,243,At Risk,Swati Tripathi,Female,29,Mumbai,Maharashtra,West
CUST-02466,8,10118.1,3609.68,2022-03-30,2024-11-24,8,8,1264.76,35.68,38,1008,4,3,2,432,Potential Loyalists,Divya Gupta,Female,35,Bengaluru,Karnataka,South
CUST-02467,11,16242.2,5523.469999999999,2022-10-07,2024-11-11,10,13,1476.56,34.01,51,817,3,4,3,343,Loyal Customers,Suresh Singh,Male,59,Mumbai,Maharashtra,West
CUST-02468,3,12453.15,4254.87,2024-02-23,2024-05-28,3,3,4151.05,34.17,218,313,1,1,2,112,Lost Customers,Vihaan Singh,Male,24,Mumbai,Maharashtra,West
CUST-02469,17,70205.1,16063.39,2024-03-29,2024-12-16,16,23,4129.71,22.88,16,278,5,5,5,555,Champions,Ramesh Chatterjee,Male,21,Coimbatore,Tamil Nadu,South
CUST-02470,19,55582.95,19966.39,2022-05-22,2024-10-31,18,28,2925.42,35.92,62,955,3,5,5,355,Loyal Customers,Priyanka Iyengar,Female,37,Delhi,Delhi,North
CUST-02471,6,29473.75,9619.63,2022-01-01,2024-04-19,6,8,4912.29,32.64,257,1096,1,2,4,124,Lost Customers,Pooja Tripathi,Female,41,Lucknow,Uttar Pradesh,North
CUST-02472,27,56523.7,21473.45,2022-01-06,2024-10-21,27,39,2093.47,37.99,72,1091,3,5,5,355,Loyal Customers,Varun Chatterjee,Male,42,Delhi,Delhi,North
CUST-02473,5,20362.300000000003,7540.84,2022-08-21,2023-10-19,5,8,4072.46,37.03,440,864,1,2,3,123,Lost Customers,Kavya Mishra,Female,29,Indore,Madhya Pradesh,Central
CUST-02474,6,13179.55,3726.73,2024-04-02,2024-10-02,6,7,2196.59,28.28,91,274,2,2,2,222,Lost Customers,Shreya Pandey,Female,18,Chennai,Tamil Nadu,South
CUST-02475,4,6070.3,1719.54,2024-05-30,2024-11-26,4,8,1517.58,28.33,36,216,4,1,1,411,New Customers,Anita Chatterjee,Female,37,Bengaluru,Karnataka,South
CUST-02476,16,58540.55,17361.34,2023-10-12,2024-11-23,16,21,3658.78,29.66,39,447,4,5,5,455,Champions,Suresh Verma,Male,43,Bengaluru,Karnataka,South
CUST-02477,6,13812.65,3074.7200000000003,2023-06-24,2024-09-22,6,7,2302.11,22.26,101,557,2,2,3,223,Lost Customers,Aarav Reddy,Male,23,Chennai,Tamil Nadu,South
CUST-02478,10,58450.55,18540.52,2023-12-21,2024-12-06,10,14,5845.06,31.72,26,377,4,3,5,435,Loyal Customers,Saanvi Yadav,Female,25,Mumbai,Maharashtra,West
CUST-02479,24,39827.8,10572.46,2022-02-05,2024-05-26,24,28,1659.49,26.55,220,1061,1,5,5,155,At Risk,Kavya Gupta,Female,26,Surat,Gujarat,West
CUST-02480,2,3152.3,795.11,2022-09-07,2023-07-09,2,3,1576.15,25.22,542,847,1,1,1,111,Lost Customers,Anjali Saxena,Female,36,Hyderabad,Telangana,South
CUST-02481,2,1193.25,422.93,2023-10-26,2024-08-07,2,2,596.62,35.44,147,433,2,1,1,211,Lost Customers,Kavya Choudhury,Female,42,Mumbai,Maharashtra,West
CUST-02482,5,20342.0,6486.97,2024-03-05,2024-11-12,5,8,4068.4,31.89,50,302,3,2,3,323,Regular Customers,Prisha Kaur,Female,21,Chennai,Tamil Nadu,South
CUST-02483,15,24291.350000000002,9461.37,2022-05-27,2024-11-30,15,30,1619.42,38.95,32,950,4,4,4,444,Champions,Meera Saxena,Female,40,Indore,Madhya Pradesh,Central
CUST-02484,7,8840.95,2923.59,2022-09-08,2024-10-19,7,8,1262.99,33.07,74,846,3,2,2,322,Regular Customers,Ishaan Nair,Male,21,Ahmedabad,Gujarat,West
CUST-02485,5,2854.65,962.01,2022-11-18,2023-12-11,5,5,570.93,33.7,387,775,1,2,1,121,Lost Customers,Kabir Tripathi,Male,32,Patna,Bihar,East
CUST-02486,6,4587.95,1558.67,2022-07-10,2024-07-05,6,6,764.66,33.97,180,906,1,2,1,121,Lost Customers,Deepa Tripathi,Female,43,Chennai,Tamil Nadu,South
CUST-02487,7,33040.8,9760.7,2024-05-08,2024-09-03,7,9,4720.11,29.54,120,238,2,2,4,224,Lost Customers,Ayaan Choudhury,Male,46,Delhi,Delhi,North
CUST-02488,4,9816.0,4359.47,2024-01-02,2024-10-14,4,7,2454.0,44.41,79,365,2,1,2,212,Lost Customers,Sneha Iyengar,Female,29,Bhopal,Madhya Pradesh,Central
CUST-02489,9,48978.3,13396.109999999999,2022-02-28,2024-11-16,9,11,5442.03,27.35,46,1038,4,3,5,435,Loyal Customers,Vihaan Shah,Male,18,Mumbai,Maharashtra,West
CUST-02490,3,1302.55,509.0,2022-01-07,2023-07-28,3,3,434.18,39.08,523,1090,1,1,1,111,Lost Customers,Anjali Pillai,Female,40,Mumbai,Maharashtra,West
CUST-02491,18,52340.95,17962.18,2022-04-25,2024-10-31,18,27,2907.83,34.32,62,982,3,5,5,355,Loyal Customers,Kabir Singh,Male,28,Visakhapatnam,Andhra Pradesh,South
CUST-02492,13,13760.85,3989.79,2024-02-15,2024-11-01,13,21,1058.53,28.99,61,321,3,4,2,342,Regular Customers,Saanvi Shah,Female,43,Bengaluru,Karnataka,South
CUST-02493,17,35257.2,15059.779999999999,2022-05-30,2024-10-26,17,20,2073.95,42.71,67,947,3,5,4,354,Loyal Customers,Rajesh Malhotra,Male,28,Mumbai,Maharashtra,West
CUST-02494,8,19715.25,7588.860000000001,2022-03-28,2024-10-12,8,10,2464.41,38.49,81,1010,2,3,3,233,At Risk,Divya Mishra,Female,52,Mumbai,Maharashtra,West
CUST-02495,10,36342.8,3751.01,2022-01-02,2024-12-04,10,10,3634.28,10.32,28,1095,4,3,4,434,Loyal Customers,Prisha Menon,Female,43,Hyderabad,Telangana,South
CUST-02496,4,2705.85,327.15999999999997,2022-02-18,2023-11-21,4,7,676.46,12.09,407,1048,1,1,1,111,Lost Customers,Amit Mehta,Male,39,Bengaluru,Karnataka,South
CUST-02497,6,4225.8,1848.06,2023-05-03,2024-08-16,6,8,704.3,43.73,138,609,2,2,1,221,Lost Customers,Sai Mishra,Male,55,Bengaluru,Karnataka,South
CUST-02498,6,4851.45,1928.1599999999999,2024-02-22,2024-11-08,6,8,808.58,39.74,54,314,3,2,1,321,Regular Customers,Prisha Agarwal,Female,42,Delhi,Delhi,North
CUST-02499,25,53906.15,14466.36,2023-08-11,2024-12-12,23,31,2156.25,26.84,20,509,5,5,5,555,Champions,Saanvi Pandey,Female,32,Hyderabad,Telangana,South
CUST-02500,4,13189.75,5106.28,2023-10-20,2024-03-30,4,8,3297.44,38.71,277,439,1,1,2,112,Lost Customers,Ramesh Joshi,Male,29,Pune,Maharashtra,West
CUST-02501,7,6901.65,2496.8599999999997,2023-09-21,2024-11-12,7,8,985.95,36.18,50,468,3,2,1,321,Regular Customers,Varun Agarwal,Male,50,Lucknow,Uttar Pradesh,North
CUST-02502,21,37673.25,15757.29,2023-02-23,2024-11-29,21,28,1793.96,41.83,33,678,4,5,4,454,Champions,Kavya Pandey,Female,26,Bengaluru,Karnataka,South
CUST-02503,12,9764.15,3820.23,2023-04-22,2024-11-30,11,17,813.68,39.13,32,620,4,4,2,442,Regular Customers,Deepa Singh,Female,18,Kolkata,West Bengal,East
CUST-02504,7,7257.1,1977.72,2023-01-12,2024-11-17,7,7,1036.73,27.25,45,720,4,2,1,421,Potential Loyalists,Amit Joshi,Male,46,Delhi,Delhi,North
CUST-02505,10,16499.9,5563.06,2022-05-19,2024-11-08,9,12,1649.99,33.72,54,958,3,3,3,333,Loyal Customers,Vikram Banerjee,Male,36,Jaipur,Rajasthan,North
CUST-02506,19,27027.5,9807.130000000001,2022-03-29,2024-11-23,19,24,1422.5,36.29,39,1009,4,5,4,454,Champions,Pari Das,Female,25,Chandigarh,Punjab,North
CUST-02507,29,53934.25,22319.989999999998,2022-07-29,2024-12-09,29,40,1859.8,41.38,23,887,5,5,5,555,Champions,Anand Chatterjee,Male,56,Visakhapatnam,Andhra Pradesh,South
CUST-02508,23,212828.25,44110.369999999995,2023-11-02,2024-12-26,22,35,9253.4,20.73,6,426,5,5,5,555,Champions,Gauri Mukherjee,Female,18,Coimbatore,Tamil Nadu,South
CUST-02509,13,13424.3,4427.94,2022-12-06,2024-11-23,13,20,1032.64,32.98,39,757,4,4,2,442,Regular Customers,Shaurya Tripathi,Male,30,Pune,Maharashtra,West
CUST-02510,4,5848.55,3118.33,2023-08-01,2023-12-13,4,4,1462.14,53.32,385,519,1,1,1,111,Lost Customers,Sunita Das,Female,18,Visakhapatnam,Andhra Pradesh,South
CUST-02511,3,59979.85,6813.629999999999,2023-06-07,2024-11-29,3,3,19993.28,11.36,33,574,4,1,5,415,New Customers,Rajesh Reddy,Male,19,Kolkata,West Bengal,East
CUST-02512,16,19409.600000000002,8326.52,2022-03-29,2024-12-14,16,22,1213.1,42.9,18,1009,5,5,3,553,Loyal Customers,Neha Reddy,Female,37,Indore,Madhya Pradesh,Central
CUST-02513,12,11321.699999999999,3911.02,2022-05-06,2024-11-24,12,16,943.47,34.54,38,971,4,4,2,442,Regular Customers,Arjun Singh,Male,22,Bengaluru,Karnataka,South
CUST-02514,16,34449.55,11569.31,2022-10-17,2024-11-09,14,27,2153.1,33.58,53,807,3,5,4,354,Loyal Customers,Saanvi Tripathi,Female,52,Bengaluru,Karnataka,South
CUST-02515,17,18883.25,5933.54,2023-10-01,2024-11-07,16,20,1110.78,31.42,55,458,3,5,3,353,Loyal Customers,Kabir Chatterjee,Male,18,Ahmedabad,Gujarat,West
CUST-02516,4,8937.25,2867.7,2022-10-16,2024-10-27,4,6,2234.31,32.09,66,808,3,1,2,312,Regular Customers,Vikram Gupta,Male,35,Jaipur,Rajasthan,North
CUST-02517,13,14448.75,5074.17,2023-07-05,2024-12-12,13,20,1111.44,35.12,20,546,5,4,3,543,Loyal Customers,Pranav Pandey,Male,41,Ahmedabad,Gujarat,West
CUST-02518,9,20077.6,7323.360000000001,2023-02-18,2024-12-10,9,14,2230.84,36.48,22,683,5,3,3,533,Loyal Customers,Navya Pandey,Female,25,Hyderabad,Telangana,South
CUST-02519,11,53702.45,12401.85,2022-01-27,2024-10-08,11,14,4882.04,23.09,85,1070,2,4,5,245,At Risk,Navya Nair,Female,31,Nagpur,Maharashtra,West
CUST-02520,11,24973.300000000003,8587.66,2022-06-22,2024-09-18,11,16,2270.3,34.39,105,924,2,4,4,244,At Risk,Anita Das,Female,25,Bengaluru,Karnataka,South
CUST-02521,7,46047.85,8804.119999999999,2022-02-07,2024-02-26,7,8,6578.26,19.12,310,1059,1,2,5,125,Lost Customers,Atharv Agarwal,Male,43,Hyderabad,Telangana,South
CUST-02522,11,15538.75,6451.73,2022-02-10,2024-12-21,11,15,1412.61,41.52,11,1056,5,4,3,543,Loyal Customers,Isha Dutta,Female,47,Mumbai,Maharashtra,West
CUST-02523,7,22318.2,7334.79,2023-07-03,2024-11-27,7,11,3188.31,32.86,35,548,4,2,3,423,Potential Loyalists,Rajesh Agarwal,Male,30,Bengaluru,Karnataka,South
CUST-02524,11,44098.25,7352.47,2022-09-24,2024-12-05,11,14,4008.93,16.67,27,830,4,4,5,445,Champions,Deepa Mukherjee,Female,39,Kochi,Kerala,South
CUST-02525,17,35723.65,14970.87,2023-10-12,2024-12-30,17,25,2101.39,41.91,2,447,5,5,4,554,Champions,Ayaan Patel,Male,39,Hyderabad,Telangana,South
CUST-02526,24,39813.950000000004,15763.51,2023-10-17,2024-12-31,23,39,1658.91,39.59,1,442,5,5,5,555,Champions,Vivaan Shah,Male,23,Bhopal,Madhya Pradesh,Central
CUST-02527,10,267892.60000000003,46395.25,2022-03-10,2024-07-20,10,20,26789.26,17.32,165,1028,2,3,5,235,At Risk,Shreya Mukherjee,Female,30,Kolkata,West Bengal,East
CUST-02528,2,399.0,146.55,2023-03-24,2024-10-14,2,2,199.5,36.73,79,649,2,1,1,211,Lost Customers,Siddharth Singh,Male,21,Hyderabad,Telangana,South
CUST-02529,4,5719.7,1016.1500000000001,2023-10-27,2024-05-15,4,4,1429.92,17.77,231,432,1,1,1,111,Lost Customers,Krishna Banerjee,Male,26,Delhi,Delhi,North
CUST-02530,12,19406.4,6098.71,2024-03-09,2024-10-21,12,15,1617.2,31.43,72,298,3,4,3,343,Loyal Customers,Anjali Mehta,Female,53,Bhopal,Madhya Pradesh,Central
CUST-02531,7,15890.7,5040.95,2022-01-08,2024-08-27,7,12,2270.1,31.72,127,1089,2,2,3,223,Lost Customers,Ramesh Banerjee,Male,43,Bengaluru,Karnataka,South
CUST-02532,6,6830.6,2049.11,2022-02-08,2024-01-20,6,7,1138.43,30.0,347,1058,1,2,1,121,Lost Customers,Arjun Dutta,Male,18,Chandigarh,Punjab,North
CUST-02533,34,104614.35,30810.69,2022-04-19,2024-12-24,33,53,3076.89,29.45,8,988,5,5,5,555,Champions,Varun Banerjee,Male,28,Surat,Gujarat,West
CUST-02534,5,11407.4,3953.7400000000002,2022-07-30,2024-10-27,5,6,2281.48,34.66,66,886,3,2,2,322,Regular Customers,Tanvi Mishra,Female,26,Hyderabad,Telangana,South
CUST-02535,10,13336.55,5325.32,2023-12-30,2024-10-11,10,17,1333.66,39.93,82,368,2,3,2,232,Regular Customers,Swati Sharma,Female,18,Delhi,Delhi,North
CUST-02536,3,3739.55,1343.8400000000001,2023-08-02,2024-08-02,3,5,1246.52,35.94,152,518,2,1,1,211,Lost Customers,Rajesh Chatterjee,Male,21,Bengaluru,Karnataka,South
CUST-02537,23,91909.25,18340.24,2022-02-28,2024-12-22,23,38,3996.05,19.95,10,1038,5,5,5,555,Champions,Prisha Singh,Female,39,Mumbai,Maharashtra,West
CUST-02538,2,2456.65,642.84,2023-05-06,2024-04-11,2,2,1228.32,26.17,265,606,1,1,1,111,Lost Customers,Shaurya Pillai,Male,18,Chennai,Tamil Nadu,South
CUST-02539,3,4197.75,1438.6,2024-03-24,2024-12-21,3,3,1399.25,34.27,11,283,5,1,1,511,New Customers,Swati Iyengar,Female,49,Bengaluru,Karnataka,South
CUST-02540,15,96939.20000000001,15111.220000000001,2022-01-20,2024-10-14,15,22,6462.61,15.59,79,1077,2,4,5,245,At Risk,Amit Choudhury,Male,20,Mumbai,Maharashtra,West
CUST-02541,16,43869.6,16216.27,2022-07-29,2024-11-14,16,28,2741.85,36.96,48,887,3,5,5,355,Loyal Customers,Ayaan Verma,Male,29,Indore,Madhya Pradesh,Central
CUST-02542,8,11692.75,3627.05,2022-10-11,2024-10-08,8,9,1461.59,31.02,85,813,2,3,2,232,Regular Customers,Vikram Menon,Male,29,Pune,Maharashtra,West
CUST-02543,19,47785.05,17691.71,2022-02-20,2024-12-13,18,29,2515.0,37.02,19,1046,5,5,5,555,Champions,Reyansh Reddy,Male,64,Bengaluru,Karnataka,South
CUST-02544,26,71443.35,16976.73,2022-04-22,2024-11-30,26,31,2747.82,23.76,32,985,4,5,5,455,Champions,Kunal Sharma,Male,36,Chandigarh,Punjab,North
CUST-02545,7,27639.25,7690.39,2022-05-31,2024-08-20,7,11,3948.46,27.82,134,946,2,2,4,224,Lost Customers,Prisha Gupta,Female,29,Pune,Maharashtra,West
CUST-02546,10,35202.200000000004,12024.539999999999,2022-02-15,2024-12-27,10,17,3520.22,34.16,5,1051,5,3,4,534,Loyal Customers,Shaurya Joshi,Male,41,Delhi,Delhi,North
CUST-02547,6,6227.9,1876.3500000000001,2023-10-25,2024-10-01,6,7,1037.98,30.13,92,434,2,2,1,221,Lost Customers,Aarohi Sharma,Female,18,Chennai,Tamil Nadu,South
CUST-02548,14,87538.25,18601.260000000002,2022-11-27,2024-12-08,14,17,6252.73,21.25,24,766,5,4,5,545,Champions,Saanvi Banerjee,Female,34,Pune,Maharashtra,West
CUST-02549,5,5171.85,1910.67,2023-09-01,2023-11-21,5,7,1034.37,36.94,407,488,1,2,1,121,Lost Customers,Ayaan Malhotra,Male,53,Bhopal,Madhya Pradesh,Central
CUST-02550,14,26931.55,9896.53,2022-05-03,2024-12-31,14,17,1923.68,36.75,1,974,5,4,4,544,Champions,Meera Pandey,Female,37,Delhi,Delhi,North
CUST-02551,23,34460.7,11445.16,2022-05-06,2024-11-02,22,34,1498.29,33.21,60,971,3,5,4,354,Loyal Customers,Pooja Mishra,Female,18,Jaipur,Rajasthan,North
CUST-02552,10,29730.5,12191.810000000001,2024-06-28,2024-11-26,10,20,2973.05,41.01,36,187,4,3,4,434,Loyal Customers,Nikhil Mukherjee,Male,22,Pune,Maharashtra,West
CUST-02553,10,18863.7,5612.09,2023-07-06,2024-09-11,9,13,1886.37,29.75,112,545,2,3,3,233,At Risk,Aarohi Singh,Female,19,Patna,Bihar,East
CUST-02554,6,15017.3,5725.110000000001,2022-04-01,2024-12-29,6,10,2502.88,38.12,3,1006,5,2,3,523,Potential Loyalists,Aditya Verma,Male,52,Visakhapatnam,Andhra Pradesh,South
CUST-02555,13,24081.3,10093.43,2022-07-12,2024-10-19,13,19,1852.41,41.91,74,904,3,4,4,344,Loyal Customers,Nandini Yadav,Female,39,Mumbai,Maharashtra,West
CUST-02556,6,11702.150000000001,4677.5599999999995,2023-07-06,2024-12-26,6,6,1950.36,39.97,6,545,5,2,2,522,Potential Loyalists,Aanya Agarwal,Female,25,Mumbai,Maharashtra,West
CUST-02557,6,16593.4,4755.3099999999995,2023-06-05,2024-05-01,6,7,2765.57,28.66,245,576,1,2,3,123,Lost Customers,Neha Singh,Female,47,Lucknow,Uttar Pradesh,North
CUST-02558,6,4518.95,1273.65,2024-03-03,2024-11-10,6,7,753.16,28.18,52,304,3,2,1,321,Regular Customers,Rajesh Verma,Male,18,Mumbai,Maharashtra,West
CUST-02559,5,4457.25,1816.1999999999998,2023-05-02,2024-10-04,5,5,891.45,40.75,89,610,2,2,1,221,Lost Customers,Gaurav Nair,Male,39,Chandigarh,Punjab,North
CUST-02560,16,46285.75,16535.54,2022-04-27,2024-12-16,16,28,2892.86,35.72,16,980,5,5,5,555,Champions,Nikhil Pillai,Male,60,Chennai,Tamil Nadu,South
CUST-02561,8,28752.75,8591.24,2022-01-11,2024-01-01,8,16,3594.09,29.88,366,1086,1,3,4,134,At Risk,Kunal Kaur,Male,42,Patna,Bihar,East
CUST-02562,21,78610.2,18862.71,2023-06-01,2024-10-26,21,30,3743.34,24.0,67,580,3,5,5,355,Loyal Customers,Rohan Mishra,Male,18,Mumbai,Maharashtra,West
CUST-02563,9,34359.15,5001.139999999999,2022-11-29,2024-11-13,9,15,3817.68,14.56,49,764,3,3,4,334,Loyal Customers,Ramesh Malhotra,Male,38,Lucknow,Uttar Pradesh,North
CUST-02564,6,6293.45,2224.37,2022-01-01,2024-11-04,6,8,1048.91,35.34,58,1096,3,2,1,321,Regular Customers,Rajesh Mishra,Male,33,Delhi,Delhi,North
CUST-02565,7,6696.55,2098.68,2022-02-03,2024-12-24,7,12,956.65,31.34,8,1063,5,2,1,521,Potential Loyalists,Meera Banerjee,Female,37,Jaipur,Rajasthan,North
CUST-02566,14,23032.2,11373.08,2022-01-30,2024-11-23,14,20,1645.16,49.38,39,1067,4,4,4,444,Champions,Aarav Mukherjee,Male,44,Kochi,Kerala,South
CUST-02567,4,4817.4,2298.6000000000004,2024-04-03,2024-04-18,4,5,1204.35,47.71,258,273,1,1,1,111,Lost Customers,Deepa Mehta,Female,42,Delhi,Delhi,North
CUST-02568,6,17829.2,8531.210000000001,2023-01-10,2024-12-14,6,11,2971.53,47.85,18,722,5,2,3,523,Potential Loyalists,Amit Shah,Male,21,Delhi,Delhi,North
CUST-02569,7,15026.75,5760.41,2023-07-03,2024-10-12,7,10,2146.68,38.33,81,548,2,2,3,223,Lost Customers,Anand Mukherjee,Male,23,Kolkata,West Bengal,East
CUST-02570,6,17269.25,8831.890000000001,2022-06-01,2023-10-17,6,7,2878.21,51.14,442,945,1,2,3,123,Lost Customers,Arjun Mishra,Male,18,Bengaluru,Karnataka,South
CUST-02571,5,4906.849999999999,1690.34,2023-06-18,2024-01-18,5,5,981.37,34.45,349,563,1,2,1,121,Lost Customers,Ishaan Banerjee,Male,18,Bengaluru,Karnataka,South
CUST-02572,7,13836.25,5992.73,2023-01-28,2024-10-13,7,9,1976.61,43.31,80,704,2,2,3,223,Lost Customers,Divya Choudhury,Female,50,Chandigarh,Punjab,North
CUST-02573,7,7665.3,2290.7200000000003,2022-09-07,2024-11-27,7,8,1095.04,29.88,35,847,4,2,2,422,Potential Loyalists,Nandini Chatterjee,Female,20,Lucknow,Uttar Pradesh,North
CUST-02574,9,13070.3,6705.740000000001,2022-12-27,2024-10-18,9,10,1452.26,51.31,75,736,3,3,2,332,Regular Customers,Ishaan Mukherjee,Male,32,Chennai,Tamil Nadu,South
CUST-02575,9,15491.2,5826.38,2024-04-19,2024-08-20,9,13,1721.24,37.61,134,257,2,3,3,233,At Risk,Aarav Iyengar,Male,31,Coimbatore,Tamil Nadu,South
CUST-02576,3,1957.25,1009.2,2022-11-07,2023-01-03,3,4,652.42,51.56,729,786,1,1,1,111,Lost Customers,Ananya Verma,Female,34,Chennai,Tamil Nadu,South
CUST-02577,5,6665.0,2843.62,2022-07-27,2024-12-05,5,9,1333.0,42.66,27,889,4,2,1,421,Potential Loyalists,Deepa Chatterjee,Female,46,Chennai,Tamil Nadu,South
CUST-02578,11,18966.05,6296.2,2022-03-18,2024-07-30,11,14,1724.19,33.2,155,1020,2,4,3,243,At Risk,Gauri Mehta,Female,38,Chennai,Tamil Nadu,South
CUST-02579,16,44937.1,10853.19,2023-09-10,2024-11-21,16,20,2808.57,24.15,41,479,4,5,5,455,Champions,Meera Mehta,Female,18,Bhopal,Madhya Pradesh,Central
CUST-02580,20,40223.1,16309.599999999999,2022-11-17,2024-10-14,20,26,2011.16,40.55,79,776,2,5,5,255,At Risk,Riya Mukherjee,Female,21,Pune,Maharashtra,West
CUST-02581,10,11039.2,3594.09,2024-06-17,2024-09-05,10,13,1103.92,32.56,118,198,2,3,2,232,Regular Customers,Suresh Reddy,Male,38,Indore,Madhya Pradesh,Central
CUST-02582,8,41493.95,9637.84,2022-04-05,2024-11-13,8,14,5186.74,23.23,49,1002,3,3,5,335,Loyal Customers,Meera Saxena,Female,32,Mumbai,Maharashtra,West
CUST-02583,5,15494.95,2795.94,2022-06-17,2024-11-13,5,7,3098.99,18.04,49,929,3,2,3,323,Regular Customers,Kunal Agarwal,Male,44,Mumbai,Maharashtra,West
CUST-02584,16,19731.55,5704.17,2022-07-24,2024-10-14,16,25,1233.22,28.91,79,892,2,5,3,253,At Risk,Pallavi Sharma,Female,38,Pune,Maharashtra,West
CUST-02585,11,62369.65,23743.21,2022-05-15,2024-11-19,11,19,5669.97,38.07,43,962,4,4,5,445,Champions,Rohan Mukherjee,Male,20,Kolkata,West Bengal,East
CUST-02586,12,16595.6,6015.43,2022-11-22,2024-11-29,12,16,1382.97,36.25,33,771,4,4,3,443,Loyal Customers,Anand Choudhury,Male,22,Delhi,Delhi,North
CUST-02587,7,8037.5,2660.79,2023-04-14,2024-10-21,7,9,1148.21,33.1,72,628,3,2,2,322,Regular Customers,Pari Mehta,Female,28,Chennai,Tamil Nadu,South
CUST-02588,4,3512.35,715.36,2022-05-21,2024-05-23,4,5,878.09,20.37,223,956,1,1,1,111,Lost Customers,Saanvi Rao,Female,27,Indore,Madhya Pradesh,Central
CUST-02589,5,21313.45,5898.98,2022-11-07,2024-01-21,5,5,4262.69,27.68,346,786,1,2,3,123,Lost Customers,Aarav Chatterjee,Male,38,Mumbai,Maharashtra,West
CUST-02590,19,25842.55,7021.23,2024-04-17,2024-10-05,18,26,1360.13,27.17,88,259,2,5,4,254,At Risk,Rohan Mehta,Male,46,Chennai,Tamil Nadu,South
CUST-02591,8,15093.0,4104.8,2022-07-26,2024-11-17,8,8,1886.62,27.2,45,890,4,3,3,433,Loyal Customers,Atharv Verma,Male,38,Hyderabad,Telangana,South
CUST-02592,15,32135.75,12356.74,2022-08-20,2024-10-12,15,23,2142.38,38.45,81,865,2,4,4,244,At Risk,Ishaan Saxena,Male,50,Delhi,Delhi,North
CUST-02593,13,185174.7,33633.409999999996,2022-11-29,2024-12-01,12,18,14244.21,18.16,31,764,4,4,5,445,Champions,Tanvi Saxena,Female,38,Delhi,Delhi,North
CUST-02594,7,28546.75,10589.02,2022-03-03,2024-08-16,7,11,4078.11,37.09,138,1035,2,2,4,224,Lost Customers,Isha Saxena,Female,18,Patna,Bihar,East
CUST-02595,4,34756.3,5458.5199999999995,2022-05-27,2024-11-07,4,4,8689.08,15.71,55,950,3,1,4,314,Regular Customers,Siddharth Shah,Male,37,Hyderabad,Telangana,South
CUST-02596,16,16544.35,4094.9500000000003,2023-02-24,2024-12-14,16,22,1034.02,24.75,18,677,5,5,3,553,Loyal Customers,Swati Bhatia,Female,32,Mumbai,Maharashtra,West
CUST-02597,18,31129.75,10821.58,2022-11-26,2024-12-19,17,23,1729.43,34.76,13,767,5,5,4,554,Champions,Nandini Malhotra,Female,43,Lucknow,Uttar Pradesh,North
CUST-02598,6,5123.1,2149.39,2022-07-11,2023-09-14,6,7,853.85,41.95,475,905,1,2,1,121,Lost Customers,Khushi Menon,Female,40,Chennai,Tamil Nadu,South
CUST-02599,20,30365.5,13026.720000000001,2022-01-08,2024-11-19,19,28,1518.28,42.9,43,1089,4,5,4,454,Champions,Navya Kaur,Female,32,Surat,Gujarat,West
CUST-02600,27,83102.95,17518.78,2023-06-11,2024-12-15,25,40,3077.89,21.08,17,570,5,5,5,555,Champions,Anita Mukherjee,Female,39,Pune,Maharashtra,West
CUST-02601,14,73747.95,18307.13,2022-09-03,2024-12-27,14,21,5267.71,24.82,5,851,5,4,5,545,Champions,Aditya Malhotra,Male,33,Hyderabad,Telangana,South
CUST-02602,5,5370.1,2437.23,2022-01-30,2024-09-28,5,5,1074.02,45.39,95,1067,2,2,1,221,Lost Customers,Arjun Mishra,Male,18,Visakhapatnam,Andhra Pradesh,South
CUST-02603,8,14162.6,4987.7,2023-02-18,2024-10-16,8,9,1770.32,35.22,77,683,2,3,3,233,At Risk,Dhruv Das,Male,21,Mumbai,Maharashtra,West
CUST-02604,22,50989.35,19295.09,2022-05-26,2024-12-02,19,31,2317.7,37.84,30,951,4,5,5,455,Champions,Prisha Singh,Female,31,Pune,Maharashtra,West
CUST-02605,8,18822.2,6102.96,2024-04-25,2024-11-30,8,11,2352.78,32.42,32,251,4,3,3,433,Loyal Customers,Sunita Mukherjee,Female,35,Bengaluru,Karnataka,South
CUST-02606,8,14300.05,6145.03,2022-01-17,2024-09-28,8,11,1787.51,42.97,95,1080,2,3,3,233,At Risk,Vikram Joshi,Male,20,Mumbai,Maharashtra,West
CUST-02607,29,109275.9,35971.24,2022-08-01,2024-12-21,28,54,3768.13,32.92,11,884,5,5,5,555,Champions,Vivaan Singh,Male,25,Visakhapatnam,Andhra Pradesh,South
CUST-02608,19,31309.45,11391.79,2024-04-13,2024-11-12,18,25,1647.87,36.38,50,263,3,5,4,354,Loyal Customers,Gaurav Iyengar,Male,29,Delhi,Delhi,North
CUST-02609,19,17801.1,7098.3,2022-01-05,2024-11-07,18,24,936.9,39.88,55,1092,3,5,3,353,Loyal Customers,Reyansh Dutta,Male,25,Patna,Bihar,East
CUST-02610,6,5435.5,737.28,2024-06-14,2024-11-28,6,7,905.92,13.56,34,201,4,2,1,421,Potential Loyalists,Anita Kaur,Female,34,Bengaluru,Karnataka,South
CUST-02611,5,20717.95,8332.07,2023-11-14,2024-12-21,5,7,4143.59,40.22,11,414,5,2,3,523,Potential Loyalists,Amit Nair,Male,33,Chennai,Tamil Nadu,South
CUST-02612,6,5841.6,2655.42,2022-05-09,2024-09-02,6,6,973.6,45.46,121,968,2,2,1,221,Lost Customers,Amit Menon,Male,31,Delhi,Delhi,North
CUST-02613,13,46267.6,9532.7,2023-09-25,2024-12-09,12,23,3559.05,20.6,23,464,5,4,5,545,Champions,Navya Iyengar,Female,19,Lucknow,Uttar Pradesh,North
CUST-02614,13,104955.2,26013.43,2022-07-11,2024-12-12,13,23,8073.48,24.79,20,905,5,4,5,545,Champions,Sneha Iyer,Female,29,Patna,Bihar,East
CUST-02615,15,20804.85,9097.72,2024-04-12,2024-08-03,15,21,1386.99,43.73,151,264,2,4,3,243,At Risk,Manish Agarwal,Male,40,Mumbai,Maharashtra,West
CUST-02616,6,11599.95,3878.9300000000003,2022-03-04,2024-06-14,6,9,1933.32,33.44,201,1034,1,2,2,122,Lost Customers,Gauri Patel,Female,44,Chennai,Tamil Nadu,South
CUST-02617,3,4205.2,1887.6799999999998,2022-11-01,2024-12-25,3,3,1401.73,44.89,7,792,5,1,1,511,New Customers,Isha Nair,Female,37,Hyderabad,Telangana,South
CUST-02618,4,14788.2,4118.63,2024-03-18,2024-08-07,4,6,3697.05,27.85,147,289,2,1,3,213,Lost Customers,Nandini Nair,Female,22,Hyderabad,Telangana,South
CUST-02619,14,42008.85,14464.01,2022-07-01,2024-10-04,14,23,3000.63,34.43,89,915,2,4,5,245,At Risk,Deepa Rao,Female,29,Bhopal,Madhya Pradesh,Central
CUST-02620,6,13655.099999999999,4202.76,2022-05-14,2024-12-09,6,6,2275.85,30.78,23,963,5,2,2,522,Potential Loyalists,Arjun Choudhury,Other,38,Bengaluru,Karnataka,South
CUST-02621,10,36744.95,13166.9,2022-05-15,2024-12-23,10,14,3674.5,35.83,9,962,5,3,4,534,Loyal Customers,Amit Rao,Male,18,Mumbai,Maharashtra,West
CUST-02622,8,24263.25,1513.8400000000001,2024-07-05,2024-10-15,8,10,3032.91,6.24,78,180,2,3,4,234,At Risk,Rohan Iyengar,Male,35,Bengaluru,Karnataka,South
CUST-02623,4,2605.3,775.63,2023-06-12,2023-11-19,4,4,651.33,29.77,409,569,1,1,1,111,Lost Customers,Rohan Menon,Male,34,Lucknow,Uttar Pradesh,North
CUST-02624,6,5192.15,1097.6399999999999,2022-10-28,2024-05-30,6,6,865.36,21.14,216,796,1,2,1,121,Lost Customers,Kunal Iyer,Male,31,Jaipur,Rajasthan,North
CUST-02625,9,86180.0,18911.03,2023-06-25,2024-11-12,9,14,9575.56,21.94,50,556,3,3,5,335,Loyal Customers,Saanvi Saxena,Female,34,Surat,Gujarat,West
CUST-02626,29,48335.1,15836.77,2023-01-07,2024-10-17,28,41,1666.73,32.76,76,725,2,5,5,255,At Risk,Divya Gupta,Female,32,Indore,Madhya Pradesh,Central
CUST-02627,6,10395.2,3486.8799999999997,2023-10-29,2024-09-04,6,7,1732.53,33.54,119,430,2,2,2,222,Lost Customers,Ishaan Pandey,Male,18,Delhi,Delhi,North
CUST-02628,23,81848.65000000001,13870.63,2022-09-25,2024-12-23,23,29,3558.64,16.95,9,829,5,5,5,555,Champions,Divya Gupta,Female,33,Delhi,Delhi,North
CUST-02629,5,21236.350000000002,3817.1,2022-11-11,2024-11-24,5,7,4247.27,17.97,38,782,4,2,3,423,Potential Loyalists,Vihaan Malhotra,Male,19,Bengaluru,Karnataka,South
CUST-02630,5,16132.949999999999,2953.14,2022-11-19,2024-07-01,5,12,3226.59,18.31,184,774,1,2,3,123,Lost Customers,Vikram Mehta,Male,35,Bengaluru,Karnataka,South
CUST-02631,12,27060.8,7577.41,2022-09-22,2024-10-18,12,19,2255.07,28.0,75,832,3,4,4,344,Loyal Customers,Shaurya Shah,Male,41,Bengaluru,Karnataka,South
CUST-02632,7,11137.0,5021.17,2022-07-29,2024-11-13,7,11,1591.0,45.09,49,887,3,2,2,322,Regular Customers,Nikhil Kaur,Male,34,Jaipur,Rajasthan,North
CUST-02633,24,35847.8,11579.74,2024-01-26,2024-12-02,24,34,1493.66,32.3,30,341,4,5,4,454,Champions,Neha Bhatia,Female,20,Bengaluru,Karnataka,South
CUST-02634,4,6868.15,2488.45,2022-10-23,2023-10-16,4,4,1717.04,36.23,443,801,1,1,1,111,Lost Customers,Saanvi Choudhury,Female,45,Surat,Gujarat,West
CUST-02635,18,21148.8,9647.94,2023-04-09,2024-12-15,18,27,1174.93,45.62,17,633,5,5,3,553,Loyal Customers,Atharv Mishra,Male,31,Chennai,Tamil Nadu,South
CUST-02636,4,6378.1,2376.84,2022-03-17,2024-12-30,4,5,1594.52,37.27,2,1021,5,1,1,511,New Customers,Siddharth Banerjee,Male,46,Chennai,Tamil Nadu,South
CUST-02637,23,31507.95,10296.81,2022-03-10,2024-12-19,23,34,1369.91,32.68,13,1028,5,5,4,554,Champions,Pooja Choudhury,Female,32,Indore,Madhya Pradesh,Central
CUST-02638,5,8355.2,2581.82,2022-09-28,2024-09-18,5,6,1671.04,30.9,105,826,2,2,2,222,Lost Customers,Isha Patel,Female,28,Ahmedabad,Gujarat,West
CUST-02639,12,56623.5,10111.32,2024-02-16,2024-12-01,12,17,4718.62,17.86,31,320,4,4,5,445,Champions,Pooja Banerjee,Female,33,Bhopal,Madhya Pradesh,Central
CUST-02640,5,9309.15,3525.8599999999997,2023-08-10,2023-10-15,5,5,1861.83,37.88,444,510,1,2,2,122,Lost Customers,Tanvi Pandey,Female,29,Bengaluru,Karnataka,South
CUST-02641,6,22542.65,7673.07,2023-02-21,2024-12-30,6,10,3757.11,34.04,2,680,5,2,3,523,Potential Loyalists,Aditya Reddy,Male,32,Bhubaneswar,Odisha,East
CUST-02642,10,14312.9,6332.9,2022-07-31,2024-12-15,10,14,1431.29,44.25,17,885,5,3,3,533,Loyal Customers,Shreya Pillai,Female,44,Jaipur,Rajasthan,North
CUST-02643,5,24712.800000000003,2914.94,2022-03-17,2024-07-01,5,6,4942.56,11.8,184,1021,1,2,4,124,Lost Customers,Rekha Chatterjee,Female,21,Kolkata,West Bengal,East
CUST-02644,6,6428.35,2371.04,2022-05-04,2024-09-04,6,6,1071.39,36.88,119,973,2,2,1,221,Lost Customers,Priyanka Yadav,Female,51,Hyderabad,Telangana,South
CUST-02645,15,28041.699999999997,8604.0,2023-10-26,2024-12-04,14,22,1869.45,30.68,28,433,4,4,4,444,Champions,Anand Sharma,Male,35,Chennai,Tamil Nadu,South
CUST-02646,1,239.0,147.03,2023-04-12,2023-04-12,1,1,239.0,61.52,630,630,1,1,1,111,Lost Customers,Siddharth Rao,Male,25,Jaipur,Rajasthan,North
CUST-02647,11,41253.55,9541.53,2023-04-10,2024-12-28,11,11,3750.32,23.13,4,632,5,4,5,545,Champions,Kabir Kaur,Male,48,Kochi,Kerala,South
CUST-02648,2,339.0,62.349999999999994,2022-09-11,2022-09-30,2,4,169.5,18.39,824,843,1,1,1,111,Lost Customers,Deepak Chatterjee,Male,38,Coimbatore,Tamil Nadu,South
CUST-02649,18,34188.45,12443.21,2022-03-09,2024-10-25,17,23,1899.36,36.4,68,1029,3,5,4,354,Loyal Customers,Saanvi Banerjee,Female,32,Pune,Maharashtra,West
CUST-02650,19,46173.15,13404.57,2024-03-10,2024-12-22,19,24,2430.17,29.03,10,297,5,5,5,555,Champions,Ananya Reddy,Female,44,Coimbatore,Tamil Nadu,South
CUST-02651,14,30421.3,10000.5,2024-06-05,2024-12-24,14,18,2172.95,32.87,8,210,5,4,4,544,Champions,Ramesh Agarwal,Male,25,Hyderabad,Telangana,South
CUST-02652,29,55337.35,17788.42,2022-02-23,2024-10-05,28,42,1908.18,32.15,88,1043,2,5,5,255,At Risk,Dhruv Nair,Male,18,Bengaluru,Karnataka,South
CUST-02653,10,74321.1,16923.03,2023-03-07,2024-07-20,10,16,7432.11,22.77,165,666,2,3,5,235,At Risk,Aadhya Chatterjee,Female,35,Delhi,Delhi,North
CUST-02654,18,27699.45,11594.800000000001,2024-03-16,2024-11-14,17,26,1538.86,41.86,48,291,3,5,4,354,Loyal Customers,Vihaan Reddy,Male,27,Mumbai,Maharashtra,West
CUST-02655,7,7873.2,3654.7799999999997,2022-10-04,2024-11-16,7,9,1124.74,46.42,46,820,4,2,2,422,Potential Loyalists,Manish Tripathi,Male,37,Delhi,Delhi,North
CUST-02656,9,40574.15,8067.33,2024-02-13,2024-11-27,9,12,4508.24,19.88,35,323,4,3,5,435,Loyal Customers,Vihaan Kaur,Male,36,Chennai,Tamil Nadu,South
CUST-02657,12,16369.5,6369.87,2024-05-26,2024-06-14,12,18,1364.12,38.91,201,220,1,4,3,143,At Risk,Deepa Das,Female,33,Jaipur,Rajasthan,North
CUST-02658,24,34085.2,10188.94,2022-03-26,2024-11-25,23,31,1420.22,29.89,37,1012,4,5,4,454,Champions,Diya Mehta,Female,50,Mumbai,Maharashtra,West
CUST-02659,7,10213.199999999999,4406.49,2022-10-11,2024-11-15,7,7,1459.03,43.15,47,813,3,2,2,322,Regular Customers,Dhruv Joshi,Male,35,Pune,Maharashtra,West
CUST-02660,6,109256.05,15269.96,2022-03-30,2024-12-19,6,13,18209.34,13.98,13,1008,5,2,5,525,Potential Loyalists,Swati Iyengar,Female,37,Hyderabad,Telangana,South
CUST-02661,4,5620.2,2380.86,2022-03-11,2024-05-10,4,6,1405.05,42.36,236,1027,1,1,1,111,Lost Customers,Navya Iyengar,Female,22,Lucknow,Uttar Pradesh,North
CUST-02662,3,2298.75,608.16,2023-05-11,2024-10-16,3,3,766.25,26.46,77,601,2,1,1,211,Lost Customers,Rekha Agarwal,Female,52,Delhi,Delhi,North
CUST-02663,5,17214.0,7463.82,2024-01-06,2024-11-22,5,8,3442.8,43.36,40,361,4,2,3,423,Potential Loyalists,Vihaan Bhatia,Male,51,Bengaluru,Karnataka,South
CUST-02664,18,48726.9,12554.02,2023-03-10,2024-09-17,18,25,2707.05,25.76,106,663,2,5,5,255,At Risk,Tanvi Gupta,Female,23,Bhubaneswar,Odisha,East
CUST-02665,24,32919.95,14304.71,2022-02-17,2024-10-28,23,35,1371.66,43.45,65,1049,3,5,4,354,Loyal Customers,Gaurav Mehta,Male,30,Surat,Gujarat,West
CUST-02666,6,10362.2,5226.85,2023-09-09,2024-12-26,6,9,1727.03,50.44,6,480,5,2,2,522,Potential Loyalists,Khushi Pillai,Female,28,Mumbai,Maharashtra,West
CUST-02667,4,4583.55,2110.76,2024-04-24,2024-10-12,4,5,1145.89,46.05,81,252,2,1,1,211,Lost Customers,Suresh Joshi,Male,33,Patna,Bihar,East
CUST-02668,6,11894.3,5111.75,2023-08-05,2024-11-08,6,9,1982.38,42.98,54,515,3,2,2,322,Regular Customers,Deepak Kaur,Male,18,Ahmedabad,Gujarat,West
CUST-02669,4,5798.75,2236.42,2023-07-08,2024-11-22,4,5,1449.69,38.57,40,543,4,1,1,411,New Customers,Aarav Bhatia,Male,28,Lucknow,Uttar Pradesh,North
CUST-02671,7,14139.25,3085.49,2023-10-15,2024-10-27,7,7,2019.89,21.82,66,444,3,2,3,323,Regular Customers,Varun Banerjee,Male,18,Bhopal,Madhya Pradesh,Central
CUST-02672,4,4904.0,1902.6599999999999,2022-09-27,2024-07-01,4,6,1226.0,38.8,184,827,1,1,1,111,Lost Customers,Priyanka Verma,Female,25,Chennai,Tamil Nadu,South
CUST-02673,6,4109.1,1825.17,2023-08-02,2024-12-19,6,7,684.85,44.42,13,518,5,2,1,521,Potential Loyalists,Nandini Agarwal,Female,45,Chennai,Tamil Nadu,South
CUST-02674,4,60881.99999999999,-531.5799999999999,2023-11-29,2024-11-23,4,7,15220.5,-0.87,39,399,4,1,5,415,New Customers,Siddharth Das,Male,37,Bengaluru,Karnataka,South
CUST-02675,10,29029.05,7738.71,2022-06-30,2024-11-23,10,12,2902.9,26.66,39,916,4,3,4,434,Loyal Customers,Deepa Mishra,Female,18,Mumbai,Maharashtra,West
CUST-02676,8,10825.25,4587.52,2024-06-22,2024-11-18,7,10,1353.16,42.38,44,193,4,3,2,432,Potential Loyalists,Diya Tripathi,Female,18,Delhi,Delhi,North
CUST-02677,11,25667.85,6076.22,2022-01-23,2024-06-24,11,14,2333.44,23.67,191,1074,1,4,4,144,At Risk,Rohan Nair,Male,18,Pune,Maharashtra,West
CUST-02678,9,19580.75,5927.3,2022-01-06,2024-11-14,9,17,2175.64,30.27,48,1091,3,3,3,333,Loyal Customers,Vihaan Nair,Male,27,Chennai,Tamil Nadu,South
CUST-02679,20,97939.15,24688.39,2022-08-05,2024-12-15,19,30,4896.96,25.21,17,880,5,5,5,555,Champions,Rekha Saxena,Female,27,Bhubaneswar,Odisha,East
CUST-02680,15,27213.05,10809.0,2022-02-18,2024-11-20,14,18,1814.2,39.72,42,1048,4,4,4,444,Champions,Vikram Joshi,Male,28,Chennai,Tamil Nadu,South
CUST-02682,2,3388.55,1044.76,2024-02-20,2024-10-21,2,2,1694.28,30.83,72,316,3,1,1,311,Regular Customers,Prisha Choudhury,Female,31,Delhi,Delhi,North
CUST-02683,5,3119.7,1009.99,2022-01-05,2023-09-13,4,6,623.94,32.37,476,1092,1,2,1,121,Lost Customers,Atharv Gupta,Male,32,Delhi,Delhi,North
CUST-02684,7,14386.349999999999,7396.409999999999,2023-05-08,2024-11-30,7,9,2055.19,51.41,32,604,4,2,3,423,Potential Loyalists,Nikhil Reddy,Male,20,Bengaluru,Karnataka,South
CUST-02685,3,4785.3,2009.18,2023-11-04,2024-03-12,3,3,1595.1,41.99,295,424,1,1,1,111,Lost Customers,Krishna Mehta,Male,36,Delhi,Delhi,North
CUST-02686,10,48685.7,9638.02,2023-08-08,2024-11-19,10,15,4868.57,19.8,43,512,4,3,5,435,Loyal Customers,Aarav Gupta,Male,53,Bhopal,Madhya Pradesh,Central
CUST-02688,5,11760.1,4517.08,2022-05-27,2024-12-11,5,8,2352.02,38.41,21,950,5,2,2,522,Potential Loyalists,Aarav Shah,Male,44,Mumbai,Maharashtra,West
CUST-02689,5,10436.8,3964.31,2023-08-25,2024-10-26,5,6,2087.36,37.98,67,495,3,2,2,322,Regular Customers,Arjun Reddy,Male,29,Jaipur,Rajasthan,North
CUST-02690,12,57995.6,5865.78,2024-02-01,2024-11-05,12,20,4832.97,10.11,57,335,3,4,5,345,Loyal Customers,Aditya Gupta,Male,18,Mumbai,Maharashtra,West
CUST-02691,3,6859.1,3311.43,2022-06-26,2024-01-02,3,6,2286.37,48.28,365,920,1,1,1,111,Lost Customers,Shreya Menon,Female,37,Pune,Maharashtra,West
CUST-02692,7,9855.05,3590.16,2022-05-14,2024-12-03,7,8,1407.86,36.43,29,963,4,2,2,422,Potential Loyalists,Krishna Pandey,Male,34,Pune,Maharashtra,West
CUST-02693,9,10265.4,3047.27,2022-01-26,2024-10-10,9,14,1140.6,29.68,83,1071,2,3,2,232,Regular Customers,Saanvi Mukherjee,Female,27,Bengaluru,Karnataka,South
CUST-02694,9,7454.2,3015.54,2023-03-29,2024-11-16,9,12,828.24,40.45,46,644,4,3,2,432,Potential Loyalists,Vihaan Chatterjee,Male,43,Kolkata,West Bengal,East
CUST-02695,8,21292.7,4538.68,2022-03-28,2024-07-17,8,9,2661.59,21.32,168,1010,1,3,3,133,At Risk,Swati Choudhury,Female,24,Chandigarh,Punjab,North
CUST-02696,5,16133.749999999998,-270.56999999999994,2023-01-09,2024-10-06,5,7,3226.75,-1.68,87,723,2,2,3,223,Lost Customers,Ananya Menon,Female,33,Bengaluru,Karnataka,South
CUST-02697,5,10228.3,3406.81,2024-01-02,2024-12-05,5,7,2045.66,33.31,27,365,4,2,2,422,Potential Loyalists,Shreya Verma,Female,43,Patna,Bihar,East
CUST-02698,13,22131.95,9399.97,2023-12-14,2024-12-25,13,17,1702.46,42.47,7,384,5,4,3,543,Loyal Customers,Shreya Verma,Female,31,Lucknow,Uttar Pradesh,North
CUST-02699,11,39538.1,9876.33,2022-01-07,2023-12-15,11,15,3594.37,24.98,383,1090,1,4,5,145,At Risk,Shreya Kaur,Female,18,Indore,Madhya Pradesh,Central
CUST-02700,16,19801.35,6015.22,2022-01-18,2024-11-23,16,20,1237.58,30.38,39,1079,4,5,3,453,Loyal Customers,Ishaan Menon,Male,32,Hyderabad,Telangana,South
CUST-02701,14,23945.350000000002,11303.0,2023-03-14,2024-11-10,14,17,1710.38,47.2,52,659,3,4,4,344,Loyal Customers,Aanya Choudhury,Female,25,Delhi,Delhi,North
CUST-02702,20,69588.4,12388.43,2023-02-08,2024-11-23,20,26,3479.42,17.8,39,693,4,5,5,455,Champions,Varun Patel,Male,50,Bengaluru,Karnataka,South
CUST-02703,9,11403.55,3511.25,2022-01-15,2024-12-10,9,10,1267.06,30.79,22,1082,5,3,2,532,Potential Loyalists,Reyansh Gupta,Male,23,Chennai,Tamil Nadu,South
CUST-02704,11,91046.55,22757.03,2022-10-20,2024-12-28,11,27,8276.96,24.99,4,804,5,4,5,545,Champions,Aarav Reddy,Male,42,Visakhapatnam,Andhra Pradesh,South
CUST-02705,18,13042.65,3982.3,2022-04-18,2024-12-03,18,26,724.59,30.53,29,989,4,5,2,452,Regular Customers,Aditya Patel,Male,51,Chennai,Tamil Nadu,South
CUST-02706,10,30588.5,10997.19,2022-05-28,2024-11-29,10,13,3058.85,35.95,33,949,4,3,4,434,Loyal Customers,Siddharth Kaur,Male,49,Mumbai,Maharashtra,West
CUST-02707,6,6856.5,2149.92,2023-11-19,2023-12-11,6,7,1142.75,31.36,387,409,1,2,1,121,Lost Customers,Aanya Pillai,Female,19,Mumbai,Maharashtra,West
CUST-02708,11,28766.8,11480.08,2024-03-01,2024-10-27,11,13,2615.16,39.91,66,306,3,4,4,344,Loyal Customers,Shaurya Reddy,Male,33,Mumbai,Maharashtra,West
CUST-02709,7,5890.35,1804.28,2024-01-21,2024-08-08,7,8,841.48,30.63,146,346,2,2,1,221,Lost Customers,Neha Mehta,Female,26,Delhi,Delhi,North
CUST-02710,2,37230.7,1843.35,2022-10-02,2024-10-01,2,5,18615.35,4.95,92,822,2,1,4,214,Lost Customers,Prisha Malhotra,Female,24,Patna,Bihar,East
CUST-02711,6,9080.85,3911.81,2022-02-25,2024-07-15,6,9,1513.48,43.08,170,1041,1,2,2,122,Lost Customers,Atharv Reddy,Male,21,Kolkata,West Bengal,East
CUST-02712,6,101664.3,18941.56,2022-02-08,2024-12-05,6,11,16944.05,18.63,27,1058,4,2,5,425,Potential Loyalists,Manish Reddy,Male,25,Jaipur,Rajasthan,North
CUST-02713,10,89511.0,15379.71,2022-06-10,2024-10-25,10,13,8951.1,17.18,68,936,3,3,5,335,Loyal Customers,Riya Patel,Female,39,Delhi,Delhi,North
CUST-02714,7,9584.4,3033.92,2023-02-06,2024-12-17,7,11,1369.2,31.65,15,695,5,2,2,522,Potential Loyalists,Krishna Singh,Male,39,Delhi,Delhi,North
CUST-02715,7,50589.15,13235.619999999999,2023-04-23,2023-12-13,7,10,7227.02,26.16,385,619,1,2,5,125,Lost Customers,Pranav Mehta,Male,37,Chennai,Tamil Nadu,South
CUST-02716,14,26268.6,9766.970000000001,2022-05-05,2024-11-03,14,18,1876.33,37.18,59,972,3,4,4,344,Loyal Customers,Neha Iyer,Female,18,Delhi,Delhi,North
CUST-02717,8,13644.2,3938.2999999999997,2024-03-13,2024-10-12,8,10,1705.52,28.86,81,294,2,3,2,232,Regular Customers,Anita Agarwal,Female,41,Hyderabad,Telangana,South
CUST-02718,16,30736.600000000002,9386.46,2022-11-01,2024-09-24,16,21,1921.04,30.54,99,792,2,5,4,254,At Risk,Vihaan Mukherjee,Male,25,Patna,Bihar,East
CUST-02719,9,20810.0,5458.75,2022-02-19,2024-03-17,9,16,2312.22,26.23,290,1047,1,3,3,133,At Risk,Deepak Nair,Male,41,Chennai,Tamil Nadu,South
CUST-02720,17,56945.8,12755.4,2022-10-18,2024-10-16,17,19,3349.75,22.4,77,806,2,5,5,255,At Risk,Manish Choudhury,Male,53,Chandigarh,Punjab,North
CUST-02721,5,13264.15,5320.27,2022-01-03,2024-11-17,5,11,2652.83,40.11,45,1094,4,2,2,422,Potential Loyalists,Rajesh Iyer,Male,40,Mumbai,Maharashtra,West
CUST-02722,2,1328.0,692.48,2024-04-19,2024-04-20,2,2,664.0,52.14,256,257,1,1,1,111,Lost Customers,Ramesh Agarwal,Male,36,Lucknow,Uttar Pradesh,North
CUST-02723,4,5832.15,2509.21,2022-05-21,2024-11-29,4,4,1458.04,43.02,33,956,4,1,1,411,New Customers,Amit Singh,Male,21,Kolkata,West Bengal,East
CUST-02724,4,4383.15,900.14,2022-11-13,2024-11-24,4,4,1095.79,20.54,38,780,4,1,1,411,New Customers,Deepak Sharma,Male,29,Kolkata,West Bengal,East
CUST-02725,9,12838.95,5497.1,2023-04-08,2024-12-17,9,12,1426.55,42.82,15,634,5,3,2,532,Potential Loyalists,Sunita Tripathi,Female,31,Guwahati,Assam,East
CUST-02726,16,36335.15,13450.21,2022-05-26,2024-10-19,15,19,2270.95,37.02,74,951,3,5,4,354,Loyal Customers,Tanvi Pillai,Female,18,Kochi,Kerala,South
CUST-02727,8,11940.25,4357.29,2023-02-10,2024-12-28,8,8,1492.53,36.49,4,691,5,3,2,532,Potential Loyalists,Vivaan Bhatia,Male,30,Hyderabad,Telangana,South
CUST-02728,6,10206.849999999999,4066.88,2023-03-06,2024-08-05,6,11,1701.14,39.84,149,667,2,2,2,222,Lost Customers,Gauri Bhatia,Female,29,Hyderabad,Telangana,South
CUST-02729,22,35785.8,14141.59,2024-05-10,2024-11-09,21,29,1626.63,39.52,53,236,3,5,4,354,Loyal Customers,Aanya Patel,Female,40,Hyderabad,Telangana,South
CUST-02730,8,10556.7,4853.68,2022-11-07,2024-10-19,7,13,1319.59,45.98,74,786,3,3,2,332,Regular Customers,Riya Dutta,Female,51,Hyderabad,Telangana,South
CUST-02731,5,7179.2,2793.03,2022-06-05,2024-01-29,5,5,1435.84,38.9,338,941,1,2,1,121,Lost Customers,Shaurya Singh,Male,44,Hyderabad,Telangana,South
CUST-02732,14,20573.75,8192.06,2022-08-27,2024-11-21,14,16,1469.55,39.82,41,858,4,4,3,443,Loyal Customers,Kabir Singh,Male,18,Bengaluru,Karnataka,South
CUST-02734,22,35896.299999999996,13463.7,2022-06-11,2024-12-01,21,28,1631.65,37.51,31,935,4,5,4,454,Champions,Gauri Chatterjee,Female,25,Mumbai,Maharashtra,West
CUST-02735,13,12066.8,4808.51,2022-04-09,2024-11-14,13,19,928.22,39.85,48,998,3,4,2,342,Regular Customers,Rajesh Patel,Male,41,Mumbai,Maharashtra,West
CUST-02736,8,11827.699999999999,1942.9499999999998,2022-10-25,2024-10-03,8,14,1478.46,16.43,90,799,2,3,2,232,Regular Customers,Pari Iyengar,Female,34,Patna,Bihar,East
CUST-02737,21,60982.75,12384.34,2022-02-19,2024-10-27,21,31,2903.94,20.31,66,1047,3,5,5,355,Loyal Customers,Manish Sharma,Male,35,Jaipur,Rajasthan,North
CUST-02738,15,17064.85,6441.66,2022-03-26,2024-10-28,14,19,1137.66,37.75,65,1012,3,4,3,343,Loyal Customers,Aditya Mehta,Male,34,Mumbai,Maharashtra,West
CUST-02739,8,20404.5,6352.3,2022-01-16,2024-10-27,8,9,2550.56,31.13,66,1081,3,3,3,333,Loyal Customers,Ananya Mehta,Female,27,Lucknow,Uttar Pradesh,North
CUST-02740,5,5668.55,2911.06,2022-03-18,2023-08-19,5,7,1133.71,51.35,501,1020,1,2,1,121,Lost Customers,Suresh Chatterjee,Male,32,Delhi,Delhi,North
CUST-02741,8,66927.65,10378.31,2023-09-13,2024-11-07,8,15,8365.96,15.51,55,476,3,3,5,335,Loyal Customers,Aditya Pillai,Male,34,Ahmedabad,Gujarat,West
CUST-02742,8,5273.2,1760.71,2022-06-12,2024-11-07,8,8,659.15,33.39,55,934,3,3,1,331,Regular Customers,Anand Mehta,Male,25,Kochi,Kerala,South
CUST-02743,4,42067.299999999996,8684.42,2022-10-05,2024-09-20,4,6,10516.82,20.64,103,819,2,1,5,215,Lost Customers,Neha Patel,Female,25,Pune,Maharashtra,West
CUST-02744,7,13967.9,2633.04,2022-08-11,2024-10-22,6,12,1995.41,18.85,71,874,3,2,3,323,Regular Customers,Riya Singh,Female,51,Hyderabad,Telangana,South
CUST-02745,27,104492.7,21839.39,2022-05-07,2024-12-20,27,43,3870.1,20.9,12,970,5,5,5,555,Champions,Anita Iyer,Female,37,Mumbai,Maharashtra,West
CUST-02746,7,8272.7,2582.46,2023-02-27,2024-10-29,7,10,1181.81,31.22,64,674,3,2,2,322,Regular Customers,Navya Nair,Female,23,Mumbai,Maharashtra,West
CUST-02747,13,22505.6,7113.92,2023-11-09,2024-11-27,13,23,1731.2,31.61,35,419,4,4,3,443,Loyal Customers,Rohan Pillai,Male,20,Delhi,Delhi,North
CUST-02748,9,12347.25,5951.34,2022-01-05,2024-12-10,9,13,1371.92,48.2,22,1092,5,3,2,532,Potential Loyalists,Prisha Choudhury,Female,18,Chennai,Tamil Nadu,South
CUST-02749,11,11963.3,3930.9,2022-03-12,2024-10-05,11,13,1087.57,32.86,88,1026,2,4,2,242,Regular Customers,Kunal Iyer,Male,43,Lucknow,Uttar Pradesh,North
CUST-02750,10,41149.25,9212.06,2022-07-21,2024-10-30,9,21,4114.92,22.39,63,895,3,3,5,335,Loyal Customers,Prisha Yadav,Female,26,Lucknow,Uttar Pradesh,North
CUST-02751,8,13871.25,6266.33,2024-05-06,2024-08-26,8,14,1733.91,45.17,128,240,2,3,3,233,At Risk,Varun Joshi,Male,29,Kochi,Kerala,South
CUST-02752,4,6391.3,2960.67,2022-05-31,2024-10-18,4,6,1597.82,46.32,75,946,3,1,1,311,Regular Customers,Vikram Dutta,Other,27,Kolkata,West Bengal,East
CUST-02753,8,8975.1,3617.41,2023-08-02,2024-10-19,8,10,1121.89,40.3,74,518,3,3,2,332,Regular Customers,Rohan Joshi,Male,28,Pune,Maharashtra,West
CUST-02754,5,11104.050000000001,4548.08,2023-09-23,2024-12-08,5,6,2220.81,40.96,24,466,5,2,2,522,Potential Loyalists,Vikram Mukherjee,Male,23,Surat,Gujarat,West
CUST-02755,5,15041.85,7422.33,2023-09-07,2024-11-04,5,6,3008.37,49.34,58,482,3,2,3,323,Regular Customers,Arjun Das,Male,33,Indore,Madhya Pradesh,Central
CUST-02756,8,15741.7,6595.59,2022-11-05,2024-06-15,8,11,1967.71,41.9,200,788,1,3,3,133,At Risk,Pallavi Mehta,Female,33,Ahmedabad,Gujarat,West
CUST-02757,5,10767.3,4267.79,2023-02-10,2024-11-05,5,10,2153.46,39.64,57,691,3,2,2,322,Regular Customers,Pooja Dutta,Female,42,Visakhapatnam,Andhra Pradesh,South
CUST-02758,15,25924.55,8027.62,2023-03-24,2024-09-19,15,20,1728.3,30.97,104,649,2,4,4,244,At Risk,Pallavi Pillai,Female,55,Indore,Madhya Pradesh,Central
CUST-02759,6,8297.75,2512.07,2023-10-08,2024-12-16,6,8,1382.96,30.27,16,451,5,2,2,522,Potential Loyalists,Navya Nair,Female,57,Kochi,Kerala,South
CUST-02760,24,36651.15,11515.45,2023-04-27,2024-11-24,23,35,1527.13,31.42,38,615,4,5,4,454,Champions,Suresh Gupta,Male,18,Pune,Maharashtra,West
CUST-02761,21,38726.25,14501.84,2023-03-09,2024-12-09,20,35,1844.11,37.45,23,664,5,5,4,554,Champions,Pallavi Malhotra,Female,34,Kochi,Kerala,South
CUST-02762,25,95646.6,22245.39,2023-06-19,2024-10-22,24,38,3825.86,23.26,71,562,3,5,5,355,Loyal Customers,Sai Mehta,Male,28,Ahmedabad,Gujarat,West
CUST-02763,9,18738.75,6204.57,2022-12-20,2024-10-23,9,13,2082.08,33.11,70,743,3,3,3,333,Loyal Customers,Sunita Agarwal,Female,32,Delhi,Delhi,North
CUST-02764,15,22987.2,8335.8,2023-01-26,2024-12-30,15,28,1532.48,36.26,2,706,5,4,4,544,Champions,Rahul Singh,Male,35,Jaipur,Rajasthan,North
CUST-02765,5,18710.75,5616.469999999999,2023-05-23,2024-08-11,5,9,3742.15,30.02,143,589,2,2,3,223,Lost Customers,Divya Nair,Female,25,Coimbatore,Tamil Nadu,South
CUST-02766,22,51144.3,18079.92,2022-03-23,2024-12-13,22,30,2324.74,35.35,19,1015,5,5,5,555,Champions,Ayaan Iyer,Male,35,Bengaluru,Karnataka,South
CUST-02767,8,8626.2,2514.6800000000003,2022-10-08,2024-08-30,8,8,1078.28,29.15,124,816,2,3,2,232,Regular Customers,Atharv Singh,Male,44,Surat,Gujarat,West
CUST-02768,6,7916.45,2950.3,2023-09-02,2024-11-05,6,8,1319.41,37.27,57,487,3,2,2,322,Regular Customers,Manish Bhatia,Male,29,Patna,Bihar,East
CUST-02769,4,2316.55,872.91,2022-06-06,2024-06-01,4,5,579.14,37.68,214,940,1,1,1,111,Lost Customers,Swati Bhatia,Female,18,Kochi,Kerala,South
CUST-02770,2,366.1,105.53,2024-06-28,2024-10-03,2,2,183.05,28.83,90,187,2,1,1,211,Lost Customers,Suresh Kaur,Male,39,Pune,Maharashtra,West
CUST-02771,5,4140.8,2091.71,2023-03-27,2024-10-23,5,12,828.16,50.51,70,646,3,2,1,321,Regular Customers,Nikhil Gupta,Male,45,Patna,Bihar,East
CUST-02772,13,21038.9,6106.21,2022-02-04,2024-12-13,13,16,1618.38,29.02,19,1062,5,4,3,543,Loyal Customers,Priyanka Tripathi,Female,18,Patna,Bihar,East
CUST-02773,5,40264.4,16026.51,2023-05-26,2024-12-10,5,9,8052.88,39.8,22,586,5,2,5,525,Potential Loyalists,Reyansh Tripathi,Male,18,Mumbai,Maharashtra,West
CUST-02774,6,5435.950000000001,2244.05,2023-09-15,2024-05-18,6,6,905.99,41.28,228,474,1,2,1,121,Lost Customers,Prisha Shah,Female,45,Jaipur,Rajasthan,North
CUST-02775,16,21553.4,8129.58,2023-03-04,2024-12-02,16,21,1347.09,37.72,30,669,4,5,3,453,Loyal Customers,Anjali Kaur,Female,38,Mumbai,Maharashtra,West
CUST-02776,4,11921.3,4551.0,2022-05-01,2024-04-21,4,8,2980.32,38.18,255,976,1,1,2,112,Lost Customers,Anand Pillai,Male,50,Ahmedabad,Gujarat,West
CUST-02777,20,25721.65,9164.64,2022-12-08,2024-12-16,19,29,1286.08,35.63,16,755,5,5,4,554,Champions,Suresh Choudhury,Male,31,Pune,Maharashtra,West
CUST-02778,22,112972.55,27967.36,2022-03-30,2024-12-21,22,35,5135.12,24.76,11,1008,5,5,5,555,Champions,Krishna Dutta,Male,24,Lucknow,Uttar Pradesh,North
CUST-02779,8,8313.85,2684.81,2022-10-08,2024-10-20,8,12,1039.23,32.29,73,816,3,3,2,332,Regular Customers,Pari Das,Female,45,Jaipur,Rajasthan,North
CUST-02780,8,6899.4,2412.33,2023-10-19,2024-12-28,8,15,862.42,34.96,4,440,5,3,1,531,Potential Loyalists,Diya Pandey,Female,24,Pune,Maharashtra,West
CUST-02781,11,48634.45,18967.88,2023-05-09,2024-11-22,11,22,4421.31,39.0,40,603,4,4,5,445,Champions,Aditya Choudhury,Male,22,Surat,Gujarat,West
CUST-02782,6,2590.0,628.75,2023-06-05,2023-10-24,6,7,431.67,24.28,435,576,1,2,1,121,Lost Customers,Divya Joshi,Female,49,Pune,Maharashtra,West
CUST-02783,6,8396.05,2879.9100000000003,2022-03-18,2024-11-09,6,8,1399.34,34.3,53,1020,3,2,2,322,Regular Customers,Atharv Saxena,Male,26,Kolkata,West Bengal,East
CUST-02784,8,14598.0,4956.16,2022-03-28,2024-12-18,7,12,1824.75,33.95,14,1010,5,3,3,533,Loyal Customers,Sai Iyengar,Male,20,Kolkata,West Bengal,East
CUST-02785,3,1444.3,549.69,2022-02-19,2024-11-09,2,3,481.43,38.06,53,1047,3,1,1,311,Regular Customers,Siddharth Mehta,Male,52,Chennai,Tamil Nadu,South
CUST-02786,12,29826.1,12372.539999999999,2022-01-29,2024-11-26,12,19,2485.51,41.48,36,1068,4,4,4,444,Champions,Tanvi Saxena,Female,35,Hyderabad,Telangana,South
CUST-02787,9,35811.0,14067.01,2023-05-07,2024-11-05,9,13,3979.0,39.28,57,605,3,3,4,334,Loyal Customers,Pranav Yadav,Male,32,Pune,Maharashtra,West
CUST-02788,15,31415.149999999998,10469.789999999999,2022-03-04,2024-12-02,14,25,2094.34,33.33,30,1034,4,4,4,444,Champions,Varun Mukherjee,Male,62,Hyderabad,Telangana,South
CUST-02789,6,11854.0,3800.0299999999997,2022-09-15,2024-06-09,6,7,1975.67,32.06,206,839,1,2,2,122,Lost Customers,Sai Gupta,Male,19,Bhubaneswar,Odisha,East
CUST-02790,12,100801.65000000001,22399.25,2022-08-27,2024-11-21,12,16,8400.14,22.22,41,858,4,4,5,445,Champions,Vihaan Shah,Male,42,Bengaluru,Karnataka,South
CUST-02791,12,15133.25,4847.2699999999995,2023-09-09,2024-10-20,11,17,1261.1,32.03,73,480,3,4,3,343,Loyal Customers,Priyanka Patel,Female,45,Mumbai,Maharashtra,West
CUST-02792,5,5920.2,3095.32,2023-06-24,2024-11-19,5,5,1184.04,52.28,43,557,4,2,1,421,Potential Loyalists,Nikhil Malhotra,Other,18,Chennai,Tamil Nadu,South
CUST-02793,8,24884.55,6687.23,2024-04-09,2024-10-09,8,10,3110.57,26.87,84,267,2,3,4,234,At Risk,Nikhil Sharma,Male,23,Kochi,Kerala,South
CUST-02794,7,13792.65,6628.96,2022-04-02,2024-11-10,7,12,1970.38,48.06,52,1005,3,2,3,323,Regular Customers,Vivaan Malhotra,Male,48,Lucknow,Uttar Pradesh,North
CUST-02795,2,890.2,158.13,2024-11-15,2024-11-19,2,2,445.1,17.76,43,47,4,1,1,411,New Customers,Aarav Nair,Male,38,Delhi,Delhi,North
CUST-02796,8,15628.65,6701.51,2023-09-24,2024-11-20,8,12,1953.58,42.88,42,465,4,3,3,433,Loyal Customers,Nikhil Shah,Male,40,Bengaluru,Karnataka,South
CUST-02797,4,4525.849999999999,1561.51,2023-06-04,2024-12-27,4,5,1131.46,34.5,5,577,5,1,1,511,New Customers,Meera Mukherjee,Female,29,Mumbai,Maharashtra,West
CUST-02798,25,83404.2,25652.89,2022-12-11,2024-12-27,24,40,3336.17,30.76,5,752,5,5,5,555,Champions,Rajesh Tripathi,Male,18,Pune,Maharashtra,West
CUST-02799,9,34645.45,8813.52,2023-01-14,2024-09-07,9,14,3849.49,25.44,116,718,2,3,4,234,At Risk,Deepa Patel,Female,47,Pune,Maharashtra,West
CUST-02800,17,32947.7,11767.1,2022-03-20,2024-12-07,17,26,1938.1,35.71,25,1018,5,5,4,554,Champions,Dhruv Mukherjee,Male,33,Bengaluru,Karnataka,South
CUST-02801,4,4091.1000000000004,902.5300000000001,2022-01-07,2024-10-19,4,7,1022.78,22.06,74,1090,3,1,1,311,Regular Customers,Rekha Reddy,Female,25,Delhi,Delhi,North
CUST-02802,18,39221.049999999996,10630.1,2023-04-12,2024-12-26,18,26,2178.95,27.1,6,630,5,5,5,555,Champions,Rekha Das,Female,25,Patna,Bihar,East
CUST-02803,7,5480.35,1643.62,2022-02-28,2024-11-17,7,8,782.91,29.99,45,1038,4,2,1,421,Potential Loyalists,Nandini Agarwal,Female,34,Chennai,Tamil Nadu,South
CUST-02804,6,8469.5,3459.5,2023-12-31,2024-01-22,6,7,1411.58,40.85,345,367,1,2,2,122,Lost Customers,Vihaan Yadav,Male,18,Kolkata,West Bengal,East
CUST-02805,5,4273.95,1877.9199999999998,2023-10-23,2024-04-10,5,6,854.79,43.94,266,436,1,2,1,121,Lost Customers,Deepak Choudhury,Male,27,Kolkata,West Bengal,East
CUST-02806,5,5732.3,2008.1799999999998,2023-09-03,2023-09-15,5,5,1146.46,35.03,474,486,1,2,1,121,Lost Customers,Ramesh Kaur,Male,49,Chandigarh,Punjab,North
CUST-02807,20,51697.55,17116.81,2022-01-25,2024-12-27,18,36,2584.88,33.11,5,1072,5,5,5,555,Champions,Swati Mehta,Female,41,Delhi,Delhi,North
CUST-02808,9,13279.6,5950.01,2022-01-13,2024-12-28,9,10,1475.51,44.81,4,1084,5,3,2,532,Potential Loyalists,Siddharth Reddy,Male,43,Chennai,Tamil Nadu,South
CUST-02809,11,8741.1,2598.99,2022-11-11,2024-08-20,11,13,794.65,29.73,134,782,2,4,2,242,Regular Customers,Gaurav Verma,Male,24,Delhi,Delhi,North
CUST-02810,4,9306.85,4433.55,2023-10-06,2024-01-21,4,6,2326.71,47.64,346,453,1,1,2,112,Lost Customers,Ayaan Mukherjee,Male,45,Visakhapatnam,Andhra Pradesh,South
CUST-02811,3,10773.35,2284.64,2023-04-16,2024-11-01,3,4,3591.12,21.21,61,626,3,1,2,312,Regular Customers,Ramesh Mishra,Male,19,Mumbai,Maharashtra,West
CUST-02812,18,31938.949999999997,9445.15,2023-09-05,2024-10-28,18,26,1774.39,29.57,65,484,3,5,4,354,Loyal Customers,Varun Agarwal,Male,54,Lucknow,Uttar Pradesh,North
CUST-02813,8,6270.5,2004.6599999999999,2022-05-06,2024-11-17,8,12,783.81,31.97,45,971,4,3,1,431,Potential Loyalists,Rekha Das,Female,28,Mumbai,Maharashtra,West
CUST-02814,15,127554.09999999999,22145.91,2022-02-10,2024-10-30,14,25,8503.61,17.36,63,1056,3,4,5,345,Loyal Customers,Khushi Mukherjee,Female,40,Hyderabad,Telangana,South
CUST-02815,14,12297.8,4401.47,2024-03-22,2024-11-27,14,23,878.41,35.79,35,285,4,4,2,442,Regular Customers,Rekha Iyengar,Female,25,Lucknow,Uttar Pradesh,North
CUST-02816,7,8675.1,4994.889999999999,2022-01-14,2024-08-31,7,8,1239.3,57.58,123,1083,2,2,2,222,Lost Customers,Deepak Iyengar,Male,44,Bengaluru,Karnataka,South
CUST-02817,9,24752.949999999997,9157.14,2022-09-11,2024-10-27,9,18,2750.33,36.99,66,843,3,3,4,334,Loyal Customers,Kunal Gupta,Male,26,Lucknow,Uttar Pradesh,North
CUST-02818,4,3225.0,1142.79,2023-09-10,2024-11-12,4,4,806.25,35.44,50,479,3,1,1,311,Regular Customers,Anjali Yadav,Female,40,Kolkata,West Bengal,East
CUST-02819,14,69365.85,3784.3300000000004,2023-09-24,2024-12-28,14,22,4954.7,5.46,4,465,5,4,5,545,Champions,Riya Malhotra,Female,18,Kolkata,West Bengal,East
CUST-02820,9,52446.549999999996,14420.650000000001,2022-05-06,2024-02-10,9,17,5827.39,27.5,326,971,1,3,5,135,At Risk,Isha Patel,Female,28,Visakhapatnam,Andhra Pradesh,South
CUST-02821,10,17919.15,4798.099999999999,2022-10-01,2024-12-02,10,18,1791.92,26.78,30,823,4,3,3,433,Loyal Customers,Swati Das,Female,55,Coimbatore,Tamil Nadu,South
CUST-02822,17,26076.1,9666.16,2022-02-13,2024-12-21,17,23,1533.89,37.07,11,1053,5,5,4,554,Champions,Deepak Sharma,Male,28,Nagpur,Maharashtra,West
CUST-02823,14,11872.15,3890.74,2023-03-06,2024-11-21,14,20,848.01,32.77,41,667,4,4,2,442,Regular Customers,Shaurya Tripathi,Male,50,Nagpur,Maharashtra,West
CUST-02824,12,15800.0,6176.84,2022-06-16,2024-12-12,11,20,1316.67,39.09,20,930,5,4,3,543,Loyal Customers,Ayaan Dutta,Male,41,Chandigarh,Punjab,North
CUST-02825,6,5177.95,1685.65,2023-01-02,2024-12-04,6,9,862.99,32.55,28,730,4,2,1,421,Potential Loyalists,Nandini Kaur,Female,42,Pune,Maharashtra,West
CUST-02826,10,13402.2,4841.98,2023-10-13,2024-10-27,10,19,1340.22,36.13,66,446,3,3,2,332,Regular Customers,Pallavi Chatterjee,Female,24,Bengaluru,Karnataka,South
CUST-02827,25,34148.6,11468.57,2022-04-16,2024-10-30,24,34,1365.94,33.58,63,991,3,5,4,354,Loyal Customers,Deepak Reddy,Male,18,Delhi,Delhi,North
CUST-02828,7,16016.2,1405.0900000000001,2024-05-19,2024-06-13,7,10,2288.03,8.77,202,227,1,2,3,123,Lost Customers,Sunita Agarwal,Female,51,Kolkata,West Bengal,East
CUST-02829,13,25223.45,8355.960000000001,2023-03-05,2024-12-10,13,16,1940.27,33.13,22,668,5,4,4,544,Champions,Meera Nair,Female,18,Chennai,Tamil Nadu,South
CUST-02830,9,18564.75,6235.09,2023-06-15,2024-12-09,9,12,2062.75,33.59,23,566,5,3,3,533,Loyal Customers,Kunal Chatterjee,Male,21,Pune,Maharashtra,West
CUST-02831,8,10940.6,5263.81,2022-11-02,2024-10-23,8,9,1367.58,48.11,70,791,3,3,2,332,Regular Customers,Isha Shah,Female,20,Kolkata,West Bengal,East
CUST-02832,13,15126.4,5978.66,2022-11-30,2024-04-20,13,17,1163.57,39.52,256,763,1,4,3,143,At Risk,Vihaan Gupta,Male,32,Delhi,Delhi,North
CUST-02833,13,24759.55,7328.03,2022-02-14,2024-10-05,13,26,1904.58,29.6,88,1052,2,4,4,244,At Risk,Pallavi Mehta,Female,51,Hyderabad,Telangana,South
CUST-02834,22,45457.75,15949.060000000001,2022-10-15,2024-12-15,22,32,2066.26,35.09,17,809,5,5,5,555,Champions,Ananya Yadav,Female,44,Ahmedabad,Gujarat,West
CUST-02835,2,20606.05,2912.8900000000003,2023-03-08,2024-01-03,2,3,10303.02,14.14,364,665,1,1,3,113,Lost Customers,Priyanka Dutta,Female,37,Kochi,Kerala,South
CUST-02836,16,32162.55,9384.93,2022-04-02,2024-12-21,16,19,2010.16,29.18,11,1005,5,5,4,554,Champions,Priyanka Chatterjee,Female,31,Delhi,Delhi,North
CUST-02837,10,47018.4,6667.52,2023-01-19,2024-12-28,10,14,4701.84,14.18,4,713,5,3,5,535,Loyal Customers,Kabir Reddy,Male,22,Patna,Bihar,East
CUST-02838,5,6331.3,2724.51,2022-08-29,2024-07-19,5,6,1266.26,43.03,166,856,2,2,1,221,Lost Customers,Varun Mishra,Male,22,Mumbai,Maharashtra,West
CUST-02839,7,30361.05,7042.200000000001,2022-04-15,2024-12-14,7,9,4337.29,23.19,18,992,5,2,4,524,Potential Loyalists,Ramesh Banerjee,Male,26,Bhopal,Madhya Pradesh,Central
CUST-02840,9,18872.8,9517.16,2023-08-07,2024-12-12,9,15,2096.98,50.43,20,513,5,3,3,533,Loyal Customers,Saanvi Chatterjee,Female,25,Mumbai,Maharashtra,West
CUST-02841,7,10652.8,3593.52,2023-06-03,2024-08-31,7,10,1521.83,33.73,123,578,2,3,2,232,Regular Customers,Siddharth Joshi,Male,22,Jaipur,Rajasthan,North
CUST-02842,4,18233.449999999997,5560.13,2024-05-17,2024-12-25,4,8,4558.36,30.49,7,229,5,1,3,513,New Customers,Riya Bhatia,Female,30,Lucknow,Uttar Pradesh,North
CUST-02843,10,10888.9,3142.56,2022-01-27,2024-05-01,10,13,1088.89,28.86,245,1070,1,3,2,132,Regular Customers,Tanvi Kaur,Female,37,Mumbai,Maharashtra,West
CUST-02844,6,10028.0,2368.7,2022-01-04,2024-06-09,6,7,1671.33,23.62,206,1093,1,2,2,122,Lost Customers,Khushi Iyengar,Female,37,Nagpur,Maharashtra,West
CUST-02845,6,11806.449999999999,4595.76,2024-03-29,2024-09-19,6,8,1967.74,38.93,104,278,2,2,2,222,Lost Customers,Rekha Das,Female,39,Chennai,Tamil Nadu,South
CUST-02846,7,7093.1,2157.31,2023-10-19,2024-11-04,7,10,1013.3,30.41,58,440,3,3,1,331,Regular Customers,Deepa Mehta,Female,34,Kolkata,West Bengal,East
CUST-02847,6,12112.900000000001,5951.82,2022-12-01,2024-06-06,6,10,2018.82,49.14,209,762,1,2,2,122,Lost Customers,Pari Verma,Female,33,Lucknow,Uttar Pradesh,North
CUST-02848,7,7133.2,3218.5499999999997,2022-04-18,2024-09-11,7,7,1019.03,45.12,112,989,2,3,1,231,Regular Customers,Shreya Mehta,Female,24,Pune,Maharashtra,West
CUST-02849,10,14789.0,6254.2,2022-04-12,2024-12-21,10,11,1478.9,42.29,11,995,5,3,3,533,Loyal Customers,Aanya Agarwal,Female,29,Hyderabad,Telangana,South
CUST-02850,26,46739.2,13556.25,2022-09-16,2024-12-25,26,34,1797.66,29.0,7,838,5,5,5,555,Champions,Tanvi Nair,Female,32,Coimbatore,Tamil Nadu,South
CUST-02851,19,61965.0,17853.88,2022-03-06,2024-11-19,18,24,3261.32,28.81,43,1032,4,5,5,455,Champions,Swati Agarwal,Female,42,Bengaluru,Karnataka,South
CUST-02852,9,46924.45,8352.66,2022-12-11,2024-11-02,9,14,5213.83,17.8,60,752,3,3,5,335,Loyal Customers,Anjali Nair,Female,59,Surat,Gujarat,West
CUST-02853,5,2927.95,723.84,2023-03-14,2024-05-04,5,7,585.59,24.72,242,659,1,2,1,121,Lost Customers,Rahul Rao,Male,30,Chandigarh,Punjab,North
CUST-02854,3,7123.05,2244.73,2022-08-17,2023-06-21,3,3,2374.35,31.51,560,868,1,1,1,111,Lost Customers,Amit Dutta,Male,42,Delhi,Delhi,North
CUST-02855,5,7486.95,1303.85,2024-01-31,2024-11-25,5,6,1497.39,17.41,37,336,4,2,2,422,Potential Loyalists,Pallavi Mehta,Female,51,Hyderabad,Telangana,South
CUST-02856,22,35311.450000000004,15094.78,2024-04-06,2024-12-14,21,35,1605.07,42.75,18,270,5,5,4,554,Champions,Arjun Reddy,Male,29,Mumbai,Maharashtra,West
CUST-02857,3,10080.75,3408.25,2023-02-13,2024-09-22,3,4,3360.25,33.81,101,688,2,1,2,212,Lost Customers,Vivaan Yadav,Male,21,Lucknow,Uttar Pradesh,North
CUST-02858,6,5705.2,2143.76,2022-09-20,2024-12-16,6,8,950.87,37.58,16,834,5,2,1,521,Potential Loyalists,Diya Banerjee,Female,46,Lucknow,Uttar Pradesh,North
CUST-02859,9,19160.4,6102.88,2022-07-06,2024-12-10,9,14,2128.93,31.85,22,910,5,3,3,533,Loyal Customers,Rahul Joshi,Male,32,Chennai,Tamil Nadu,South
CUST-02860,14,37122.5,12823.099999999999,2022-03-20,2024-09-06,12,21,2651.61,34.54,117,1018,2,4,4,244,At Risk,Kunal Dutta,Male,42,Bengaluru,Karnataka,South
CUST-02861,11,44139.15,7556.139999999999,2024-03-26,2024-08-12,11,15,4012.65,17.12,142,281,2,4,5,245,At Risk,Aarav Rao,Male,18,Bengaluru,Karnataka,South
CUST-02862,7,18167.85,1461.02,2022-07-20,2024-11-08,7,12,2595.41,8.04,54,896,3,3,3,333,Loyal Customers,Anita Yadav,Female,40,Hyderabad,Telangana,South
CUST-02863,18,52833.350000000006,14403.58,2022-03-01,2024-12-19,17,36,2935.19,27.26,13,1037,5,5,5,555,Champions,Kabir Kaur,Male,38,Delhi,Delhi,North
CUST-02864,9,18476.3,7853.9,2023-09-01,2024-11-06,9,10,2052.92,42.51,56,488,3,3,3,333,Loyal Customers,Vihaan Rao,Male,26,Kolkata,West Bengal,East
CUST-02865,17,23177.25,8338.58,2023-11-23,2024-12-12,16,24,1363.37,35.98,20,405,5,5,4,554,Champions,Aanya Malhotra,Female,45,Mumbai,Maharashtra,West
CUST-02866,12,33881.85,5828.3,2022-01-15,2024-11-07,12,14,2823.49,17.2,55,1082,3,4,4,344,Loyal Customers,Suresh Pillai,Male,38,Bengaluru,Karnataka,South
CUST-02868,14,15144.65,6262.88,2022-09-14,2024-11-28,14,17,1081.76,41.35,34,840,4,4,3,443,Loyal Customers,Pari Iyer,Female,20,Hyderabad,Telangana,South
CUST-02869,13,32056.55,11927.380000000001,2023-02-13,2024-11-10,13,21,2465.89,37.21,52,688,3,4,4,344,Loyal Customers,Diya Singh,Female,19,Pune,Maharashtra,West
CUST-02870,20,43599.65,10743.52,2022-07-07,2024-12-19,19,23,2179.98,24.64,13,909,5,5,5,555,Champions,Kunal Kaur,Male,22,Mumbai,Maharashtra,West
CUST-02871,7,9648.9,3355.79,2023-02-23,2024-09-11,7,9,1378.41,34.78,112,678,2,3,2,232,Regular Customers,Gaurav Pandey,Male,33,Mumbai,Maharashtra,West
CUST-02872,7,17200.949999999997,3333.71,2023-02-03,2024-10-21,7,14,2457.28,19.38,72,698,3,3,3,333,Loyal Customers,Divya Menon,Female,34,Chandigarh,Punjab,North
CUST-02873,8,45905.950000000004,2471.6200000000003,2023-01-21,2024-10-25,8,11,5738.24,5.38,68,711,3,3,5,335,Loyal Customers,Aarohi Gupta,Female,28,Delhi,Delhi,North
CUST-02874,5,11912.6,6572.07,2023-11-21,2024-07-06,5,6,2382.52,55.17,179,407,1,2,2,122,Lost Customers,Swati Agarwal,Female,46,Pune,Maharashtra,West
CUST-02875,2,1458.0,594.87,2024-03-20,2024-03-22,2,2,729.0,40.8,285,287,1,1,1,111,Lost Customers,Priyanka Banerjee,Female,39,Coimbatore,Tamil Nadu,South
CUST-02876,17,40581.65,14956.51,2022-02-02,2024-10-08,16,27,2387.16,36.86,85,1064,2,5,5,255,At Risk,Shreya Dutta,Female,33,Bhopal,Madhya Pradesh,Central
CUST-02877,10,25056.1,7691.9400000000005,2023-09-24,2024-10-21,10,16,2505.61,30.7,72,465,3,3,4,334,Loyal Customers,Diya Nair,Female,30,Kolkata,West Bengal,East
CUST-02878,9,8644.4,3157.9300000000003,2022-09-10,2024-10-29,9,13,960.49,36.53,64,844,3,3,2,332,Regular Customers,Shreya Pillai,Female,27,Kolkata,West Bengal,East
CUST-02879,12,17912.2,6988.889999999999,2022-05-07,2024-11-03,12,17,1492.68,39.02,59,970,3,4,3,343,Loyal Customers,Aarohi Reddy,Female,28,Chandigarh,Punjab,North
CUST-02880,7,33776.35,8684.5,2024-01-09,2024-06-24,7,8,4825.19,25.71,191,358,1,3,4,134,At Risk,Gaurav Mishra,Male,26,Hyderabad,Telangana,South
CUST-02881,3,7535.65,1085.9299999999998,2023-07-24,2024-12-15,3,3,2511.88,14.41,17,527,5,1,2,512,New Customers,Siddharth Das,Male,47,Hyderabad,Telangana,South
CUST-02882,5,94370.65,20295.510000000002,2023-12-24,2024-12-04,5,7,18874.13,21.51,28,374,4,2,5,425,Potential Loyalists,Deepa Chatterjee,Female,22,Mumbai,Maharashtra,West
CUST-02883,6,18456.6,6984.400000000001,2024-04-13,2024-11-13,6,10,3076.1,37.84,49,263,3,2,3,323,Regular Customers,Pooja Pandey,Female,48,Chandigarh,Punjab,North
CUST-02884,6,4336.25,1403.81,2022-06-19,2024-11-04,6,11,722.71,32.37,58,927,3,2,1,321,Regular Customers,Siddharth Mishra,Male,19,Bhubaneswar,Odisha,East
CUST-02885,9,10923.5,4778.88,2022-01-20,2024-10-16,9,16,1213.72,43.75,77,1077,2,3,2,232,Regular Customers,Gauri Kaur,Female,18,Surat,Gujarat,West
CUST-02886,8,15132.5,6668.42,2022-04-23,2024-11-22,8,10,1891.56,44.07,40,984,4,3,3,433,Loyal Customers,Neha Das,Female,29,Delhi,Delhi,North
CUST-02887,4,4012.3,1083.13,2022-11-03,2024-11-04,4,7,1003.08,27.0,58,790,3,1,1,311,Regular Customers,Rohan Mishra,Male,39,Indore,Madhya Pradesh,Central
CUST-02888,19,76296.95,14120.460000000001,2022-03-02,2024-12-15,17,26,4015.63,18.51,17,1036,5,5,5,555,Champions,Arjun Banerjee,Male,43,Lucknow,Uttar Pradesh,North
CUST-02889,21,33671.6,11209.949999999999,2022-07-06,2024-11-03,20,27,1603.41,33.29,59,910,3,5,4,354,Loyal Customers,Aditya Chatterjee,Male,39,Visakhapatnam,Andhra Pradesh,South
CUST-02890,9,11635.15,3583.16,2022-06-19,2024-07-21,9,12,1292.79,30.8,164,927,2,3,2,232,Regular Customers,Vivaan Gupta,Male,19,Chennai,Tamil Nadu,South
CUST-02891,7,19898.05,6738.63,2022-11-03,2024-07-29,7,11,2842.58,33.87,156,790,2,3,3,233,At Risk,Navya Chatterjee,Female,46,Indore,Madhya Pradesh,Central
CUST-02892,9,15574.5,5081.889999999999,2022-06-02,2024-12-24,9,11,1730.5,32.63,8,944,5,3,3,533,Loyal Customers,Rajesh Sharma,Male,34,Guwahati,Assam,East
CUST-02893,14,24681.2,12938.77,2022-09-01,2024-10-27,14,18,1762.94,52.42,66,853,3,4,4,344,Loyal Customers,Pooja Tripathi,Female,37,Patna,Bihar,East
CUST-02894,6,9787.6,4296.66,2024-04-07,2024-08-28,6,9,1631.27,43.9,126,269,2,2,2,222,Lost Customers,Rohan Bhatia,Male,42,Hyderabad,Telangana,South
CUST-02895,14,25611.45,8412.62,2022-12-28,2024-10-26,14,21,1829.39,32.85,67,735,3,4,4,344,Loyal Customers,Meera Iyengar,Female,38,Delhi,Delhi,North
CUST-02896,11,19687.3,8557.45,2022-04-05,2024-12-24,11,13,1789.75,43.47,8,1002,5,4,3,543,Loyal Customers,Pooja Mehta,Female,38,Lucknow,Uttar Pradesh,North
CUST-02897,3,3993.1,1761.4299999999998,2023-03-30,2024-10-03,3,5,1331.03,44.11,90,643,2,1,1,211,Lost Customers,Aanya Patel,Female,29,Delhi,Delhi,North
CUST-02898,20,48047.2,14829.56,2022-07-09,2024-11-10,20,27,2402.36,30.86,52,907,3,5,5,355,Loyal Customers,Ishaan Yadav,Male,46,Kolkata,West Bengal,East
CUST-02899,10,18259.85,5990.99,2022-11-28,2024-08-17,10,14,1825.98,32.81,137,765,2,3,3,233,At Risk,Neha Chatterjee,Female,39,Pune,Maharashtra,West
CUST-02900,4,2010.65,687.16,2024-07-13,2024-07-15,4,5,502.66,34.18,170,172,1,1,1,111,Lost Customers,Kavya Bhatia,Female,39,Delhi,Delhi,North
CUST-02901,4,7980.5,3868.8199999999997,2022-07-20,2024-05-10,4,6,1995.12,48.48,236,896,1,1,2,112,Lost Customers,Vikram Shah,Male,41,Chennai,Tamil Nadu,South
CUST-02902,6,6588.8,2268.9,2023-04-03,2024-10-06,6,6,1098.13,34.44,87,639,2,2,1,221,Lost Customers,Nandini Saxena,Female,21,Bengaluru,Karnataka,South
CUST-02903,19,25895.6,8387.39,2023-06-02,2024-10-25,19,21,1362.93,32.39,68,579,3,5,4,354,Loyal Customers,Krishna Kaur,Male,40,Hyderabad,Telangana,South
CUST-02904,11,97904.8,21225.51,2022-03-07,2024-11-29,11,14,8900.44,21.68,33,1031,4,4,5,445,Champions,Ananya Chatterjee,Female,18,Bhubaneswar,Odisha,East
CUST-02905,7,10941.9,3491.35,2022-02-21,2024-10-23,7,8,1563.13,31.91,70,1045,3,3,2,332,Regular Customers,Tanvi Shah,Female,29,Pune,Maharashtra,West
CUST-02906,11,57737.65,13161.0,2023-11-20,2024-04-08,11,17,5248.88,22.79,268,408,1,4,5,145,At Risk,Priyanka Kaur,Female,18,Guwahati,Assam,East
CUST-02907,9,28984.65,5771.9800000000005,2022-01-06,2024-12-21,9,10,3220.52,19.91,11,1091,5,3,4,534,Loyal Customers,Kabir Pandey,Male,24,Mumbai,Maharashtra,West
CUST-02908,5,1925.1000000000001,731.68,2023-02-27,2024-10-04,5,5,385.02,38.01,89,674,2,2,1,221,Lost Customers,Kunal Pillai,Male,48,Chennai,Tamil Nadu,South
CUST-02909,7,22402.0,10789.06,2022-12-03,2024-11-19,7,16,3200.29,48.16,43,760,4,3,3,433,Loyal Customers,Ramesh Patel,Male,38,Bengaluru,Karnataka,South
CUST-02910,6,6110.25,1958.08,2024-01-30,2024-11-08,6,7,1018.38,32.05,54,337,3,2,1,321,Regular Customers,Vikram Malhotra,Male,18,Chennai,Tamil Nadu,South
CUST-02911,6,9453.6,3055.29,2022-02-19,2024-08-18,6,7,1575.6,32.32,136,1047,2,2,2,222,Lost Customers,Shaurya Singh,Male,18,Kolkata,West Bengal,East
CUST-02912,4,4797.3,1467.02,2022-07-26,2024-01-12,4,6,1199.32,30.58,355,890,1,1,1,111,Lost Customers,Shaurya Choudhury,Male,34,Jaipur,Rajasthan,North
CUST-02913,6,12208.45,4905.37,2022-07-22,2024-10-15,6,12,2034.74,40.18,78,894,2,2,2,222,Lost Customers,Anita Patel,Female,32,Mumbai,Maharashtra,West
CUST-02914,21,48105.6,20010.47,2023-03-01,2024-12-27,21,32,2290.74,41.6,5,672,5,5,5,555,Champions,Pari Patel,Female,22,Bengaluru,Karnataka,South
CUST-02915,8,15315.199999999999,7642.28,2022-02-25,2024-08-04,8,9,1914.4,49.9,150,1041,2,3,3,233,At Risk,Anita Agarwal,Female,41,Pune,Maharashtra,West
CUST-02916,10,37832.200000000004,14684.53,2022-09-30,2024-08-05,10,15,3783.22,38.81,149,824,2,3,4,234,At Risk,Tanvi Tripathi,Female,33,Hyderabad,Telangana,South
CUST-02917,11,13565.949999999999,4667.65,2022-01-01,2024-08-01,11,13,1233.27,34.41,153,1096,2,4,2,242,Regular Customers,Anita Iyer,Female,24,Patna,Bihar,East
CUST-02918,14,50462.55,13155.220000000001,2022-08-04,2024-07-03,13,18,3604.47,26.07,182,881,1,4,5,145,At Risk,Deepak Banerjee,Male,43,Kochi,Kerala,South
CUST-02919,7,19963.2,4154.46,2022-12-22,2024-11-04,7,9,2851.89,20.81,58,741,3,3,3,333,Loyal Customers,Neha Malhotra,Female,39,Bengaluru,Karnataka,South
CUST-02920,3,2917.3,1292.63,2023-04-27,2024-07-27,3,4,972.43,44.31,158,615,2,1,1,211,Lost Customers,Nikhil Nair,Male,22,Bengaluru,Karnataka,South
CUST-02921,16,45558.7,10819.25,2023-12-30,2024-10-25,16,18,2847.42,23.75,68,368,3,5,5,355,Loyal Customers,Tanvi Kaur,Female,23,Mumbai,Maharashtra,West
CUST-02922,8,27765.95,11003.31,2023-04-10,2024-04-29,8,12,3470.74,39.63,247,632,1,3,4,134,At Risk,Pranav Yadav,Male,38,Hyderabad,Telangana,South
CUST-02923,15,32040.95,9496.05,2022-01-01,2024-12-06,15,22,2136.06,29.64,26,1096,4,4,4,444,Champions,Arjun Shah,Male,22,Bengaluru,Karnataka,South
CUST-02924,7,9506.9,4466.55,2022-02-10,2024-05-14,7,9,1358.13,46.98,232,1056,1,3,2,132,Regular Customers,Deepak Bhatia,Male,45,Ahmedabad,Gujarat,West
CUST-02925,1,369.0,157.65,2022-10-11,2022-10-11,1,1,369.0,42.72,813,813,1,1,1,111,Lost Customers,Suresh Dutta,Male,36,Bengaluru,Karnataka,South
CUST-02926,12,16622.35,4983.97,2023-02-04,2024-12-23,12,20,1385.2,29.98,9,697,5,4,3,543,Loyal Customers,Anand Singh,Male,29,Patna,Bihar,East
CUST-02927,13,7955.95,2204.16,2024-06-08,2024-11-19,13,17,612.0,27.7,43,207,4,4,2,442,Regular Customers,Isha Kaur,Female,47,Mumbai,Maharashtra,West
CUST-02928,26,43607.6,13662.66,2023-06-19,2024-12-18,25,30,1677.22,31.33,14,562,5,5,5,555,Champions,Riya Saxena,Female,20,Kolkata,West Bengal,East
CUST-02929,3,5321.1,1792.08,2023-11-12,2023-11-20,3,4,1773.7,33.68,408,416,1,1,1,111,Lost Customers,Anita Menon,Female,33,Hyderabad,Telangana,South
CUST-02930,7,8812.6,2429.1800000000003,2022-05-14,2024-11-08,7,9,1258.94,27.56,54,963,3,3,2,332,Regular Customers,Kabir Iyengar,Male,42,Lucknow,Uttar Pradesh,North
CUST-02931,6,7513.0,2122.83,2022-09-27,2023-12-03,6,9,1252.17,28.26,395,827,1,2,2,122,Lost Customers,Rekha Gupta,Female,29,Mumbai,Maharashtra,West
CUST-02932,11,15669.400000000001,5890.7,2022-02-20,2024-11-16,11,12,1424.49,37.59,46,1046,4,4,3,443,Loyal Customers,Shaurya Yadav,Male,39,Bengaluru,Karnataka,South
CUST-02933,27,87117.25,24309.94,2022-05-13,2024-12-03,27,39,3226.56,27.9,29,964,4,5,5,455,Champions,Aadhya Dutta,Female,33,Mumbai,Maharashtra,West
CUST-02934,6,13536.45,5474.26,2022-06-02,2024-11-26,6,8,2256.08,40.44,36,944,4,2,2,422,Potential Loyalists,Sai Banerjee,Male,18,Delhi,Delhi,North
CUST-02935,10,6779.65,2007.5800000000002,2023-10-08,2024-09-01,10,10,677.96,29.61,122,451,2,3,1,231,Regular Customers,Khushi Chatterjee,Female,28,Chennai,Tamil Nadu,South
CUST-02936,17,26485.55,8614.02,2023-11-15,2024-12-09,17,34,1557.97,32.52,23,413,5,5,4,554,Champions,Saanvi Pillai,Female,18,Delhi,Delhi,North
CUST-02937,4,3078.15,380.21000000000004,2023-10-19,2024-07-28,4,4,769.54,12.35,157,440,2,1,1,211,Lost Customers,Ananya Iyer,Female,37,Surat,Gujarat,West
CUST-02938,13,38271.3,11301.4,2023-12-29,2024-12-24,13,21,2943.95,29.53,8,369,5,4,4,544,Champions,Rajesh Tripathi,Male,51,Chennai,Tamil Nadu,South
CUST-02939,7,24949.55,9509.81,2024-06-19,2024-08-12,7,13,3564.22,38.12,142,196,2,3,4,234,At Risk,Dhruv Sharma,Male,18,Delhi,Delhi,North
CUST-02940,9,5963.9,1720.6999999999998,2022-05-27,2024-09-10,9,11,662.66,28.85,113,950,2,3,1,231,Regular Customers,Deepa Dutta,Female,41,Kolkata,West Bengal,East
CUST-02941,4,13166.7,4812.12,2022-12-18,2024-12-07,4,8,3291.68,36.55,25,745,5,1,2,512,New Customers,Deepak Chatterjee,Male,43,Delhi,Delhi,North
CUST-02942,15,20804.5,5897.25,2023-12-19,2024-12-04,15,19,1386.97,28.35,28,379,4,4,3,443,Loyal Customers,Anand Kaur,Male,49,Lucknow,Uttar Pradesh,North
CUST-02943,14,13863.599999999999,5459.01,2023-07-09,2024-04-05,12,18,990.26,39.38,271,542,1,4,3,143,At Risk,Aanya Mukherjee,Female,18,Ahmedabad,Gujarat,West
CUST-02944,25,91586.3,19905.64,2023-12-11,2024-10-18,24,38,3663.45,21.73,75,387,3,5,5,355,Loyal Customers,Swati Agarwal,Female,22,Jaipur,Rajasthan,North
CUST-02945,17,20978.9,6621.4400000000005,2023-02-04,2024-12-03,17,20,1234.05,31.56,29,697,4,5,3,453,Loyal Customers,Sai Gupta,Male,43,Mumbai,Maharashtra,West
CUST-02946,10,23121.6,6968.42,2022-05-26,2024-11-28,10,10,2312.16,30.14,34,951,4,3,4,434,Loyal Customers,Amit Rao,Other,31,Surat,Gujarat,West
CUST-02947,23,37800.7,8645.210000000001,2023-02-05,2024-12-07,21,33,1643.51,22.87,25,696,5,5,4,554,Champions,Dhruv Saxena,Male,30,Patna,Bihar,East
CUST-02948,18,31785.55,12103.91,2022-06-03,2024-11-24,18,24,1765.86,38.08,38,943,4,5,4,454,Champions,Shaurya Agarwal,Male,39,Chennai,Tamil Nadu,South
CUST-02949,5,15350.8,4773.389999999999,2022-01-03,2024-01-02,5,7,3070.16,31.1,365,1094,1,2,3,123,Lost Customers,Rekha Choudhury,Female,19,Hyderabad,Telangana,South
CUST-02950,8,13593.15,6151.75,2022-06-29,2024-11-17,8,14,1699.14,45.26,45,917,4,3,2,432,Potential Loyalists,Rahul Joshi,Male,37,Chennai,Tamil Nadu,South
CUST-02951,4,4268.7,1975.58,2024-03-12,2024-10-11,4,5,1067.18,46.28,82,295,2,1,1,211,Lost Customers,Anand Singh,Male,32,Nagpur,Maharashtra,West
CUST-02952,9,18076.25,5658.79,2023-12-02,2024-08-04,8,12,2008.47,31.31,150,396,2,3,3,233,At Risk,Varun Joshi,Male,27,Surat,Gujarat,West
CUST-02953,22,32059.7,11377.359999999999,2023-08-08,2024-11-17,21,24,1457.26,35.49,45,512,4,5,4,454,Champions,Aanya Agarwal,Female,48,Kochi,Kerala,South
CUST-02954,7,15027.35,4450.639999999999,2022-03-19,2024-07-11,7,16,2146.76,29.62,174,1019,1,3,3,133,At Risk,Gaurav Iyer,Male,47,Kolkata,West Bengal,East
CUST-02955,3,18652.6,6453.209999999999,2023-08-12,2024-12-31,3,6,6217.53,34.6,1,508,5,1,3,513,New Customers,Neha Menon,Female,46,Mumbai,Maharashtra,West
CUST-02956,17,20526.8,6995.0,2023-01-04,2024-12-21,16,21,1207.46,34.08,11,728,5,5,3,553,Loyal Customers,Aarohi Sharma,Female,36,Kolkata,West Bengal,East
CUST-02957,7,8977.75,2970.67,2022-12-31,2024-03-31,7,8,1282.54,33.09,276,732,1,3,2,132,Regular Customers,Sai Nair,Male,45,Bhubaneswar,Odisha,East
CUST-02958,3,11574.1,1265.94,2022-05-24,2024-06-20,3,3,3858.03,10.94,195,953,1,1,2,112,Lost Customers,Kabir Iyer,Male,18,Kochi,Kerala,South
CUST-02959,6,10318.85,4956.13,2022-05-30,2024-12-16,6,9,1719.81,48.03,16,947,5,2,2,522,Potential Loyalists,Amit Tripathi,Male,31,Hyderabad,Telangana,South
CUST-02960,3,3361.1499999999996,1130.4,2023-07-11,2024-08-17,3,4,1120.38,33.63,137,540,2,1,1,211,Lost Customers,Pallavi Iyer,Female,27,Chandigarh,Punjab,North
CUST-02961,13,32963.55,8572.79,2022-04-25,2024-10-23,13,14,2535.66,26.01,70,982,3,4,4,344,Loyal Customers,Rajesh Shah,Male,25,Pune,Maharashtra,West
CUST-02962,3,8473.0,4130.6900000000005,2023-01-31,2024-09-16,3,7,2824.33,48.75,107,701,2,1,2,212,Lost Customers,Atharv Joshi,Male,23,Delhi,Delhi,North
CUST-02963,5,7217.15,1333.78,2022-07-14,2024-04-20,5,6,1443.43,18.48,256,902,1,2,1,121,Lost Customers,Diya Chatterjee,Female,27,Chennai,Tamil Nadu,South
CUST-02964,4,8353.4,2201.48,2023-08-22,2024-10-25,4,5,2088.35,26.35,68,498,3,1,2,312,Regular Customers,Rohan Kaur,Male,38,Bhopal,Madhya Pradesh,Central
CUST-02965,7,18588.95,5179.52,2023-06-29,2024-07-28,7,11,2655.56,27.86,157,552,2,3,3,233,At Risk,Navya Dutta,Female,37,Hyderabad,Telangana,South
CUST-02966,5,5253.5,2222.79,2022-05-25,2024-12-05,5,7,1050.7,42.31,27,952,4,2,1,421,Potential Loyalists,Pranav Yadav,Male,26,Hyderabad,Telangana,South
CUST-02967,7,14719.85,4344.34,2022-09-10,2024-12-10,7,10,2102.84,29.51,22,844,5,3,3,533,Loyal Customers,Ishaan Verma,Male,19,Hyderabad,Telangana,South
CUST-02968,10,8838.15,3091.95,2022-03-25,2024-07-11,10,15,883.82,34.98,174,1013,1,3,2,132,Regular Customers,Anand Reddy,Male,24,Indore,Madhya Pradesh,Central
CUST-02969,6,11259.85,4175.25,2022-10-05,2024-11-01,6,8,1876.64,37.08,61,819,3,2,2,322,Regular Customers,Reyansh Iyer,Male,34,Indore,Madhya Pradesh,Central
CUST-02970,17,26627.850000000002,6889.04,2023-10-15,2024-11-05,16,27,1566.34,25.87,57,444,3,5,4,354,Loyal Customers,Sneha Chatterjee,Female,28,Kolkata,West Bengal,East
CUST-02971,14,39374.55,13459.09,2022-11-04,2024-10-03,14,23,2812.47,34.18,90,789,2,4,5,245,At Risk,Deepak Bhatia,Male,42,Bengaluru,Karnataka,South
CUST-02972,8,37250.799999999996,9968.98,2023-03-31,2024-09-26,8,12,4656.35,26.76,97,642,2,3,4,234,At Risk,Sunita Tripathi,Female,44,Mumbai,Maharashtra,West
CUST-02973,9,13188.55,6137.66,2023-03-10,2024-12-02,9,13,1465.39,46.54,30,663,4,3,2,432,Potential Loyalists,Varun Dutta,Other,37,Surat,Gujarat,West
CUST-02974,4,6880.0,1170.77,2022-10-17,2024-10-16,4,4,1720.0,17.02,77,807,2,1,1,211,Lost Customers,Aarohi Mishra,Female,41,Delhi,Delhi,North
CUST-02975,16,17632.4,6918.1900000000005,2022-01-10,2024-09-01,16,19,1102.03,39.24,122,1087,2,5,3,253,At Risk,Atharv Iyengar,Male,31,Chandigarh,Punjab,North
CUST-02976,7,13517.4,5608.54,2022-12-14,2024-12-07,7,8,1931.06,41.49,25,749,5,3,2,532,Potential Loyalists,Ayaan Verma,Male,25,Hyderabad,Telangana,South
CUST-02977,4,3416.35,1011.66,2022-08-10,2024-08-06,4,6,854.09,29.61,148,875,2,1,1,211,Lost Customers,Neha Dutta,Female,21,Lucknow,Uttar Pradesh,North
CUST-02978,2,1279.05,510.59,2024-02-24,2024-04-11,2,2,639.52,39.92,265,312,1,1,1,111,Lost Customers,Ishaan Joshi,Male,29,Jaipur,Rajasthan,North
CUST-02979,5,5815.3,1564.85,2024-06-29,2024-11-22,5,8,1163.06,26.91,40,186,4,2,1,421,Potential Loyalists,Kabir Patel,Male,32,Mumbai,Maharashtra,West
CUST-02980,2,1893.85,500.73,2022-06-22,2022-10-30,2,3,946.92,26.44,794,924,1,1,1,111,Lost Customers,Amit Saxena,Male,29,Kolkata,West Bengal,East
CUST-02981,20,69180.35,11155.1,2022-06-25,2024-10-15,18,28,3459.02,16.12,78,921,2,5,5,255,At Risk,Vihaan Yadav,Male,29,Jaipur,Rajasthan,North
CUST-02982,6,33655.45,1913.8899999999999,2023-06-05,2024-11-24,6,7,5609.24,5.69,38,576,4,2,4,424,Potential Loyalists,Isha Kaur,Female,22,Kolkata,West Bengal,East
CUST-02983,15,25054.85,9928.94,2022-01-16,2024-11-10,15,27,1670.32,39.63,52,1081,3,4,4,344,Loyal Customers,Shreya Mishra,Female,25,Delhi,Delhi,North
CUST-02984,4,60945.6,8194.31,2023-11-24,2024-07-16,4,6,15236.4,13.45,169,404,1,1,5,115,Lost Customers,Amit Mukherjee,Male,23,Delhi,Delhi,North
CUST-02985,8,30611.0,8434.05,2022-01-25,2024-11-07,8,13,3826.38,27.55,55,1072,3,3,4,334,Loyal Customers,Rekha Banerjee,Female,40,Delhi,Delhi,North
CUST-02986,9,13841.75,4852.28,2022-02-02,2024-10-15,7,13,1537.97,35.06,78,1064,2,3,3,233,At Risk,Ananya Nair,Female,34,Kochi,Kerala,South
CUST-02987,7,27723.65,14690.779999999999,2022-04-29,2024-10-07,7,17,3960.52,52.99,86,978,2,3,4,234,At Risk,Gauri Agarwal,Female,23,Mumbai,Maharashtra,West
CUST-02988,16,19215.05,4750.76,2022-01-01,2024-06-04,16,23,1200.94,24.72,211,1096,1,5,3,153,At Risk,Ramesh Mehta,Male,23,Chandigarh,Punjab,North
CUST-02989,5,8051.45,1584.1100000000001,2023-12-31,2024-11-30,5,10,1610.29,19.67,32,367,4,2,2,422,Potential Loyalists,Dhruv Pillai,Male,40,Bhopal,Madhya Pradesh,Central
CUST-02990,5,4808.9,1657.3899999999999,2022-04-07,2024-05-06,5,9,961.78,34.47,240,1000,1,2,1,121,Lost Customers,Manish Patel,Male,22,Lucknow,Uttar Pradesh,North
CUST-02991,9,19733.75,5971.12,2023-11-28,2024-10-15,9,12,2192.64,30.26,78,400,2,3,3,233,At Risk,Rahul Verma,Male,29,Pune,Maharashtra,West
CUST-02992,4,3997.4500000000003,1501.95,2022-08-19,2024-11-28,4,7,999.36,37.57,34,866,4,1,1,411,New Customers,Aanya Joshi,Female,20,Mumbai,Maharashtra,West
CUST-02993,1,381.65,187.0,2023-10-07,2023-10-07,1,1,381.65,49.0,452,452,1,1,1,111,Lost Customers,Krishna Rao,Male,34,Mumbai,Maharashtra,West
CUST-02994,5,7558.400000000001,2140.25,2022-06-24,2024-05-18,5,7,1511.68,28.32,228,922,1,2,2,122,Lost Customers,Pranav Verma,Male,18,Kochi,Kerala,South
CUST-02995,6,17716.45,5647.04,2022-11-03,2024-09-01,6,7,2952.74,31.87,122,790,2,2,3,223,Lost Customers,Aanya Kaur,Female,18,Bengaluru,Karnataka,South
CUST-02996,5,12156.3,2875.07,2024-05-29,2024-08-15,5,6,2431.26,23.65,139,217,2,2,2,222,Lost Customers,Rahul Shah,Male,28,Kochi,Kerala,South
CUST-02997,6,90885.7,2620.1800000000003,2023-10-09,2024-11-09,6,10,15147.62,2.88,53,450,3,2,5,325,Regular Customers,Diya Shah,Female,18,Patna,Bihar,East
CUST-02998,9,18389.6,7834.53,2022-06-11,2024-11-21,9,15,2043.29,42.6,41,935,4,3,3,433,Loyal Customers,Ishaan Malhotra,Male,20,Pune,Maharashtra,West
CUST-02999,5,7072.0,2712.8,2022-05-12,2024-09-14,4,8,1414.4,38.36,109,965,2,2,1,221,Lost Customers,Rajesh Chatterjee,Male,35,Bhopal,Madhya Pradesh,Central
CUST-03000,17,36715.5,11854.96,2023-01-13,2024-11-22,17,21,2159.74,32.29,40,719,4,5,4,454,Champions,Tanvi Mishra,Female,51,Delhi,Delhi,North
CUST-03001,3,2088.3,724.48,2024-06-01,2024-06-20,3,6,696.1,34.69,195,214,1,1,1,111,Lost Customers,Priyanka Iyengar,Female,26,Delhi,Delhi,North
CUST-03002,14,53132.2,20406.79,2022-03-24,2024-10-07,13,26,3795.16,38.41,86,1014,2,4,5,245,At Risk,Manish Shah,Male,45,Chennai,Tamil Nadu,South
CUST-03003,8,34341.45,6841.27,2022-01-11,2024-11-03,8,13,4292.68,19.92,59,1086,3,3,4,334,Loyal Customers,Aditya Tripathi,Male,18,Patna,Bihar,East
CUST-03004,7,7026.25,2509.0,2022-06-10,2024-11-12,7,7,1003.75,35.71,50,936,3,3,1,331,Regular Customers,Anand Mukherjee,Male,35,Delhi,Delhi,North
CUST-03005,11,31361.55,10226.55,2022-01-27,2024-10-09,11,16,2851.05,32.61,84,1070,2,4,4,244,At Risk,Varun Tripathi,Male,18,Bengaluru,Karnataka,South
CUST-03006,5,52608.549999999996,7389.360000000001,2023-06-18,2024-11-15,5,10,10521.71,14.05,47,563,3,2,5,325,Regular Customers,Rohan Agarwal,Male,32,Lucknow,Uttar Pradesh,North
CUST-03007,5,3810.4,800.94,2022-12-07,2024-10-25,5,8,762.08,21.02,68,756,3,2,1,321,Regular Customers,Anjali Mukherjee,Female,52,Chandigarh,Punjab,North
CUST-03008,8,9753.25,3749.8399999999997,2022-07-19,2024-12-10,8,10,1219.16,38.45,22,897,5,3,2,532,Potential Loyalists,Rahul Choudhury,Male,29,Nagpur,Maharashtra,West
CUST-03009,5,8172.15,2831.3,2022-10-12,2024-04-20,5,8,1634.43,34.65,256,812,1,2,2,122,Lost Customers,Ananya Verma,Female,26,Delhi,Delhi,North
CUST-03010,26,37700.3,8101.110000000001,2022-06-03,2024-11-13,25,32,1450.01,21.49,49,943,3,5,4,354,Loyal Customers,Vikram Das,Male,27,Chandigarh,Punjab,North
CUST-03011,17,22672.05,10183.52,2024-03-03,2024-12-15,17,24,1333.65,44.92,17,304,5,5,3,553,Loyal Customers,Nikhil Yadav,Male,40,Ahmedabad,Gujarat,West
CUST-03012,11,17811.05,7433.73,2023-07-23,2024-12-31,10,18,1619.19,41.74,1,528,5,4,3,543,Loyal Customers,Nandini Rao,Female,41,Mumbai,Maharashtra,West
CUST-03013,2,1489.0,635.9,2023-07-07,2024-05-14,2,2,744.5,42.71,232,544,1,1,1,111,Lost Customers,Vihaan Agarwal,Male,20,Lucknow,Uttar Pradesh,North
CUST-03014,17,16924.25,5046.02,2023-11-01,2024-12-09,17,25,995.54,29.82,23,427,5,5,3,553,Loyal Customers,Prisha Iyengar,Female,42,Bengaluru,Karnataka,South
CUST-03015,13,57248.95,13713.09,2022-07-21,2024-12-27,13,21,4403.77,23.95,5,895,5,4,5,545,Champions,Sai Mukherjee,Male,30,Mumbai,Maharashtra,West
CUST-03016,16,24885.7,7849.3,2022-01-13,2024-11-15,16,19,1555.36,31.54,47,1084,3,5,4,354,Loyal Customers,Arjun Joshi,Male,39,Indore,Madhya Pradesh,Central
CUST-03017,9,16621.300000000003,6657.96,2022-04-22,2024-11-20,9,11,1846.81,40.06,42,985,4,3,3,433,Loyal Customers,Vivaan Mishra,Male,23,Guwahati,Assam,East
CUST-03018,29,45297.6,16535.09,2024-01-01,2024-11-09,29,42,1561.99,36.5,53,366,3,5,5,355,Loyal Customers,Dhruv Iyer,Male,24,Pune,Maharashtra,West
CUST-03019,11,10485.05,4627.4400000000005,2023-06-17,2024-10-14,11,13,953.19,44.13,79,564,2,4,2,242,Regular Customers,Aadhya Saxena,Female,39,Indore,Madhya Pradesh,Central
CUST-03020,6,13125.7,4572.26,2023-03-24,2023-11-18,6,10,2187.62,34.83,410,649,1,2,2,122,Lost Customers,Dhruv Chatterjee,Other,19,Delhi,Delhi,North
CUST-03021,3,22067.1,9000.67,2022-05-05,2024-04-14,3,7,7355.7,40.79,262,972,1,1,3,113,Lost Customers,Kavya Mehta,Female,21,Chennai,Tamil Nadu,South
CUST-03022,12,21849.5,8343.5,2024-04-29,2024-08-25,12,20,1820.79,38.19,129,247,2,4,3,243,At Risk,Priyanka Mehta,Female,27,Chennai,Tamil Nadu,South
CUST-03023,4,4978.75,1558.46,2023-11-26,2024-10-17,4,5,1244.69,31.3,76,402,2,1,1,211,Lost Customers,Nandini Agarwal,Female,18,Hyderabad,Telangana,South
CUST-03024,8,16826.25,6335.179999999999,2023-12-18,2024-09-19,8,14,2103.28,37.65,104,380,2,3,3,233,At Risk,Shreya Dutta,Female,47,Surat,Gujarat,West
CUST-03025,10,51720.350000000006,10529.73,2022-09-06,2024-11-08,10,12,5172.04,20.36,54,848,3,3,5,335,Loyal Customers,Rekha Patel,Female,30,Delhi,Delhi,North
CUST-03026,9,8763.25,2447.44,2022-05-19,2024-11-16,9,14,973.69,27.93,46,958,4,3,2,432,Potential Loyalists,Vikram Malhotra,Male,34,Mumbai,Maharashtra,West
CUST-03027,4,3940.1,1477.69,2022-08-30,2024-09-09,4,4,985.02,37.5,114,855,2,1,1,211,Lost Customers,Vikram Patel,Male,29,Bengaluru,Karnataka,South
CUST-03029,13,11811.5,3661.32,2022-05-14,2024-11-01,12,15,908.58,31.0,61,963,3,4,2,342,Regular Customers,Kavya Yadav,Female,21,Surat,Gujarat,West
CUST-03030,4,4994.35,2311.09,2022-03-31,2024-07-13,4,5,1248.59,46.27,172,1007,1,1,1,111,Lost Customers,Isha Pandey,Female,52,Delhi,Delhi,North
CUST-03031,17,53961.3,15685.390000000001,2022-12-19,2024-12-28,17,29,3174.19,29.07,4,744,5,5,5,555,Champions,Aarav Singh,Male,40,Bhopal,Madhya Pradesh,Central
CUST-03032,22,37464.05,13049.93,2022-01-07,2024-10-01,22,30,1702.91,34.83,92,1090,2,5,4,254,At Risk,Navya Reddy,Female,53,Ahmedabad,Gujarat,West
CUST-03033,17,45760.9,13370.76,2022-06-28,2024-12-13,17,22,2691.82,29.22,19,918,5,5,5,555,Champions,Pranav Chatterjee,Other,21,Kochi,Kerala,South
CUST-03034,9,21688.25,9684.85,2024-06-09,2024-09-27,9,13,2409.81,44.65,96,206,2,3,3,233,At Risk,Kabir Tripathi,Male,33,Indore,Madhya Pradesh,Central
CUST-03035,10,10861.95,3019.56,2023-03-07,2024-12-22,9,12,1086.2,27.8,10,666,5,3,2,532,Potential Loyalists,Aanya Singh,Female,41,Chennai,Tamil Nadu,South
CUST-03036,3,16154.95,4800.2699999999995,2022-08-22,2024-10-12,3,7,5384.98,29.71,81,863,2,1,3,213,Lost Customers,Ayaan Dutta,Male,50,Hyderabad,Telangana,South
CUST-03037,3,1451.1,741.29,2024-04-27,2024-05-06,3,3,483.7,51.08,240,249,1,1,1,111,Lost Customers,Saanvi Chatterjee,Female,41,Delhi,Delhi,North
CUST-03038,20,26457.0,8982.77,2023-03-03,2024-11-22,20,29,1322.85,33.95,40,670,4,5,4,454,Champions,Anand Das,Male,45,Bhopal,Madhya Pradesh,Central
CUST-03039,22,56113.5,16845.82,2024-05-25,2024-11-13,21,33,2550.61,30.02,49,221,3,5,5,355,Loyal Customers,Krishna Yadav,Male,49,Jaipur,Rajasthan,North
CUST-03040,8,11876.2,5540.93,2022-04-07,2024-11-21,8,15,1484.52,46.66,41,1000,4,3,2,432,Potential Loyalists,Siddharth Menon,Male,35,Coimbatore,Tamil Nadu,South
CUST-03041,9,16562.8,4280.469999999999,2023-03-23,2024-05-21,9,14,1840.31,25.84,225,650,1,3,3,133,At Risk,Reyansh Banerjee,Male,42,Bhopal,Madhya Pradesh,Central
CUST-03042,5,2819.1,1385.8,2023-06-20,2024-11-06,5,7,563.82,49.16,56,561,3,2,1,321,Regular Customers,Isha Dutta,Female,22,Guwahati,Assam,East
CUST-03043,10,10019.05,3985.68,2022-02-11,2024-11-29,10,13,1001.9,39.78,33,1055,4,3,2,432,Potential Loyalists,Pranav Iyer,Male,25,Chennai,Tamil Nadu,South
CUST-03044,5,22050.75,4755.16,2022-05-18,2024-08-23,5,7,4410.15,21.56,131,959,2,2,3,223,Lost Customers,Riya Saxena,Female,36,Hyderabad,Telangana,South
CUST-03045,10,11891.75,4039.37,2022-11-21,2024-12-01,10,13,1189.18,33.97,31,772,4,3,2,432,Potential Loyalists,Sneha Dutta,Female,57,Visakhapatnam,Andhra Pradesh,South
CUST-03046,16,22209.6,8728.029999999999,2022-01-07,2024-07-30,16,20,1388.1,39.3,155,1090,2,5,3,253,At Risk,Aarav Joshi,Male,33,Pune,Maharashtra,West
CUST-03047,3,7877.0,1982.9499999999998,2024-05-31,2024-06-12,3,3,2625.67,25.17,203,215,1,1,2,112,Lost Customers,Deepa Nair,Female,23,Pune,Maharashtra,West
CUST-03048,5,6805.55,2847.3500000000004,2023-06-04,2024-09-29,5,5,1361.11,41.84,94,577,2,2,1,221,Lost Customers,Arjun Gupta,Male,32,Delhi,Delhi,North
CUST-03049,6,7416.7,3193.34,2023-04-16,2024-11-08,6,7,1236.12,43.06,54,626,3,2,1,321,Regular Customers,Pallavi Singh,Female,41,Bhopal,Madhya Pradesh,Central
CUST-03050,9,10082.75,3732.9999999999995,2022-01-18,2024-12-24,8,9,1120.31,37.02,8,1079,5,3,2,532,Potential Loyalists,Pooja Bhatia,Female,33,Mumbai,Maharashtra,West
CUST-03051,12,10794.65,4266.91,2022-06-05,2024-11-22,12,18,899.55,39.53,40,941,4,4,2,442,Regular Customers,Dhruv Nair,Male,26,Kolkata,West Bengal,East
CUST-03052,7,69922.75,17904.81,2022-08-16,2024-12-16,7,9,9988.96,25.61,16,869,5,3,5,535,Loyal Customers,Aarav Choudhury,Male,23,Delhi,Delhi,North
CUST-03053,3,3534.65,1582.85,2022-07-14,2023-10-11,3,3,1178.22,44.78,448,902,1,1,1,111,Lost Customers,Sunita Gupta,Female,48,Pune,Maharashtra,West
CUST-03054,10,29694.75,7714.41,2022-08-15,2024-11-13,10,14,2969.48,25.98,49,870,3,3,4,334,Loyal Customers,Manish Mukherjee,Male,23,Pune,Maharashtra,West
CUST-03055,6,71172.65,10604.689999999999,2022-01-20,2023-04-20,6,9,11862.11,14.9,622,1077,1,2,5,125,Lost Customers,Aarav Mishra,Male,40,Bhopal,Madhya Pradesh,Central
CUST-03056,6,10098.4,3207.73,2022-11-12,2024-07-13,6,6,1683.07,31.76,172,781,1,2,2,122,Lost Customers,Siddharth Reddy,Male,36,Bengaluru,Karnataka,South
CUST-03057,20,31713.45,9540.57,2024-02-29,2024-12-13,20,34,1585.67,30.08,19,307,5,5,4,554,Champions,Sneha Choudhury,Female,43,Mumbai,Maharashtra,West
CUST-03058,4,13994.4,4245.98,2022-10-28,2024-12-01,4,8,3498.6,30.34,31,796,4,1,3,413,New Customers,Deepa Saxena,Female,43,Jaipur,Rajasthan,North
CUST-03059,9,10156.3,3186.37,2022-04-15,2024-12-22,9,11,1128.48,31.37,10,992,5,3,2,532,Potential Loyalists,Ananya Patel,Female,21,Pune,Maharashtra,West
CUST-03060,3,10415.650000000001,4038.95,2024-01-31,2024-04-06,3,4,3471.88,38.78,270,336,1,1,2,112,Lost Customers,Kavya Singh,Female,28,Hyderabad,Telangana,South
CUST-03061,5,3871.45,1602.99,2022-03-01,2024-11-12,5,5,774.29,41.41,50,1037,3,2,1,321,Regular Customers,Deepa Verma,Female,22,Surat,Gujarat,West
CUST-03062,7,11616.4,5353.46,2023-05-18,2024-11-17,7,10,1659.49,46.09,45,594,4,3,2,432,Potential Loyalists,Vihaan Iyengar,Male,57,Delhi,Delhi,North
CUST-03063,7,16669.1,7704.72,2023-01-17,2024-10-01,7,18,2381.3,46.22,92,715,2,3,3,233,At Risk,Varun Patel,Male,18,Patna,Bihar,East
CUST-03064,13,54146.15,13360.82,2023-01-03,2024-12-29,13,21,4165.09,24.68,3,729,5,4,5,545,Champions,Pari Bhatia,Female,27,Ahmedabad,Gujarat,West
CUST-03065,14,24641.2,9186.61,2023-03-07,2024-12-22,14,23,1760.09,37.28,10,666,5,4,4,544,Champions,Isha Agarwal,Female,31,Guwahati,Assam,East
CUST-03066,7,7080.049999999999,2731.0299999999997,2022-07-28,2024-08-06,7,11,1011.44,38.57,148,888,2,3,1,231,Regular Customers,Shreya Pandey,Female,23,Coimbatore,Tamil Nadu,South
CUST-03067,21,41948.1,12009.2,2022-01-31,2024-11-25,20,27,1997.53,28.63,37,1066,4,5,5,455,Champions,Aarohi Patel,Female,30,Mumbai,Maharashtra,West
CUST-03068,13,33443.85,10954.59,2022-03-25,2024-11-20,13,20,2572.6,32.76,42,1013,4,4,4,444,Champions,Ishaan Rao,Male,29,Mumbai,Maharashtra,West
CUST-03069,23,40125.5,10042.94,2022-03-01,2024-12-25,23,29,1744.59,25.03,7,1037,5,5,5,555,Champions,Vihaan Rao,Male,41,Chandigarh,Punjab,North
CUST-03070,6,6337.8,2584.19,2023-02-24,2024-10-05,6,8,1056.3,40.77,88,677,2,2,1,221,Lost Customers,Neha Bhatia,Female,37,Mumbai,Maharashtra,West
CUST-03071,17,30729.3,11829.449999999999,2022-03-11,2024-12-26,17,26,1807.61,38.5,6,1027,5,5,4,554,Champions,Shaurya Mukherjee,Male,19,Bengaluru,Karnataka,South
CUST-03072,17,45444.4,13628.36,2022-09-22,2024-09-27,17,20,2673.2,29.99,96,832,2,5,5,255,At Risk,Arjun Tripathi,Male,43,Bengaluru,Karnataka,South
CUST-03073,8,46835.8,11913.380000000001,2022-07-15,2024-11-28,8,12,5854.48,25.44,34,901,4,3,5,435,Loyal Customers,Khushi Rao,Female,39,Jaipur,Rajasthan,North
CUST-03074,18,36072.05,11182.51,2023-02-08,2024-12-30,18,27,2004.0,31.0,2,693,5,5,4,554,Champions,Rahul Kaur,Male,18,Bengaluru,Karnataka,South
CUST-03075,16,27353.85,11533.68,2022-01-20,2024-12-17,16,24,1709.62,42.16,15,1077,5,5,4,554,Champions,Kunal Agarwal,Male,47,Indore,Madhya Pradesh,Central
CUST-03076,11,27323.95,8823.26,2022-11-03,2024-10-15,11,23,2484.0,32.29,78,790,2,4,4,244,At Risk,Rekha Agarwal,Female,24,Bengaluru,Karnataka,South
CUST-03077,5,5107.35,2734.2400000000002,2022-06-27,2024-11-28,5,5,1021.47,53.54,34,919,4,2,1,421,Potential Loyalists,Ananya Reddy,Female,26,Pune,Maharashtra,West
CUST-03078,16,22005.1,7564.4400000000005,2023-09-11,2024-11-09,16,18,1375.32,34.38,53,478,3,5,3,353,Loyal Customers,Anand Mishra,Male,62,Pune,Maharashtra,West
CUST-03079,18,48257.149999999994,11170.56,2023-05-29,2024-12-28,18,25,2680.95,23.15,4,583,5,5,5,555,Champions,Aarohi Banerjee,Female,36,Delhi,Delhi,North
CUST-03080,7,7430.4,2411.0,2023-07-01,2024-10-30,7,11,1061.49,32.45,63,550,3,3,1,331,Regular Customers,Krishna Bhatia,Male,27,Visakhapatnam,Andhra Pradesh,South
CUST-03081,2,14311.2,5512.76,2023-03-24,2024-05-18,2,5,7155.6,38.52,228,649,1,1,3,113,Lost Customers,Ananya Saxena,Female,32,Delhi,Delhi,North
CUST-03082,16,31891.9,9118.82,2023-09-16,2024-11-15,15,23,1993.24,28.59,47,473,3,5,4,354,Loyal Customers,Rahul Pillai,Male,25,Kochi,Kerala,South
CUST-03083,6,6471.7,3235.95,2022-11-18,2024-06-07,6,8,1078.62,50.0,208,775,1,2,1,121,Lost Customers,Prisha Mukherjee,Female,18,Ahmedabad,Gujarat,West
CUST-03084,3,4362.65,951.22,2023-06-29,2024-09-18,3,4,1454.22,21.8,105,552,2,1,1,211,Lost Customers,Manish Agarwal,Male,47,Coimbatore,Tamil Nadu,South
CUST-03085,4,20939.699999999997,3570.37,2024-01-22,2024-11-30,4,8,5234.92,17.05,32,345,4,1,3,413,New Customers,Anjali Iyer,Female,18,Bengaluru,Karnataka,South
CUST-03086,5,5214.55,1447.1599999999999,2022-09-18,2023-11-25,5,11,1042.91,27.75,403,836,1,2,1,121,Lost Customers,Vikram Chatterjee,Male,39,Kochi,Kerala,South
CUST-03087,8,15478.949999999999,7370.59,2023-06-11,2024-09-14,8,12,1934.87,47.62,109,570,2,3,3,233,At Risk,Suresh Das,Male,29,Kochi,Kerala,South
CUST-03088,11,19665.9,5367.1900000000005,2022-05-05,2024-05-01,11,16,1787.81,27.29,245,972,1,4,3,143,At Risk,Nikhil Das,Male,18,Patna,Bihar,East
CUST-03089,3,2186.85,1018.8100000000001,2022-05-01,2024-02-01,3,3,728.95,46.59,335,976,1,1,1,111,Lost Customers,Isha Rao,Female,31,Delhi,Delhi,North
CUST-03090,15,30314.25,13031.61,2023-01-28,2024-10-13,15,29,2020.95,42.99,80,704,2,4,4,244,At Risk,Gaurav Sharma,Male,39,Hyderabad,Telangana,South
CUST-03091,6,12767.3,4537.87,2022-11-23,2024-12-02,6,14,2127.88,35.54,30,770,4,2,2,422,Potential Loyalists,Arjun Agarwal,Male,27,Patna,Bihar,East
CUST-03092,5,6182.35,2554.58,2022-02-03,2024-11-07,5,6,1236.47,41.32,55,1063,3,2,1,321,Regular Customers,Atharv Rao,Male,59,Jaipur,Rajasthan,North
CUST-03093,11,23590.25,5803.2,2024-02-16,2024-12-14,11,15,2144.57,24.6,18,320,5,4,4,544,Champions,Ananya Pandey,Female,37,Chandigarh,Punjab,North
CUST-03094,4,1488.3,431.53,2022-06-26,2024-07-15,4,4,372.08,28.99,170,920,1,1,1,111,Lost Customers,Pallavi Pillai,Female,36,Hyderabad,Telangana,South
CUST-03095,10,35248.75,14696.59,2022-06-21,2024-04-27,10,18,3524.88,41.69,249,925,1,3,4,134,At Risk,Ayaan Verma,Male,28,Bengaluru,Karnataka,South
CUST-03096,4,10357.0,1560.48,2022-09-01,2024-11-06,4,4,2589.25,15.07,56,853,3,1,2,312,Regular Customers,Deepak Das,Male,30,Mumbai,Maharashtra,West
CUST-03097,7,5961.5,2364.17,2023-06-01,2024-09-18,7,10,851.64,39.66,105,580,2,3,1,231,Regular Customers,Saanvi Das,Female,36,Jaipur,Rajasthan,North
CUST-03098,6,19211.6,5323.97,2024-04-07,2024-08-03,6,8,3201.93,27.71,151,269,2,2,3,223,Lost Customers,Deepak Malhotra,Male,41,Visakhapatnam,Andhra Pradesh,South
CUST-03099,7,10563.6,4609.91,2022-02-28,2024-10-10,7,8,1509.09,43.64,83,1038,2,3,2,232,Regular Customers,Deepa Mukherjee,Female,36,Hyderabad,Telangana,South
CUST-03100,13,64906.850000000006,19038.1,2022-03-13,2024-10-23,13,21,4992.83,29.33,70,1025,3,4,5,345,Loyal Customers,Navya Bhatia,Female,41,Bengaluru,Karnataka,South
CUST-03101,7,15037.35,5547.28,2024-02-03,2024-12-30,7,10,2148.19,36.89,2,333,5,3,3,533,Loyal Customers,Saanvi Banerjee,Female,28,Pune,Maharashtra,West
CUST-03102,16,21989.75,7143.33,2022-10-31,2024-11-07,16,20,1374.36,32.48,55,793,3,5,3,353,Loyal Customers,Diya Iyer,Female,27,Ahmedabad,Gujarat,West
CUST-03103,6,6488.0,2236.46,2023-09-05,2024-11-13,6,7,1081.33,34.47,49,484,3,2,1,321,Regular Customers,Deepak Joshi,Male,43,Chennai,Tamil Nadu,South
CUST-03104,8,20729.4,6637.860000000001,2022-02-04,2024-12-09,8,13,2591.18,32.02,23,1062,5,3,3,533,Loyal Customers,Meera Menon,Female,32,Kolkata,West Bengal,East
CUST-03105,9,17167.55,5344.1,2022-01-14,2024-12-29,9,14,1907.51,31.13,3,1083,5,3,3,533,Loyal Customers,Arjun Verma,Male,34,Bengaluru,Karnataka,South
CUST-03106,4,14249.35,3703.07,2022-04-18,2024-08-23,4,8,3562.34,25.99,131,989,2,1,3,213,Lost Customers,Sai Iyengar,Male,49,Mumbai,Maharashtra,West
CUST-03107,12,38931.5,8330.71,2023-07-24,2024-10-01,11,19,3244.29,21.4,92,527,2,4,4,244,At Risk,Deepa Pillai,Female,26,Jaipur,Rajasthan,North
CUST-03108,7,17180.5,5813.299999999999,2024-03-23,2024-11-21,7,8,2454.36,33.84,41,284,4,3,3,433,Loyal Customers,Deepa Shah,Female,28,Chandigarh,Punjab,North
CUST-03109,14,21569.5,8691.79,2023-05-25,2024-12-26,14,25,1540.68,40.3,6,587,5,4,3,543,Loyal Customers,Deepak Patel,Male,38,Bengaluru,Karnataka,South
CUST-03110,7,8242.5,3518.37,2023-12-26,2024-10-24,7,7,1177.5,42.69,69,372,3,3,2,332,Regular Customers,Krishna Gupta,Other,45,Bengaluru,Karnataka,South
CUST-03111,6,8519.05,4088.6000000000004,2022-06-05,2024-10-24,6,6,1419.84,47.99,69,941,3,2,2,322,Regular Customers,Arjun Dutta,Male,25,Visakhapatnam,Andhra Pradesh,South
CUST-03112,2,4107.0,1630.54,2024-09-20,2024-10-03,2,3,2053.5,39.7,90,103,2,1,1,211,Lost Customers,Aanya Patel,Female,32,Pune,Maharashtra,West
CUST-03113,10,24842.55,10055.49,2024-05-28,2024-12-20,10,15,2484.26,40.48,12,218,5,3,4,534,Loyal Customers,Tanvi Chatterjee,Female,27,Ahmedabad,Gujarat,West
CUST-03114,9,40827.15,9060.16,2023-08-28,2024-11-26,9,11,4536.35,22.19,36,492,4,3,5,435,Loyal Customers,Deepa Das,Female,32,Chennai,Tamil Nadu,South
CUST-03115,11,38966.6,13899.46,2023-04-11,2024-10-13,11,16,3542.42,35.67,80,631,2,4,4,244,At Risk,Divya Singh,Female,25,Delhi,Delhi,North
CUST-03116,9,39541.6,8517.199999999999,2023-02-03,2024-11-24,9,11,4393.51,21.54,38,698,4,3,5,435,Loyal Customers,Sai Verma,Male,25,Patna,Bihar,East
CUST-03117,3,759.2,129.23000000000002,2023-01-03,2024-06-18,3,3,253.07,17.02,197,729,1,1,1,111,Lost Customers,Gauri Shah,Female,47,Lucknow,Uttar Pradesh,North
CUST-03118,9,8767.85,3042.58,2022-11-26,2024-12-17,9,12,974.21,34.7,15,767,5,3,2,532,Potential Loyalists,Atharv Mukherjee,Male,18,Delhi,Delhi,North
CUST-03119,7,23537.75,7747.3099999999995,2024-01-18,2024-06-21,7,12,3362.54,32.91,194,349,1,3,4,134,At Risk,Khushi Saxena,Female,35,Hyderabad,Telangana,South
CUST-03120,16,17450.3,5668.04,2022-06-28,2024-09-21,16,26,1090.64,32.48,102,918,2,5,3,253,At Risk,Gauri Mukherjee,Female,33,Delhi,Delhi,North
CUST-03121,9,10708.35,4220.87,2024-02-05,2024-11-24,9,10,1189.82,39.42,38,331,4,3,2,432,Potential Loyalists,Ishaan Mehta,Male,18,Delhi,Delhi,North
CUST-03122,3,2387.1,779.3399999999999,2022-05-14,2023-04-10,3,4,795.7,32.65,632,963,1,1,1,111,Lost Customers,Varun Verma,Male,34,Mumbai,Maharashtra,West
CUST-03123,9,13518.65,6323.45,2022-03-25,2024-12-18,9,12,1502.07,46.78,14,1013,5,3,2,532,Potential Loyalists,Priyanka Banerjee,Female,22,Delhi,Delhi,North
CUST-03124,9,17647.65,7614.539999999999,2023-01-13,2024-11-12,9,11,1960.85,43.15,50,719,3,3,3,333,Loyal Customers,Kunal Iyer,Male,32,Ahmedabad,Gujarat,West
CUST-03125,19,31704.0,9662.03,2022-05-07,2024-11-05,19,28,1668.63,30.48,57,970,3,5,4,354,Loyal Customers,Aditya Joshi,Male,38,Lucknow,Uttar Pradesh,North
CUST-03126,11,19659.4,5805.03,2023-04-15,2024-09-20,11,17,1787.22,29.53,103,627,2,4,3,243,At Risk,Nikhil Joshi,Male,29,Kochi,Kerala,South
CUST-03127,17,42493.9,13137.289999999999,2023-03-20,2024-12-29,17,22,2499.64,30.92,3,653,5,5,5,555,Champions,Shaurya Choudhury,Male,36,Jaipur,Rajasthan,North
CUST-03128,1,239.25,-33.11,2023-11-05,2023-11-05,1,1,239.25,-13.84,423,423,1,1,1,111,Lost Customers,Arjun Das,Other,45,Bengaluru,Karnataka,South
CUST-03129,10,51701.700000000004,10987.5,2023-11-04,2024-11-18,10,18,5170.17,21.25,44,424,4,3,5,435,Loyal Customers,Nandini Dutta,Female,26,Mumbai,Maharashtra,West
CUST-03130,7,9580.75,3121.6400000000003,2022-09-23,2024-10-05,7,8,1368.68,32.58,88,831,2,3,2,232,Regular Customers,Kunal Choudhury,Male,32,Jaipur,Rajasthan,North
CUST-03131,13,22006.4,8838.08,2023-09-05,2024-04-27,13,13,1692.8,40.16,249,484,1,4,3,143,At Risk,Anita Nair,Female,27,Chennai,Tamil Nadu,South
CUST-03132,3,9556.45,3866.94,2024-06-14,2024-12-18,3,6,3185.48,40.46,14,201,5,1,2,512,New Customers,Rekha Verma,Female,33,Hyderabad,Telangana,South
CUST-03133,19,55236.05,22127.51,2022-03-17,2024-10-19,18,25,2907.16,40.06,74,1021,3,5,5,355,Loyal Customers,Swati Menon,Female,40,Kolkata,West Bengal,East
CUST-03135,14,42653.85,12096.2,2022-03-07,2024-12-24,13,19,3046.7,28.36,8,1031,5,4,5,545,Champions,Anita Kaur,Female,24,Mumbai,Maharashtra,West
CUST-03136,18,139408.0,24209.43,2023-11-30,2024-12-02,18,20,7744.89,17.37,30,398,4,5,5,455,Champions,Diya Iyengar,Female,22,Chennai,Tamil Nadu,South
CUST-03137,29,115143.45,28461.86,2023-12-12,2024-12-07,29,46,3970.46,24.72,25,386,5,5,5,555,Champions,Ramesh Singh,Male,36,Kochi,Kerala,South
CUST-03138,7,53099.85,4468.2699999999995,2022-02-03,2024-06-28,6,17,7585.69,8.41,187,1063,1,3,5,135,At Risk,Meera Menon,Female,30,Ahmedabad,Gujarat,West
CUST-03139,8,8017.15,2985.2599999999998,2023-06-12,2024-01-21,7,10,1002.14,37.24,346,569,1,3,2,132,Regular Customers,Atharv Mukherjee,Male,41,Delhi,Delhi,North
CUST-03140,7,37991.7,10987.050000000001,2023-03-10,2024-10-31,7,13,5427.39,28.92,62,663,3,3,4,334,Loyal Customers,Deepak Choudhury,Male,30,Hyderabad,Telangana,South
CUST-03141,18,37535.2,12814.369999999999,2022-01-11,2024-12-26,18,28,2085.29,34.14,6,1086,5,5,4,554,Champions,Ramesh Mukherjee,Male,46,Delhi,Delhi,North
CUST-03142,6,18646.7,5471.280000000001,2023-10-22,2024-11-18,6,9,3107.78,29.34,44,437,4,2,3,423,Potential Loyalists,Priyanka Singh,Female,18,Bengaluru,Karnataka,South
CUST-03143,4,1802.25,604.42,2022-09-28,2023-11-23,4,9,450.56,33.54,405,826,1,1,1,111,Lost Customers,Aarav Bhatia,Male,54,Chandigarh,Punjab,North
CUST-03144,10,53369.4,9209.539999999999,2022-02-04,2023-12-02,10,14,5336.94,17.26,396,1062,1,3,5,135,At Risk,Anita Mishra,Female,20,Chennai,Tamil Nadu,South
CUST-03145,18,48483.35,18705.9,2022-02-21,2024-12-23,18,26,2693.52,38.58,9,1045,5,5,5,555,Champions,Rohan Reddy,Male,49,Kolkata,West Bengal,East
CUST-03146,12,71659.4,16866.48,2022-07-29,2024-10-23,12,19,5971.62,23.54,70,887,3,4,5,345,Loyal Customers,Diya Gupta,Female,18,Bhubaneswar,Odisha,East
CUST-03147,8,11443.35,3504.02,2022-02-16,2024-11-16,8,12,1430.42,30.62,46,1050,4,3,2,432,Potential Loyalists,Atharv Gupta,Male,36,Bengaluru,Karnataka,South
CUST-03148,20,30582.25,11430.08,2022-06-15,2024-12-11,20,30,1529.11,37.37,21,931,5,5,4,554,Champions,Nikhil Menon,Male,22,Bhubaneswar,Odisha,East
CUST-03149,9,19962.350000000002,7652.3,2023-07-03,2024-11-24,9,11,2218.04,38.33,38,548,4,3,3,433,Loyal Customers,Krishna Choudhury,Male,34,Indore,Madhya Pradesh,Central
CUST-03150,5,4799.05,2165.5299999999997,2024-03-21,2024-05-15,5,6,959.81,45.12,231,286,1,2,1,121,Lost Customers,Arjun Malhotra,Male,36,Bengaluru,Karnataka,South
CUST-03151,8,8945.3,2951.38,2023-05-19,2024-11-30,8,14,1118.16,32.99,32,593,4,3,2,432,Potential Loyalists,Navya Yadav,Female,27,Bengaluru,Karnataka,South
CUST-03152,4,7305.9,995.58,2022-06-06,2024-07-18,4,5,1826.48,13.63,167,940,1,1,1,111,Lost Customers,Gaurav Mukherjee,Male,23,Delhi,Delhi,North
CUST-03153,6,11653.8,2994.35,2023-01-19,2024-07-14,6,6,1942.3,25.69,171,713,1,2,2,122,Lost Customers,Pooja Yadav,Female,35,Hyderabad,Telangana,South
CUST-03154,10,33029.75,11582.82,2023-11-17,2024-11-22,10,13,3302.98,35.07,40,411,4,3,4,434,Loyal Customers,Rajesh Pillai,Male,33,Pune,Maharashtra,West
CUST-03155,22,60008.25,19623.879999999997,2022-01-17,2024-11-19,21,36,2727.65,32.7,43,1080,4,5,5,455,Champions,Nandini Tripathi,Female,39,Bengaluru,Karnataka,South
CUST-03156,11,17953.35,7423.4,2022-05-20,2024-12-22,11,15,1632.12,41.35,10,957,5,4,3,543,Loyal Customers,Divya Verma,Female,46,Mumbai,Maharashtra,West
CUST-03157,22,44332.35,8354.04,2022-02-10,2024-11-23,21,33,2015.11,18.84,39,1056,4,5,5,455,Champions,Anjali Sharma,Female,52,Bhopal,Madhya Pradesh,Central
CUST-03158,9,15882.9,6885.21,2022-01-09,2024-11-15,9,11,1764.77,43.35,47,1088,3,3,3,333,Loyal Customers,Ishaan Nair,Male,37,Bengaluru,Karnataka,South
CUST-03159,9,16142.15,6668.6900000000005,2022-04-29,2024-12-16,9,16,1793.57,41.31,16,978,5,3,3,533,Loyal Customers,Rekha Gupta,Female,42,Chennai,Tamil Nadu,South
CUST-03160,7,10694.25,3147.66,2022-02-12,2024-11-24,7,11,1527.75,29.43,38,1054,4,3,2,432,Potential Loyalists,Riya Kaur,Female,28,Pune,Maharashtra,West
CUST-03161,21,52848.95,22699.14,2024-01-02,2024-12-29,18,35,2516.62,42.95,3,365,5,5,5,555,Champions,Riya Singh,Female,43,Bengaluru,Karnataka,South
CUST-03162,3,3443.55,1344.6,2022-04-19,2024-01-20,3,6,1147.85,39.05,347,988,1,1,1,111,Lost Customers,Riya Malhotra,Female,27,Delhi,Delhi,North
CUST-03163,11,14100.6,4862.18,2023-04-04,2024-11-16,11,13,1281.87,34.48,46,638,4,4,3,443,Loyal Customers,Vihaan Agarwal,Male,20,Nagpur,Maharashtra,West
CUST-03164,4,10799.3,2201.04,2023-01-31,2024-11-13,4,6,2699.82,20.38,49,701,3,1,2,312,Regular Customers,Reyansh Nair,Male,23,Bhopal,Madhya Pradesh,Central
CUST-03165,6,7633.0,3376.84,2023-10-04,2024-12-08,6,7,1272.17,44.24,24,455,5,2,2,522,Potential Loyalists,Shaurya Mukherjee,Other,40,Mumbai,Maharashtra,West
CUST-03166,8,13032.15,4168.38,2022-02-10,2024-04-24,8,11,1629.02,31.99,252,1056,1,3,2,132,Regular Customers,Tanvi Iyer,Female,31,Kolkata,West Bengal,East
CUST-03167,17,36156.6,13968.53,2022-06-05,2024-11-18,17,23,2126.86,38.63,44,941,4,5,4,454,Champions,Aanya Chatterjee,Female,35,Jaipur,Rajasthan,North
CUST-03168,3,8941.849999999999,2340.6200000000003,2022-04-18,2024-12-23,3,4,2980.62,26.18,9,989,5,1,2,512,New Customers,Ananya Singh,Female,26,Surat,Gujarat,West
CUST-03169,6,4313.95,1279.79,2023-02-21,2024-11-04,6,9,718.99,29.67,58,680,3,2,1,321,Regular Customers,Aanya Mukherjee,Female,32,Hyderabad,Telangana,South
CUST-03170,23,34660.0,13064.34,2023-06-02,2024-11-10,20,29,1506.96,37.69,52,579,3,5,4,354,Loyal Customers,Kunal Rao,Male,26,Chennai,Tamil Nadu,South
CUST-03171,15,36942.7,13277.56,2022-03-26,2024-11-16,14,24,2462.85,35.94,46,1012,4,4,4,444,Champions,Reyansh Verma,Male,36,Mumbai,Maharashtra,West
CUST-03172,2,51266.25,5966.58,2023-05-28,2023-10-16,2,4,25633.12,11.64,443,584,1,1,5,115,Lost Customers,Sunita Kaur,Female,32,Kolkata,West Bengal,East
CUST-03173,7,14921.6,5315.8,2022-07-30,2024-03-31,7,10,2131.66,35.62,276,886,1,3,3,133,At Risk,Divya Saxena,Female,28,Chennai,Tamil Nadu,South
CUST-03174,5,12437.349999999999,2600.86,2023-01-27,2024-12-20,5,7,2487.47,20.91,12,705,5,2,2,522,Potential Loyalists,Krishna Nair,Male,44,Hyderabad,Telangana,South
CUST-03175,6,8420.45,3816.2400000000002,2023-05-22,2024-11-16,6,6,1403.41,45.32,46,590,4,2,2,422,Potential Loyalists,Shreya Menon,Female,31,Mumbai,Maharashtra,West
CUST-03176,5,6449.35,2849.79,2023-02-24,2024-09-02,5,7,1289.87,44.19,121,677,2,2,1,221,Lost Customers,Swati Tripathi,Female,22,Delhi,Delhi,North
CUST-03177,9,8593.5,3549.09,2023-06-02,2024-09-20,9,13,954.83,41.3,103,579,2,3,2,232,Regular Customers,Aanya Gupta,Female,30,Visakhapatnam,Andhra Pradesh,South
CUST-03178,6,10981.15,2728.88,2022-09-13,2024-04-01,6,6,1830.19,24.85,275,841,1,2,2,122,Lost Customers,Sunita Joshi,Female,55,Hyderabad,Telangana,South
CUST-03179,3,2693.3,970.6700000000001,2023-09-19,2024-10-14,3,4,897.77,36.04,79,470,2,1,1,211,Lost Customers,Kabir Iyer,Male,30,Guwahati,Assam,East
CUST-03180,8,9142.7,3279.83,2023-06-16,2024-08-11,8,12,1142.84,35.87,143,565,2,3,2,232,Regular Customers,Kunal Saxena,Male,34,Chandigarh,Punjab,North
CUST-03181,8,16316.4,6604.99,2023-03-11,2024-11-28,7,10,2039.55,40.48,34,662,4,3,3,433,Loyal Customers,Shreya Banerjee,Female,36,Bengaluru,Karnataka,South
CUST-03182,3,4888.4,1953.4299999999998,2024-05-09,2024-05-23,3,6,1629.47,39.96,223,237,1,1,1,111,Lost Customers,Anjali Mishra,Female,31,Bengaluru,Karnataka,South
CUST-03183,12,12774.5,4920.1,2024-04-04,2024-12-01,12,19,1064.54,38.52,31,272,4,4,2,442,Regular Customers,Tanvi Kaur,Female,34,Kolkata,West Bengal,East
CUST-03184,4,17196.05,4783.07,2022-10-15,2024-03-17,4,5,4299.01,27.81,290,809,1,1,3,113,Lost Customers,Shaurya Kaur,Male,30,Delhi,Delhi,North
CUST-03185,3,13030.1,5369.27,2023-02-16,2024-12-24,3,5,4343.37,41.21,8,685,5,1,2,512,New Customers,Nandini Menon,Female,35,Bengaluru,Karnataka,South
CUST-03186,7,9466.9,2672.06,2023-04-22,2024-10-04,7,12,1352.41,28.23,89,620,2,3,2,232,Regular Customers,Meera Malhotra,Female,18,Mumbai,Maharashtra,West
CUST-03187,24,78816.35,20762.88,2023-07-14,2024-10-30,24,34,3284.01,26.34,63,537,3,5,5,355,Loyal Customers,Anand Sharma,Male,27,Bengaluru,Karnataka,South
CUST-03188,14,33246.75,13031.34,2023-07-13,2024-11-24,14,18,2374.77,39.2,38,538,4,4,4,444,Champions,Gaurav Bhatia,Male,18,Bhubaneswar,Odisha,East
CUST-03189,16,29573.2,9892.52,2022-01-03,2024-12-25,15,17,1848.32,33.45,7,1094,5,5,4,554,Champions,Priyanka Malhotra,Female,23,Lucknow,Uttar Pradesh,North
CUST-03190,14,32402.55,12055.2,2024-01-26,2024-10-21,14,27,2314.47,37.2,72,341,3,4,4,344,Loyal Customers,Reyansh Pillai,Male,34,Bhopal,Madhya Pradesh,Central
CUST-03191,7,52118.15,6479.01,2022-03-31,2024-08-06,7,12,7445.45,12.43,148,1007,2,3,5,235,At Risk,Ramesh Nair,Male,18,Patna,Bihar,East
CUST-03192,20,25741.75,10496.47,2024-04-02,2024-12-10,20,24,1287.09,40.78,22,274,5,5,4,554,Champions,Reyansh Kaur,Male,21,Pune,Maharashtra,West
CUST-03193,7,4865.65,1739.4099999999999,2023-01-24,2024-11-13,7,11,695.09,35.75,49,708,3,3,1,331,Regular Customers,Atharv Pandey,Male,39,Chennai,Tamil Nadu,South
CUST-03194,11,65207.350000000006,6346.96,2023-10-29,2024-12-06,11,15,5927.94,9.73,26,430,4,4,5,445,Champions,Pranav Joshi,Male,36,Surat,Gujarat,West
CUST-03195,14,70701.05,13392.05,2023-10-21,2024-10-27,13,19,5050.08,18.94,66,438,3,4,5,345,Loyal Customers,Aarohi Das,Female,62,Lucknow,Uttar Pradesh,North
CUST-03196,9,7936.25,3201.64,2023-04-25,2024-05-24,8,9,881.81,40.34,222,617,1,3,2,132,Regular Customers,Rohan Pillai,Male,28,Kochi,Kerala,South
CUST-03197,3,3701.1,1415.1,2023-08-18,2024-02-02,2,3,1233.7,38.23,334,502,1,1,1,111,Lost Customers,Siddharth Chatterjee,Male,24,Ahmedabad,Gujarat,West
CUST-03198,20,44975.9,13493.94,2022-01-29,2024-11-02,20,28,2248.8,30.0,60,1068,3,5,5,355,Loyal Customers,Sunita Reddy,Female,30,Bhubaneswar,Odisha,East
CUST-03199,7,18156.1,6738.12,2023-02-07,2024-06-25,7,7,2593.73,37.11,190,694,1,3,3,133,At Risk,Riya Pillai,Female,45,Hyderabad,Telangana,South
CUST-03200,7,9310.15,4092.5800000000004,2024-01-30,2024-11-06,7,10,1330.02,43.96,56,337,3,3,2,332,Regular Customers,Neha Saxena,Female,28,Ahmedabad,Gujarat,West
CUST-03201,21,83970.7,19444.23,2023-06-16,2024-12-30,21,36,3998.6,23.16,2,565,5,5,5,555,Champions,Ishaan Yadav,Male,33,Chennai,Tamil Nadu,South
CUST-03202,19,22328.85,8129.71,2022-04-11,2024-11-04,19,25,1175.2,36.41,58,996,3,5,3,353,Loyal Customers,Deepak Mukherjee,Other,43,Kolkata,West Bengal,East
CUST-03203,8,11806.85,3055.0600000000004,2022-02-15,2024-08-11,8,12,1475.86,25.88,143,1051,2,3,2,232,Regular Customers,Kunal Pandey,Male,47,Indore,Madhya Pradesh,Central
CUST-03204,8,30723.149999999998,8696.79,2023-05-05,2024-09-25,8,9,3840.39,28.31,98,607,2,3,4,234,At Risk,Saanvi Mukherjee,Female,33,Lucknow,Uttar Pradesh,North
CUST-03205,4,53617.149999999994,-112.92999999999995,2024-01-23,2024-01-31,4,6,13404.29,-0.21,336,344,1,1,5,115,Lost Customers,Anand Choudhury,Male,29,Visakhapatnam,Andhra Pradesh,South
CUST-03206,20,39045.55,14368.86,2024-04-08,2024-12-19,20,28,1952.28,36.8,13,268,5,5,4,554,Champions,Riya Iyengar,Female,30,Coimbatore,Tamil Nadu,South
CUST-03207,5,9796.9,4004.93,2023-05-18,2024-07-17,5,8,1959.38,40.88,168,594,1,2,2,122,Lost Customers,Swati Joshi,Female,56,Pune,Maharashtra,West
CUST-03208,1,2716.0,1116.16,2024-02-23,2024-02-23,1,4,2716.0,41.1,313,313,1,1,1,111,Lost Customers,Nikhil Menon,Male,39,Chandigarh,Punjab,North
CUST-03209,22,57433.3,14951.64,2023-08-23,2024-12-09,22,34,2610.6,26.03,23,497,5,5,5,555,Champions,Reyansh Yadav,Male,33,Kolkata,West Bengal,East
CUST-03210,7,10561.199999999999,3439.92,2023-08-16,2024-11-19,7,7,1508.74,32.57,43,504,4,3,2,432,Potential Loyalists,Atharv Mishra,Male,57,Bengaluru,Karnataka,South
CUST-03211,5,35066.9,3635.95,2023-11-01,2024-12-26,5,5,7013.38,10.37,6,427,5,2,4,524,Potential Loyalists,Siddharth Singh,Male,27,Pune,Maharashtra,West
CUST-03212,7,57644.24999999999,7326.43,2023-06-02,2024-11-15,7,11,8234.89,12.71,47,579,3,3,5,335,Loyal Customers,Navya Mishra,Female,25,Delhi,Delhi,North
CUST-03213,6,15147.55,3543.77,2022-07-26,2024-11-18,6,7,2524.59,23.4,44,890,4,2,3,423,Potential Loyalists,Kavya Tripathi,Female,25,Bengaluru,Karnataka,South
CUST-03214,13,27077.1,7918.75,2023-05-04,2024-11-19,13,20,2082.85,29.25,43,608,4,4,4,444,Champions,Nandini Mishra,Female,41,Kochi,Kerala,South
CUST-03215,5,13088.6,4206.39,2023-05-11,2024-07-05,5,5,2617.72,32.14,180,601,1,2,2,122,Lost Customers,Saanvi Tripathi,Female,31,Pune,Maharashtra,West
CUST-03216,16,28865.15,10280.33,2023-02-07,2024-11-12,16,26,1804.07,35.62,50,694,3,5,4,354,Loyal Customers,Aarav Bhatia,Male,24,Chennai,Tamil Nadu,South
CUST-03217,7,9606.2,4077.94,2024-05-16,2024-07-24,7,8,1372.31,42.45,161,230,2,3,2,232,Regular Customers,Pooja Pandey,Female,45,Kochi,Kerala,South
CUST-03218,5,18131.65,6471.38,2023-06-17,2024-04-23,5,7,3626.33,35.69,253,564,1,2,3,123,Lost Customers,Sai Banerjee,Male,25,Kochi,Kerala,South
CUST-03219,11,18000.75,6929.9400000000005,2024-06-18,2024-12-02,11,12,1636.43,38.5,30,197,4,4,3,443,Loyal Customers,Dhruv Mehta,Male,30,Mumbai,Maharashtra,West
CUST-03220,2,6032.4,2279.7200000000003,2024-04-10,2024-11-06,2,4,3016.2,37.79,56,266,3,1,1,311,Regular Customers,Deepa Verma,Female,35,Chennai,Tamil Nadu,South
CUST-03221,5,9119.4,3392.5099999999998,2022-07-16,2024-11-28,5,6,1823.88,37.2,34,900,4,2,2,422,Potential Loyalists,Divya Nair,Female,18,Kolkata,West Bengal,East
CUST-03222,7,11817.5,3400.52,2022-08-20,2024-12-01,7,9,1688.21,28.78,31,865,4,3,2,432,Potential Loyalists,Shaurya Iyengar,Male,23,Hyderabad,Telangana,South
CUST-03223,1,419.0,149.63,2023-12-29,2023-12-29,1,1,419.0,35.71,369,369,1,1,1,111,Lost Customers,Aarohi Das,Female,39,Visakhapatnam,Andhra Pradesh,South
CUST-03224,8,9791.85,3002.27,2023-03-24,2024-10-14,8,10,1223.98,30.66,79,649,2,3,2,232,Regular Customers,Manish Banerjee,Male,37,Lucknow,Uttar Pradesh,North
CUST-03225,16,24701.75,8842.19,2022-06-30,2024-12-17,15,21,1543.86,35.8,15,916,5,5,4,554,Champions,Manish Agarwal,Male,30,Guwahati,Assam,East
CUST-03226,3,3550.2,1604.94,2022-09-18,2023-12-31,3,3,1183.4,45.21,367,836,1,1,1,111,Lost Customers,Diya Reddy,Female,55,Nagpur,Maharashtra,West
CUST-03227,25,26753.15,9103.45,2022-05-23,2024-12-31,25,30,1070.13,34.03,1,954,5,5,4,554,Champions,Saanvi Pillai,Female,18,Hyderabad,Telangana,South
CUST-03228,15,41940.549999999996,9638.5,2022-02-01,2024-11-28,15,20,2796.04,22.98,34,1065,4,4,5,445,Champions,Suresh Bhatia,Male,30,Kolkata,West Bengal,East
CUST-03229,9,49705.8,-2786.9799999999996,2022-05-10,2024-11-01,8,9,5522.87,-5.61,61,967,3,3,5,335,Loyal Customers,Vikram Agarwal,Male,38,Coimbatore,Tamil Nadu,South
CUST-03230,16,23482.35,11251.74,2022-01-19,2024-12-26,15,24,1467.65,47.92,6,1078,5,5,4,554,Champions,Aarav Dutta,Male,33,Hyderabad,Telangana,South
CUST-03231,3,20283.4,2110.25,2023-02-02,2023-03-03,3,4,6761.13,10.4,670,699,1,1,3,113,Lost Customers,Manish Singh,Male,45,Kolkata,West Bengal,East
CUST-03232,4,14374.05,6570.139999999999,2022-04-20,2024-06-02,4,6,3593.51,45.71,213,987,1,1,3,113,Lost Customers,Divya Tripathi,Female,26,Patna,Bihar,East
CUST-03233,17,55526.45,15949.83,2022-06-13,2024-12-04,16,26,3266.26,28.72,28,933,4,5,5,455,Champions,Anjali Pandey,Female,37,Chennai,Tamil Nadu,South
CUST-03234,16,20388.9,4865.02,2023-02-25,2024-11-26,16,25,1274.31,23.86,36,676,4,5,3,453,Loyal Customers,Kunal Mishra,Male,25,Mumbai,Maharashtra,West
CUST-03235,1,1939.0,682.3,2024-08-03,2024-08-03,1,1,1939.0,35.19,151,151,2,1,1,211,Lost Customers,Rajesh Verma,Male,18,Lucknow,Uttar Pradesh,North
CUST-03236,10,33003.3,16157.24,2022-01-07,2024-12-20,10,23,3300.33,48.96,12,1090,5,3,4,534,Loyal Customers,Ananya Singh,Female,24,Bengaluru,Karnataka,South
CUST-03237,8,8939.25,3853.11,2022-04-21,2024-12-30,8,9,1117.41,43.1,2,986,5,3,2,532,Potential Loyalists,Suresh Yadav,Male,34,Bengaluru,Karnataka,South
CUST-03238,5,8344.4,2664.51,2022-09-04,2024-10-15,5,6,1668.88,31.93,78,850,2,2,2,222,Lost Customers,Varun Mukherjee,Male,39,Mumbai,Maharashtra,West
CUST-03239,6,39143.95,9921.09,2022-01-31,2024-10-16,6,7,6523.99,25.35,77,1066,2,2,4,224,Lost Customers,Ishaan Shah,Male,36,Delhi,Delhi,North
CUST-03240,27,72187.6,29120.59,2023-01-14,2024-10-13,26,38,2673.61,40.34,80,718,2,5,5,255,At Risk,Sneha Yadav,Female,21,Pune,Maharashtra,West
CUST-03241,6,5030.35,2242.87,2022-03-26,2024-08-15,6,7,838.39,44.59,139,1012,2,2,1,221,Lost Customers,Reyansh Nair,Male,44,Chennai,Tamil Nadu,South
CUST-03242,4,12791.7,5646.65,2022-05-22,2024-10-17,4,6,3197.92,44.14,76,955,2,1,2,212,Lost Customers,Aarav Pillai,Male,26,Kolkata,West Bengal,East
CUST-03243,11,18696.7,6763.48,2022-03-19,2024-08-24,11,12,1699.7,36.17,130,1019,2,4,3,243,At Risk,Divya Gupta,Female,26,Pune,Maharashtra,West
CUST-03244,15,18641.9,7056.18,2022-10-29,2024-11-25,14,26,1242.79,37.85,37,795,4,4,3,443,Loyal Customers,Dhruv Tripathi,Male,28,Chennai,Tamil Nadu,South
CUST-03245,2,8149.75,1647.0,2022-12-30,2023-02-08,2,3,4074.88,20.21,693,733,1,1,2,112,Lost Customers,Riya Mishra,Female,59,Pune,Maharashtra,West
CUST-03246,14,24481.65,9904.17,2022-05-22,2024-12-05,14,26,1748.69,40.46,27,955,4,4,4,444,Champions,Saanvi Tripathi,Female,31,Lucknow,Uttar Pradesh,North
CUST-03247,8,19402.85,5675.27,2022-01-12,2024-02-13,8,13,2425.36,29.25,323,1085,1,3,3,133,At Risk,Divya Mukherjee,Female,41,Chennai,Tamil Nadu,South
CUST-03248,25,36365.45,12695.33,2023-09-20,2024-11-01,24,35,1454.62,34.91,61,469,3,5,4,354,Loyal Customers,Shaurya Rao,Male,37,Indore,Madhya Pradesh,Central
CUST-03249,9,9967.95,3560.23,2022-02-25,2024-12-11,9,16,1107.55,35.72,21,1041,5,3,2,532,Potential Loyalists,Neha Chatterjee,Female,34,Chennai,Tamil Nadu,South
CUST-03250,5,10239.65,1951.3400000000001,2022-01-03,2024-05-02,5,6,2047.93,19.06,244,1094,1,2,2,122,Lost Customers,Anand Shah,Male,26,Mumbai,Maharashtra,West
CUST-03251,3,7610.65,4127.84,2023-05-20,2024-10-21,3,4,2536.88,54.24,72,592,3,1,2,312,Regular Customers,Saanvi Chatterjee,Female,22,Ahmedabad,Gujarat,West
CUST-03252,19,85616.0,23763.21,2022-04-02,2024-11-02,19,22,4506.11,27.76,60,1005,3,5,5,355,Loyal Customers,Sunita Bhatia,Female,32,Indore,Madhya Pradesh,Central
CUST-03253,13,16974.95,6232.3,2022-05-19,2024-09-05,13,15,1305.77,36.71,118,958,2,4,3,243,At Risk,Aarohi Tripathi,Female,39,Patna,Bihar,East
CUST-03254,14,33240.35,12348.86,2022-02-21,2024-12-21,14,19,2374.31,37.15,11,1045,5,4,4,544,Champions,Arjun Patel,Male,31,Delhi,Delhi,North
CUST-03255,4,7416.150000000001,3136.56,2022-09-19,2024-08-31,4,7,1854.04,42.29,123,835,2,1,1,211,Lost Customers,Arjun Shah,Male,48,Pune,Maharashtra,West
CUST-03256,11,12569.35,6117.88,2024-02-05,2024-11-01,11,16,1142.67,48.67,61,331,3,4,2,342,Regular Customers,Aadhya Rao,Female,18,Kolkata,West Bengal,East
CUST-03257,4,7440.35,1836.9099999999999,2023-11-01,2024-11-15,3,6,1860.09,24.69,47,427,3,1,1,311,Regular Customers,Rohan Dutta,Male,28,Visakhapatnam,Andhra Pradesh,South
CUST-03258,6,16161.1,6591.42,2023-06-01,2024-12-17,6,8,2693.52,40.79,15,580,5,2,3,523,Potential Loyalists,Dhruv Agarwal,Male,41,Nagpur,Maharashtra,West
CUST-03259,24,132111.85,26960.81,2022-08-09,2024-12-15,24,35,5504.66,20.41,17,876,5,5,5,555,Champions,Reyansh Kaur,Male,41,Chennai,Tamil Nadu,South
CUST-03260,4,4359.35,1825.67,2024-04-21,2024-08-14,4,5,1089.84,41.88,140,255,2,1,1,211,Lost Customers,Aarohi Banerjee,Female,38,Pune,Maharashtra,West
CUST-03261,6,5640.8,1576.31,2023-10-01,2024-11-23,6,7,940.13,27.94,39,458,4,2,1,421,Potential Loyalists,Anita Mehta,Female,27,Hyderabad,Telangana,South
CUST-03262,14,19205.55,6194.959999999999,2024-05-08,2024-11-30,14,18,1371.82,32.26,32,238,4,4,3,443,Loyal Customers,Riya Pillai,Female,41,Coimbatore,Tamil Nadu,South
CUST-03263,6,14702.9,5329.5,2024-06-30,2024-12-15,6,7,2450.48,36.25,17,185,5,2,3,523,Potential Loyalists,Deepa Reddy,Female,29,Guwahati,Assam,East
CUST-03264,13,11008.35,2629.65,2022-03-10,2024-10-14,13,14,846.8,23.89,79,1028,2,4,2,242,Regular Customers,Dhruv Pillai,Male,46,Pune,Maharashtra,West
CUST-03265,6,5345.4,1585.19,2022-03-13,2024-08-30,6,7,890.9,29.66,124,1025,2,2,1,221,Lost Customers,Navya Tripathi,Female,27,Coimbatore,Tamil Nadu,South
CUST-03266,4,16704.3,8435.84,2023-11-15,2024-12-30,4,7,4176.08,50.5,2,413,5,1,3,513,New Customers,Nandini Verma,Female,30,Delhi,Delhi,North
CUST-03267,13,22050.65,5104.0599999999995,2024-05-24,2024-11-30,12,20,1696.2,23.15,32,222,4,4,3,443,Loyal Customers,Prisha Joshi,Female,19,Bengaluru,Karnataka,South
CUST-03268,5,11322.0,4224.06,2022-12-31,2023-11-20,5,6,2264.4,37.31,408,732,1,2,2,122,Lost Customers,Divya Iyengar,Female,52,Lucknow,Uttar Pradesh,North
CUST-03269,4,23039.65,8388.19,2022-11-19,2024-11-12,4,8,5759.91,36.41,50,774,3,1,4,314,Regular Customers,Aarohi Saxena,Female,24,Chennai,Tamil Nadu,South
CUST-03270,5,7808.25,3007.6400000000003,2022-05-30,2024-11-28,5,6,1561.65,38.52,34,947,4,2,2,422,Potential Loyalists,Sai Rao,Male,35,Delhi,Delhi,North
CUST-03271,5,7881.8,2006.69,2023-02-13,2024-09-04,5,11,1576.36,25.46,119,688,2,2,2,222,Lost Customers,Swati Rao,Female,30,Delhi,Delhi,North
CUST-03272,5,32339.699999999997,12466.58,2022-08-14,2023-11-07,5,10,6467.94,38.55,421,871,1,2,4,124,Lost Customers,Meera Malhotra,Female,41,Patna,Bihar,East
CUST-03273,6,10920.4,4642.3,2022-11-06,2024-09-29,6,7,1820.07,42.51,94,787,2,2,2,222,Lost Customers,Saanvi Das,Female,34,Chandigarh,Punjab,North
CUST-03274,25,44048.1,17312.22,2022-10-22,2024-11-08,25,35,1761.92,39.3,54,802,3,5,5,355,Loyal Customers,Suresh Mishra,Male,44,Hyderabad,Telangana,South
CUST-03276,9,32618.05,14169.289999999999,2022-03-23,2024-07-21,9,20,3624.23,43.44,164,1015,2,3,4,234,At Risk,Reyansh Iyengar,Male,33,Delhi,Delhi,North
CUST-03277,28,32521.55,12974.650000000001,2024-05-30,2024-11-24,28,40,1161.48,39.9,38,216,4,5,4,454,Champions,Krishna Das,Male,42,Coimbatore,Tamil Nadu,South
CUST-03278,15,32524.5,7688.83,2022-05-21,2024-09-22,15,21,2168.3,23.64,101,956,2,4,4,244,At Risk,Anita Yadav,Female,18,Jaipur,Rajasthan,North
CUST-03279,7,15549.25,6542.93,2023-06-14,2024-10-27,7,10,2221.32,42.08,66,567,3,3,3,333,Loyal Customers,Divya Pillai,Female,18,Kolkata,West Bengal,East
CUST-03280,7,13202.65,6016.0599999999995,2022-06-05,2024-09-02,7,10,1886.09,45.57,121,941,2,3,2,232,Regular Customers,Meera Mehta,Female,34,Chandigarh,Punjab,North
CUST-03282,10,10731.95,2992.5,2022-04-11,2024-07-24,9,12,1073.2,27.88,161,996,2,3,2,232,Regular Customers,Kabir Malhotra,Male,18,Indore,Madhya Pradesh,Central
CUST-03283,5,10482.949999999999,3133.21,2024-04-30,2024-05-25,5,5,2096.59,29.89,221,246,1,2,2,122,Lost Customers,Neha Reddy,Female,38,Coimbatore,Tamil Nadu,South
CUST-03284,10,29650.7,9738.14,2022-08-30,2024-10-12,9,14,2965.07,32.84,81,855,2,3,4,234,At Risk,Suresh Sharma,Male,18,Surat,Gujarat,West
CUST-03285,28,87553.9,32446.68,2024-03-28,2024-12-27,27,38,3126.92,37.06,5,279,5,5,5,555,Champions,Kunal Yadav,Male,37,Kochi,Kerala,South
CUST-03286,4,7956.1,2181.34,2022-10-02,2024-11-08,4,7,1989.02,27.42,54,822,3,1,2,312,Regular Customers,Pallavi Menon,Female,35,Pune,Maharashtra,West
CUST-03287,24,40878.65,18356.45,2023-12-31,2024-12-25,24,33,1703.28,44.9,7,367,5,5,5,555,Champions,Dhruv Verma,Male,31,Pune,Maharashtra,West
CUST-03288,4,8326.65,2888.0199999999995,2022-04-26,2024-08-18,4,4,2081.66,34.68,136,981,2,1,2,212,Lost Customers,Vivaan Reddy,Male,40,Pune,Maharashtra,West
CUST-03289,14,30722.2,12335.1,2023-05-05,2024-09-15,14,18,2194.44,40.15,108,607,2,4,4,244,At Risk,Vihaan Pandey,Male,56,Delhi,Delhi,North
CUST-03290,4,13899.75,5491.650000000001,2023-01-23,2024-07-07,4,5,3474.94,39.51,178,709,1,1,3,113,Lost Customers,Krishna Reddy,Male,18,Bengaluru,Karnataka,South
CUST-03291,8,18129.65,3549.64,2023-05-22,2024-11-06,8,10,2266.21,19.58,56,590,3,3,3,333,Loyal Customers,Anjali Choudhury,Female,25,Delhi,Delhi,North
CUST-03292,13,35911.9,7521.44,2022-09-07,2024-12-04,13,19,2762.45,20.94,28,847,4,4,4,444,Champions,Vivaan Nair,Male,26,Indore,Madhya Pradesh,Central
CUST-03293,12,35042.9,11711.300000000001,2022-03-05,2024-11-19,12,18,2920.24,33.42,43,1033,4,4,4,444,Champions,Riya Iyer,Female,19,Bengaluru,Karnataka,South
CUST-03294,4,6157.2,2595.93,2022-06-22,2023-10-13,4,5,1539.3,42.16,446,924,1,1,1,111,Lost Customers,Ramesh Malhotra,Male,37,Nagpur,Maharashtra,West
CUST-03296,7,5532.1,2497.2400000000002,2023-06-14,2024-09-07,7,8,790.3,45.14,116,567,2,3,1,231,Regular Customers,Shaurya Yadav,Male,51,Mumbai,Maharashtra,West
CUST-03297,12,18022.35,6705.129999999999,2023-01-31,2024-12-05,12,17,1501.86,37.2,27,701,4,4,3,443,Loyal Customers,Aadhya Mehta,Female,41,Mumbai,Maharashtra,West
CUST-03298,8,8751.65,3973.52,2022-05-09,2024-10-23,8,8,1093.96,45.4,70,968,3,3,2,332,Regular Customers,Anjali Sharma,Female,22,Delhi,Delhi,North
CUST-03299,5,4263.15,1907.17,2023-01-13,2024-05-22,5,12,852.63,44.74,224,719,1,2,1,121,Lost Customers,Anita Verma,Female,52,Hyderabad,Telangana,South
CUST-03300,8,37115.7,13029.68,2023-03-28,2024-12-17,8,12,4639.46,35.11,15,645,5,3,4,534,Loyal Customers,Ishaan Gupta,Male,31,Chennai,Tamil Nadu,South
CUST-03301,8,21178.3,6190.9800000000005,2023-02-22,2024-10-13,8,11,2647.29,29.23,80,679,2,3,3,233,At Risk,Ramesh Mishra,Male,52,Pune,Maharashtra,West
CUST-03302,14,27692.75,5949.62,2022-03-14,2024-06-05,13,15,1978.05,21.48,210,1024,1,4,4,144,At Risk,Diya Agarwal,Female,46,Mumbai,Maharashtra,West
CUST-03303,25,101419.3,21269.93,2022-10-16,2024-11-04,25,35,4056.77,20.97,58,808,3,5,5,355,Loyal Customers,Aarohi Bhatia,Female,35,Indore,Madhya Pradesh,Central
CUST-03304,19,60678.9,16648.88,2023-04-29,2024-12-02,17,23,3193.63,27.44,30,613,4,5,5,455,Champions,Sunita Banerjee,Female,31,Mumbai,Maharashtra,West
CUST-03305,7,15485.6,5029.03,2023-12-16,2024-10-19,7,7,2212.23,32.48,74,382,3,3,3,333,Loyal Customers,Rajesh Malhotra,Male,41,Bengaluru,Karnataka,South
CUST-03306,15,17707.6,5595.28,2023-10-04,2024-10-23,15,17,1180.51,31.6,70,455,3,4,3,343,Loyal Customers,Suresh Iyer,Male,20,Bhubaneswar,Odisha,East
CUST-03307,5,3234.3,589.78,2023-09-20,2024-08-29,5,6,646.86,18.24,125,469,2,2,1,221,Lost Customers,Meera Choudhury,Female,18,Chennai,Tamil Nadu,South
CUST-03308,15,32132.6,14956.130000000001,2022-09-26,2024-12-27,15,24,2142.17,46.55,5,828,5,4,4,544,Champions,Krishna Choudhury,Male,18,Ahmedabad,Gujarat,West
CUST-03309,14,26720.2,9491.74,2022-05-22,2024-10-23,14,24,1908.59,35.52,70,955,3,4,4,344,Loyal Customers,Atharv Chatterjee,Male,37,Ahmedabad,Gujarat,West
CUST-03310,13,24427.9,9534.93,2022-03-06,2024-08-20,13,16,1879.07,39.03,134,1032,2,4,4,244,At Risk,Anand Yadav,Male,39,Delhi,Delhi,North
CUST-03311,2,958.0,359.07,2023-09-18,2023-10-18,2,2,479.0,37.48,441,471,1,1,1,111,Lost Customers,Aadhya Iyer,Female,18,Delhi,Delhi,North
CUST-03312,14,22148.75,7703.21,2023-08-19,2024-11-17,14,16,1582.05,34.78,45,501,4,4,3,443,Loyal Customers,Rajesh Mehta,Male,32,Indore,Madhya Pradesh,Central
CUST-03313,10,28974.65,5654.33,2022-05-20,2024-11-29,9,11,2897.46,19.51,33,957,4,3,4,434,Loyal Customers,Reyansh Iyer,Male,18,Pune,Maharashtra,West
CUST-03314,8,114339.05,23787.83,2023-12-22,2024-09-02,8,10,14292.38,20.8,121,376,2,3,5,235,At Risk,Deepa Banerjee,Female,48,Patna,Bihar,East
CUST-03315,19,34973.55,9875.369999999999,2022-10-06,2024-11-30,18,29,1840.71,28.24,32,818,4,5,4,454,Champions,Shaurya Choudhury,Male,32,Ahmedabad,Gujarat,West
CUST-03316,6,13863.85,5551.7,2023-11-14,2024-10-28,6,10,2310.64,40.04,65,414,3,2,3,323,Regular Customers,Divya Bhatia,Female,29,Jaipur,Rajasthan,North
CUST-03317,9,12587.3,4590.74,2023-08-02,2024-11-16,9,13,1398.59,36.47,46,518,4,3,2,432,Potential Loyalists,Arjun Patel,Male,21,Chandigarh,Punjab,North
CUST-03318,8,24808.05,9884.97,2024-06-27,2024-12-18,8,15,3101.01,39.85,14,188,5,3,4,534,Loyal Customers,Rohan Yadav,Male,38,Lucknow,Uttar Pradesh,North
CUST-03319,7,23024.05,8067.03,2022-03-24,2024-08-30,7,11,3289.15,35.04,124,1014,2,3,4,234,At Risk,Nikhil Nair,Male,50,Delhi,Delhi,North
CUST-03320,29,71258.34999999999,19080.22,2022-10-02,2024-12-21,28,38,2457.18,26.78,11,822,5,5,5,555,Champions,Prisha Saxena,Female,24,Ahmedabad,Gujarat,West
CUST-03321,6,180088.35,18981.93,2022-01-30,2024-08-22,6,10,30014.72,10.54,132,1067,2,2,5,225,Lost Customers,Priyanka Singh,Female,30,Ahmedabad,Gujarat,West
CUST-03322,5,5779.25,2014.0900000000001,2022-03-14,2024-07-06,4,6,1155.85,34.85,179,1024,1,2,1,121,Lost Customers,Pranav Malhotra,Male,18,Lucknow,Uttar Pradesh,North
CUST-03323,5,4789.9,1283.93,2022-05-06,2024-11-23,4,7,957.98,26.8,39,971,4,2,1,421,Potential Loyalists,Pranav Menon,Male,26,Mumbai,Maharashtra,West
CUST-03324,7,24793.550000000003,6493.459999999999,2023-12-31,2024-10-02,7,13,3541.94,26.19,91,367,2,3,4,234,At Risk,Rahul Kaur,Male,26,Chandigarh,Punjab,North
CUST-03325,8,24517.6,12361.26,2024-02-03,2024-07-30,8,12,3064.7,50.42,155,333,2,3,4,234,At Risk,Kavya Malhotra,Female,42,Lucknow,Uttar Pradesh,North
CUST-03326,3,6962.1,2606.5699999999997,2022-07-28,2024-05-22,3,4,2320.7,37.44,224,888,1,1,1,111,Lost Customers,Prisha Mehta,Female,33,Mumbai,Maharashtra,West
CUST-03327,6,9035.95,2953.37,2022-11-18,2024-02-11,6,6,1505.99,32.68,325,775,1,2,2,122,Lost Customers,Kabir Iyengar,Male,45,Hyderabad,Telangana,South
CUST-03328,5,12682.9,3143.7,2022-05-01,2024-11-22,5,9,2536.58,24.79,40,976,4,2,2,422,Potential Loyalists,Kavya Rao,Female,26,Delhi,Delhi,North
CUST-03329,13,58614.30000000001,6926.74,2023-05-20,2024-11-05,13,21,4508.79,11.82,57,592,3,4,5,345,Loyal Customers,Dhruv Dutta,Male,22,Hyderabad,Telangana,South
CUST-03330,7,11224.3,3977.24,2022-01-03,2024-10-27,7,8,1603.47,35.43,66,1094,3,3,2,332,Regular Customers,Gauri Nair,Female,18,Mumbai,Maharashtra,West
CUST-03331,9,9186.05,2690.85,2023-10-11,2024-02-11,9,12,1020.67,29.29,325,448,1,3,2,132,Regular Customers,Amit Mukherjee,Male,30,Hyderabad,Telangana,South
CUST-03332,9,26975.35,9280.24,2022-06-27,2024-11-01,8,20,2997.26,34.4,61,919,3,3,4,334,Loyal Customers,Aarohi Kaur,Female,27,Ahmedabad,Gujarat,West
CUST-03333,3,66939.85,17075.33,2023-01-28,2024-11-08,3,3,22313.28,25.51,54,704,3,1,5,315,Regular Customers,Aarohi Patel,Female,27,Kochi,Kerala,South
CUST-03334,8,16837.6,4878.59,2022-07-24,2024-09-27,8,9,2104.7,28.97,96,892,2,3,3,233,At Risk,Aanya Banerjee,Female,36,Pune,Maharashtra,West
CUST-03335,6,9711.25,4647.42,2022-07-22,2024-05-22,6,7,1618.54,47.86,224,894,1,2,2,122,Lost Customers,Anjali Malhotra,Female,22,Chennai,Tamil Nadu,South
CUST-03336,8,7946.6,3642.0,2023-04-25,2024-08-28,8,15,993.32,45.83,126,617,2,3,2,232,Regular Customers,Ramesh Das,Male,40,Mumbai,Maharashtra,West
CUST-03337,7,13804.4,4719.88,2022-07-26,2024-12-07,7,8,1972.06,34.19,25,890,5,3,3,533,Loyal Customers,Aarohi Patel,Female,37,Kolkata,West Bengal,East
CUST-03338,8,18876.75,5863.26,2022-11-04,2024-11-26,8,11,2359.59,31.06,36,789,4,3,3,433,Loyal Customers,Sai Mishra,Male,24,Surat,Gujarat,West
CUST-03339,2,4437.2,1233.27,2024-08-07,2024-10-11,2,3,2218.6,27.79,82,147,2,1,1,211,Lost Customers,Khushi Das,Female,18,Delhi,Delhi,North
CUST-03340,6,4382.4,1638.1100000000001,2022-08-04,2024-07-21,6,8,730.4,37.38,164,881,2,2,1,221,Lost Customers,Aarav Malhotra,Male,34,Bengaluru,Karnataka,South
CUST-03341,18,30723.2,12420.16,2023-09-06,2024-11-27,18,24,1706.84,40.43,35,483,4,5,4,454,Champions,Deepak Mukherjee,Male,33,Bhubaneswar,Odisha,East
CUST-03342,5,4166.4,1740.7999999999997,2022-11-20,2024-04-08,5,7,833.28,41.78,268,773,1,2,1,121,Lost Customers,Rekha Agarwal,Female,38,Chennai,Tamil Nadu,South
CUST-03343,1,1889.1,628.06,2024-11-17,2024-11-17,1,1,1889.1,33.25,45,45,4,1,1,411,New Customers,Swati Gupta,Female,45,Bengaluru,Karnataka,South
CUST-03344,24,251465.5,35080.95,2022-02-08,2024-12-10,23,35,10477.73,13.95,22,1058,5,5,5,555,Champions,Pranav Menon,Male,32,Patna,Bihar,East
CUST-03345,4,4682.05,1860.96,2023-06-03,2024-03-02,4,4,1170.51,39.75,305,578,1,1,1,111,Lost Customers,Swati Iyer,Female,33,Hyderabad,Telangana,South
CUST-03346,4,67331.85,5539.1900000000005,2022-03-23,2024-10-14,4,5,16832.96,8.23,79,1015,2,1,5,215,Lost Customers,Diya Shah,Female,25,Bhopal,Madhya Pradesh,Central
CUST-03347,16,94419.90000000001,19968.04,2022-06-16,2024-10-31,16,19,5901.24,21.15,62,930,3,5,5,355,Loyal Customers,Nikhil Yadav,Male,52,Delhi,Delhi,North
CUST-03348,4,4832.25,2398.76,2022-02-16,2024-12-28,4,6,1208.06,49.64,4,1050,5,1,1,511,New Customers,Sneha Banerjee,Female,38,Ahmedabad,Gujarat,West
CUST-03349,9,12841.5,4758.51,2022-02-22,2024-06-24,9,10,1426.83,37.06,191,1044,1,3,2,132,Regular Customers,Isha Iyer,Female,24,Kolkata,West Bengal,East
CUST-03350,11,12636.9,5050.61,2022-08-26,2024-10-24,11,15,1148.81,39.97,69,859,3,4,2,342,Regular Customers,Aarav Banerjee,Male,29,Nagpur,Maharashtra,West
CUST-03351,12,17053.15,5838.46,2022-01-12,2024-11-07,12,15,1421.1,34.24,55,1085,3,4,3,343,Loyal Customers,Amit Iyengar,Male,34,Hyderabad,Telangana,South
CUST-03352,7,17749.1,2604.64,2022-06-27,2024-11-22,7,9,2535.59,14.67,40,919,4,3,3,433,Loyal Customers,Nikhil Malhotra,Male,50,Ahmedabad,Gujarat,West
CUST-03353,7,9553.65,4939.28,2023-08-08,2024-11-13,7,9,1364.81,51.7,49,512,3,3,2,332,Regular Customers,Tanvi Reddy,Female,38,Bengaluru,Karnataka,South
CUST-03354,13,25711.2,10431.03,2022-06-24,2024-10-24,13,23,1977.78,40.57,69,922,3,4,4,344,Loyal Customers,Atharv Chatterjee,Male,30,Pune,Maharashtra,West
CUST-03355,4,2589.3999999999996,806.06,2023-08-12,2024-10-20,4,4,647.35,31.13,73,508,3,1,1,311,Regular Customers,Krishna Rao,Male,31,Mumbai,Maharashtra,West
CUST-03356,16,21855.05,8543.55,2022-12-04,2024-11-12,14,20,1365.94,39.09,50,759,3,5,3,353,Loyal Customers,Atharv Joshi,Male,39,Ahmedabad,Gujarat,West
CUST-03357,6,7245.85,2514.09,2024-05-09,2024-06-07,6,9,1207.64,34.7,208,237,1,2,1,121,Lost Customers,Sunita Kaur,Female,29,Bengaluru,Karnataka,South
CUST-03358,11,31412.85,6674.59,2023-12-08,2024-10-24,11,17,2855.71,21.25,69,390,3,4,4,344,Loyal Customers,Kavya Kaur,Female,34,Mumbai,Maharashtra,West
CUST-03359,23,38725.35,12246.21,2023-04-22,2024-12-27,23,32,1683.71,31.62,5,620,5,5,4,554,Champions,Saanvi Bhatia,Female,47,Delhi,Delhi,North
CUST-03360,6,14573.4,7439.64,2023-01-13,2024-10-27,6,9,2428.9,51.05,66,719,3,2,3,323,Regular Customers,Rajesh Bhatia,Male,18,Delhi,Delhi,North
CUST-03361,6,6665.05,2655.19,2023-06-22,2024-12-19,6,10,1110.84,39.84,13,559,5,2,1,521,Potential Loyalists,Ayaan Banerjee,Male,34,Pune,Maharashtra,West
CUST-03362,21,27646.85,10448.48,2022-02-12,2024-12-18,21,35,1316.52,37.79,14,1054,5,5,4,554,Champions,Tanvi Gupta,Female,18,Jaipur,Rajasthan,North
CUST-03363,23,22847.0,8297.85,2022-01-16,2024-12-24,22,28,993.35,36.32,8,1081,5,5,3,553,Loyal Customers,Pari Singh,Female,24,Chennai,Tamil Nadu,South
CUST-03364,7,62008.15,10665.630000000001,2024-01-22,2024-11-22,7,9,8858.31,17.2,40,345,4,3,5,435,Loyal Customers,Nandini Singh,Female,18,Bengaluru,Karnataka,South
CUST-03365,7,9941.05,4276.25,2023-12-28,2024-09-05,7,8,1420.15,43.02,118,370,2,3,2,232,Regular Customers,Rohan Tripathi,Male,20,Bhubaneswar,Odisha,East
CUST-03366,16,22961.45,5453.9,2022-12-27,2024-12-15,16,20,1435.09,23.75,17,736,5,5,4,554,Champions,Pallavi Kaur,Female,39,Mumbai,Maharashtra,West
CUST-03367,22,87202.75,29306.87,2023-05-17,2024-11-29,22,36,3963.76,33.61,33,595,4,5,5,455,Champions,Dhruv Banerjee,Male,60,Bengaluru,Karnataka,South
CUST-03368,5,4555.55,1402.17,2023-07-02,2024-07-05,5,9,911.11,30.78,180,549,1,2,1,121,Lost Customers,Kavya Joshi,Female,31,Ahmedabad,Gujarat,West
CUST-03369,11,21521.600000000002,4804.44,2022-12-09,2024-06-08,11,16,1956.51,22.32,207,754,1,4,3,143,At Risk,Amit Das,Male,39,Chennai,Tamil Nadu,South
CUST-03370,17,38533.6,12376.109999999999,2023-07-27,2024-10-18,17,32,2266.68,32.12,75,524,3,5,4,354,Loyal Customers,Aarohi Pillai,Female,27,Bhubaneswar,Odisha,East
CUST-03371,5,32543.4,5039.08,2023-01-09,2024-11-19,5,6,6508.68,15.48,43,723,4,2,4,424,Potential Loyalists,Anita Mishra,Female,19,Indore,Madhya Pradesh,Central
CUST-03372,5,2190.3,978.6999999999999,2022-01-10,2024-06-16,5,8,438.06,44.68,199,1087,1,2,1,121,Lost Customers,Aarav Iyer,Male,27,Delhi,Delhi,North
CUST-03373,11,39691.6,10087.57,2022-08-23,2024-11-30,11,18,3608.33,25.41,32,862,4,4,5,445,Champions,Ananya Iyengar,Female,33,Jaipur,Rajasthan,North
CUST-03374,12,17347.85,6432.99,2022-09-16,2024-12-01,12,16,1445.65,37.08,31,838,4,4,3,443,Loyal Customers,Rajesh Saxena,Male,30,Bengaluru,Karnataka,South
CUST-03375,7,8606.55,2639.63,2022-10-04,2024-11-04,7,9,1229.51,30.67,58,820,3,3,2,332,Regular Customers,Aditya Mishra,Male,28,Surat,Gujarat,West
CUST-03376,7,13791.1,3633.9,2022-08-18,2024-07-25,7,10,1970.16,26.35,160,867,2,3,3,233,At Risk,Vivaan Mehta,Male,34,Guwahati,Assam,East
CUST-03377,7,8762.949999999999,3349.51,2023-10-11,2024-10-14,7,12,1251.85,38.22,79,448,2,3,2,232,Regular Customers,Vihaan Verma,Male,25,Mumbai,Maharashtra,West
CUST-03378,7,7365.6,2578.21,2022-11-18,2024-03-11,7,14,1052.23,35.0,296,775,1,3,1,131,Regular Customers,Prisha Rao,Female,40,Patna,Bihar,East
CUST-03379,13,26066.6,6802.26,2022-08-17,2024-11-30,13,18,2005.12,26.1,32,868,4,4,4,444,Champions,Arjun Rao,Male,38,Patna,Bihar,East
CUST-03380,6,5900.200000000001,1965.95,2024-02-28,2024-10-19,6,10,983.37,33.32,74,308,3,2,1,321,Regular Customers,Amit Kaur,Male,52,Kolkata,West Bengal,East
CUST-03381,4,5505.05,1910.83,2022-09-04,2024-10-25,4,5,1376.26,34.71,68,850,3,1,1,311,Regular Customers,Aditya Das,Male,41,Delhi,Delhi,North
CUST-03382,10,94682.95,13588.84,2023-06-16,2024-12-24,10,14,9468.3,14.35,8,565,5,3,5,535,Loyal Customers,Anand Mehta,Male,29,Pune,Maharashtra,West
CUST-03383,4,7380.150000000001,1432.8899999999999,2024-07-17,2024-12-02,4,4,1845.04,19.42,30,168,4,1,1,411,New Customers,Aadhya Joshi,Female,28,Surat,Gujarat,West
CUST-03384,16,25727.45,7940.68,2022-05-29,2024-11-18,16,17,1607.97,30.86,44,948,4,5,4,454,Champions,Varun Rao,Male,19,Jaipur,Rajasthan,North
CUST-03385,7,27197.6,3368.7,2023-06-01,2024-11-08,7,8,3885.37,12.39,54,580,3,3,4,334,Loyal Customers,Divya Nair,Female,40,Chandigarh,Punjab,North
CUST-03386,22,31736.5,11037.53,2022-06-26,2024-12-15,22,31,1442.57,34.78,17,920,5,5,4,554,Champions,Pranav Malhotra,Male,32,Pune,Maharashtra,West
CUST-03387,15,26966.3,11152.25,2022-01-15,2024-12-28,15,19,1797.75,41.36,4,1082,5,4,4,544,Champions,Neha Joshi,Female,43,Hyderabad,Telangana,South
CUST-03388,9,21727.9,5963.76,2022-11-02,2024-12-22,9,11,2414.21,27.45,10,791,5,3,3,533,Loyal Customers,Rajesh Tripathi,Male,35,Delhi,Delhi,North
CUST-03389,12,20498.4,5926.07,2022-03-26,2024-12-23,11,19,1708.2,28.91,9,1012,5,4,3,543,Loyal Customers,Arjun Kaur,Male,45,Ahmedabad,Gujarat,West
CUST-03390,10,14275.7,5961.12,2022-07-24,2024-12-27,10,12,1427.57,41.76,5,892,5,3,3,533,Loyal Customers,Prisha Chatterjee,Female,47,Kolkata,West Bengal,East
CUST-03391,21,45989.9,13756.59,2024-03-07,2024-12-30,21,30,2190.0,29.91,2,300,5,5,5,555,Champions,Aadhya Joshi,Female,39,Lucknow,Uttar Pradesh,North
CUST-03392,10,47682.25,14826.210000000001,2022-02-08,2024-11-26,10,19,4768.23,31.09,36,1058,4,3,5,435,Loyal Customers,Rohan Chatterjee,Male,30,Pune,Maharashtra,West
CUST-03393,4,13097.900000000001,5208.3,2023-06-29,2024-10-26,4,5,3274.48,39.76,67,552,3,1,2,312,Regular Customers,Nandini Pandey,Female,35,Bengaluru,Karnataka,South
CUST-03394,9,6020.35,2237.76,2022-10-11,2024-02-07,9,9,668.93,37.17,329,813,1,3,1,131,Regular Customers,Amit Menon,Male,21,Surat,Gujarat,West
CUST-03395,6,7254.6,1054.72,2023-01-13,2024-12-10,6,7,1209.1,14.54,22,719,5,2,1,521,Potential Loyalists,Swati Das,Female,36,Hyderabad,Telangana,South
CUST-03396,24,49543.05,10575.65,2023-05-16,2024-12-21,24,28,2064.29,21.35,11,596,5,5,5,555,Champions,Prisha Menon,Female,41,Jaipur,Rajasthan,North
CUST-03397,8,10786.25,3460.18,2024-03-11,2024-07-24,8,9,1348.28,32.08,161,296,2,3,2,232,Regular Customers,Riya Sharma,Female,39,Surat,Gujarat,West
CUST-03398,13,29465.7,10504.79,2022-03-15,2024-06-11,12,15,2266.59,35.65,204,1023,1,4,4,144,At Risk,Sunita Pillai,Female,29,Surat,Gujarat,West
CUST-03399,10,17559.8,5042.35,2022-09-19,2024-11-17,10,11,1755.98,28.72,45,835,4,3,3,433,Loyal Customers,Ramesh Agarwal,Male,33,Mumbai,Maharashtra,West
CUST-03400,2,4795.1,1934.07,2023-04-01,2023-10-28,2,2,2397.55,40.33,431,641,1,1,1,111,Lost Customers,Priyanka Iyengar,Female,34,Kolkata,West Bengal,East
CUST-03401,27,82447.55,21754.09,2024-03-09,2024-11-25,24,42,3053.61,26.39,37,298,4,5,5,455,Champions,Vikram Tripathi,Male,20,Chennai,Tamil Nadu,South
CUST-03402,14,58144.299999999996,14010.380000000001,2023-03-23,2024-11-22,14,21,4153.16,24.1,40,650,4,4,5,445,Champions,Aanya Choudhury,Female,35,Mumbai,Maharashtra,West
CUST-03403,11,40385.3,6449.54,2023-08-15,2024-10-12,11,11,3671.39,15.97,81,505,2,4,5,245,At Risk,Rajesh Sharma,Male,42,Surat,Gujarat,West
CUST-03404,22,25143.4,10578.49,2023-08-05,2024-12-30,21,32,1142.88,42.07,2,515,5,5,4,554,Champions,Rekha Iyengar,Female,40,Bengaluru,Karnataka,South
CUST-03405,12,22122.05,9455.5,2022-12-20,2024-11-22,12,18,1843.5,42.74,40,743,4,4,3,443,Loyal Customers,Aadhya Verma,Female,37,Lucknow,Uttar Pradesh,North
CUST-03406,12,38832.399999999994,9900.15,2022-11-15,2024-03-28,11,17,3236.03,25.49,279,778,1,4,4,144,At Risk,Divya Malhotra,Female,48,Lucknow,Uttar Pradesh,North
CUST-03407,9,16147.900000000001,3352.36,2024-03-06,2024-09-24,9,12,1794.21,20.76,99,301,2,3,3,233,At Risk,Siddharth Joshi,Male,18,Delhi,Delhi,North
CUST-03408,4,19986.45,6189.4400000000005,2022-09-14,2024-06-21,4,8,4996.61,30.97,194,840,1,1,3,113,Lost Customers,Shaurya Yadav,Male,18,Delhi,Delhi,North
CUST-03409,9,48356.65,12820.01,2023-11-22,2024-11-02,9,17,5372.96,26.51,60,406,3,3,5,335,Loyal Customers,Priyanka Kaur,Female,44,Surat,Gujarat,West
CUST-03410,8,17800.199999999997,4012.74,2022-05-12,2024-10-10,8,9,2225.02,22.54,83,965,2,3,3,233,At Risk,Vivaan Das,Male,18,Lucknow,Uttar Pradesh,North
CUST-03411,7,15556.35,6605.55,2023-10-12,2024-06-01,7,9,2222.34,42.46,214,447,1,3,3,133,At Risk,Anjali Dutta,Female,34,Kolkata,West Bengal,East
CUST-03412,3,2709.95,906.4300000000001,2023-03-19,2023-11-23,3,5,903.32,33.45,405,654,1,1,1,111,Lost Customers,Pranav Kaur,Male,18,Coimbatore,Tamil Nadu,South
CUST-03413,17,63985.6,16516.17,2022-05-10,2024-11-05,16,29,3763.86,25.81,57,967,3,5,5,355,Loyal Customers,Ishaan Dutta,Male,32,Kolkata,West Bengal,East
CUST-03414,12,19632.9,7543.129999999999,2022-05-06,2024-05-22,12,18,1636.08,38.42,224,971,1,4,3,143,At Risk,Ramesh Das,Male,31,Bengaluru,Karnataka,South
CUST-03415,21,75639.3,21671.28,2024-05-23,2024-11-23,20,30,3601.87,28.65,39,223,4,5,5,455,Champions,Aarav Bhatia,Male,21,Ahmedabad,Gujarat,West
CUST-03416,3,6647.0,2452.88,2023-02-04,2024-10-07,3,3,2215.67,36.9,86,697,2,1,1,211,Lost Customers,Pooja Malhotra,Female,18,Hyderabad,Telangana,South
CUST-03417,6,11682.55,3684.76,2023-11-07,2024-12-11,6,7,1947.09,31.54,21,421,5,2,2,522,Potential Loyalists,Sneha Sharma,Female,18,Jaipur,Rajasthan,North
CUST-03418,7,28510.699999999997,5295.68,2022-01-15,2024-02-01,6,12,4072.96,18.57,335,1082,1,3,4,134,At Risk,Aanya Agarwal,Female,56,Bhopal,Madhya Pradesh,Central
CUST-03419,13,15030.599999999999,5924.74,2022-07-21,2024-10-17,13,23,1156.2,39.42,76,895,2,4,3,243,At Risk,Rahul Saxena,Male,29,Bengaluru,Karnataka,South
CUST-03420,13,44829.8,14191.8,2024-06-09,2024-09-15,13,22,3448.45,31.66,108,206,2,4,5,245,At Risk,Anjali Shah,Female,18,Kochi,Kerala,South
CUST-03421,6,13111.5,4557.59,2024-06-27,2024-10-14,6,8,2185.25,34.76,79,188,2,2,2,222,Lost Customers,Rekha Kaur,Female,36,Hyderabad,Telangana,South
CUST-03422,12,17724.8,6657.38,2022-07-07,2024-09-12,12,17,1477.07,37.56,111,909,2,4,3,243,At Risk,Ananya Singh,Female,38,Mumbai,Maharashtra,West
CUST-03423,8,6763.95,2737.64,2022-06-05,2023-11-22,8,13,845.49,40.47,406,941,1,3,1,131,Regular Customers,Deepa Dutta,Female,18,Jaipur,Rajasthan,North
CUST-03424,5,5502.85,1774.5100000000002,2024-02-02,2024-12-14,4,9,1100.57,32.25,18,334,5,2,1,521,Potential Loyalists,Tanvi Das,Female,36,Delhi,Delhi,North
CUST-03425,8,4994.4,2121.27,2022-08-26,2024-12-14,8,9,624.3,42.47,18,859,5,3,1,531,Potential Loyalists,Rahul Joshi,Male,53,Bhubaneswar,Odisha,East
CUST-03426,11,16395.25,8125.66,2023-01-30,2024-04-26,9,14,1490.48,49.56,250,702,1,4,3,143,At Risk,Priyanka Iyer,Female,18,Kolkata,West Bengal,East
CUST-03427,2,1589.1,461.31,2022-06-28,2024-04-11,2,2,794.55,29.03,265,918,1,1,1,111,Lost Customers,Pari Nair,Female,50,Delhi,Delhi,North
CUST-03428,7,8537.85,3028.6000000000004,2022-02-20,2024-11-03,7,11,1219.69,35.47,59,1046,3,3,2,332,Regular Customers,Siddharth Pillai,Male,28,Ahmedabad,Gujarat,West
CUST-03429,6,4510.05,1796.22,2024-03-02,2024-11-08,6,8,751.68,39.83,54,305,3,2,1,321,Regular Customers,Rohan Malhotra,Male,41,Hyderabad,Telangana,South
CUST-03430,14,18173.25,6429.55,2022-01-30,2024-10-05,14,15,1298.09,35.38,88,1067,2,4,3,243,At Risk,Suresh Joshi,Male,38,Patna,Bihar,East
CUST-03431,8,29087.9,6303.95,2024-06-27,2024-11-17,8,10,3635.99,21.67,45,188,4,3,4,434,Loyal Customers,Nandini Kaur,Female,22,Jaipur,Rajasthan,North
CUST-03432,23,34636.85,13765.72,2023-01-01,2024-11-07,23,31,1505.95,39.74,55,731,3,5,4,354,Loyal Customers,Pallavi Agarwal,Female,19,Delhi,Delhi,North
CUST-03433,8,36139.75,15521.129999999997,2023-08-09,2024-06-01,8,12,4517.47,42.95,214,511,1,3,4,134,At Risk,Rohan Tripathi,Male,36,Visakhapatnam,Andhra Pradesh,South
CUST-03434,28,77103.9,11052.82,2023-10-24,2024-12-14,28,40,2753.71,14.33,18,435,5,5,5,555,Champions,Diya Rao,Female,39,Surat,Gujarat,West
CUST-03435,19,47052.95,20789.48,2022-12-25,2024-12-30,19,34,2476.47,44.18,2,738,5,5,5,555,Champions,Amit Mehta,Male,28,Hyderabad,Telangana,South
CUST-03436,6,11758.7,2478.46,2023-11-22,2024-11-30,6,10,1959.78,21.08,32,406,4,2,2,422,Potential Loyalists,Pooja Nair,Female,55,Patna,Bihar,East
CUST-03437,20,74569.65000000001,17365.08,2022-12-31,2024-11-01,18,23,3728.48,23.29,61,732,3,5,5,355,Loyal Customers,Manish Bhatia,Male,18,Chennai,Tamil Nadu,South
CUST-03438,14,64740.85,14784.69,2023-08-13,2024-12-14,14,17,4624.35,22.84,18,507,5,4,5,545,Champions,Priyanka Reddy,Female,47,Bengaluru,Karnataka,South
CUST-03439,12,68190.6,7251.72,2022-08-02,2024-11-28,11,15,5682.55,10.63,34,883,4,4,5,445,Champions,Anita Bhatia,Female,38,Jaipur,Rajasthan,North
CUST-03440,6,4110.5,1321.4099999999999,2023-04-07,2024-10-14,6,10,685.08,32.15,79,635,2,2,1,221,Lost Customers,Rajesh Joshi,Male,21,Bengaluru,Karnataka,South
CUST-03441,5,9338.7,2538.12,2023-09-21,2024-11-06,5,9,1867.74,27.18,56,468,3,2,2,322,Regular Customers,Deepa Singh,Female,24,Kolkata,West Bengal,East
CUST-03442,13,19213.55,6899.18,2022-07-01,2024-07-14,13,17,1477.97,35.91,171,915,1,4,3,143,At Risk,Rahul Mukherjee,Male,45,Delhi,Delhi,North
CUST-03443,10,17029.35,6985.849999999999,2023-12-15,2024-11-12,10,14,1702.94,41.02,50,383,3,3,3,333,Loyal Customers,Varun Iyengar,Male,35,Lucknow,Uttar Pradesh,North
CUST-03444,13,32676.65,10820.09,2024-04-20,2024-10-17,13,20,2513.59,33.11,76,256,2,4,4,244,At Risk,Shreya Reddy,Female,34,Pune,Maharashtra,West
CUST-03445,10,20367.85,3868.6099999999997,2024-06-19,2024-10-29,10,10,2036.78,18.99,64,196,3,3,3,333,Loyal Customers,Navya Banerjee,Female,33,Mumbai,Maharashtra,West
CUST-03446,27,45802.4,12811.1,2022-02-07,2024-11-11,27,31,1696.39,27.97,51,1059,3,5,5,355,Loyal Customers,Aadhya Verma,Female,34,Coimbatore,Tamil Nadu,South
CUST-03447,13,26433.45,8846.65,2022-06-07,2024-10-31,11,17,2033.34,33.47,62,939,3,4,4,344,Loyal Customers,Diya Patel,Female,52,Guwahati,Assam,East
CUST-03448,7,23326.5,2593.73,2023-09-12,2024-10-31,7,9,3332.36,11.12,62,477,3,3,4,334,Loyal Customers,Rahul Agarwal,Male,42,Jaipur,Rajasthan,North
CUST-03449,4,4524.75,1592.87,2022-05-02,2024-11-04,4,5,1131.19,35.2,58,975,3,1,1,311,Regular Customers,Ayaan Choudhury,Male,46,Delhi,Delhi,North
CUST-03450,13,29254.45,6111.29,2023-02-28,2024-11-30,12,22,2250.34,20.89,32,673,4,4,4,444,Champions,Pranav Saxena,Male,50,Ahmedabad,Gujarat,West
CUST-03451,4,1952.1,760.83,2022-06-26,2024-05-17,4,5,488.02,38.97,229,920,1,1,1,111,Lost Customers,Kabir Agarwal,Male,41,Hyderabad,Telangana,South
CUST-03452,11,34978.95,15188.11,2022-04-28,2024-11-24,11,23,3179.9,43.42,38,979,4,4,4,444,Champions,Krishna Malhotra,Male,27,Surat,Gujarat,West
CUST-03453,14,30547.2,12098.55,2023-02-08,2024-12-27,14,15,2181.94,39.61,5,693,5,4,4,544,Champions,Aditya Menon,Male,49,Indore,Madhya Pradesh,Central
CUST-03454,7,17648.75,8494.36,2022-03-11,2024-10-18,7,14,2521.25,48.13,75,1027,3,3,3,333,Loyal Customers,Deepa Sharma,Female,18,Coimbatore,Tamil Nadu,South
CUST-03455,6,6091.85,2010.7199999999998,2023-02-17,2024-09-01,6,10,1015.31,33.01,122,684,2,2,1,221,Lost Customers,Shreya Menon,Female,21,Lucknow,Uttar Pradesh,North
CUST-03456,4,4756.9,944.3599999999999,2024-03-06,2024-09-03,4,8,1189.22,19.85,120,301,2,1,1,211,Lost Customers,Divya Banerjee,Female,29,Mumbai,Maharashtra,West
CUST-03457,12,25525.55,8884.71,2023-06-22,2024-12-12,12,22,2127.13,34.81,20,559,5,4,4,544,Champions,Kavya Iyer,Female,28,Jaipur,Rajasthan,North
CUST-03458,5,5887.5,2615.92,2022-03-01,2024-12-22,5,6,1177.5,44.43,10,1037,5,2,1,521,Potential Loyalists,Ayaan Mehta,Male,18,Chennai,Tamil Nadu,South
CUST-03459,6,28511.0,5993.74,2022-08-06,2023-11-14,6,9,4751.83,21.02,414,879,1,2,4,124,Lost Customers,Amit Mishra,Male,48,Coimbatore,Tamil Nadu,South
CUST-03460,10,8801.0,4056.8199999999997,2022-08-06,2024-11-02,10,12,880.1,46.09,60,879,3,3,2,332,Regular Customers,Aarav Singh,Male,27,Chennai,Tamil Nadu,South
CUST-03461,7,4058.0,1191.58,2023-07-01,2024-12-27,7,9,579.71,29.36,5,550,5,3,1,531,Potential Loyalists,Anita Bhatia,Female,48,Ahmedabad,Gujarat,West
CUST-03462,25,72981.1,17682.81,2024-01-26,2024-12-29,25,29,2919.24,24.23,3,341,5,5,5,555,Champions,Kabir Banerjee,Male,29,Ahmedabad,Gujarat,West
CUST-03463,6,10540.4,4227.4400000000005,2023-12-24,2024-05-13,6,6,1756.73,40.11,233,374,1,2,2,122,Lost Customers,Shaurya Saxena,Male,67,Bhubaneswar,Odisha,East
CUST-03464,9,10100.95,4145.72,2024-03-22,2024-12-13,9,10,1122.33,41.04,19,285,5,3,2,532,Potential Loyalists,Siddharth Mehta,Male,45,Bengaluru,Karnataka,South
CUST-03465,14,15499.25,5340.72,2023-01-05,2024-10-26,14,16,1107.09,34.46,67,727,3,4,3,343,Loyal Customers,Amit Rao,Male,32,Chennai,Tamil Nadu,South
CUST-03466,16,32717.1,12206.16,2022-02-08,2024-12-09,16,30,2044.82,37.31,23,1058,5,5,4,554,Champions,Vikram Yadav,Male,33,Indore,Madhya Pradesh,Central
CUST-03467,21,82371.15,26828.690000000002,2023-02-13,2024-10-14,21,30,3922.44,32.57,79,688,2,5,5,255,At Risk,Rohan Pillai,Male,18,Patna,Bihar,East
CUST-03468,17,42478.85,9524.68,2022-10-04,2024-11-17,17,28,2498.76,22.42,45,820,4,5,5,455,Champions,Priyanka Gupta,Female,18,Lucknow,Uttar Pradesh,North
CUST-03469,2,2015.1,892.14,2023-10-01,2023-11-29,2,2,1007.55,44.27,399,458,1,1,1,111,Lost Customers,Khushi Malhotra,Female,29,Nagpur,Maharashtra,West
CUST-03470,3,9954.15,1889.97,2024-01-30,2024-12-29,3,7,3318.05,18.99,3,337,5,1,2,512,New Customers,Vivaan Mukherjee,Male,40,Hyderabad,Telangana,South
CUST-03471,26,62155.05,10791.69,2022-08-22,2024-11-13,25,34,2390.58,17.36,49,863,3,5,5,355,Loyal Customers,Isha Pandey,Female,22,Bengaluru,Karnataka,South
CUST-03472,10,13208.5,4909.0199999999995,2023-01-04,2024-06-27,10,10,1320.85,37.17,188,728,1,3,2,132,Regular Customers,Kavya Nair,Female,22,Chennai,Tamil Nadu,South
CUST-03473,9,9886.35,4013.16,2022-08-14,2024-06-24,8,11,1098.48,40.59,191,871,1,3,2,132,Regular Customers,Rekha Saxena,Female,36,Delhi,Delhi,North
CUST-03474,24,27417.95,10461.5,2023-11-28,2024-11-30,24,27,1142.41,38.16,32,400,4,5,4,454,Champions,Priyanka Patel,Female,40,Bengaluru,Karnataka,South
CUST-03475,18,59028.3,17473.79,2023-04-01,2024-12-04,18,35,3279.35,29.6,28,641,4,5,5,455,Champions,Amit Joshi,Male,34,Mumbai,Maharashtra,West
CUST-03476,11,23503.7,8594.24,2022-08-21,2024-12-22,11,14,2136.7,36.57,10,864,5,4,4,544,Champions,Vikram Das,Male,23,Bengaluru,Karnataka,South
CUST-03477,15,17482.65,4952.42,2022-06-28,2024-12-29,15,19,1165.51,28.33,3,918,5,4,3,543,Loyal Customers,Varun Agarwal,Male,46,Indore,Madhya Pradesh,Central
CUST-03478,5,8184.4,3156.3500000000004,2023-06-06,2024-11-04,5,7,1636.88,38.57,58,575,3,2,2,322,Regular Customers,Vivaan Reddy,Male,37,Bengaluru,Karnataka,South
CUST-03479,5,11454.3,4786.99,2023-04-06,2024-07-27,5,6,2290.86,41.79,158,636,2,2,2,222,Lost Customers,Meera Tripathi,Female,24,Lucknow,Uttar Pradesh,North
CUST-03480,23,85989.5,18348.11,2022-11-09,2024-11-24,22,27,3738.67,21.34,38,784,4,5,5,455,Champions,Anjali Pandey,Female,18,Bengaluru,Karnataka,South
CUST-03481,9,36527.40000000001,3525.01,2022-02-11,2024-11-29,8,10,4058.6,9.65,33,1055,4,3,4,434,Loyal Customers,Swati Agarwal,Female,32,Delhi,Delhi,North
CUST-03483,6,35840.9,11612.36,2022-01-27,2024-07-21,6,11,5973.48,32.4,164,1070,2,2,4,224,Lost Customers,Deepak Pandey,Male,35,Mumbai,Maharashtra,West
CUST-03484,14,70525.25,21379.969999999998,2024-05-12,2024-12-01,14,21,5037.52,30.32,31,234,4,4,5,445,Champions,Aditya Pillai,Male,18,Mumbai,Maharashtra,West
CUST-03485,6,156503.45,27626.78,2024-02-07,2024-10-30,6,9,26083.91,17.65,63,329,3,2,5,325,Regular Customers,Pallavi Gupta,Female,37,Mumbai,Maharashtra,West
CUST-03486,6,30671.85,7397.88,2022-07-17,2024-12-30,6,7,5111.97,24.12,2,899,5,2,4,524,Potential Loyalists,Arjun Shah,Male,24,Kolkata,West Bengal,East
CUST-03487,11,33182.35,10609.21,2022-10-26,2024-11-06,11,13,3016.58,31.97,56,798,3,4,4,344,Loyal Customers,Rahul Iyengar,Male,38,Chennai,Tamil Nadu,South
CUST-03488,10,95312.55,-2091.38,2022-10-07,2024-11-14,10,13,9531.26,-2.19,48,817,3,3,5,335,Loyal Customers,Kabir Iyer,Male,47,Surat,Gujarat,West
CUST-03489,17,24639.85,9696.66,2022-08-05,2024-10-29,17,22,1449.4,39.35,64,880,3,5,4,354,Loyal Customers,Nandini Patel,Female,18,Mumbai,Maharashtra,West
CUST-03490,5,3097.25,1476.72,2022-02-24,2024-03-02,5,5,619.45,47.68,305,1042,1,2,1,121,Lost Customers,Saanvi Choudhury,Female,37,Bengaluru,Karnataka,South
CUST-03491,14,22891.600000000002,7702.52,2022-01-22,2024-12-25,13,23,1635.11,33.65,7,1075,5,4,4,544,Champions,Gaurav Nair,Male,24,Pune,Maharashtra,West
CUST-03492,12,44055.799999999996,13605.26,2023-02-17,2024-11-12,12,16,3671.32,30.88,50,684,3,4,5,345,Loyal Customers,Vivaan Nair,Male,38,Delhi,Delhi,North
CUST-03493,7,18894.25,8636.75,2023-05-28,2024-12-18,7,12,2699.18,45.71,14,584,5,3,3,533,Loyal Customers,Prisha Das,Female,18,Delhi,Delhi,North
CUST-03494,18,37087.95,12609.74,2022-01-15,2024-10-18,18,30,2060.44,34.0,75,1082,3,5,4,354,Loyal Customers,Vihaan Menon,Male,18,Bhubaneswar,Odisha,East
CUST-03495,6,4221.2,1692.06,2023-01-07,2023-12-22,6,6,703.53,40.08,376,725,1,2,1,121,Lost Customers,Pranav Rao,Male,29,Patna,Bihar,East
CUST-03496,8,71363.7,12336.33,2022-06-02,2024-11-21,8,10,8920.46,17.29,41,944,4,3,5,435,Loyal Customers,Kabir Agarwal,Male,29,Mumbai,Maharashtra,West
CUST-03497,6,7172.7,2361.21,2022-04-10,2024-11-23,5,11,1195.45,32.92,39,997,4,2,1,421,Potential Loyalists,Aditya Banerjee,Male,47,Delhi,Delhi,North
CUST-03498,11,12295.1,4715.47,2024-01-09,2024-12-07,11,19,1117.74,38.35,25,358,5,4,2,542,Regular Customers,Anand Choudhury,Male,37,Surat,Gujarat,West
CUST-03499,18,12298.65,4298.32,2022-06-03,2024-11-02,17,26,683.26,34.95,60,943,3,5,2,352,Regular Customers,Anita Sharma,Female,48,Chennai,Tamil Nadu,South
CUST-03500,8,18409.050000000003,3452.0199999999995,2022-12-18,2024-10-08,8,12,2301.13,18.75,85,745,2,3,3,233,At Risk,Aadhya Verma,Female,38,Hyderabad,Telangana,South
CUST-03501,10,9216.85,3134.87,2022-10-08,2024-12-14,10,10,921.68,34.01,18,816,5,3,2,532,Potential Loyalists,Ishaan Verma,Male,26,Visakhapatnam,Andhra Pradesh,South
CUST-03502,14,28364.25,10187.36,2022-05-22,2024-11-13,14,18,2026.02,35.92,49,955,3,4,4,344,Loyal Customers,Manish Tripathi,Male,50,Surat,Gujarat,West
CUST-03504,9,12150.55,4114.05,2022-04-06,2024-10-04,9,10,1350.06,33.86,89,1001,2,3,2,232,Regular Customers,Aarohi Kaur,Female,25,Chennai,Tamil Nadu,South
CUST-03505,12,54597.299999999996,12506.58,2023-10-20,2024-05-10,12,19,4549.77,22.91,236,439,1,4,5,145,At Risk,Anjali Mehta,Female,18,Delhi,Delhi,North
CUST-03506,4,8999.6,1512.13,2022-04-17,2023-07-24,4,6,2249.9,16.8,527,990,1,1,2,112,Lost Customers,Siddharth Rao,Male,30,Indore,Madhya Pradesh,Central
CUST-03507,5,7542.2,3297.95,2024-02-19,2024-05-31,5,7,1508.44,43.73,215,317,1,2,2,122,Lost Customers,Khushi Rao,Female,20,Kolkata,West Bengal,East
CUST-03508,17,25499.45,7475.68,2023-12-16,2024-12-29,17,24,1499.97,29.32,3,382,5,5,4,554,Champions,Manish Patel,Male,43,Kochi,Kerala,South
CUST-03509,7,17010.2,7134.03,2024-01-19,2024-12-07,7,10,2430.03,41.94,25,348,5,3,3,533,Loyal Customers,Shaurya Das,Other,31,Delhi,Delhi,North
CUST-03510,26,47350.55,14087.44,2023-04-23,2024-10-27,26,36,1821.18,29.75,66,619,3,5,5,355,Loyal Customers,Aanya Rao,Female,32,Ahmedabad,Gujarat,West
CUST-03511,8,33170.0,6296.849999999999,2022-10-12,2024-12-21,8,16,4146.25,18.98,11,812,5,3,4,534,Loyal Customers,Neha Iyer,Female,42,Lucknow,Uttar Pradesh,North
CUST-03512,7,22357.649999999998,11069.039999999999,2023-12-19,2024-09-29,7,11,3193.95,49.51,94,379,2,3,3,233,At Risk,Varun Bhatia,Male,24,Pune,Maharashtra,West
CUST-03513,8,22283.350000000002,9003.099999999999,2022-03-23,2024-11-11,8,13,2785.42,40.4,51,1015,3,3,3,333,Loyal Customers,Anand Chatterjee,Male,44,Chennai,Tamil Nadu,South
CUST-03514,7,28364.2,8960.33,2022-01-23,2024-11-18,7,13,4052.03,31.59,44,1074,4,3,4,434,Loyal Customers,Tanvi Pandey,Female,31,Pune,Maharashtra,West
CUST-03515,18,29520.65,9955.23,2023-06-24,2024-11-26,18,31,1640.04,33.72,36,557,4,5,4,454,Champions,Ayaan Das,Male,35,Hyderabad,Telangana,South
CUST-03516,10,13647.1,3378.1000000000004,2022-01-24,2024-12-19,9,13,1364.71,24.75,13,1073,5,3,2,532,Potential Loyalists,Rohan Malhotra,Male,62,Chennai,Tamil Nadu,South
CUST-03517,11,47568.85,15209.3,2022-08-26,2024-10-15,11,15,4324.44,31.97,78,859,2,4,5,245,At Risk,Vivaan Shah,Male,30,Bengaluru,Karnataka,South
CUST-03518,1,1019.0,638.74,2023-10-24,2023-10-24,1,1,1019.0,62.68,435,435,1,1,1,111,Lost Customers,Khushi Pandey,Female,23,Hyderabad,Telangana,South
CUST-03519,9,36227.15,12513.49,2023-03-03,2024-12-06,9,22,4025.24,34.54,26,670,4,3,4,434,Loyal Customers,Rekha Mukherjee,Female,53,Bengaluru,Karnataka,South
CUST-03520,10,49692.7,4829.19,2023-03-03,2024-10-17,10,17,4969.27,9.72,76,670,2,3,5,235,At Risk,Rekha Nair,Female,36,Kolkata,West Bengal,East
CUST-03521,9,16918.65,7179.34,2023-02-23,2024-10-02,9,16,1879.85,42.43,91,678,2,3,3,233,At Risk,Isha Mehta,Female,24,Jaipur,Rajasthan,North
CUST-03522,16,19355.0,6924.83,2022-05-07,2024-10-04,16,25,1209.69,35.78,89,970,2,5,3,253,At Risk,Kabir Chatterjee,Male,30,Kolkata,West Bengal,East
CUST-03523,20,90842.9,13753.0,2022-12-21,2024-11-30,19,23,4542.14,15.14,32,742,4,5,5,455,Champions,Vivaan Chatterjee,Male,34,Chennai,Tamil Nadu,South
CUST-03524,21,85087.7,17494.39,2022-11-21,2024-10-30,21,34,4051.8,20.56,63,772,3,5,5,355,Loyal Customers,Pallavi Mukherjee,Female,33,Kolkata,West Bengal,East
CUST-03525,5,20368.85,3806.3100000000004,2024-05-05,2024-12-13,5,8,4073.77,18.69,19,241,5,2,3,523,Potential Loyalists,Varun Shah,Male,25,Pune,Maharashtra,West
CUST-03526,6,24501.399999999998,4813.86,2024-06-27,2024-10-25,6,7,4083.57,19.65,68,188,3,2,4,324,Regular Customers,Aarav Reddy,Male,43,Chennai,Tamil Nadu,South
CUST-03527,14,39540.6,6934.15,2022-01-12,2024-12-24,14,21,2824.33,17.54,8,1085,5,4,5,545,Champions,Kabir Mishra,Male,29,Patna,Bihar,East
CUST-03528,15,27532.85,9609.91,2022-10-30,2024-12-03,15,19,1835.52,34.9,29,794,4,4,4,444,Champions,Vikram Nair,Male,32,Ahmedabad,Gujarat,West
CUST-03529,13,36702.049999999996,5981.24,2023-05-24,2024-12-20,12,20,2823.23,16.3,12,588,5,4,4,544,Champions,Vikram Menon,Male,34,Mumbai,Maharashtra,West
CUST-03530,2,1436.25,586.56,2023-12-27,2024-03-07,2,3,718.12,40.84,300,371,1,1,1,111,Lost Customers,Suresh Choudhury,Male,32,Bengaluru,Karnataka,South
CUST-03531,8,8143.15,3110.14,2022-05-17,2024-11-17,8,10,1017.89,38.19,45,960,4,3,2,432,Potential Loyalists,Pari Menon,Female,28,Mumbai,Maharashtra,West
CUST-03532,7,29312.3,11550.08,2023-02-11,2024-10-06,7,9,4187.47,39.4,87,690,2,3,4,234,At Risk,Saanvi Shah,Female,38,Hyderabad,Telangana,South
CUST-03533,6,4644.65,1533.0,2024-01-18,2024-04-03,6,6,774.11,33.01,273,349,1,2,1,121,Lost Customers,Isha Choudhury,Female,21,Patna,Bihar,East
CUST-03534,11,10641.7,2453.4,2022-05-04,2024-12-26,11,17,967.43,23.05,6,973,5,4,2,542,Regular Customers,Suresh Nair,Male,40,Delhi,Delhi,North
CUST-03535,7,69741.1,11871.62,2022-06-05,2024-06-24,7,10,9963.01,17.02,191,941,1,3,5,135,At Risk,Atharv Shah,Other,52,Delhi,Delhi,North
CUST-03536,4,6905.3,2611.5699999999997,2024-06-11,2024-07-12,4,4,1726.32,37.82,173,204,1,1,1,111,Lost Customers,Anita Choudhury,Female,26,Chandigarh,Punjab,North
CUST-03537,6,7641.599999999999,2181.05,2022-11-08,2024-09-18,6,11,1273.6,28.54,105,785,2,2,2,222,Lost Customers,Ishaan Banerjee,Male,37,Hyderabad,Telangana,South
CUST-03538,8,19759.35,6242.719999999999,2023-06-30,2024-11-21,8,9,2469.92,31.59,41,551,4,3,3,433,Loyal Customers,Rekha Saxena,Female,45,Pune,Maharashtra,West
CUST-03539,2,3088.2,1337.25,2023-08-28,2023-09-08,2,2,1544.1,43.3,481,492,1,1,1,111,Lost Customers,Rohan Sharma,Male,18,Hyderabad,Telangana,South
CUST-03540,4,17707.1,4043.6400000000003,2024-02-16,2024-03-13,4,5,4426.77,22.84,294,320,1,1,3,113,Lost Customers,Navya Iyer,Female,21,Kolkata,West Bengal,East
CUST-03541,5,17518.75,6897.94,2022-02-14,2024-10-22,5,6,3503.75,39.37,71,1052,3,2,3,323,Regular Customers,Aanya Banerjee,Female,25,Bhopal,Madhya Pradesh,Central
CUST-03542,12,33485.2,8117.5199999999995,2022-10-15,2024-11-07,12,19,2790.43,24.24,55,809,3,4,4,344,Loyal Customers,Neha Chatterjee,Female,18,Pune,Maharashtra,West
CUST-03543,17,65686.85,19688.52,2022-06-14,2024-10-30,17,24,3863.93,29.97,63,932,3,5,5,355,Loyal Customers,Rohan Saxena,Male,18,Guwahati,Assam,East
CUST-03544,10,14261.1,4116.7,2023-10-14,2024-10-10,10,18,1426.11,28.87,83,445,2,3,3,233,At Risk,Krishna Shah,Male,25,Bhubaneswar,Odisha,East
CUST-03545,22,45036.799999999996,10431.69,2022-07-07,2024-12-09,21,30,2047.13,23.16,23,909,5,5,5,555,Champions,Divya Saxena,Female,39,Kochi,Kerala,South
CUST-03546,9,17840.6,5400.79,2022-11-18,2024-12-21,9,13,1982.29,30.27,11,775,5,3,3,533,Loyal Customers,Divya Verma,Female,18,Delhi,Delhi,North
CUST-03547,24,27329.8,8904.82,2023-11-13,2024-12-04,23,34,1138.74,32.58,28,415,4,5,4,454,Champions,Vivaan Saxena,Male,29,Ahmedabad,Gujarat,West
CUST-03548,13,26273.55,9888.1,2022-03-27,2024-10-06,13,18,2021.04,37.64,87,1011,2,4,4,244,At Risk,Priyanka Reddy,Female,31,Hyderabad,Telangana,South
CUST-03549,12,20505.65,6168.98,2022-06-29,2024-12-30,11,15,1708.8,30.08,2,917,5,4,3,543,Loyal Customers,Isha Verma,Female,18,Delhi,Delhi,North
CUST-03550,6,7965.0,2924.13,2023-01-04,2024-11-26,6,10,1327.5,36.71,36,728,4,2,2,422,Potential Loyalists,Saanvi Kaur,Female,49,Patna,Bihar,East
CUST-03551,4,94826.25,13376.67,2022-05-23,2023-09-24,4,9,23706.56,14.11,465,954,1,1,5,115,Lost Customers,Aanya Mukherjee,Female,34,Indore,Madhya Pradesh,Central
CUST-03552,5,32416.199999999997,6873.34,2023-06-30,2024-06-07,5,9,6483.24,21.2,208,551,1,2,4,124,Lost Customers,Aditya Iyengar,Male,24,Kochi,Kerala,South
CUST-03553,8,15967.8,4204.98,2022-02-28,2024-10-13,8,11,1995.98,26.33,80,1038,2,3,3,233,At Risk,Aadhya Patel,Female,29,Patna,Bihar,East
CUST-03554,4,4888.4,2173.2,2023-12-09,2024-10-10,4,7,1222.1,44.46,83,389,2,1,1,211,Lost Customers,Navya Pandey,Female,22,Kolkata,West Bengal,East
CUST-03555,3,2284.1,579.05,2024-02-07,2024-10-20,3,3,761.37,25.35,73,329,3,1,1,311,Regular Customers,Prisha Tripathi,Female,42,Delhi,Delhi,North
CUST-03556,3,24298.149999999998,3457.77,2023-01-28,2024-10-26,3,3,8099.38,14.23,67,704,3,1,4,314,Regular Customers,Meera Mukherjee,Female,38,Kolkata,West Bengal,East
CUST-03557,6,4747.85,890.14,2023-02-22,2024-12-02,6,11,791.31,18.75,30,679,4,2,1,421,Potential Loyalists,Kabir Tripathi,Male,36,Surat,Gujarat,West
CUST-03558,7,13703.4,5588.26,2022-05-04,2024-10-10,7,8,1957.63,40.78,83,973,2,3,2,232,Regular Customers,Khushi Mukherjee,Female,18,Nagpur,Maharashtra,West
CUST-03559,20,36725.0,13175.529999999999,2022-01-17,2024-11-09,18,27,1836.25,35.88,53,1080,3,5,4,354,Loyal Customers,Vivaan Joshi,Male,42,Jaipur,Rajasthan,North
CUST-03560,8,31120.2,4059.09,2024-06-04,2024-11-25,8,11,3890.02,13.04,37,211,4,3,4,434,Loyal Customers,Saanvi Malhotra,Female,39,Pune,Maharashtra,West
CUST-03561,11,10885.35,4149.56,2023-11-25,2024-12-28,11,18,989.58,38.12,4,403,5,4,2,542,Regular Customers,Meera Iyengar,Female,31,Patna,Bihar,East
CUST-03562,3,6406.15,2705.4500000000003,2022-04-07,2024-07-31,3,3,2135.38,42.23,154,1000,2,1,1,211,Lost Customers,Deepak Rao,Male,34,Bengaluru,Karnataka,South
CUST-03563,5,3872.35,707.44,2022-07-29,2023-09-21,5,6,774.47,18.27,468,887,1,2,1,121,Lost Customers,Priyanka Verma,Female,47,Bengaluru,Karnataka,South
CUST-03564,29,86137.8,27271.14,2022-05-28,2024-10-12,28,42,2970.27,31.66,81,949,2,5,5,255,At Risk,Manish Gupta,Male,29,Kolkata,West Bengal,East
CUST-03565,24,36317.6,5263.1,2023-11-05,2024-12-27,23,32,1513.23,14.49,5,423,5,5,4,554,Champions,Ayaan Banerjee,Male,23,Chennai,Tamil Nadu,South
CUST-03566,8,38111.5,8318.61,2023-05-11,2024-11-25,8,8,4763.94,21.83,37,601,4,3,4,434,Loyal Customers,Manish Chatterjee,Male,43,Bengaluru,Karnataka,South
CUST-03567,9,23755.050000000003,5149.54,2023-12-25,2024-11-27,9,15,2639.45,21.68,35,373,4,3,4,434,Loyal Customers,Aarohi Yadav,Female,37,Coimbatore,Tamil Nadu,South
CUST-03568,4,4485.0,1785.68,2023-12-15,2024-01-10,4,5,1121.25,39.81,357,383,1,1,1,111,Lost Customers,Neha Iyer,Female,22,Bhopal,Madhya Pradesh,Central
CUST-03569,13,14679.95,4581.96,2022-02-04,2024-11-08,12,17,1129.23,31.21,54,1062,3,4,3,343,Loyal Customers,Shaurya Shah,Male,37,Lucknow,Uttar Pradesh,North
CUST-03570,5,57900.35,9723.210000000001,2022-06-13,2024-04-13,5,12,11580.07,16.79,263,933,1,2,5,125,Lost Customers,Khushi Agarwal,Female,29,Jaipur,Rajasthan,North
CUST-03571,7,5634.4,1673.8,2023-01-27,2024-12-30,7,11,804.91,29.71,2,705,5,3,1,531,Potential Loyalists,Kunal Choudhury,Male,29,Coimbatore,Tamil Nadu,South
CUST-03572,16,16055.6,3772.68,2022-11-07,2024-11-25,16,28,1003.48,23.5,37,786,4,5,3,453,Loyal Customers,Shaurya Dutta,Male,54,Bengaluru,Karnataka,South
CUST-03573,5,3519.3,1349.88,2023-05-05,2024-07-13,5,9,703.86,38.36,172,607,1,2,1,121,Lost Customers,Riya Dutta,Female,33,Delhi,Delhi,North
CUST-03574,8,14609.6,4111.7,2023-11-03,2024-06-07,8,13,1826.2,28.14,208,425,1,3,3,133,At Risk,Atharv Chatterjee,Male,48,Jaipur,Rajasthan,North
CUST-03575,9,46521.55,9718.27,2023-09-21,2024-07-25,9,14,5169.06,20.89,160,468,2,3,5,235,At Risk,Atharv Singh,Male,27,Bhopal,Madhya Pradesh,Central
CUST-03576,5,4520.75,1874.5800000000002,2023-05-10,2024-12-03,5,6,904.15,41.47,29,602,4,2,1,421,Potential Loyalists,Rohan Mishra,Male,46,Delhi,Delhi,North
CUST-03577,25,38343.45,10167.21,2022-08-13,2024-11-14,24,35,1533.74,26.52,48,872,3,5,4,354,Loyal Customers,Siddharth Pandey,Male,41,Bengaluru,Karnataka,South
CUST-03578,5,10002.699999999999,2412.04,2024-06-09,2024-12-22,5,8,2000.54,24.11,10,206,5,2,2,522,Potential Loyalists,Ayaan Choudhury,Male,30,Nagpur,Maharashtra,West
CUST-03579,6,14425.0,4810.24,2024-06-02,2024-12-29,6,6,2404.17,33.35,3,213,5,2,3,523,Potential Loyalists,Rajesh Bhatia,Male,25,Mumbai,Maharashtra,West
CUST-03580,7,19531.05,6271.23,2022-10-16,2024-11-03,7,8,2790.15,32.11,59,808,3,3,3,333,Loyal Customers,Khushi Reddy,Female,44,Delhi,Delhi,North
CUST-03581,12,18774.65,5931.91,2023-11-02,2024-11-23,12,20,1564.55,31.6,39,426,4,4,3,443,Loyal Customers,Prisha Pillai,Female,30,Mumbai,Maharashtra,West
CUST-03582,20,41565.8,13209.31,2022-02-25,2024-11-24,20,27,2078.29,31.78,38,1041,4,5,5,455,Champions,Suresh Iyer,Male,31,Mumbai,Maharashtra,West
CUST-03584,9,6039.0,2305.38,2024-02-18,2024-11-16,9,10,671.0,38.17,46,318,4,3,1,431,Potential Loyalists,Prisha Shah,Female,30,Coimbatore,Tamil Nadu,South
CUST-03585,10,15570.4,5433.11,2022-02-03,2024-12-15,10,11,1557.04,34.89,17,1063,5,3,3,533,Loyal Customers,Sneha Dutta,Female,29,Hyderabad,Telangana,South
CUST-03586,5,8982.4,3841.19,2023-06-06,2024-12-20,5,6,1796.48,42.76,12,575,5,2,2,522,Potential Loyalists,Aanya Pandey,Female,41,Ahmedabad,Gujarat,West
CUST-03587,8,19383.25,6352.639999999999,2022-07-29,2024-07-25,8,9,2422.91,32.77,160,887,2,3,3,233,At Risk,Sai Gupta,Male,34,Kochi,Kerala,South
CUST-03588,22,92171.1,17116.95,2023-03-09,2024-12-01,22,28,4189.6,18.57,31,664,4,5,5,455,Champions,Amit Agarwal,Male,32,Chandigarh,Punjab,North
CUST-03589,15,24310.9,9569.04,2023-04-06,2024-11-29,14,24,1620.73,39.36,33,636,4,4,4,444,Champions,Atharv Bhatia,Male,29,Hyderabad,Telangana,South
CUST-03590,8,17482.45,8248.92,2023-03-15,2024-08-17,8,14,2185.31,47.18,137,658,2,3,3,233,At Risk,Ayaan Das,Male,24,Kochi,Kerala,South
CUST-03591,12,18393.5,7116.99,2022-11-27,2024-08-30,12,18,1532.79,38.69,124,766,2,4,3,243,At Risk,Pranav Pandey,Male,24,Delhi,Delhi,North
CUST-03592,10,13738.8,4537.55,2022-10-01,2024-10-26,10,11,1373.88,33.03,67,823,3,3,2,332,Regular Customers,Neha Malhotra,Female,34,Ahmedabad,Gujarat,West
CUST-03593,27,70120.5,23337.54,2023-07-14,2024-12-26,26,34,2597.06,33.28,6,537,5,5,5,555,Champions,Pallavi Rao,Female,41,Guwahati,Assam,East
CUST-03594,2,7833.1,3409.68,2023-11-23,2024-08-03,2,2,3916.55,43.53,151,405,2,1,2,212,Lost Customers,Divya Menon,Female,28,Bhopal,Madhya Pradesh,Central
CUST-03595,13,17451.6,5597.63,2022-01-21,2024-10-01,12,17,1342.43,32.08,92,1076,2,4,3,243,At Risk,Sneha Das,Female,43,Kochi,Kerala,South
CUST-03596,30,52881.4,19570.420000000002,2024-04-23,2024-10-21,30,47,1762.71,37.01,72,253,3,5,5,355,Loyal Customers,Tanvi Choudhury,Female,18,Mumbai,Maharashtra,West
CUST-03597,3,3872.9,2008.87,2022-08-13,2023-03-07,3,4,1290.97,51.87,666,872,1,1,1,111,Lost Customers,Varun Iyengar,Male,28,Coimbatore,Tamil Nadu,South
CUST-03598,5,6620.75,2537.04,2024-05-13,2024-05-31,5,7,1324.15,38.32,215,233,1,2,1,121,Lost Customers,Aarav Banerjee,Male,26,Delhi,Delhi,North
CUST-03599,2,2320.05,1065.1799999999998,2023-03-02,2023-04-23,2,3,1160.03,45.91,619,671,1,1,1,111,Lost Customers,Manish Menon,Male,40,Delhi,Delhi,North
CUST-03600,7,13313.55,5060.11,2024-04-20,2024-08-27,7,13,1901.94,38.01,127,256,2,3,2,232,Regular Customers,Sai Iyengar,Male,58,Bengaluru,Karnataka,South
CUST-03601,5,45322.55,5465.570000000001,2023-04-13,2024-07-24,5,6,9064.51,12.06,161,629,2,2,5,225,Lost Customers,Nikhil Malhotra,Male,25,Chandigarh,Punjab,North
CUST-03602,4,4437.8,1248.03,2024-03-14,2024-08-09,4,6,1109.45,28.12,145,293,2,1,1,211,Lost Customers,Shaurya Verma,Male,32,Jaipur,Rajasthan,North
CUST-03603,10,8953.6,3447.2099999999996,2023-11-11,2023-12-07,10,12,895.36,38.5,391,417,1,3,2,132,Regular Customers,Amit Banerjee,Male,49,Surat,Gujarat,West
CUST-03604,5,19543.65,4440.3,2022-10-30,2024-12-17,5,8,3908.73,22.72,15,794,5,2,3,523,Potential Loyalists,Kabir Joshi,Male,37,Hyderabad,Telangana,South
CUST-03605,2,2881.55,1579.61,2022-01-23,2022-08-22,2,2,1440.78,54.82,863,1074,1,1,1,111,Lost Customers,Nikhil Saxena,Male,22,Hyderabad,Telangana,South
CUST-03606,7,6468.15,2855.88,2022-04-03,2024-12-24,7,9,924.02,44.15,8,1004,5,3,1,531,Potential Loyalists,Anand Tripathi,Male,32,Ahmedabad,Gujarat,West
CUST-03607,11,37417.450000000004,6903.8,2024-06-16,2024-11-30,11,13,3401.59,18.45,32,199,4,4,4,444,Champions,Kavya Banerjee,Female,44,Mumbai,Maharashtra,West
CUST-03608,8,7660.65,3657.44,2022-06-21,2024-12-20,8,9,957.58,47.74,12,925,5,3,2,532,Potential Loyalists,Navya Joshi,Female,36,Chennai,Tamil Nadu,South
CUST-03609,3,32445.649999999998,13721.32,2023-06-28,2024-10-19,3,6,10815.22,42.29,74,553,3,1,4,314,Regular Customers,Krishna Iyer,Male,25,Lucknow,Uttar Pradesh,North
CUST-03610,20,87326.15,19605.7,2022-06-29,2024-12-06,20,26,4366.31,22.45,26,917,4,5,5,455,Champions,Sai Joshi,Male,31,Bengaluru,Karnataka,South
CUST-03611,19,31408.75,10719.69,2022-05-04,2024-10-27,17,21,1653.09,34.13,66,973,3,5,4,354,Loyal Customers,Nikhil Malhotra,Male,32,Pune,Maharashtra,West
CUST-03612,16,21301.3,4953.76,2022-06-04,2024-11-11,15,20,1331.33,23.26,51,942,3,5,3,353,Loyal Customers,Ananya Malhotra,Female,45,Chennai,Tamil Nadu,South
CUST-03613,6,11755.85,5279.56,2022-07-12,2024-10-22,6,7,1959.31,44.91,71,904,3,2,2,322,Regular Customers,Amit Choudhury,Male,26,Mumbai,Maharashtra,West
CUST-03614,7,8549.5,3186.1000000000004,2024-01-13,2024-11-15,7,7,1221.36,37.27,47,354,3,3,2,332,Regular Customers,Nandini Verma,Female,37,Delhi,Delhi,North
CUST-03615,9,11254.45,4290.65,2023-10-10,2024-11-16,8,18,1250.49,38.12,46,449,4,3,2,432,Potential Loyalists,Reyansh Sharma,Male,18,Lucknow,Uttar Pradesh,North
CUST-03616,7,31799.65,3208.09,2022-04-29,2024-11-30,7,8,4542.81,10.09,32,978,4,3,4,434,Loyal Customers,Saanvi Rao,Female,18,Jaipur,Rajasthan,North
CUST-03617,6,7015.85,3881.66,2023-07-04,2024-03-30,6,8,1169.31,55.33,277,547,1,2,1,121,Lost Customers,Priyanka Pillai,Female,21,Chennai,Tamil Nadu,South
CUST-03618,15,14325.65,5158.08,2022-09-01,2024-12-27,15,21,955.04,36.01,5,853,5,4,3,543,Loyal Customers,Siddharth Menon,Male,20,Visakhapatnam,Andhra Pradesh,South
CUST-03619,8,13861.9,5037.929999999999,2022-01-06,2024-11-07,8,9,1732.74,36.34,55,1091,3,3,3,333,Loyal Customers,Shreya Das,Female,33,Patna,Bihar,East
CUST-03620,7,36687.2,8330.31,2022-07-03,2024-06-07,7,11,5241.03,22.71,208,913,1,3,4,134,At Risk,Prisha Iyer,Female,21,Delhi,Delhi,North
CUST-03621,23,51156.75,13844.6,2022-03-12,2024-12-10,23,37,2224.21,27.06,22,1026,5,5,5,555,Champions,Arjun Shah,Male,48,Kochi,Kerala,South
CUST-03622,11,13381.15,3979.1800000000003,2022-04-19,2024-12-23,11,18,1216.47,29.74,9,988,5,4,2,542,Regular Customers,Anita Gupta,Female,33,Kolkata,West Bengal,East
CUST-03623,7,11199.55,3486.36,2023-11-14,2024-10-03,7,10,1599.94,31.13,90,414,2,3,2,232,Regular Customers,Meera Saxena,Female,34,Bengaluru,Karnataka,South
CUST-03624,19,25542.3,6277.75,2023-11-18,2024-10-02,18,22,1344.33,24.58,91,410,2,5,4,254,At Risk,Rohan Singh,Male,22,Ahmedabad,Gujarat,West
CUST-03625,15,33973.95,9233.4,2022-10-13,2024-05-14,14,21,2264.93,27.18,232,811,1,4,4,144,At Risk,Aditya Das,Male,29,Delhi,Delhi,North
CUST-03626,16,53048.700000000004,9439.67,2022-06-01,2024-11-26,16,23,3315.54,17.79,36,945,4,5,5,455,Champions,Vivaan Pillai,Other,28,Bengaluru,Karnataka,South
CUST-03627,7,15370.1,5337.92,2023-02-06,2024-11-18,7,10,2195.73,34.73,44,695,4,3,3,433,Loyal Customers,Kunal Iyengar,Male,45,Jaipur,Rajasthan,North
CUST-03628,22,49875.7,21875.31,2022-04-17,2024-11-26,22,35,2267.08,43.86,36,990,4,5,5,455,Champions,Vikram Kaur,Male,34,Pune,Maharashtra,West
CUST-03629,3,3340.2,1253.2199999999998,2023-07-30,2024-12-29,3,4,1113.4,37.52,3,521,5,1,1,511,New Customers,Divya Sharma,Female,42,Patna,Bihar,East
CUST-03630,11,10068.0,3939.06,2022-05-01,2024-08-30,11,18,915.27,39.12,124,976,2,4,2,242,Regular Customers,Pari Yadav,Female,46,Pune,Maharashtra,West
CUST-03631,12,24353.2,7427.389999999999,2022-01-01,2024-11-02,12,16,2029.43,30.5,60,1096,3,4,4,344,Loyal Customers,Krishna Iyer,Male,45,Mumbai,Maharashtra,West
CUST-03632,10,49027.15,11254.27,2023-10-21,2024-12-05,10,14,4902.72,22.96,27,438,4,3,5,435,Loyal Customers,Sai Dutta,Other,38,Delhi,Delhi,North
CUST-03633,20,29154.25,9448.99,2022-07-30,2024-11-25,19,27,1457.71,32.41,37,886,4,5,4,454,Champions,Reyansh Singh,Male,29,Kolkata,West Bengal,East
CUST-03634,7,3156.05,1052.65,2022-08-06,2024-10-23,7,11,450.86,33.35,70,879,3,3,1,331,Regular Customers,Gaurav Dutta,Male,37,Hyderabad,Telangana,South
CUST-03635,16,26182.25,11905.99,2024-02-23,2024-12-22,16,20,1636.39,45.47,10,313,5,5,4,554,Champions,Aditya Iyer,Male,18,Guwahati,Assam,East
CUST-03636,4,5949.5,1743.4,2023-10-10,2024-09-21,4,4,1487.38,29.3,102,449,2,1,1,211,Lost Customers,Deepak Saxena,Other,18,Mumbai,Maharashtra,West
CUST-03637,13,28266.85,7025.34,2023-03-01,2024-11-23,13,20,2174.37,24.85,39,672,4,4,4,444,Champions,Kavya Mukherjee,Female,27,Kolkata,West Bengal,East
CUST-03638,5,3105.35,422.06,2022-12-17,2024-10-21,5,5,621.07,13.59,72,746,3,2,1,321,Regular Customers,Isha Singh,Female,26,Delhi,Delhi,North
CUST-03639,9,9101.85,3797.88,2022-09-27,2024-10-11,9,9,1011.32,41.73,82,827,2,3,2,232,Regular Customers,Swati Saxena,Female,38,Jaipur,Rajasthan,North
CUST-03640,8,6648.7,2372.61,2023-09-27,2024-10-04,8,11,831.09,35.69,89,462,2,3,1,231,Regular Customers,Pranav Joshi,Male,30,Bhopal,Madhya Pradesh,Central
CUST-03641,9,13506.25,5284.05,2024-05-11,2024-10-10,8,12,1500.69,39.12,83,235,2,3,2,232,Regular Customers,Divya Nair,Female,22,Surat,Gujarat,West
CUST-03642,10,35252.0,10817.45,2023-04-30,2024-12-08,10,16,3525.2,30.69,24,612,5,4,4,544,Champions,Rahul Joshi,Male,19,Mumbai,Maharashtra,West
CUST-03643,11,112053.95,17021.84,2022-08-20,2024-09-17,11,17,10186.72,15.19,106,865,2,4,5,245,At Risk,Pranav Tripathi,Male,39,Coimbatore,Tamil Nadu,South
CUST-03644,16,24473.9,9503.55,2023-01-15,2024-07-26,15,21,1529.62,38.83,159,717,2,5,4,254,At Risk,Riya Reddy,Female,40,Mumbai,Maharashtra,West
CUST-03645,14,35916.75,9714.14,2023-08-12,2024-11-02,13,20,2565.48,27.05,60,508,3,4,4,344,Loyal Customers,Aarohi Saxena,Female,30,Delhi,Delhi,North
CUST-03646,7,4959.950000000001,1774.62,2022-12-23,2024-12-28,7,7,708.56,35.78,4,740,5,3,1,531,Potential Loyalists,Rajesh Malhotra,Male,34,Pune,Maharashtra,West
CUST-03647,11,39304.5,7640.93,2023-09-29,2024-11-01,11,18,3573.14,19.44,61,460,3,4,5,345,Loyal Customers,Shreya Bhatia,Female,26,Visakhapatnam,Andhra Pradesh,South
CUST-03648,5,40270.95,7778.55,2024-05-17,2024-10-29,5,9,8054.19,19.32,64,229,3,2,5,325,Regular Customers,Gaurav Iyer,Male,43,Bhubaneswar,Odisha,East
CUST-03649,9,18854.7,7184.42,2022-09-01,2024-10-30,9,9,2094.97,38.1,63,853,3,3,3,333,Loyal Customers,Isha Sharma,Female,37,Delhi,Delhi,North
CUST-03650,8,20683.350000000002,5779.96,2023-04-21,2024-09-06,8,13,2585.42,27.94,117,621,2,3,3,233,At Risk,Gauri Tripathi,Female,50,Hyderabad,Telangana,South
CUST-03651,15,32005.5,10453.52,2022-07-17,2024-12-01,15,21,2133.7,32.66,31,899,4,4,4,444,Champions,Sunita Reddy,Female,36,Mumbai,Maharashtra,West
CUST-03652,9,29852.9,8853.380000000001,2023-06-29,2024-08-15,9,16,3316.99,29.66,139,552,2,3,4,234,At Risk,Prisha Nair,Female,35,Surat,Gujarat,West
CUST-03653,6,5448.55,1806.41,2022-09-28,2024-05-24,5,6,908.09,33.15,222,826,1,2,1,121,Lost Customers,Kavya Agarwal,Female,33,Ahmedabad,Gujarat,West
CUST-03654,22,90100.8,25634.88,2022-12-13,2024-12-08,18,33,4095.49,28.45,24,750,5,5,5,555,Champions,Anand Patel,Other,31,Hyderabad,Telangana,South
CUST-03655,8,6640.650000000001,1717.68,2023-07-12,2024-11-03,8,9,830.08,25.87,59,539,3,3,1,331,Regular Customers,Vivaan Joshi,Male,45,Surat,Gujarat,West
CUST-03656,9,12108.75,4532.35,2022-01-04,2024-04-04,9,14,1345.42,37.43,272,1093,1,3,2,132,Regular Customers,Priyanka Tripathi,Female,37,Chennai,Tamil Nadu,South
CUST-03657,12,45060.75,10276.34,2022-05-09,2024-08-29,12,16,3755.06,22.81,125,968,2,4,5,245,At Risk,Sunita Singh,Female,32,Delhi,Delhi,North
CUST-03658,5,3687.5,1301.57,2022-11-15,2024-09-17,5,8,737.5,35.3,106,778,2,2,1,221,Lost Customers,Ramesh Mukherjee,Male,45,Mumbai,Maharashtra,West
CUST-03659,14,36934.0,12608.39,2022-05-14,2024-11-26,14,19,2638.14,34.14,36,963,4,4,4,444,Champions,Anjali Sharma,Female,29,Bengaluru,Karnataka,South
CUST-03660,19,63224.35,22645.670000000002,2022-11-16,2024-12-01,19,27,3327.6,35.82,31,777,4,5,5,455,Champions,Aadhya Choudhury,Female,28,Hyderabad,Telangana,South
CUST-03661,5,70713.15,18362.7,2024-02-17,2024-10-29,5,11,14142.63,25.97,64,319,3,2,5,325,Regular Customers,Sunita Choudhury,Female,18,Bengaluru,Karnataka,South
CUST-03662,9,29920.300000000003,6326.8,2022-06-17,2024-10-13,8,12,3324.48,21.15,80,929,2,3,4,234,At Risk,Vivaan Iyengar,Male,32,Coimbatore,Tamil Nadu,South
CUST-03663,9,84138.90000000001,22581.68,2024-01-18,2024-09-25,9,14,9348.77,26.84,98,349,2,3,5,235,At Risk,Gauri Saxena,Female,51,Indore,Madhya Pradesh,Central
CUST-03664,15,20249.15,7033.36,2022-09-08,2024-11-29,15,22,1349.94,34.73,33,846,4,4,3,443,Loyal Customers,Shreya Patel,Female,25,Kolkata,West Bengal,East
CUST-03665,11,41401.700000000004,16863.2,2022-11-27,2024-10-28,11,21,3763.79,40.73,65,766,3,4,5,345,Loyal Customers,Varun Rao,Male,18,Coimbatore,Tamil Nadu,South
CUST-03666,28,45414.25,11160.41,2022-06-20,2024-12-06,27,33,1621.94,24.57,26,926,4,5,5,455,Champions,Anjali Dutta,Female,37,Visakhapatnam,Andhra Pradesh,South
CUST-03667,10,8342.4,2971.16,2022-05-02,2024-11-12,10,16,834.24,35.62,50,975,3,4,2,342,Regular Customers,Aanya Yadav,Female,36,Bengaluru,Karnataka,South
CUST-03668,4,5449.0,2276.4300000000003,2023-11-04,2024-12-20,4,5,1362.25,41.78,12,424,5,1,1,511,New Customers,Amit Malhotra,Male,36,Visakhapatnam,Andhra Pradesh,South
CUST-03669,8,10941.5,2652.71,2022-08-25,2024-07-29,8,14,1367.69,24.24,156,860,2,3,2,232,Regular Customers,Rahul Verma,Male,32,Bengaluru,Karnataka,South
CUST-03670,8,7751.55,3438.5699999999997,2022-05-26,2024-09-02,8,10,968.94,44.36,121,951,2,3,2,232,Regular Customers,Saanvi Patel,Female,28,Pune,Maharashtra,West
CUST-03671,17,21117.4,8029.610000000001,2023-02-18,2024-12-20,17,25,1242.2,38.02,12,683,5,5,3,553,Loyal Customers,Anand Malhotra,Male,28,Delhi,Delhi,North
CUST-03672,21,36691.200000000004,9367.17,2022-07-09,2024-10-18,21,28,1747.2,25.53,75,907,3,5,4,354,Loyal Customers,Ananya Pandey,Female,20,Chennai,Tamil Nadu,South
CUST-03673,12,17458.5,5269.0599999999995,2023-11-01,2024-10-03,12,15,1454.88,30.18,90,427,2,4,3,243,At Risk,Aditya Gupta,Male,23,Delhi,Delhi,North
CUST-03674,7,53174.549999999996,1933.44,2023-05-26,2024-11-26,7,7,7596.36,3.64,36,586,4,3,5,435,Loyal Customers,Nikhil Dutta,Male,32,Patna,Bihar,East
CUST-03675,11,12113.35,5035.2,2024-01-21,2024-10-06,11,12,1101.21,41.57,87,346,2,4,2,242,Regular Customers,Tanvi Pandey,Female,27,Bengaluru,Karnataka,South
CUST-03676,17,39193.55,10183.39,2024-04-20,2024-11-07,17,29,2305.5,25.98,55,256,3,5,4,354,Loyal Customers,Ananya Malhotra,Female,43,Lucknow,Uttar Pradesh,North
CUST-03677,28,76483.7,28541.690000000002,2024-05-26,2024-12-27,28,42,2731.56,37.32,5,220,5,5,5,555,Champions,Reyansh Pandey,Other,42,Patna,Bihar,East
CUST-03678,8,49888.74999999999,7154.13,2023-06-10,2024-09-19,8,13,6236.09,14.34,104,571,2,3,5,235,At Risk,Anita Reddy,Female,38,Nagpur,Maharashtra,West
CUST-03679,5,16538.8,6815.6,2022-08-17,2024-07-09,5,6,3307.76,41.21,176,868,1,2,3,123,Lost Customers,Saanvi Joshi,Female,27,Delhi,Delhi,North
CUST-03680,5,12828.5,4887.3,2024-04-09,2024-11-24,5,5,2565.7,38.1,38,267,4,2,2,422,Potential Loyalists,Aarohi Shah,Female,42,Chennai,Tamil Nadu,South
CUST-03681,6,18691.35,4855.98,2022-05-13,2024-12-29,6,8,3115.22,25.98,3,964,5,2,3,523,Potential Loyalists,Khushi Pillai,Female,30,Chandigarh,Punjab,North
CUST-03682,2,2027.85,894.04,2023-10-12,2024-07-02,2,2,1013.92,44.09,183,447,1,1,1,111,Lost Customers,Kabir Chatterjee,Male,28,Bengaluru,Karnataka,South
CUST-03683,10,12122.65,4864.25,2023-12-30,2024-11-11,10,14,1212.26,40.13,51,368,3,4,2,342,Regular Customers,Varun Das,Male,21,Patna,Bihar,East
CUST-03684,9,8039.05,2294.18,2023-10-20,2024-07-23,9,12,893.23,28.54,162,439,2,3,2,232,Regular Customers,Dhruv Sharma,Male,37,Coimbatore,Tamil Nadu,South
CUST-03685,14,55208.100000000006,15121.46,2024-01-29,2024-12-09,14,20,3943.44,27.39,23,338,5,4,5,545,Champions,Atharv Choudhury,Male,25,Mumbai,Maharashtra,West
CUST-03686,23,47617.15,17196.43,2024-03-30,2024-12-13,23,37,2070.31,36.11,19,277,5,5,5,555,Champions,Riya Patel,Female,28,Mumbai,Maharashtra,West
CUST-03687,5,8629.75,3958.08,2023-07-25,2024-06-04,5,8,1725.95,45.87,211,526,1,2,2,122,Lost Customers,Dhruv Choudhury,Male,18,Delhi,Delhi,North
CUST-03688,14,19583.45,5896.11,2022-02-26,2024-10-14,13,18,1398.82,30.11,79,1040,2,4,3,243,At Risk,Sneha Banerjee,Female,39,Surat,Gujarat,West
CUST-03689,7,7601.45,2563.75,2022-04-10,2024-10-11,7,10,1085.92,33.73,82,997,2,3,2,232,Regular Customers,Shaurya Bhatia,Male,37,Bengaluru,Karnataka,South
CUST-03690,10,13568.2,2400.36,2023-10-05,2024-10-24,10,13,1356.82,17.69,69,454,3,4,2,342,Regular Customers,Diya Mehta,Female,31,Mumbai,Maharashtra,West
CUST-03691,17,30918.95,15769.7,2023-04-07,2024-12-11,17,26,1818.76,51.0,21,635,5,5,4,554,Champions,Aditya Bhatia,Male,34,Surat,Gujarat,West
CUST-03692,12,28155.45,9931.06,2024-03-08,2024-04-14,12,16,2346.29,35.27,262,299,1,4,4,144,At Risk,Rahul Iyengar,Male,49,Patna,Bihar,East
CUST-03693,6,9040.6,3018.93,2023-10-18,2024-10-31,6,11,1506.77,33.39,62,441,3,2,2,322,Regular Customers,Vivaan Choudhury,Male,41,Patna,Bihar,East
CUST-03694,12,20311.75,5683.39,2022-12-01,2024-11-22,11,17,1692.65,27.98,40,762,4,4,3,443,Loyal Customers,Ishaan Dutta,Male,29,Ahmedabad,Gujarat,West
CUST-03695,11,55303.35,8004.54,2024-03-07,2024-11-23,11,15,5027.58,14.47,39,300,4,4,5,445,Champions,Vivaan Reddy,Male,29,Mumbai,Maharashtra,West
CUST-03696,9,23677.55,9850.36,2022-07-16,2024-11-07,9,15,2630.84,41.6,55,900,3,3,4,334,Loyal Customers,Gaurav Sharma,Male,37,Pune,Maharashtra,West
CUST-03697,5,6939.0,1765.19,2023-10-04,2024-11-11,5,5,1387.8,25.44,51,455,3,2,1,321,Regular Customers,Sunita Chatterjee,Female,32,Mumbai,Maharashtra,West
CUST-03698,7,9000.15,3199.93,2022-12-14,2024-12-24,7,11,1285.74,35.55,8,749,5,3,2,532,Potential Loyalists,Meera Singh,Female,37,Pune,Maharashtra,West
CUST-03699,15,60736.299999999996,18068.98,2023-11-21,2024-12-29,15,17,4049.09,29.75,3,407,5,4,5,545,Champions,Deepak Iyer,Male,33,Hyderabad,Telangana,South
CUST-03700,22,67989.79999999999,17402.44,2022-01-19,2024-11-23,22,26,3090.45,25.6,39,1078,4,5,5,455,Champions,Tanvi Dutta,Female,18,Pune,Maharashtra,West
CUST-03701,4,4581.15,1192.82,2023-02-19,2024-08-05,4,11,1145.29,26.04,149,682,2,1,1,211,Lost Customers,Prisha Das,Female,18,Patna,Bihar,East
CUST-03702,8,20180.5,7721.629999999999,2022-03-11,2023-12-23,7,11,2522.56,38.26,375,1027,1,3,3,133,At Risk,Sunita Sharma,Female,35,Delhi,Delhi,North
CUST-03703,4,3900.35,1522.1999999999998,2022-12-08,2024-03-08,4,10,975.09,39.03,299,755,1,1,1,111,Lost Customers,Aarohi Saxena,Female,44,Chennai,Tamil Nadu,South
CUST-03704,11,20150.05,7565.24,2023-05-21,2024-12-09,11,14,1831.82,37.54,23,591,5,4,3,543,Loyal Customers,Aarohi Verma,Female,28,Mumbai,Maharashtra,West
CUST-03705,4,28869.4,7303.17,2023-12-25,2024-10-16,4,5,7217.35,25.3,77,373,2,1,4,214,Lost Customers,Manish Mishra,Male,27,Hyderabad,Telangana,South
CUST-03706,11,27076.7,12533.01,2024-01-27,2024-12-10,10,17,2461.52,46.29,22,340,5,4,4,544,Champions,Tanvi Yadav,Female,24,Indore,Madhya Pradesh,Central
CUST-03707,4,9300.2,2967.6099999999997,2022-01-08,2024-12-15,4,6,2325.05,31.91,17,1089,5,1,2,512,New Customers,Saanvi Joshi,Female,48,Chennai,Tamil Nadu,South
CUST-03708,6,29471.5,3271.07,2022-07-26,2024-11-21,6,11,4911.92,11.1,41,890,4,2,4,424,Potential Loyalists,Ishaan Dutta,Male,33,Pune,Maharashtra,West
CUST-03709,10,9002.3,2552.53,2023-02-07,2024-10-12,10,12,900.23,28.35,81,694,2,4,2,242,Regular Customers,Neha Tripathi,Female,37,Jaipur,Rajasthan,North
CUST-03710,12,19359.85,6342.63,2022-08-19,2024-11-05,12,15,1613.32,32.76,57,866,3,4,3,343,Loyal Customers,Diya Bhatia,Female,48,Chennai,Tamil Nadu,South
CUST-03711,23,78149.3,27247.239999999998,2024-06-15,2024-12-27,22,35,3397.8,34.87,5,200,5,5,5,555,Champions,Reyansh Mishra,Male,28,Chennai,Tamil Nadu,South
CUST-03712,10,37667.95,10442.63,2024-05-27,2024-12-02,10,19,3766.79,27.72,30,219,4,4,4,444,Champions,Atharv Iyengar,Male,18,Nagpur,Maharashtra,West
CUST-03713,19,35132.049999999996,13720.56,2022-11-11,2024-11-22,17,31,1849.06,39.05,40,782,4,5,4,454,Champions,Rohan Mehta,Male,30,Pune,Maharashtra,West
CUST-03714,1,512.1,246.36,2024-10-18,2024-10-18,1,1,512.1,48.11,75,75,3,1,1,311,Regular Customers,Anand Yadav,Male,35,Indore,Madhya Pradesh,Central
CUST-03715,4,4603.25,1429.89,2023-09-04,2024-05-29,4,8,1150.81,31.06,217,485,1,1,1,111,Lost Customers,Shreya Pandey,Female,27,Delhi,Delhi,North
CUST-03716,5,14070.449999999999,3010.71,2022-06-17,2024-11-20,5,9,2814.09,21.4,42,929,4,2,3,423,Potential Loyalists,Kabir Saxena,Male,34,Bengaluru,Karnataka,South
CUST-03717,9,59442.1,11803.3,2022-01-31,2024-08-23,9,18,6604.68,19.86,131,1066,2,3,5,235,At Risk,Saanvi Joshi,Female,54,Pune,Maharashtra,West
CUST-03718,4,2186.6,1157.6100000000001,2023-08-20,2024-07-08,4,6,546.65,52.94,177,500,1,1,1,111,Lost Customers,Vihaan Chatterjee,Male,45,Bengaluru,Karnataka,South
CUST-03719,13,12977.25,3563.16,2023-08-28,2024-06-23,13,17,998.25,27.46,192,492,1,4,2,142,Regular Customers,Vivaan Mukherjee,Male,36,Delhi,Delhi,North
CUST-03720,18,37711.200000000004,15789.19,2024-02-23,2024-12-06,18,29,2095.07,41.87,26,313,4,5,4,454,Champions,Aditya Rao,Male,44,Bhubaneswar,Odisha,East
CUST-03721,22,44692.65,14738.77,2022-01-20,2024-10-17,21,31,2031.48,32.98,76,1077,2,5,5,255,At Risk,Navya Singh,Female,21,Bengaluru,Karnataka,South
CUST-03722,13,17755.6,6259.56,2023-05-25,2024-06-30,13,18,1365.82,35.25,185,587,1,4,3,143,At Risk,Kavya Joshi,Female,51,Bhopal,Madhya Pradesh,Central
CUST-03723,14,18143.8,5584.75,2023-04-07,2024-10-24,14,16,1295.99,30.78,69,635,3,4,3,343,Loyal Customers,Ishaan Rao,Male,37,Bengaluru,Karnataka,South
CUST-03724,7,7524.349999999999,3125.7799999999997,2022-05-27,2024-11-08,7,10,1074.91,41.54,54,950,3,3,2,332,Regular Customers,Vikram Chatterjee,Male,39,Delhi,Delhi,North
CUST-03725,9,12491.7,5237.64,2022-04-18,2024-12-30,9,11,1387.97,41.93,2,989,5,3,2,532,Potential Loyalists,Arjun Malhotra,Male,22,Kochi,Kerala,South
CUST-03726,7,5800.75,2453.7700000000004,2022-05-25,2024-11-19,7,9,828.68,42.3,43,952,4,3,1,431,Potential Loyalists,Krishna Banerjee,Other,43,Mumbai,Maharashtra,West
CUST-03727,6,8487.6,3843.88,2023-02-25,2023-08-08,6,7,1414.6,45.29,512,676,1,2,2,122,Lost Customers,Amit Banerjee,Male,39,Indore,Madhya Pradesh,Central
CUST-03728,9,22379.4,4977.78,2024-05-02,2024-10-29,9,17,2486.6,22.24,64,244,3,3,3,333,Loyal Customers,Nikhil Yadav,Male,39,Chennai,Tamil Nadu,South
CUST-03729,16,24338.65,8031.72,2024-06-17,2024-12-18,16,21,1521.17,33.0,14,198,5,5,4,554,Champions,Anita Dutta,Female,30,Visakhapatnam,Andhra Pradesh,South
CUST-03730,5,2771.2,1239.3,2022-06-01,2024-11-10,4,5,554.24,44.72,52,945,3,2,1,321,Regular Customers,Sneha Mehta,Female,36,Chennai,Tamil Nadu,South
CUST-03731,19,25090.9,9784.0,2022-02-01,2024-12-21,19,21,1320.57,38.99,11,1065,5,5,4,554,Champions,Isha Mehta,Female,22,Mumbai,Maharashtra,West
CUST-03732,4,5105.8,1521.25,2022-05-01,2024-11-13,4,4,1276.45,29.79,49,976,3,1,1,311,Regular Customers,Ramesh Bhatia,Male,22,Hyderabad,Telangana,South
CUST-03733,5,6410.4,2649.33,2022-11-13,2024-12-09,5,7,1282.08,41.33,23,780,5,2,1,521,Potential Loyalists,Rekha Sharma,Female,23,Patna,Bihar,East
CUST-03734,9,18472.85,6673.8,2023-11-15,2024-11-27,9,15,2052.54,36.13,35,413,4,3,3,433,Loyal Customers,Aanya Bhatia,Female,35,Nagpur,Maharashtra,West
CUST-03735,6,25755.9,5605.74,2023-08-30,2024-08-12,6,9,4292.65,21.76,142,490,2,2,4,224,Lost Customers,Prisha Kaur,Female,31,Jaipur,Rajasthan,North
CUST-03736,7,10882.35,4783.52,2022-05-23,2024-11-12,7,9,1554.62,43.96,50,954,3,3,2,332,Regular Customers,Amit Choudhury,Male,18,Mumbai,Maharashtra,West
CUST-03737,12,14461.3,5303.83,2023-03-13,2024-11-20,12,17,1205.11,36.68,42,660,4,4,3,443,Loyal Customers,Dhruv Nair,Male,28,Kolkata,West Bengal,East
CUST-03738,8,13273.15,5241.15,2023-12-08,2024-02-06,8,10,1659.14,39.49,330,390,1,3,2,132,Regular Customers,Atharv Joshi,Male,18,Jaipur,Rajasthan,North
CUST-03739,10,47522.7,11156.41,2024-05-28,2024-09-05,10,17,4752.27,23.48,118,218,2,4,5,245,At Risk,Aadhya Tripathi,Female,30,Delhi,Delhi,North
CUST-03740,9,14299.8,3861.21,2022-07-28,2024-12-07,9,17,1588.87,27.0,25,888,5,3,3,533,Loyal Customers,Sai Singh,Male,25,Ahmedabad,Gujarat,West
CUST-03741,8,6596.3,2373.97,2024-02-27,2024-11-02,8,13,824.54,35.99,60,309,3,3,1,331,Regular Customers,Deepa Pillai,Female,25,Ahmedabad,Gujarat,West
CUST-03742,15,107946.79999999999,16708.34,2022-06-04,2024-12-06,15,20,7196.45,15.48,26,942,4,4,5,445,Champions,Shreya Mishra,Female,19,Indore,Madhya Pradesh,Central
CUST-03743,16,69975.90000000001,14751.05,2023-06-14,2024-12-21,16,23,4373.49,21.08,11,567,5,5,5,555,Champions,Anjali Tripathi,Female,18,Bhubaneswar,Odisha,East
CUST-03744,24,53860.3,14303.64,2023-01-23,2024-12-09,23,35,2244.18,26.56,23,709,5,5,5,555,Champions,Sai Sharma,Male,18,Visakhapatnam,Andhra Pradesh,South
CUST-03745,19,22014.4,7125.76,2022-12-11,2024-11-25,17,24,1158.65,32.37,37,752,4,5,3,453,Loyal Customers,Sunita Kaur,Female,31,Ahmedabad,Gujarat,West
CUST-03746,20,41600.35,16479.07,2024-02-23,2024-11-15,19,32,2080.02,39.61,47,313,3,5,5,355,Loyal Customers,Reyansh Mukherjee,Male,33,Mumbai,Maharashtra,West
CUST-03747,7,14733.25,4146.78,2023-02-25,2023-08-31,7,12,2104.75,28.15,489,676,1,3,3,133,At Risk,Varun Mehta,Male,34,Chennai,Tamil Nadu,South
CUST-03748,2,3334.2000000000003,1803.33,2023-06-06,2023-10-19,2,2,1667.1,54.09,440,575,1,1,1,111,Lost Customers,Varun Dutta,Male,43,Lucknow,Uttar Pradesh,North
CUST-03749,1,654.55,381.71,2023-07-30,2023-07-30,1,1,654.55,58.32,521,521,1,1,1,111,Lost Customers,Navya Iyengar,Female,35,Chennai,Tamil Nadu,South
CUST-03750,17,53232.5,18429.920000000002,2022-05-07,2024-11-11,17,27,3131.32,34.62,51,970,3,5,5,355,Loyal Customers,Khushi Reddy,Female,59,Bengaluru,Karnataka,South
CUST-03751,17,20055.85,7562.38,2023-11-03,2024-12-30,17,20,1179.76,37.71,2,425,5,5,3,553,Loyal Customers,Pallavi Shah,Female,18,Chennai,Tamil Nadu,South
CUST-03752,10,16241.8,4833.14,2022-05-10,2024-12-18,10,10,1624.18,29.76,14,967,5,4,3,543,Loyal Customers,Neha Shah,Female,41,Delhi,Delhi,North
CUST-03753,4,1126.65,282.2,2023-04-26,2024-11-28,4,4,281.66,25.05,34,616,4,1,1,411,New Customers,Manish Iyer,Male,20,Bhopal,Madhya Pradesh,Central
CUST-03754,7,9495.35,4518.51,2022-06-07,2024-11-17,7,9,1356.48,47.59,45,939,4,3,2,432,Potential Loyalists,Deepak Das,Male,45,Indore,Madhya Pradesh,Central
CUST-03755,25,52804.299999999996,13914.99,2022-03-19,2024-12-30,24,35,2112.17,26.35,2,1019,5,5,5,555,Champions,Vivaan Banerjee,Male,18,Bengaluru,Karnataka,South
CUST-03756,16,23413.95,6739.4,2024-05-31,2024-08-26,16,20,1463.37,28.78,128,215,2,5,4,254,At Risk,Pallavi Iyer,Female,44,Kolkata,West Bengal,East
CUST-03757,13,77110.25,18213.15,2023-09-01,2024-10-19,13,17,5931.56,23.62,74,488,3,4,5,345,Loyal Customers,Rahul Saxena,Other,28,Jaipur,Rajasthan,North
CUST-03758,15,28130.7,8616.630000000001,2024-01-25,2024-11-30,14,23,1875.38,30.63,32,342,4,4,4,444,Champions,Manish Choudhury,Male,18,Hyderabad,Telangana,South
CUST-03759,15,17049.5,6262.79,2022-04-04,2024-12-18,15,18,1136.63,36.73,14,1003,5,4,3,543,Loyal Customers,Vivaan Rao,Male,49,Kolkata,West Bengal,East
CUST-03760,14,33623.5,11578.63,2022-08-19,2024-12-30,14,25,2401.68,34.44,2,866,5,4,4,544,Champions,Deepak Bhatia,Male,32,Mumbai,Maharashtra,West
CUST-03761,12,24710.75,1191.2199999999998,2023-05-17,2024-11-04,12,17,2059.23,4.82,58,595,3,4,4,344,Loyal Customers,Ananya Gupta,Female,41,Visakhapatnam,Andhra Pradesh,South
CUST-03762,13,13107.6,3634.22,2023-07-03,2024-10-11,13,20,1008.28,27.73,82,548,2,4,2,242,Regular Customers,Vihaan Verma,Male,18,Delhi,Delhi,North
CUST-03763,27,69053.0,22563.72,2022-02-06,2024-12-13,27,43,2557.52,32.68,19,1060,5,5,5,555,Champions,Vivaan Reddy,Male,29,Guwahati,Assam,East
CUST-03764,15,43038.7,13054.27,2022-02-02,2024-12-31,15,23,2869.25,30.33,1,1064,5,4,5,545,Champions,Krishna Yadav,Male,40,Mumbai,Maharashtra,West
CUST-03765,10,38877.5,8156.66,2022-11-14,2024-11-30,10,13,3887.75,20.98,32,779,4,4,4,444,Champions,Tanvi Sharma,Female,31,Nagpur,Maharashtra,West
CUST-03766,20,92112.05,20619.829999999998,2022-10-18,2024-11-29,19,26,4605.6,22.39,33,806,4,5,5,455,Champions,Rekha Tripathi,Female,30,Indore,Madhya Pradesh,Central
CUST-03767,16,52666.05,23359.8,2024-04-21,2024-12-23,15,27,3291.63,44.35,9,255,5,5,5,555,Champions,Diya Tripathi,Female,48,Ahmedabad,Gujarat,West
CUST-03768,14,69230.9,16138.920000000002,2022-01-02,2024-12-30,14,14,4945.06,23.31,2,1095,5,4,5,545,Champions,Atharv Iyengar,Male,34,Pune,Maharashtra,West
CUST-03769,10,7790.1,3748.42,2022-01-11,2024-12-19,10,12,779.01,48.12,13,1086,5,4,2,542,Regular Customers,Pari Pillai,Female,48,Mumbai,Maharashtra,West
CUST-03770,8,22207.149999999998,6333.84,2023-11-02,2024-12-08,7,9,2775.89,28.52,24,426,5,3,3,533,Loyal Customers,Deepa Choudhury,Female,27,Hyderabad,Telangana,South
CUST-03771,3,1157.0,654.5600000000001,2022-03-26,2023-08-04,3,3,385.67,56.57,516,1012,1,1,1,111,Lost Customers,Krishna Gupta,Male,47,Delhi,Delhi,North
CUST-03772,10,112014.4,21709.48,2022-03-11,2024-10-20,10,15,11201.44,19.38,73,1027,3,4,5,345,Loyal Customers,Kavya Mukherjee,Female,18,Mumbai,Maharashtra,West
CUST-03773,2,889.4,132.45999999999998,2022-07-20,2023-01-04,2,3,444.7,14.89,728,896,1,1,1,111,Lost Customers,Prisha Saxena,Female,21,Hyderabad,Telangana,South
CUST-03774,8,8233.4,3811.4600000000005,2022-03-16,2024-04-07,8,11,1029.18,46.29,269,1022,1,3,2,132,Regular Customers,Anjali Rao,Female,46,Ahmedabad,Gujarat,West
CUST-03775,19,89275.55,18641.170000000002,2022-02-15,2024-11-25,18,22,4698.71,20.88,37,1051,4,5,5,455,Champions,Priyanka Pandey,Female,30,Visakhapatnam,Andhra Pradesh,South
CUST-03776,20,37503.25,11373.31,2022-02-04,2024-12-27,20,34,1875.16,30.33,5,1062,5,5,4,554,Champions,Rohan Gupta,Male,18,Chennai,Tamil Nadu,South
CUST-03777,2,2880.2,1168.31,2022-01-04,2022-01-25,2,3,1440.1,40.56,1072,1093,1,1,1,111,Lost Customers,Sai Dutta,Male,41,Bengaluru,Karnataka,South
CUST-03778,16,38577.9,8994.13,2022-03-27,2024-11-19,16,25,2411.12,23.31,43,1011,4,5,4,454,Champions,Suresh Singh,Male,41,Mumbai,Maharashtra,West
CUST-03779,17,60986.850000000006,13840.880000000001,2022-04-15,2024-11-02,16,22,3587.46,22.69,60,992,3,5,5,355,Loyal Customers,Kunal Sharma,Male,34,Chennai,Tamil Nadu,South
CUST-03780,2,9636.0,5595.1,2024-05-12,2024-05-27,2,4,4818.0,58.06,219,234,1,1,2,112,Lost Customers,Rohan Gupta,Male,32,Coimbatore,Tamil Nadu,South
CUST-03781,14,43731.6,11600.76,2022-05-12,2024-09-19,14,18,3123.69,26.53,104,965,2,4,5,245,At Risk,Rajesh Singh,Male,23,Hyderabad,Telangana,South
CUST-03782,7,14495.300000000001,6798.51,2022-10-14,2024-11-07,7,12,2070.76,46.9,55,810,3,3,3,333,Loyal Customers,Tanvi Bhatia,Female,35,Pune,Maharashtra,West
CUST-03783,6,20536.6,3944.26,2022-03-04,2024-05-25,6,10,3422.77,19.21,221,1034,1,2,3,123,Lost Customers,Deepak Joshi,Male,41,Bengaluru,Karnataka,South
CUST-03784,4,3225.0,1291.08,2023-05-12,2024-12-06,4,5,806.25,40.03,26,600,4,1,1,411,New Customers,Suresh Reddy,Male,35,Nagpur,Maharashtra,West
CUST-03785,7,10727.0,3412.18,2022-06-29,2024-08-18,7,7,1532.43,31.81,136,917,2,3,2,232,Regular Customers,Reyansh Shah,Male,41,Jaipur,Rajasthan,North
CUST-03786,9,21715.050000000003,6821.4400000000005,2023-07-02,2024-08-28,9,15,2412.78,31.41,126,549,2,3,3,233,At Risk,Ishaan Shah,Male,49,Bengaluru,Karnataka,South
CUST-03787,9,14905.400000000001,4718.92,2024-04-03,2024-11-17,8,13,1656.16,31.66,45,273,4,3,3,433,Loyal Customers,Sneha Rao,Female,28,Delhi,Delhi,North
CUST-03788,3,8115.650000000001,2643.59,2023-12-28,2024-01-05,3,3,2705.22,32.57,362,370,1,1,2,112,Lost Customers,Nikhil Singh,Male,18,Nagpur,Maharashtra,West
CUST-03789,4,11863.2,2849.67,2022-03-05,2024-11-18,4,6,2965.8,24.02,44,1033,4,1,2,412,New Customers,Manish Kaur,Male,18,Bhopal,Madhya Pradesh,Central
CUST-03790,3,1059.35,436.56,2023-11-29,2024-11-06,3,3,353.12,41.21,56,399,3,1,1,311,Regular Customers,Deepa Banerjee,Female,37,Mumbai,Maharashtra,West
CUST-03791,8,11145.55,4056.99,2023-06-13,2024-09-28,8,8,1393.19,36.4,95,568,2,3,2,232,Regular Customers,Priyanka Mehta,Female,37,Visakhapatnam,Andhra Pradesh,South
CUST-03792,8,30506.0,7819.870000000001,2022-11-06,2024-11-04,8,13,3813.25,25.63,58,787,3,3,4,334,Loyal Customers,Anita Kaur,Female,19,Nagpur,Maharashtra,West
CUST-03793,15,76280.95,21842.739999999998,2024-02-07,2024-11-29,15,31,5085.4,28.63,33,329,4,4,5,445,Champions,Deepak Iyengar,Male,49,Delhi,Delhi,North
CUST-03794,3,1682.4,130.19,2022-01-27,2023-01-02,3,4,560.8,7.74,730,1070,1,1,1,111,Lost Customers,Anita Shah,Female,33,Bengaluru,Karnataka,South
CUST-03795,9,9949.65,3671.33,2022-05-25,2024-11-20,8,9,1105.52,36.9,42,952,4,3,2,432,Potential Loyalists,Reyansh Shah,Male,28,Kochi,Kerala,South
CUST-03796,5,3722.15,1930.13,2022-05-17,2024-10-30,5,5,744.43,51.86,63,960,3,2,1,321,Regular Customers,Vivaan Agarwal,Male,55,Bhopal,Madhya Pradesh,Central
CUST-03797,5,21951.25,7206.739999999999,2023-09-02,2024-10-12,4,7,4390.25,32.83,81,487,2,2,3,223,Lost Customers,Manish Saxena,Male,39,Patna,Bihar,East
CUST-03798,13,16125.25,5584.65,2023-02-11,2024-10-26,13,18,1240.4,34.63,67,690,3,4,3,343,Loyal Customers,Suresh Reddy,Male,20,Hyderabad,Telangana,South
CUST-03799,3,3443.75,1403.66,2022-06-10,2024-11-07,3,4,1147.92,40.76,55,936,3,1,1,311,Regular Customers,Swati Banerjee,Female,39,Indore,Madhya Pradesh,Central
CUST-03800,28,50424.299999999996,19306.03,2023-01-11,2024-12-26,26,42,1800.87,38.29,6,721,5,5,5,555,Champions,Vihaan Singh,Male,26,Chennai,Tamil Nadu,South
CUST-03801,6,4902.75,1324.7,2023-05-27,2024-08-08,6,7,817.12,27.02,146,585,2,2,1,221,Lost Customers,Saanvi Saxena,Female,45,Mumbai,Maharashtra,West
CUST-03802,5,16419.7,6151.34,2022-06-21,2023-12-30,5,9,3283.94,37.46,368,925,1,2,3,123,Lost Customers,Meera Singh,Female,18,Delhi,Delhi,North
CUST-03803,7,16040.55,3937.11,2022-03-09,2024-12-21,7,9,2291.51,24.54,11,1029,5,3,3,533,Loyal Customers,Navya Joshi,Female,18,Kochi,Kerala,South
CUST-03804,4,3904.5,1574.1799999999998,2022-03-29,2024-11-16,4,4,976.12,40.32,46,1009,4,1,1,411,New Customers,Sai Choudhury,Male,23,Hyderabad,Telangana,South
CUST-03805,16,27689.95,10362.69,2024-05-03,2024-12-08,16,29,1730.62,37.42,24,243,5,5,4,554,Champions,Ramesh Menon,Male,38,Chandigarh,Punjab,North
CUST-03806,4,3592.1,1694.04,2023-04-22,2024-09-30,4,6,898.02,47.16,93,620,2,1,1,211,Lost Customers,Kabir Dutta,Male,30,Lucknow,Uttar Pradesh,North
CUST-03807,19,24056.45,9175.66,2023-02-06,2024-11-29,19,22,1266.13,38.14,33,695,4,5,4,454,Champions,Isha Shah,Female,29,Pune,Maharashtra,West
CUST-03808,9,15828.8,3614.54,2023-05-25,2024-11-30,9,15,1758.76,22.84,32,587,4,3,3,433,Loyal Customers,Rahul Kaur,Male,39,Kolkata,West Bengal,East
CUST-03809,18,25384.3,8893.36,2022-04-28,2024-08-20,18,23,1410.24,35.03,134,979,2,5,4,254,At Risk,Varun Tripathi,Male,40,Chennai,Tamil Nadu,South
CUST-03810,7,14353.900000000001,6945.38,2023-11-09,2024-09-21,7,12,2050.56,48.39,102,419,2,3,3,233,At Risk,Nandini Agarwal,Female,24,Bengaluru,Karnataka,South
CUST-03811,12,12994.15,4585.36,2022-09-27,2024-10-31,10,18,1082.85,35.29,62,827,3,4,2,342,Regular Customers,Prisha Choudhury,Female,34,Patna,Bihar,East
CUST-03812,1,3419.0,1581.91,2023-02-23,2023-02-23,1,1,3419.0,46.27,678,678,1,1,1,111,Lost Customers,Pari Banerjee,Female,38,Hyderabad,Telangana,South
CUST-03813,21,36677.6,16260.44,2022-09-14,2024-11-22,20,28,1746.55,44.33,40,840,4,5,4,454,Champions,Diya Agarwal,Female,34,Bengaluru,Karnataka,South
CUST-03814,19,75064.90000000001,17133.07,2022-10-05,2024-12-03,19,23,3950.78,22.82,29,819,4,5,5,455,Champions,Shreya Iyengar,Female,19,Kolkata,West Bengal,East
CUST-03815,6,19850.5,3641.25,2022-07-27,2024-11-03,6,7,3308.42,18.34,59,889,3,2,3,323,Regular Customers,Suresh Choudhury,Male,30,Visakhapatnam,Andhra Pradesh,South
CUST-03816,33,62522.25,13883.44,2022-01-29,2024-12-09,31,44,1894.61,22.21,23,1068,5,5,5,555,Champions,Shaurya Mishra,Male,36,Mumbai,Maharashtra,West
CUST-03817,13,57437.85,17586.46,2022-01-07,2024-12-29,13,22,4418.3,30.62,3,1090,5,4,5,545,Champions,Ishaan Mishra,Male,48,Hyderabad,Telangana,South
CUST-03818,6,8616.849999999999,2722.3,2023-06-26,2024-12-18,6,9,1436.14,31.59,14,555,5,2,2,522,Potential Loyalists,Riya Nair,Female,37,Chennai,Tamil Nadu,South
CUST-03819,14,34961.05,5140.96,2022-07-24,2024-11-25,13,22,2497.22,14.7,37,892,4,4,4,444,Champions,Rajesh Bhatia,Male,54,Kochi,Kerala,South
CUST-03820,3,4575.2,409.6,2022-01-16,2024-11-04,3,3,1525.07,8.95,58,1081,3,1,1,311,Regular Customers,Ishaan Joshi,Male,28,Pune,Maharashtra,West
CUST-03821,7,23321.75,7849.89,2023-06-24,2023-11-04,7,7,3331.68,33.66,424,557,1,3,4,134,At Risk,Gaurav Mehta,Male,18,Nagpur,Maharashtra,West
CUST-03822,19,22006.25,7753.43,2024-02-13,2024-12-21,19,24,1158.22,35.23,11,323,5,5,3,553,Loyal Customers,Ayaan Bhatia,Male,37,Hyderabad,Telangana,South
CUST-03823,3,4647.0,1423.0,2023-09-15,2024-07-27,3,3,1549.0,30.62,158,474,2,1,1,211,Lost Customers,Atharv Sharma,Male,40,Ahmedabad,Gujarat,West
CUST-03824,9,9608.15,3782.24,2024-02-09,2024-11-11,9,15,1067.57,39.36,51,327,3,3,2,332,Regular Customers,Aarohi Iyer,Female,27,Bengaluru,Karnataka,South
CUST-03825,17,29533.5,6524.53,2023-08-28,2024-11-01,16,22,1737.26,22.09,61,492,3,5,4,354,Loyal Customers,Deepak Mehta,Male,33,Guwahati,Assam,East
CUST-03826,13,44406.35,11169.39,2022-05-14,2024-11-28,13,17,3415.87,25.15,34,963,4,4,5,445,Champions,Deepa Menon,Female,30,Bengaluru,Karnataka,South
CUST-03827,5,8788.4,3691.2400000000002,2022-05-03,2024-12-22,5,6,1757.68,42.0,10,974,5,2,2,522,Potential Loyalists,Aarohi Nair,Female,26,Delhi,Delhi,North
CUST-03828,9,27470.75,11315.119999999999,2023-03-31,2024-03-11,9,13,3052.31,41.19,296,642,1,3,4,134,At Risk,Varun Bhatia,Male,43,Chennai,Tamil Nadu,South
CUST-03829,13,27019.949999999997,5612.360000000001,2023-05-21,2024-10-27,13,21,2078.46,20.77,66,591,3,4,4,344,Loyal Customers,Pranav Joshi,Male,23,Indore,Madhya Pradesh,Central
CUST-03830,5,7872.200000000001,3100.4300000000003,2023-01-05,2023-11-18,5,9,1574.44,39.38,410,727,1,2,2,122,Lost Customers,Vikram Gupta,Other,27,Indore,Madhya Pradesh,Central
CUST-03831,6,7277.45,2756.72,2022-01-30,2024-12-13,6,10,1212.91,37.88,19,1067,5,2,1,521,Potential Loyalists,Anand Banerjee,Male,24,Delhi,Delhi,North
CUST-03832,3,2667.5,461.51,2022-05-12,2024-10-26,3,4,889.17,17.3,67,965,3,1,1,311,Regular Customers,Neha Saxena,Female,25,Ahmedabad,Gujarat,West
CUST-03833,11,23228.15,6418.38,2022-04-02,2024-12-02,11,16,2111.65,27.63,30,1005,4,4,4,444,Champions,Meera Iyengar,Female,20,Hyderabad,Telangana,South
CUST-03834,17,38120.65,12361.3,2022-02-11,2024-10-20,17,22,2242.39,32.43,73,1055,3,5,4,354,Loyal Customers,Sunita Nair,Female,44,Hyderabad,Telangana,South
CUST-03835,10,7059.1,2804.25,2022-08-18,2024-12-07,10,13,705.91,39.73,25,867,5,4,1,541,Regular Customers,Arjun Iyer,Male,18,Mumbai,Maharashtra,West
CUST-03836,4,13911.599999999999,6771.71,2022-10-16,2024-12-15,4,5,3477.9,48.68,17,808,5,1,3,513,New Customers,Khushi Pillai,Female,24,Patna,Bihar,East
CUST-03837,5,22169.0,5700.63,2023-06-11,2024-10-05,5,7,4433.8,25.71,88,570,2,2,3,223,Lost Customers,Manish Saxena,Male,33,Delhi,Delhi,North
CUST-03838,5,4438.95,938.27,2023-09-26,2024-12-25,5,6,887.79,21.14,7,463,5,2,1,521,Potential Loyalists,Ishaan Nair,Male,31,Mumbai,Maharashtra,West
CUST-03839,5,44106.25,11682.47,2022-04-04,2024-06-16,5,11,8821.25,26.49,199,1003,1,2,5,125,Lost Customers,Kabir Saxena,Male,39,Delhi,Delhi,North
CUST-03840,2,3295.3,1193.33,2022-07-13,2024-10-01,2,4,1647.65,36.21,92,903,2,1,1,211,Lost Customers,Amit Pandey,Male,39,Delhi,Delhi,North
CUST-03841,13,21289.55,7965.85,2022-03-23,2024-12-23,12,23,1637.66,37.42,9,1015,5,4,3,543,Loyal Customers,Aditya Rao,Male,50,Kochi,Kerala,South
CUST-03842,3,2614.1,1379.96,2022-01-07,2023-01-03,3,3,871.37,52.79,729,1090,1,1,1,111,Lost Customers,Pari Mishra,Female,35,Mumbai,Maharashtra,West
CUST-03843,9,54452.5,6448.42,2023-11-12,2024-11-20,8,13,6050.28,11.84,42,416,4,3,5,435,Loyal Customers,Arjun Banerjee,Male,19,Visakhapatnam,Andhra Pradesh,South
CUST-03844,18,27088.7,7967.7,2023-09-28,2024-12-30,17,30,1504.93,29.41,2,461,5,5,4,554,Champions,Riya Sharma,Female,49,Nagpur,Maharashtra,West
CUST-03845,18,31785.15,9625.960000000001,2023-05-18,2024-12-19,18,24,1765.84,30.28,13,594,5,5,4,554,Champions,Rajesh Nair,Male,28,Visakhapatnam,Andhra Pradesh,South
CUST-03846,11,16137.25,5683.28,2022-06-25,2024-08-19,11,16,1467.02,35.22,135,921,2,4,3,243,At Risk,Ishaan Pillai,Male,42,Kolkata,West Bengal,East
CUST-03847,6,4294.8,2134.76,2023-07-14,2024-11-30,6,11,715.8,49.71,32,537,4,2,1,421,Potential Loyalists,Aarohi Mukherjee,Female,20,Visakhapatnam,Andhra Pradesh,South
CUST-03848,17,20046.0,6430.13,2022-11-28,2024-11-05,16,20,1179.18,32.08,57,765,3,5,3,353,Loyal Customers,Nikhil Iyer,Male,18,Ahmedabad,Gujarat,West
CUST-03849,13,42443.0,10060.38,2022-04-12,2024-06-11,12,17,3264.85,23.7,204,995,1,4,5,145,At Risk,Atharv Malhotra,Male,37,Hyderabad,Telangana,South
CUST-03850,17,47279.1,18280.96,2023-03-01,2024-12-26,16,27,2781.12,38.67,6,672,5,5,5,555,Champions,Vikram Choudhury,Male,43,Pune,Maharashtra,West
CUST-03851,8,18195.35,5666.200000000001,2022-08-06,2024-09-11,8,9,2274.42,31.14,112,879,2,3,3,233,At Risk,Aditya Bhatia,Male,27,Jaipur,Rajasthan,North
CUST-03852,7,19547.4,7241.82,2024-04-26,2024-05-23,7,9,2792.49,37.05,223,250,1,3,3,133,At Risk,Varun Das,Male,27,Bengaluru,Karnataka,South
CUST-03853,10,10039.949999999999,4700.44,2024-06-17,2024-10-07,10,18,1003.99,46.82,86,198,2,4,2,242,Regular Customers,Amit Pandey,Male,52,Lucknow,Uttar Pradesh,North
CUST-03854,7,5780.4,1791.9,2023-05-19,2024-05-08,7,8,825.77,31.0,238,593,1,3,1,131,Regular Customers,Rohan Pillai,Male,42,Mumbai,Maharashtra,West
CUST-03855,5,26090.949999999997,4876.889999999999,2023-10-07,2024-10-09,5,6,5218.19,18.69,84,452,2,2,4,224,Lost Customers,Vivaan Malhotra,Male,39,Delhi,Delhi,North
CUST-03856,15,51527.85,11733.24,2024-05-14,2024-12-22,15,21,3435.19,22.77,10,232,5,4,5,545,Champions,Vivaan Tripathi,Male,31,Mumbai,Maharashtra,West
CUST-03857,19,20757.3,7784.58,2022-11-30,2024-12-15,18,27,1092.49,37.5,17,763,5,5,3,553,Loyal Customers,Kavya Pillai,Female,45,Patna,Bihar,East
CUST-03858,7,13844.95,6316.89,2022-05-04,2024-11-27,7,8,1977.85,45.63,35,973,4,3,3,433,Loyal Customers,Nikhil Pandey,Male,48,Delhi,Delhi,North
CUST-03859,7,7665.1,3063.38,2023-01-03,2024-12-30,7,9,1095.01,39.97,2,729,5,3,2,532,Potential Loyalists,Sai Joshi,Male,45,Kolkata,West Bengal,East
CUST-03860,20,36622.4,10577.03,2022-09-03,2024-12-29,20,27,1831.12,28.88,3,851,5,5,4,554,Champions,Riya Reddy,Female,50,Ahmedabad,Gujarat,West
CUST-03861,11,27211.9,10758.8,2023-01-15,2024-11-28,10,11,2473.81,39.54,34,717,4,4,4,444,Champions,Neha Malhotra,Female,48,Bengaluru,Karnataka,South
CUST-03862,7,11306.5,3578.16,2023-03-30,2024-10-04,7,9,1615.21,31.65,89,643,2,3,2,232,Regular Customers,Anjali Dutta,Female,37,Coimbatore,Tamil Nadu,South
CUST-03863,3,3878.05,1864.3000000000002,2022-11-19,2024-05-20,3,3,1292.68,48.07,226,774,1,1,1,111,Lost Customers,Aditya Chatterjee,Male,40,Mumbai,Maharashtra,West
CUST-03864,6,7623.15,2932.71,2023-10-09,2024-09-23,6,7,1270.52,38.47,100,450,2,2,2,222,Lost Customers,Ananya Singh,Female,42,Delhi,Delhi,North
CUST-03865,13,21009.25,7182.47,2023-07-31,2024-12-04,13,20,1616.1,34.19,28,520,4,4,3,443,Loyal Customers,Kavya Rao,Female,32,Delhi,Delhi,North
CUST-03866,13,22112.55,9173.83,2023-12-13,2024-12-14,12,20,1700.97,41.49,18,385,5,4,3,543,Loyal Customers,Isha Agarwal,Female,33,Hyderabad,Telangana,South
CUST-03867,5,4065.9500000000003,1619.88,2022-11-14,2024-10-22,5,5,813.19,39.84,71,779,3,2,1,321,Regular Customers,Vivaan Gupta,Male,18,Mumbai,Maharashtra,West
CUST-03868,4,9199.1,4276.17,2023-03-01,2024-11-03,4,9,2299.78,46.48,59,672,3,1,2,312,Regular Customers,Ananya Mukherjee,Female,42,Coimbatore,Tamil Nadu,South
CUST-03869,14,35320.55,10041.529999999999,2022-11-24,2024-10-20,14,22,2522.9,28.43,73,769,3,4,4,344,Loyal Customers,Tanvi Gupta,Female,27,Bengaluru,Karnataka,South
CUST-03870,7,7636.55,4017.54,2023-05-17,2024-07-22,7,8,1090.94,52.61,163,595,2,3,2,232,Regular Customers,Anand Joshi,Male,39,Indore,Madhya Pradesh,Central
CUST-03871,14,103759.75,23797.78,2022-06-21,2024-11-16,14,23,7411.41,22.94,46,925,4,4,5,445,Champions,Diya Dutta,Female,39,Ahmedabad,Gujarat,West
CUST-03872,16,28994.65,9944.58,2022-01-03,2024-11-27,16,21,1812.17,34.3,35,1094,4,5,4,454,Champions,Anand Tripathi,Male,36,Chennai,Tamil Nadu,South
CUST-03873,11,126234.5,15158.04,2022-01-31,2024-12-24,11,18,11475.86,12.01,8,1066,5,4,5,545,Champions,Kabir Malhotra,Male,52,Pune,Maharashtra,West
CUST-03874,9,19685.600000000002,6496.8099999999995,2023-11-22,2024-07-19,9,11,2187.29,33.0,166,406,2,3,3,233,At Risk,Ishaan Mukherjee,Male,18,Kolkata,West Bengal,East
CUST-03875,8,5324.4,2193.34,2022-05-09,2024-10-06,8,10,665.55,41.19,87,968,2,3,1,231,Regular Customers,Kunal Patel,Male,45,Chennai,Tamil Nadu,South
CUST-03876,7,15252.25,5774.53,2023-06-15,2024-09-01,7,10,2178.89,37.86,122,566,2,3,3,233,At Risk,Sneha Mehta,Female,28,Coimbatore,Tamil Nadu,South
CUST-03877,6,18813.2,5525.07,2022-01-30,2024-11-02,6,6,3135.53,29.37,60,1067,3,2,3,323,Regular Customers,Shreya Choudhury,Female,29,Mumbai,Maharashtra,West
CUST-03878,6,13650.0,5355.2,2024-05-26,2024-06-15,5,10,2275.0,39.23,200,220,1,2,2,122,Lost Customers,Rajesh Verma,Male,38,Bengaluru,Karnataka,South
CUST-03879,7,18905.45,5376.07,2022-08-23,2024-12-18,6,7,2700.78,28.44,14,862,5,3,3,533,Loyal Customers,Diya Kaur,Female,25,Delhi,Delhi,North
CUST-03880,11,37061.4,14549.17,2022-03-19,2024-10-26,10,16,3369.22,39.26,67,1019,3,4,4,344,Loyal Customers,Kabir Mehta,Male,35,Ahmedabad,Gujarat,West
CUST-03881,5,4059.55,1266.49,2022-07-28,2024-10-24,5,8,811.91,31.2,69,888,3,2,1,321,Regular Customers,Swati Bhatia,Female,26,Bengaluru,Karnataka,South
CUST-03882,2,3067.2,965.57,2023-10-14,2024-12-28,2,2,1533.6,31.48,4,445,5,1,1,511,New Customers,Ramesh Mishra,Male,22,Coimbatore,Tamil Nadu,South
CUST-03883,6,8291.3,2252.69,2022-11-07,2024-11-22,6,9,1381.88,27.17,40,786,4,2,2,422,Potential Loyalists,Isha Sharma,Female,32,Mumbai,Maharashtra,West
CUST-03884,17,25372.75,8216.19,2024-06-02,2024-12-13,17,22,1492.51,32.38,19,213,5,5,4,554,Champions,Ramesh Joshi,Male,51,Pune,Maharashtra,West
CUST-03885,8,31913.600000000002,7036.87,2024-05-08,2024-08-24,8,10,3989.2,22.05,130,238,2,3,4,234,At Risk,Priyanka Pillai,Female,40,Bhopal,Madhya Pradesh,Central
CUST-03886,7,21307.15,7208.610000000001,2024-02-19,2024-12-19,7,13,3043.88,33.83,13,317,5,3,3,533,Loyal Customers,Dhruv Iyer,Male,23,Chandigarh,Punjab,North
CUST-03887,6,7928.35,2026.6299999999999,2023-01-09,2024-06-23,6,9,1321.39,25.56,192,723,1,2,2,122,Lost Customers,Shaurya Reddy,Male,45,Guwahati,Assam,East
CUST-03888,3,12685.2,5658.59,2023-10-24,2024-05-21,3,5,4228.4,44.61,225,435,1,1,2,112,Lost Customers,Arjun Menon,Male,41,Chennai,Tamil Nadu,South
CUST-03889,6,15194.7,6237.29,2023-06-28,2024-11-23,6,8,2532.45,41.05,39,553,4,2,3,423,Potential Loyalists,Deepak Saxena,Male,40,Coimbatore,Tamil Nadu,South
CUST-03890,23,45699.55,17392.36,2024-03-18,2024-11-13,21,33,1986.94,38.06,49,289,3,5,5,355,Loyal Customers,Vivaan Kaur,Male,22,Delhi,Delhi,North
CUST-03891,17,46219.1,17620.32,2024-02-26,2024-10-26,17,29,2718.77,38.12,67,310,3,5,5,355,Loyal Customers,Manish Iyer,Male,18,Bengaluru,Karnataka,South
CUST-03892,10,24252.2,8101.84,2023-12-22,2024-12-07,10,14,2425.22,33.41,25,376,5,4,4,544,Champions,Aadhya Mehta,Female,28,Mumbai,Maharashtra,West
CUST-03893,4,2624.55,1236.95,2022-12-12,2024-03-08,4,5,656.14,47.13,299,751,1,1,1,111,Lost Customers,Khushi Choudhury,Female,25,Ahmedabad,Gujarat,West
CUST-03894,8,6661.05,2655.2200000000003,2022-02-06,2024-12-02,8,10,832.63,39.86,30,1060,4,3,1,431,Potential Loyalists,Riya Sharma,Female,42,Jaipur,Rajasthan,North
CUST-03895,7,12537.650000000001,2207.32,2022-12-26,2024-11-30,7,11,1791.09,17.61,32,737,4,3,2,432,Potential Loyalists,Sai Mukherjee,Male,44,Indore,Madhya Pradesh,Central
CUST-03896,15,35463.3,11050.87,2022-01-04,2024-10-26,15,19,2364.22,31.16,67,1093,3,4,4,344,Loyal Customers,Kabir Choudhury,Male,27,Mumbai,Maharashtra,West
CUST-03897,24,47485.4,11299.039999999999,2023-10-07,2024-11-11,24,31,1978.56,23.79,51,452,3,5,5,355,Loyal Customers,Ishaan Chatterjee,Male,34,Mumbai,Maharashtra,West
CUST-03898,2,3601.1499999999996,781.9200000000001,2024-01-22,2024-06-26,2,2,1800.57,21.71,189,345,1,1,1,111,Lost Customers,Dhruv Agarwal,Male,23,Indore,Madhya Pradesh,Central
CUST-03899,4,8522.1,4060.2200000000003,2023-06-23,2024-11-14,4,5,2130.52,47.64,48,558,3,1,2,312,Regular Customers,Ramesh Yadav,Male,41,Bengaluru,Karnataka,South
CUST-03900,6,10209.65,3910.27,2022-08-18,2024-12-19,6,8,1701.61,38.3,13,867,5,2,2,522,Potential Loyalists,Gauri Mehta,Female,42,Chandigarh,Punjab,North
CUST-03901,6,6819.2,2762.58,2022-02-06,2024-07-15,6,6,1136.53,40.51,170,1060,1,2,1,121,Lost Customers,Sai Yadav,Male,34,Surat,Gujarat,West
CUST-03902,5,13230.1,6627.139999999999,2024-02-04,2024-11-30,5,6,2646.02,50.09,32,332,4,2,2,422,Potential Loyalists,Tanvi Nair,Female,18,Delhi,Delhi,North
CUST-03903,20,63688.85,12553.0,2023-05-08,2024-11-17,20,28,3184.44,19.71,45,604,4,5,5,455,Champions,Sunita Mehta,Female,53,Chandigarh,Punjab,North
CUST-03904,17,65754.25,16331.46,2023-01-15,2024-11-06,17,28,3867.9,24.84,56,717,3,5,5,355,Loyal Customers,Kavya Reddy,Female,18,Kochi,Kerala,South
CUST-03905,6,20230.5,8420.7,2022-11-01,2024-11-27,6,13,3371.75,41.62,35,792,4,2,3,423,Potential Loyalists,Swati Tripathi,Female,21,Kochi,Kerala,South
CUST-03906,23,43776.25,12059.78,2022-06-23,2024-11-16,23,29,1903.32,27.55,46,923,4,5,5,455,Champions,Anjali Nair,Female,36,Delhi,Delhi,North
CUST-03907,9,31206.8,7548.71,2023-08-11,2024-09-26,9,9,3467.42,24.19,97,509,2,3,4,234,At Risk,Rahul Choudhury,Male,42,Lucknow,Uttar Pradesh,North
CUST-03908,21,52852.05,15884.19,2022-01-06,2024-12-23,20,26,2516.76,30.05,9,1091,5,5,5,555,Champions,Varun Menon,Male,23,Bhubaneswar,Odisha,East
CUST-03909,2,1555.1999999999998,585.82,2023-11-19,2024-01-27,2,2,777.6,37.67,340,409,1,1,1,111,Lost Customers,Sai Nair,Male,30,Hyderabad,Telangana,South
CUST-03910,12,67062.35,27132.59,2023-08-10,2024-12-10,12,18,5588.53,40.46,22,510,5,4,5,545,Champions,Siddharth Reddy,Male,48,Delhi,Delhi,North
CUST-03911,7,8271.25,2921.49,2022-10-26,2024-01-01,7,9,1181.61,35.32,366,798,1,3,2,132,Regular Customers,Swati Agarwal,Female,21,Mumbai,Maharashtra,West
CUST-03912,4,14884.05,3605.3199999999997,2023-05-21,2024-07-19,4,4,3721.01,24.22,166,591,2,1,3,213,Lost Customers,Manish Pillai,Male,34,Chandigarh,Punjab,North
CUST-03913,4,9311.05,4290.92,2024-06-23,2024-07-18,4,8,2327.76,46.08,167,192,1,1,2,112,Lost Customers,Divya Sharma,Female,34,Mumbai,Maharashtra,West
CUST-03914,17,18863.65,4730.51,2023-11-01,2024-12-05,16,21,1109.63,25.08,27,427,4,5,3,453,Loyal Customers,Neha Mukherjee,Female,25,Coimbatore,Tamil Nadu,South
CUST-03915,21,46943.299999999996,16070.76,2023-04-23,2024-11-01,20,33,2235.4,34.23,61,619,3,5,5,355,Loyal Customers,Neha Banerjee,Female,35,Bengaluru,Karnataka,South
CUST-03916,6,6367.8,2844.06,2022-11-17,2024-05-18,6,7,1061.3,44.66,228,776,1,2,1,121,Lost Customers,Shaurya Mukherjee,Male,46,Hyderabad,Telangana,South
CUST-03917,19,36093.85,14806.720000000001,2022-01-04,2024-12-21,19,32,1899.68,41.02,11,1093,5,5,4,554,Champions,Divya Iyer,Female,27,Chennai,Tamil Nadu,South
CUST-03918,20,40964.15,14038.15,2024-05-25,2024-12-07,19,29,2048.21,34.27,25,221,5,5,5,555,Champions,Aarav Dutta,Male,24,Pune,Maharashtra,West
CUST-03919,15,11402.85,5005.25,2024-02-14,2024-11-15,15,16,760.19,43.89,47,322,3,4,2,342,Regular Customers,Divya Nair,Female,41,Pune,Maharashtra,West
CUST-03920,7,30612.8,6100.2,2023-03-03,2024-12-04,6,10,4373.26,19.93,28,670,4,3,4,434,Loyal Customers,Reyansh Yadav,Male,46,Delhi,Delhi,North
CUST-03921,6,33082.4,7646.26,2022-05-12,2024-01-02,6,9,5513.73,23.11,365,965,1,2,4,124,Lost Customers,Tanvi Yadav,Female,29,Chandigarh,Punjab,North
CUST-03922,3,4822.65,2336.43,2022-05-19,2024-05-28,3,3,1607.55,48.45,218,958,1,1,1,111,Lost Customers,Varun Das,Male,30,Hyderabad,Telangana,South
CUST-03923,8,10510.75,3310.05,2022-04-04,2024-10-15,8,12,1313.84,31.49,78,1003,2,3,2,232,Regular Customers,Ishaan Gupta,Male,30,Mumbai,Maharashtra,West
CUST-03924,19,43506.6,11002.77,2022-05-31,2024-10-19,19,38,2289.82,25.29,74,946,3,5,5,355,Loyal Customers,Riya Menon,Female,30,Kochi,Kerala,South
CUST-03925,27,61504.9,17270.85,2022-03-13,2024-12-13,26,40,2277.96,28.08,19,1025,5,5,5,555,Champions,Rohan Patel,Male,29,Bengaluru,Karnataka,South
CUST-03926,9,6740.0,2930.03,2022-01-12,2024-10-26,9,12,748.89,43.47,67,1085,3,3,1,331,Regular Customers,Amit Singh,Male,37,Ahmedabad,Gujarat,West
CUST-03927,5,6911.85,3354.96,2022-01-13,2024-05-15,5,6,1382.37,48.54,231,1084,1,2,1,121,Lost Customers,Siddharth Reddy,Male,48,Pune,Maharashtra,West
CUST-03928,6,17235.15,6159.58,2022-01-06,2024-09-07,6,10,2872.52,35.74,116,1091,2,2,3,223,Lost Customers,Tanvi Gupta,Female,39,Surat,Gujarat,West
CUST-03929,32,65244.4,24405.85,2023-04-18,2024-11-15,32,52,2038.89,37.41,47,624,3,5,5,355,Loyal Customers,Rajesh Kaur,Male,47,Ahmedabad,Gujarat,West
CUST-03930,7,31077.45,7710.18,2023-03-30,2024-10-16,7,11,4439.64,24.81,77,643,2,3,4,234,At Risk,Rahul Yadav,Male,23,Hyderabad,Telangana,South
CUST-03931,4,8395.25,3054.16,2024-01-07,2024-05-15,4,4,2098.81,36.38,231,360,1,1,2,112,Lost Customers,Kabir Shah,Male,19,Surat,Gujarat,West
CUST-03932,10,11226.8,3348.79,2024-01-04,2024-11-22,10,11,1122.68,29.83,40,363,4,4,2,442,Regular Customers,Sunita Mukherjee,Female,29,Kolkata,West Bengal,East
CUST-03933,6,14513.7,5946.360000000001,2022-02-17,2024-11-19,6,9,2418.95,40.97,43,1049,4,2,3,423,Potential Loyalists,Riya Iyer,Female,36,Bhopal,Madhya Pradesh,Central
CUST-03934,4,4529.55,1593.27,2022-09-09,2023-06-29,4,6,1132.39,35.18,552,845,1,1,1,111,Lost Customers,Dhruv Pandey,Male,18,Visakhapatnam,Andhra Pradesh,South
CUST-03935,10,12446.85,5477.61,2023-11-18,2024-07-31,9,16,1244.68,44.01,154,410,2,4,2,242,Regular Customers,Deepak Agarwal,Male,18,Delhi,Delhi,North
CUST-03936,10,11397.3,4574.9400000000005,2022-12-20,2024-12-04,10,15,1139.73,40.14,28,743,4,4,2,442,Regular Customers,Riya Pillai,Female,22,Nagpur,Maharashtra,West
CUST-03937,15,28266.75,4426.19,2024-04-06,2024-06-15,15,23,1884.45,15.66,200,270,1,4,4,144,At Risk,Gaurav Shah,Male,55,Chennai,Tamil Nadu,South
CUST-03938,5,10369.4,3329.72,2022-01-14,2024-09-22,5,7,2073.88,32.11,101,1083,2,2,2,222,Lost Customers,Aarohi Dutta,Female,30,Mumbai,Maharashtra,West
CUST-03939,29,57013.35,19049.1,2022-01-18,2024-12-02,29,39,1965.98,33.41,30,1079,4,5,5,455,Champions,Swati Reddy,Female,27,Bengaluru,Karnataka,South
CUST-03940,6,62636.65,11862.69,2022-07-08,2024-08-22,6,6,10439.44,18.94,132,908,2,2,5,225,Lost Customers,Kunal Iyer,Male,40,Ahmedabad,Gujarat,West
CUST-03941,7,43350.7,12101.199999999999,2022-11-27,2024-06-19,7,9,6192.96,27.91,196,766,1,3,5,135,At Risk,Shaurya Singh,Male,18,Mumbai,Maharashtra,West
CUST-03942,18,31353.7,11142.09,2022-06-02,2024-07-13,17,24,1741.87,35.54,172,944,1,5,4,154,At Risk,Deepak Iyer,Male,41,Mumbai,Maharashtra,West
CUST-03943,5,9940.3,3992.17,2023-07-04,2024-11-10,5,5,1988.06,40.16,52,547,3,2,2,322,Regular Customers,Meera Joshi,Female,32,Kolkata,West Bengal,East
CUST-03944,14,29088.15,7779.99,2022-06-18,2024-11-21,14,20,2077.72,26.75,41,928,4,4,4,444,Champions,Rohan Das,Male,38,Pune,Maharashtra,West
CUST-03945,9,13988.45,4779.97,2022-08-02,2024-10-09,9,12,1554.27,34.17,84,883,2,3,3,233,At Risk,Ramesh Verma,Male,40,Delhi,Delhi,North
CUST-03946,18,74839.35,29199.489999999998,2022-04-04,2024-11-24,18,31,4157.74,39.02,38,1003,4,5,5,455,Champions,Khushi Sharma,Female,34,Mumbai,Maharashtra,West
CUST-03947,4,1194.05,561.97,2022-08-28,2024-02-25,4,4,298.51,47.06,311,857,1,1,1,111,Lost Customers,Suresh Rao,Male,29,Delhi,Delhi,North
CUST-03948,16,15055.4,5717.33,2024-03-10,2024-11-27,16,30,940.96,37.98,35,297,4,5,3,453,Loyal Customers,Deepak Saxena,Male,24,Chennai,Tamil Nadu,South
CUST-03949,6,5921.9,1517.96,2023-06-24,2023-09-30,6,7,986.98,25.63,459,557,1,2,1,121,Lost Customers,Rahul Das,Male,39,Hyderabad,Telangana,South
CUST-03950,12,17839.7,6257.71,2022-05-16,2024-11-10,11,18,1486.64,35.08,52,961,3,4,3,343,Loyal Customers,Arjun Dutta,Male,35,Bengaluru,Karnataka,South
CUST-03951,7,24721.35,7163.03,2023-03-04,2024-06-20,7,9,3531.62,28.98,195,669,1,3,4,134,At Risk,Khushi Yadav,Female,18,Delhi,Delhi,North
CUST-03952,13,29346.8,10349.23,2022-03-30,2024-09-30,13,21,2257.45,35.27,93,1008,2,4,4,244,At Risk,Ayaan Sharma,Male,57,Bengaluru,Karnataka,South
CUST-03953,6,51966.2,12383.49,2022-09-06,2024-09-27,6,12,8661.03,23.83,96,848,2,2,5,225,Lost Customers,Ananya Banerjee,Female,18,Chennai,Tamil Nadu,South
CUST-03954,6,3566.2,1317.6599999999999,2023-12-06,2024-11-04,5,6,594.37,36.95,58,392,3,2,1,321,Regular Customers,Tanvi Iyengar,Female,34,Kolkata,West Bengal,East
CUST-03955,22,56387.7,17132.56,2022-01-25,2024-11-21,22,29,2563.08,30.38,41,1072,4,5,5,455,Champions,Ramesh Tripathi,Male,39,Ahmedabad,Gujarat,West
CUST-03956,16,54335.45,17820.42,2024-04-21,2024-12-15,16,20,3395.97,32.8,17,255,5,5,5,555,Champions,Manish Bhatia,Male,26,Delhi,Delhi,North
CUST-03957,4,6665.25,2099.48,2023-02-11,2024-12-17,4,5,1666.31,31.5,15,690,5,1,1,511,New Customers,Shaurya Iyengar,Male,33,Hyderabad,Telangana,South
CUST-03958,18,38635.5,8557.69,2022-05-09,2024-12-18,18,26,2146.42,22.15,14,968,5,5,4,554,Champions,Pallavi Iyer,Female,39,Indore,Madhya Pradesh,Central
CUST-03959,16,29412.0,10660.99,2023-09-20,2024-12-18,15,22,1838.25,36.25,14,469,5,5,4,554,Champions,Rahul Saxena,Male,36,Jaipur,Rajasthan,North
CUST-03960,4,6760.799999999999,3285.29,2022-01-13,2024-10-10,4,5,1690.2,48.59,83,1084,2,1,1,211,Lost Customers,Saanvi Kaur,Female,19,Bhubaneswar,Odisha,East
CUST-03961,4,2352.1,1190.23,2022-05-02,2024-10-19,4,4,588.02,50.6,74,975,3,1,1,311,Regular Customers,Ishaan Mehta,Male,54,Jaipur,Rajasthan,North
CUST-03962,10,30945.0,12772.59,2022-01-03,2024-05-14,10,13,3094.5,41.28,232,1094,1,4,4,144,At Risk,Neha Choudhury,Female,21,Delhi,Delhi,North
CUST-03963,14,22117.45,7196.45,2023-08-05,2024-11-02,14,19,1579.82,32.54,60,515,3,4,3,343,Loyal Customers,Navya Iyer,Female,35,Kolkata,West Bengal,East
CUST-03964,12,18059.05,5747.38,2022-02-08,2024-12-02,12,14,1504.92,31.83,30,1058,4,4,3,443,Loyal Customers,Manish Agarwal,Male,48,Mumbai,Maharashtra,West
CUST-03965,23,46858.7,16802.25,2023-12-11,2024-11-22,23,39,2037.33,35.86,40,387,4,5,5,455,Champions,Gaurav Pandey,Male,35,Bhopal,Madhya Pradesh,Central
CUST-03966,13,32063.399999999998,9694.43,2023-01-25,2024-12-17,12,16,2466.42,30.24,15,707,5,4,4,544,Champions,Tanvi Mehta,Female,31,Kolkata,West Bengal,East
CUST-03967,29,52666.05,18426.43,2022-03-18,2024-12-08,26,39,1816.07,34.99,24,1020,5,5,5,555,Champions,Dhruv Singh,Male,32,Mumbai,Maharashtra,West
CUST-03968,11,19124.45,7097.5,2022-08-08,2024-12-02,11,19,1738.59,37.11,30,877,4,4,3,443,Loyal Customers,Amit Gupta,Male,35,Bhubaneswar,Odisha,East
CUST-03969,24,63216.549999999996,14728.78,2024-01-08,2024-11-14,24,31,2634.02,23.3,48,359,3,5,5,355,Loyal Customers,Anjali Yadav,Female,49,Kochi,Kerala,South
CUST-03970,9,11308.55,3501.72,2023-07-08,2024-11-10,9,11,1256.51,30.97,52,543,3,3,2,332,Regular Customers,Anita Verma,Female,53,Bhubaneswar,Odisha,East
CUST-03971,9,12060.4,5153.87,2022-06-27,2024-04-12,9,15,1340.04,42.73,264,919,1,3,2,132,Regular Customers,Isha Patel,Female,18,Ahmedabad,Gujarat,West
CUST-03972,9,22111.4,5626.87,2022-10-12,2024-10-29,9,18,2456.82,25.45,64,812,3,3,3,333,Loyal Customers,Sai Das,Male,32,Kolkata,West Bengal,East
CUST-03973,7,7118.0,2874.48,2022-06-09,2024-03-04,7,10,1016.86,40.38,303,937,1,3,1,131,Regular Customers,Shreya Menon,Female,29,Surat,Gujarat,West
CUST-03974,9,37530.85,8427.09,2024-02-08,2024-10-31,8,11,4170.09,22.45,62,328,3,3,4,334,Loyal Customers,Ramesh Shah,Male,18,Hyderabad,Telangana,South
CUST-03975,25,61397.0,20935.39,2022-02-04,2024-12-26,23,39,2455.88,34.1,6,1062,5,5,5,555,Champions,Anand Mehta,Male,58,Bhopal,Madhya Pradesh,Central
CUST-03976,9,13083.25,1630.3,2022-09-26,2024-08-18,9,25,1453.69,12.46,136,828,2,3,2,232,Regular Customers,Arjun Iyengar,Male,36,Kochi,Kerala,South
CUST-03977,14,18144.45,6288.8,2024-04-15,2024-09-24,13,23,1296.03,34.66,99,261,2,4,3,243,At Risk,Isha Patel,Female,46,Lucknow,Uttar Pradesh,North
CUST-03978,4,8155.2,2810.3599999999997,2022-10-26,2023-11-24,4,4,2038.8,34.46,404,798,1,1,2,112,Lost Customers,Sneha Menon,Female,18,Mumbai,Maharashtra,West
CUST-03979,13,24276.05,12111.28,2022-10-30,2024-10-02,13,17,1867.39,49.89,91,794,2,4,4,244,At Risk,Kunal Verma,Male,22,Jaipur,Rajasthan,North
CUST-03980,6,7524.55,3340.67,2023-09-27,2024-10-11,6,7,1254.09,44.4,82,462,2,2,2,222,Lost Customers,Aditya Mehta,Male,22,Indore,Madhya Pradesh,Central
CUST-03981,5,30693.75,8625.33,2022-02-10,2024-10-05,5,7,6138.75,28.1,88,1056,2,2,4,224,Lost Customers,Aditya Iyer,Male,36,Delhi,Delhi,North
CUST-03982,9,13014.8,6443.7699999999995,2024-05-14,2024-06-27,9,13,1446.09,49.51,188,232,1,3,2,132,Regular Customers,Priyanka Mehta,Female,18,Mumbai,Maharashtra,West
CUST-03983,6,22089.350000000002,7654.42,2024-04-13,2024-05-04,6,10,3681.56,34.65,242,263,1,2,3,123,Lost Customers,Suresh Sharma,Male,36,Bengaluru,Karnataka,South
CUST-03984,13,31515.3,11909.880000000001,2023-07-01,2024-11-23,13,20,2424.25,37.79,39,550,4,4,4,444,Champions,Pranav Malhotra,Male,44,Lucknow,Uttar Pradesh,North
CUST-03985,15,23159.5,10048.21,2024-06-22,2024-11-05,14,23,1543.97,43.39,57,193,3,4,4,344,Loyal Customers,Gauri Banerjee,Female,29,Guwahati,Assam,East
CUST-03986,15,11850.2,3162.4700000000003,2023-04-15,2024-10-13,14,17,790.01,26.69,80,627,2,4,2,242,Regular Customers,Aarav Shah,Male,41,Mumbai,Maharashtra,West
CUST-03987,3,8102.65,1148.55,2023-01-23,2024-10-29,3,3,2700.88,14.17,64,709,3,1,2,312,Regular Customers,Sneha Singh,Female,28,Chandigarh,Punjab,North
CUST-03988,12,17696.05,6414.59,2022-08-18,2024-12-12,12,14,1474.67,36.25,20,867,5,4,3,543,Loyal Customers,Sneha Iyengar,Female,18,Bengaluru,Karnataka,South
CUST-03989,6,15457.5,5835.01,2024-01-03,2024-10-09,6,8,2576.25,37.75,84,364,2,2,3,223,Lost Customers,Ishaan Shah,Male,29,Mumbai,Maharashtra,West
CUST-03990,4,20863.55,9722.590000000002,2024-03-14,2024-04-30,3,8,5215.89,46.6,246,293,1,1,3,113,Lost Customers,Krishna Kaur,Male,34,Chandigarh,Punjab,North
CUST-03991,20,38810.9,10680.48,2022-02-09,2024-11-28,20,35,1940.54,27.52,34,1057,4,5,4,454,Champions,Manish Menon,Male,23,Surat,Gujarat,West
CUST-03992,6,10807.85,2691.48,2022-11-01,2024-10-08,6,7,1801.31,24.9,85,792,2,2,2,222,Lost Customers,Sai Iyer,Male,33,Coimbatore,Tamil Nadu,South
CUST-03993,2,2823.25,555.12,2023-11-04,2024-11-05,2,2,1411.62,19.66,57,424,3,1,1,311,Regular Customers,Pooja Iyer,Female,32,Mumbai,Maharashtra,West
CUST-03994,22,76005.45,22425.95,2023-06-11,2024-12-19,22,32,3454.79,29.51,13,570,5,5,5,555,Champions,Aadhya Choudhury,Female,30,Kolkata,West Bengal,East
CUST-03995,4,29955.2,5617.96,2023-07-19,2024-09-08,4,5,7488.8,18.75,115,532,2,1,4,214,Lost Customers,Vihaan Agarwal,Male,30,Surat,Gujarat,West
CUST-03996,6,11017.45,865.52,2022-12-28,2024-08-09,6,8,1836.24,7.86,145,735,2,2,2,222,Lost Customers,Swati Chatterjee,Female,23,Patna,Bihar,East
CUST-03997,5,3171.15,1360.67,2022-11-20,2024-03-19,5,7,634.23,42.91,288,773,1,2,1,121,Lost Customers,Vihaan Choudhury,Male,35,Ahmedabad,Gujarat,West
CUST-03998,13,17581.2,4861.389999999999,2022-10-21,2024-06-20,12,18,1352.4,27.65,195,803,1,4,3,143,At Risk,Pooja Joshi,Female,18,Delhi,Delhi,North
CUST-03999,20,54291.899999999994,24290.89,2022-09-11,2024-12-26,18,35,2714.6,44.74,6,843,5,5,5,555,Champions,Sneha Malhotra,Female,44,Pune,Maharashtra,West
CUST-04000,9,5974.85,2407.83,2022-04-24,2024-11-04,9,11,663.87,40.3,58,983,3,3,1,331,Regular Customers,Reyansh Banerjee,Male,37,Visakhapatnam,Andhra Pradesh,South
CUST-04001,16,28358.2,12156.539999999999,2023-03-24,2024-12-23,16,20,1772.39,42.87,9,649,5,5,4,554,Champions,Gauri Choudhury,Female,38,Mumbai,Maharashtra,West
CUST-04002,17,50587.45,14842.73,2024-06-04,2024-11-14,17,28,2975.73,29.34,48,211,3,5,5,355,Loyal Customers,Gaurav Saxena,Male,54,Delhi,Delhi,North
CUST-04003,14,27377.45,8284.82,2023-08-30,2024-11-09,14,24,1955.53,30.26,53,490,3,4,4,344,Loyal Customers,Shaurya Iyengar,Male,23,Hyderabad,Telangana,South
CUST-04004,6,3983.45,983.3800000000001,2022-09-19,2024-12-07,6,10,663.91,24.69,25,835,5,2,1,521,Potential Loyalists,Kunal Pillai,Male,21,Mumbai,Maharashtra,West
CUST-04005,7,19589.6,3672.1000000000004,2022-10-12,2024-11-02,7,8,2798.51,18.75,60,812,3,3,3,333,Loyal Customers,Krishna Iyer,Male,37,Chennai,Tamil Nadu,South
CUST-04006,14,21918.65,7756.79,2023-01-03,2024-12-29,14,20,1565.62,35.39,3,729,5,4,3,543,Loyal Customers,Khushi Reddy,Female,54,Kochi,Kerala,South
CUST-04007,7,22396.95,9297.35,2022-09-28,2024-05-26,7,13,3199.56,41.51,220,826,1,3,3,133,At Risk,Shaurya Menon,Male,37,Kochi,Kerala,South
CUST-04008,4,10482.85,4039.9,2023-05-14,2024-06-17,4,6,2620.71,38.54,198,598,1,1,2,112,Lost Customers,Dhruv Choudhury,Male,34,Jaipur,Rajasthan,North
CUST-04009,3,7252.700000000001,2452.09,2023-05-02,2024-12-30,3,4,2417.57,33.81,2,610,5,1,1,511,New Customers,Dhruv Verma,Male,36,Kolkata,West Bengal,East
CUST-04010,12,27044.45,8920.38,2023-07-26,2024-10-19,11,17,2253.7,32.98,74,525,3,4,4,344,Loyal Customers,Anita Bhatia,Female,33,Chennai,Tamil Nadu,South
CUST-04011,8,23169.25,7967.58,2022-05-28,2024-11-23,8,14,2896.16,34.39,39,949,4,3,4,434,Loyal Customers,Aarav Pandey,Other,27,Pune,Maharashtra,West
CUST-04012,12,17510.65,7449.54,2022-09-11,2024-11-16,12,14,1459.22,42.54,46,843,4,4,3,443,Loyal Customers,Deepak Shah,Male,34,Mumbai,Maharashtra,West
CUST-04013,12,26133.35,9885.73,2023-05-28,2024-11-10,11,24,2177.78,37.83,52,584,3,4,4,344,Loyal Customers,Saanvi Reddy,Female,42,Bengaluru,Karnataka,South
CUST-04014,15,53494.1,13341.980000000001,2024-02-26,2024-12-11,15,25,3566.27,24.94,21,310,5,4,5,545,Champions,Shaurya Chatterjee,Male,25,Visakhapatnam,Andhra Pradesh,South
CUST-04015,6,25094.45,13375.75,2024-06-19,2024-07-18,6,9,4182.41,53.3,167,196,1,2,4,124,Lost Customers,Kunal Mehta,Male,50,Pune,Maharashtra,West
CUST-04016,10,46043.15,6711.110000000001,2022-05-04,2024-11-04,10,15,4604.32,14.58,58,973,3,4,5,345,Loyal Customers,Rekha Shah,Female,49,Jaipur,Rajasthan,North
CUST-04017,18,15304.449999999999,4930.219999999999,2023-09-12,2024-12-10,17,21,850.25,32.21,22,477,5,5,3,553,Loyal Customers,Sai Reddy,Male,30,Pune,Maharashtra,West
CUST-04018,14,36541.6,11203.35,2022-06-18,2024-11-22,14,22,2610.11,30.66,40,928,4,4,4,444,Champions,Priyanka Iyer,Female,36,Ahmedabad,Gujarat,West
CUST-04019,5,15114.95,4510.03,2023-10-19,2024-10-30,5,7,3022.99,29.84,63,440,3,2,3,323,Regular Customers,Pari Das,Female,43,Surat,Gujarat,West
CUST-04020,3,3828.8500000000004,-266.59999999999997,2024-05-27,2024-10-23,3,3,1276.28,-6.96,70,219,3,1,1,311,Regular Customers,Ramesh Banerjee,Male,37,Delhi,Delhi,North
CUST-04021,5,14541.0,6168.14,2022-12-12,2024-06-23,5,9,2908.2,42.42,192,751,1,2,3,123,Lost Customers,Vivaan Singh,Male,21,Mumbai,Maharashtra,West
CUST-04022,12,47388.25,12461.39,2022-10-21,2024-09-12,12,17,3949.02,26.3,111,803,2,4,5,245,At Risk,Atharv Menon,Male,41,Nagpur,Maharashtra,West
CUST-04023,10,10598.6,4041.4,2022-04-24,2024-11-12,10,13,1059.86,38.13,50,983,3,4,2,342,Regular Customers,Ananya Tripathi,Female,19,Hyderabad,Telangana,South
CUST-04024,13,20729.4,7843.24,2023-05-05,2024-11-23,13,23,1594.57,37.84,39,607,4,4,3,443,Loyal Customers,Nikhil Dutta,Male,28,Mumbai,Maharashtra,West
CUST-04025,7,20589.1,6711.93,2024-04-26,2024-10-24,7,7,2941.3,32.6,69,250,3,3,3,333,Loyal Customers,Rekha Bhatia,Female,31,Chennai,Tamil Nadu,South
CUST-04026,6,7356.650000000001,2862.21,2022-09-17,2024-05-16,6,8,1226.11,38.91,230,837,1,2,1,121,Lost Customers,Reyansh Chatterjee,Male,28,Bengaluru,Karnataka,South
CUST-04027,12,95339.0,24802.47,2024-01-31,2024-11-01,12,25,7944.92,26.02,61,336,3,4,5,345,Loyal Customers,Shaurya Banerjee,Male,41,Ahmedabad,Gujarat,West
CUST-04028,9,21194.4,6575.71,2023-12-31,2024-11-04,9,12,2354.93,31.03,58,367,3,3,3,333,Loyal Customers,Krishna Chatterjee,Male,43,Coimbatore,Tamil Nadu,South
CUST-04029,12,33802.450000000004,8774.15,2022-04-12,2024-12-02,11,18,2816.87,25.96,30,995,4,4,4,444,Champions,Shreya Sharma,Female,27,Kolkata,West Bengal,East
CUST-04030,21,62433.55,10506.550000000001,2022-10-08,2024-07-05,21,31,2973.03,16.83,180,816,1,5,5,155,At Risk,Aditya Yadav,Male,26,Chennai,Tamil Nadu,South
CUST-04031,13,22189.15,6910.8,2023-07-08,2024-12-25,13,15,1706.86,31.14,7,543,5,4,3,543,Loyal Customers,Navya Tripathi,Female,18,Pune,Maharashtra,West
CUST-04032,7,7970.85,2648.26,2022-11-14,2024-02-03,7,7,1138.69,33.22,333,779,1,3,2,132,Regular Customers,Gauri Saxena,Female,35,Delhi,Delhi,North
CUST-04033,9,10831.7,2922.58,2022-12-02,2024-12-26,9,15,1203.52,26.98,6,761,5,3,2,532,Potential Loyalists,Riya Rao,Female,22,Mumbai,Maharashtra,West
CUST-04034,15,14020.4,4574.36,2022-06-28,2024-12-20,15,23,934.69,32.63,12,918,5,4,3,543,Loyal Customers,Deepak Shah,Male,34,Pune,Maharashtra,West
CUST-04035,9,20467.75,4721.35,2022-01-13,2024-11-27,9,16,2274.19,23.07,35,1084,4,3,3,433,Loyal Customers,Pallavi Sharma,Female,39,Delhi,Delhi,North
CUST-04036,12,9458.35,3280.83,2023-03-29,2024-11-30,12,13,788.2,34.69,32,644,4,4,2,442,Regular Customers,Prisha Pillai,Female,21,Chennai,Tamil Nadu,South
CUST-04037,5,19185.5,7468.26,2023-12-21,2024-11-16,5,10,3837.1,38.93,46,377,4,2,3,423,Potential Loyalists,Anita Verma,Female,24,Mumbai,Maharashtra,West
CUST-04038,14,17416.25,7608.55,2022-01-11,2024-12-15,14,19,1244.02,43.69,17,1086,5,4,3,543,Loyal Customers,Amit Rao,Male,18,Chandigarh,Punjab,North
CUST-04039,16,22669.4,6175.76,2022-11-07,2024-11-19,16,19,1416.84,27.24,43,786,4,5,3,453,Loyal Customers,Aanya Iyengar,Female,49,Indore,Madhya Pradesh,Central
CUST-04040,9,13230.45,5522.1,2024-03-25,2024-11-27,9,18,1470.05,41.74,35,282,4,3,2,432,Potential Loyalists,Rahul Joshi,Male,41,Mumbai,Maharashtra,West
CUST-04041,15,40741.85,16195.800000000001,2022-02-10,2024-12-01,15,24,2716.12,39.75,31,1056,4,4,5,445,Champions,Aditya Dutta,Male,19,Mumbai,Maharashtra,West
CUST-04042,9,10324.65,4067.74,2023-01-21,2024-06-29,9,13,1147.18,39.4,186,711,1,3,2,132,Regular Customers,Vikram Choudhury,Male,25,Delhi,Delhi,North
CUST-04043,18,19205.7,7277.25,2022-03-13,2024-11-26,17,26,1066.98,37.89,36,1025,4,5,3,453,Loyal Customers,Anita Iyengar,Female,34,Pune,Maharashtra,West
CUST-04044,11,40656.25,10463.53,2022-01-29,2024-10-07,11,16,3696.02,25.74,86,1068,2,4,5,245,At Risk,Riya Mukherjee,Female,20,Mumbai,Maharashtra,West
CUST-04045,16,123934.75,18779.12,2023-06-10,2024-08-19,16,29,7745.92,15.15,135,571,2,5,5,255,At Risk,Nikhil Kaur,Male,31,Delhi,Delhi,North
CUST-04046,10,15773.65,5085.6,2022-04-02,2024-11-06,10,13,1577.36,32.24,56,1005,3,4,3,343,Loyal Customers,Riya Menon,Female,26,Lucknow,Uttar Pradesh,North
CUST-04047,5,7074.7,2346.36,2024-03-29,2024-04-21,5,7,1414.94,33.17,255,278,1,2,1,121,Lost Customers,Aadhya Saxena,Female,18,Patna,Bihar,East
CUST-04048,28,49555.55,19571.95,2023-06-06,2024-12-03,26,39,1769.84,39.49,29,575,4,5,5,455,Champions,Amit Choudhury,Male,20,Chandigarh,Punjab,North
CUST-04049,2,12627.0,8266.56,2023-01-05,2024-07-11,1,3,6313.5,65.47,174,727,1,1,2,112,Lost Customers,Pari Banerjee,Female,18,Chennai,Tamil Nadu,South
CUST-04050,8,4812.5,1723.72,2022-01-07,2024-11-14,8,9,601.56,35.82,48,1090,3,3,1,331,Regular Customers,Siddharth Nair,Male,25,Mumbai,Maharashtra,West
CUST-04051,4,42009.1,10530.789999999999,2022-11-07,2023-11-06,4,10,10502.28,25.07,422,786,1,1,5,115,Lost Customers,Shaurya Pillai,Male,33,Patna,Bihar,East
CUST-04052,3,3155.1,997.22,2022-11-24,2024-05-09,3,3,1051.7,31.61,237,769,1,1,1,111,Lost Customers,Ayaan Banerjee,Male,18,Surat,Gujarat,West
CUST-04053,10,16812.15,7830.38,2022-03-04,2024-11-25,10,18,1681.22,46.58,37,1034,4,4,3,443,Loyal Customers,Divya Kaur,Female,26,Pune,Maharashtra,West
CUST-04054,24,73912.55,13022.029999999999,2023-01-02,2024-12-25,24,36,3079.69,17.62,7,730,5,5,5,555,Champions,Priyanka Agarwal,Female,30,Patna,Bihar,East
CUST-04055,5,3411.75,1014.08,2024-03-28,2024-04-19,5,5,682.35,29.72,257,279,1,2,1,121,Lost Customers,Deepak Yadav,Other,18,Delhi,Delhi,North
CUST-04056,2,2058.6499999999996,931.72,2024-02-02,2024-12-07,2,3,1029.32,45.26,25,334,5,1,1,511,New Customers,Nikhil Bhatia,Male,34,Kolkata,West Bengal,East
CUST-04057,12,13613.0,3453.76,2024-01-02,2024-11-09,12,17,1134.42,25.37,53,365,3,4,2,342,Regular Customers,Aarohi Sharma,Female,33,Coimbatore,Tamil Nadu,South
CUST-04058,11,327266.6,54176.67,2022-02-09,2024-10-06,11,17,29751.51,16.55,87,1057,2,4,5,245,At Risk,Rekha Verma,Female,47,Kochi,Kerala,South
CUST-04059,21,51042.200000000004,19082.27,2022-10-15,2024-12-14,21,31,2430.58,37.39,18,809,5,5,5,555,Champions,Aditya Reddy,Male,37,Delhi,Delhi,North
CUST-04060,7,9232.65,2783.73,2022-02-24,2024-12-29,7,8,1318.95,30.15,3,1042,5,3,2,532,Potential Loyalists,Rajesh Mehta,Male,42,Surat,Gujarat,West
CUST-04061,23,74163.35,24177.35,2022-07-12,2024-12-01,23,38,3224.49,32.6,31,904,4,5,5,455,Champions,Kabir Shah,Male,18,Jaipur,Rajasthan,North
CUST-04062,9,9992.8,2601.17,2023-01-08,2024-10-06,9,11,1110.31,26.03,87,724,2,3,2,232,Regular Customers,Gauri Choudhury,Female,28,Hyderabad,Telangana,South
CUST-04063,4,1842.8,665.61,2023-06-22,2024-10-21,4,5,460.7,36.12,72,559,3,1,1,311,Regular Customers,Pranav Tripathi,Male,31,Bengaluru,Karnataka,South
CUST-04064,22,36088.75,11181.67,2023-06-30,2024-12-23,22,28,1640.4,30.98,9,551,5,5,4,554,Champions,Dhruv Sharma,Male,43,Lucknow,Uttar Pradesh,North
CUST-04065,7,5994.0,2451.15,2023-04-25,2024-11-10,7,8,856.29,40.89,52,617,3,3,1,331,Regular Customers,Gaurav Dutta,Male,46,Mumbai,Maharashtra,West
CUST-04066,4,6844.5,2300.27,2023-04-04,2023-07-04,4,6,1711.12,33.61,547,638,1,1,1,111,Lost Customers,Riya Menon,Female,30,Surat,Gujarat,West
CUST-04067,15,9641.199999999999,3801.6,2024-04-25,2024-11-21,15,17,642.75,39.43,41,251,4,4,2,442,Regular Customers,Nikhil Nair,Male,44,Jaipur,Rajasthan,North
CUST-04068,21,28384.05,10049.85,2023-11-09,2024-12-14,21,25,1351.62,35.41,18,419,5,5,4,554,Champions,Aditya Saxena,Male,43,Delhi,Delhi,North
CUST-04069,8,8226.5,2537.66,2022-05-05,2024-12-16,7,11,1028.31,30.85,16,972,5,3,2,532,Potential Loyalists,Tanvi Iyengar,Female,52,Chennai,Tamil Nadu,South
CUST-04070,10,30653.25,8634.93,2023-10-01,2024-11-07,10,12,3065.32,28.17,55,458,3,4,4,344,Loyal Customers,Reyansh Malhotra,Male,31,Bengaluru,Karnataka,South
CUST-04071,4,3683.4,1776.92,2022-10-17,2024-10-19,4,4,920.85,48.24,74,807,3,1,1,311,Regular Customers,Atharv Dutta,Male,28,Hyderabad,Telangana,South
CUST-04072,4,14338.1,5121.65,2023-11-18,2024-03-04,4,6,3584.52,35.72,303,410,1,1,3,113,Lost Customers,Reyansh Gupta,Male,30,Delhi,Delhi,North
CUST-04073,25,35653.2,12303.35,2022-05-03,2024-11-06,25,37,1426.13,34.51,56,974,3,5,4,354,Loyal Customers,Kavya Iyengar,Female,45,Lucknow,Uttar Pradesh,North
CUST-04074,9,6323.299999999999,3061.85,2023-02-23,2024-11-03,9,9,702.59,48.42,59,678,3,3,1,331,Regular Customers,Saanvi Sharma,Female,19,Nagpur,Maharashtra,West
CUST-04075,6,6713.65,2014.44,2022-06-22,2024-05-13,5,9,1118.94,30.01,233,924,1,2,1,121,Lost Customers,Dhruv Yadav,Male,31,Hyderabad,Telangana,South
CUST-04076,8,12414.4,4323.26,2022-07-02,2024-10-05,8,11,1551.8,34.82,88,914,2,3,2,232,Regular Customers,Ishaan Pandey,Male,35,Ahmedabad,Gujarat,West
CUST-04077,6,26655.45,5518.87,2022-10-03,2024-11-21,6,9,4442.58,20.7,41,821,4,2,4,424,Potential Loyalists,Rekha Singh,Female,37,Lucknow,Uttar Pradesh,North
CUST-04078,22,55359.450000000004,15723.09,2023-03-16,2024-12-13,21,24,2516.34,28.4,19,657,5,5,5,555,Champions,Deepak Gupta,Male,18,Patna,Bihar,East
CUST-04079,4,2601.1,730.19,2022-11-06,2024-10-05,4,4,650.28,28.07,88,787,2,1,1,211,Lost Customers,Saanvi Shah,Female,34,Bengaluru,Karnataka,South
CUST-04080,10,12794.15,4747.91,2022-05-23,2024-12-23,10,14,1279.42,37.11,9,954,5,4,2,542,Regular Customers,Rekha Patel,Female,26,Nagpur,Maharashtra,West
CUST-04081,1,251.1,136.96,2022-03-10,2022-03-10,1,1,251.1,54.54,1028,1028,1,1,1,111,Lost Customers,Ananya Iyengar,Female,18,Bengaluru,Karnataka,South
CUST-04083,11,10417.65,3136.17,2022-09-02,2024-10-04,11,14,947.06,30.1,89,852,2,4,2,242,Regular Customers,Anita Mehta,Female,23,Mumbai,Maharashtra,West
CUST-04084,8,10222.4,4424.16,2022-05-21,2024-10-10,8,11,1277.8,43.28,83,956,2,3,2,232,Regular Customers,Prisha Pandey,Female,47,Delhi,Delhi,North
CUST-04085,23,46272.049999999996,18600.61,2023-12-01,2024-12-14,23,30,2011.83,40.2,18,397,5,5,5,555,Champions,Diya Agarwal,Female,37,Ahmedabad,Gujarat,West
CUST-04086,5,4118.35,753.63,2023-03-02,2024-09-13,5,6,823.67,18.3,110,671,2,2,1,221,Lost Customers,Tanvi Mishra,Female,45,Surat,Gujarat,West
CUST-04087,5,8740.050000000001,1782.42,2022-10-10,2024-10-27,5,7,1748.01,20.39,66,814,3,2,2,322,Regular Customers,Pallavi Malhotra,Female,18,Chennai,Tamil Nadu,South
CUST-04088,9,11975.65,2772.56,2023-04-08,2024-11-23,9,10,1330.63,23.15,39,634,4,3,2,432,Potential Loyalists,Reyansh Joshi,Male,34,Ahmedabad,Gujarat,West
CUST-04089,23,41097.85,13937.619999999999,2022-07-03,2024-12-20,23,33,1786.86,33.91,12,913,5,5,5,555,Champions,Varun Pandey,Male,32,Kolkata,West Bengal,East
CUST-04090,5,11326.35,5210.58,2022-06-22,2024-10-27,5,9,2265.27,46.0,66,924,3,2,2,322,Regular Customers,Saanvi Mishra,Female,32,Pune,Maharashtra,West
CUST-04091,17,25558.2,8178.45,2022-05-30,2024-11-19,17,20,1503.42,32.0,43,947,4,5,4,454,Champions,Nandini Iyer,Female,42,Chennai,Tamil Nadu,South
CUST-04092,4,17959.15,5435.7,2023-04-28,2024-11-02,4,7,4489.79,30.27,60,614,3,1,3,313,Regular Customers,Ananya Agarwal,Female,18,Mumbai,Maharashtra,West
CUST-04093,8,50058.25,11053.09,2024-05-11,2024-12-21,8,12,6257.28,22.08,11,235,5,3,5,535,Loyal Customers,Dhruv Choudhury,Male,21,Nagpur,Maharashtra,West
CUST-04094,3,12793.15,4233.93,2022-03-04,2024-06-24,3,8,4264.38,33.1,191,1034,1,1,2,112,Lost Customers,Sai Saxena,Male,19,Bengaluru,Karnataka,South
CUST-04095,4,6025.8,1800.2400000000002,2022-09-06,2023-10-31,4,5,1506.45,29.88,428,848,1,1,1,111,Lost Customers,Pranav Patel,Male,30,Chandigarh,Punjab,North
CUST-04096,8,9995.8,4846.88,2023-09-20,2024-01-14,8,10,1249.47,48.49,353,469,1,3,2,132,Regular Customers,Aadhya Malhotra,Female,44,Bengaluru,Karnataka,South
CUST-04097,4,4009.3,1289.85,2024-01-21,2024-08-18,4,4,1002.32,32.17,136,346,2,1,1,211,Lost Customers,Kabir Yadav,Male,44,Mumbai,Maharashtra,West
CUST-04098,4,3523.75,1822.26,2024-03-03,2024-11-27,4,4,880.94,51.71,35,304,4,1,1,411,New Customers,Gaurav Mukherjee,Male,28,Jaipur,Rajasthan,North
CUST-04099,5,8160.349999999999,2729.9900000000002,2022-10-18,2024-09-28,5,7,1632.07,33.45,95,806,2,2,2,222,Lost Customers,Sneha Tripathi,Female,49,Delhi,Delhi,North
CUST-04100,21,50358.85,17315.440000000002,2023-01-20,2024-11-16,21,31,2398.04,34.38,46,712,4,5,5,455,Champions,Rajesh Chatterjee,Male,18,Kolkata,West Bengal,East
CUST-04101,7,5657.2,1714.88,2022-03-25,2024-12-30,7,11,808.17,30.31,2,1013,5,3,1,531,Potential Loyalists,Swati Das,Female,39,Jaipur,Rajasthan,North
CUST-04102,3,3124.6,1387.1100000000001,2024-03-20,2024-05-27,3,3,1041.53,44.39,219,287,1,1,1,111,Lost Customers,Anand Pandey,Male,28,Chandigarh,Punjab,North
CUST-04103,13,14623.7,4891.39,2022-02-27,2024-12-24,13,16,1124.9,33.45,8,1039,5,4,3,543,Loyal Customers,Ayaan Iyengar,Male,21,Hyderabad,Telangana,South
CUST-04104,21,38722.6,15647.35,2022-02-23,2024-12-12,21,31,1843.93,40.41,20,1043,5,5,4,554,Champions,Arjun Patel,Male,23,Hyderabad,Telangana,South
CUST-04105,24,90542.95,19443.48,2022-08-30,2024-11-15,24,32,3772.62,21.47,47,855,3,5,5,355,Loyal Customers,Deepak Nair,Male,20,Patna,Bihar,East
CUST-04106,7,8127.700000000001,3354.0,2022-04-14,2024-04-07,7,11,1161.1,41.27,269,993,1,3,2,132,Regular Customers,Aarohi Patel,Female,37,Kolkata,West Bengal,East
CUST-04107,8,76983.15,15599.880000000001,2022-12-08,2024-10-31,8,13,9622.89,20.26,62,755,3,3,5,335,Loyal Customers,Tanvi Kaur,Female,24,Pune,Maharashtra,West
CUST-04108,9,17566.9,8552.94,2024-04-26,2024-05-21,9,12,1951.88,48.69,225,250,1,3,3,133,At Risk,Riya Kaur,Female,57,Nagpur,Maharashtra,West
CUST-04109,11,25803.25,11010.26,2022-07-04,2024-11-14,11,17,2345.75,42.67,48,912,3,4,4,344,Loyal Customers,Priyanka Tripathi,Female,30,Delhi,Delhi,North
CUST-04110,2,1481.3000000000002,723.2,2023-05-18,2023-07-04,2,2,740.65,48.82,547,594,1,1,1,111,Lost Customers,Ananya Reddy,Female,34,Chennai,Tamil Nadu,South
CUST-04111,9,22421.15,7745.3099999999995,2022-05-13,2024-11-27,9,16,2491.24,34.54,35,964,4,3,3,433,Loyal Customers,Arjun Banerjee,Male,42,Delhi,Delhi,North
CUST-04112,15,26066.7,7767.61,2022-03-08,2024-10-19,15,17,1737.78,29.8,74,1030,3,4,4,344,Loyal Customers,Anita Nair,Female,18,Delhi,Delhi,North
CUST-04113,13,84867.34999999999,20699.78,2022-01-10,2024-12-06,13,19,6528.26,24.39,26,1087,4,4,5,445,Champions,Sai Sharma,Male,20,Bhubaneswar,Odisha,East
CUST-04114,3,3306.85,1183.19,2022-08-14,2024-11-18,3,5,1102.28,35.78,44,871,4,1,1,411,New Customers,Siddharth Mishra,Male,25,Delhi,Delhi,North
CUST-04115,5,8827.65,2786.18,2024-03-23,2024-09-11,5,9,1765.53,31.56,112,284,2,2,2,222,Lost Customers,Meera Sharma,Female,26,Mumbai,Maharashtra,West
CUST-04116,18,43183.75,12081.68,2022-02-12,2024-11-30,18,29,2399.1,27.98,32,1054,4,5,5,455,Champions,Gaurav Rao,Other,32,Jaipur,Rajasthan,North
CUST-04117,4,24745.15,8170.82,2023-04-16,2024-01-16,4,6,6186.29,33.02,351,626,1,1,4,114,Lost Customers,Siddharth Banerjee,Male,18,Hyderabad,Telangana,South
CUST-04118,6,29550.75,5612.3,2024-06-29,2024-07-26,6,10,4925.12,18.99,159,186,2,2,4,224,Lost Customers,Gauri Menon,Female,30,Bhubaneswar,Odisha,East
CUST-04119,12,21352.4,6090.15,2022-08-26,2024-12-28,12,17,1779.37,28.52,4,859,5,4,3,543,Loyal Customers,Rohan Malhotra,Male,24,Nagpur,Maharashtra,West
CUST-04120,3,4895.65,1291.7,2023-03-28,2023-11-25,3,5,1631.88,26.38,403,645,1,1,1,111,Lost Customers,Pooja Agarwal,Female,32,Indore,Madhya Pradesh,Central
CUST-04121,3,3992.1,2142.16,2023-11-01,2024-04-11,3,4,1330.7,53.66,265,427,1,1,1,111,Lost Customers,Nandini Saxena,Female,39,Lucknow,Uttar Pradesh,North
CUST-04122,11,21297.05,7905.22,2024-02-04,2024-10-05,11,13,1936.1,37.12,88,332,2,4,3,243,At Risk,Rekha Iyer,Female,27,Bhopal,Madhya Pradesh,Central
CUST-04123,16,39710.9,10595.79,2022-12-07,2024-12-11,16,25,2481.93,26.68,21,756,5,5,5,555,Champions,Vihaan Kaur,Male,24,Hyderabad,Telangana,South
CUST-04124,3,6840.95,2371.02,2023-02-17,2024-04-09,3,5,2280.32,34.66,267,684,1,1,1,111,Lost Customers,Krishna Gupta,Male,42,Surat,Gujarat,West
CUST-04125,11,23579.25,7521.18,2022-03-07,2024-12-22,11,15,2143.57,31.9,10,1031,5,4,4,544,Champions,Aarav Chatterjee,Male,18,Nagpur,Maharashtra,West
CUST-04126,7,8611.85,3288.62,2022-04-05,2024-10-07,7,10,1230.26,38.19,86,1002,2,3,2,232,Regular Customers,Rohan Pandey,Male,38,Indore,Madhya Pradesh,Central
CUST-04127,24,42596.55,16115.79,2022-03-27,2024-12-20,24,33,1774.86,37.83,12,1011,5,5,5,555,Champions,Shreya Joshi,Female,18,Chandigarh,Punjab,North
CUST-04128,14,15294.95,5213.64,2023-06-23,2024-11-19,14,19,1092.5,34.09,43,558,4,4,3,443,Loyal Customers,Khushi Menon,Female,21,Indore,Madhya Pradesh,Central
CUST-04129,5,10317.6,3392.96,2023-11-05,2024-10-04,5,6,2063.52,32.89,89,423,2,2,2,222,Lost Customers,Aditya Yadav,Male,30,Pune,Maharashtra,West
CUST-04130,4,34516.45,11370.37,2023-11-22,2024-06-28,4,6,8629.11,32.94,187,406,1,1,4,114,Lost Customers,Deepa Tripathi,Female,42,Delhi,Delhi,North
CUST-04131,18,44409.65,17211.78,2022-04-10,2024-11-18,17,27,2467.2,38.76,44,997,4,5,5,455,Champions,Deepa Kaur,Female,42,Delhi,Delhi,North
CUST-04132,7,53142.700000000004,23569.34,2023-04-27,2024-11-11,7,13,7591.81,44.35,51,615,3,3,5,335,Loyal Customers,Reyansh Dutta,Male,35,Kochi,Kerala,South
CUST-04133,16,41405.8,13811.2,2024-03-02,2024-12-27,16,19,2587.86,33.36,5,305,5,5,5,555,Champions,Nikhil Bhatia,Male,27,Indore,Madhya Pradesh,Central
CUST-04134,9,17265.6,5319.03,2024-01-04,2024-12-06,9,11,1918.4,30.81,26,363,4,3,3,433,Loyal Customers,Pooja Verma,Female,20,Pune,Maharashtra,West
CUST-04135,8,10431.1,2392.8900000000003,2023-12-29,2024-06-20,7,13,1303.89,22.94,195,369,1,3,2,132,Regular Customers,Isha Das,Female,27,Chennai,Tamil Nadu,South
CUST-04136,13,41122.45,10632.78,2022-05-15,2024-11-28,13,22,3163.27,25.86,34,962,4,4,5,445,Champions,Sai Malhotra,Male,39,Ahmedabad,Gujarat,West
CUST-04137,9,9460.6,3710.26,2022-04-12,2024-10-28,9,14,1051.18,39.22,65,995,3,3,2,332,Regular Customers,Gaurav Mukherjee,Male,29,Mumbai,Maharashtra,West
CUST-04138,6,20238.35,10338.98,2022-01-09,2023-11-26,6,17,3373.06,51.09,402,1088,1,2,3,123,Lost Customers,Nikhil Das,Male,18,Lucknow,Uttar Pradesh,North
CUST-04139,7,19605.4,5030.629999999999,2022-04-13,2024-10-21,7,13,2800.77,25.66,72,994,3,3,3,333,Loyal Customers,Ramesh Pillai,Male,37,Mumbai,Maharashtra,West
CUST-04140,17,42984.45,14446.789999999999,2023-03-11,2024-12-31,17,28,2528.5,33.61,1,662,5,5,5,555,Champions,Pari Joshi,Female,41,Mumbai,Maharashtra,West
CUST-04141,8,13480.2,5207.51,2023-09-06,2024-10-23,8,10,1685.02,38.63,70,483,3,3,2,332,Regular Customers,Prisha Tripathi,Female,33,Jaipur,Rajasthan,North
CUST-04142,7,11119.95,4842.91,2022-09-27,2024-06-16,7,10,1588.56,43.55,199,827,1,3,2,132,Regular Customers,Arjun Dutta,Male,35,Chennai,Tamil Nadu,South
CUST-04143,8,3189.5,802.05,2024-02-14,2024-07-30,8,8,398.69,25.15,155,322,2,3,1,231,Regular Customers,Kavya Das,Female,27,Chennai,Tamil Nadu,South
CUST-04144,9,59461.8,17277.92,2024-06-12,2024-07-07,9,19,6606.87,29.06,178,203,1,3,5,135,At Risk,Gauri Agarwal,Female,24,Hyderabad,Telangana,South
CUST-04145,1,589.0,188.73,2023-08-13,2023-08-13,1,1,589.0,32.04,507,507,1,1,1,111,Lost Customers,Aadhya Verma,Female,30,Lucknow,Uttar Pradesh,North
CUST-04146,13,104615.45000000001,21201.329999999998,2022-08-09,2024-11-22,13,22,8047.34,20.27,40,876,4,4,5,445,Champions,Rahul Pandey,Male,24,Jaipur,Rajasthan,North
CUST-04147,13,39643.9,9675.53,2023-03-19,2024-12-31,13,16,3049.53,24.41,1,654,5,4,5,545,Champions,Kunal Patel,Male,33,Bhopal,Madhya Pradesh,Central
CUST-04148,12,21407.850000000002,5696.95,2023-03-20,2024-12-15,12,13,1783.99,26.61,17,653,5,4,3,543,Loyal Customers,Manish Pillai,Male,41,Pune,Maharashtra,West
CUST-04149,5,4612.55,2130.58,2022-12-24,2024-10-09,4,8,922.51,46.19,84,739,2,2,1,221,Lost Customers,Ayaan Pandey,Male,18,Surat,Gujarat,West
CUST-04150,4,18995.0,6506.570000000001,2023-04-05,2024-12-01,4,5,4748.75,34.25,31,637,4,1,3,413,New Customers,Krishna Bhatia,Male,59,Bengaluru,Karnataka,South
CUST-04151,6,5469.2,1978.47,2022-05-21,2024-10-18,6,6,911.53,36.17,75,956,3,2,1,321,Regular Customers,Anand Banerjee,Male,27,Patna,Bihar,East
CUST-04152,16,118081.45,12895.61,2022-07-24,2024-11-17,16,28,7380.09,10.92,45,892,4,5,5,455,Champions,Ananya Kaur,Female,28,Patna,Bihar,East
CUST-04153,6,5105.85,2192.27,2022-01-25,2024-07-22,6,10,850.98,42.94,163,1072,2,2,1,221,Lost Customers,Saanvi Singh,Female,37,Mumbai,Maharashtra,West
CUST-04154,2,3114.1499999999996,1755.1999999999998,2024-05-17,2024-10-29,2,2,1557.07,56.36,64,229,3,1,1,311,Regular Customers,Pooja Malhotra,Female,18,Hyderabad,Telangana,South
CUST-04155,8,19708.55,7169.71,2022-09-07,2024-11-11,8,14,2463.57,36.38,51,847,3,3,3,333,Loyal Customers,Rajesh Menon,Male,28,Bengaluru,Karnataka,South
CUST-04156,4,22145.249999999996,4973.66,2024-06-09,2024-06-26,4,6,5536.31,22.46,189,206,1,1,3,113,Lost Customers,Vikram Dutta,Male,18,Bhopal,Madhya Pradesh,Central
CUST-04157,19,40497.5,11507.98,2022-12-11,2024-11-24,19,29,2131.45,28.42,38,752,4,5,5,455,Champions,Aadhya Tripathi,Female,29,Bhubaneswar,Odisha,East
CUST-04158,12,32452.600000000002,13277.88,2022-06-22,2024-11-20,12,19,2704.38,40.91,42,924,4,4,4,444,Champions,Vivaan Nair,Male,18,Bhubaneswar,Odisha,East
CUST-04159,3,5623.2,2175.92,2024-04-15,2024-05-11,3,4,1874.4,38.7,235,261,1,1,1,111,Lost Customers,Rohan Pillai,Male,41,Pune,Maharashtra,West
CUST-04160,15,35444.7,12096.85,2023-09-29,2024-12-02,15,27,2362.98,34.13,30,460,4,4,4,444,Champions,Shreya Das,Female,52,Mumbai,Maharashtra,West
CUST-04161,10,19891.75,7021.21,2022-06-09,2024-11-23,10,19,1989.18,35.3,39,937,4,4,3,443,Loyal Customers,Ayaan Iyengar,Male,47,Delhi,Delhi,North
CUST-04162,24,64210.05,18487.16,2024-05-12,2024-12-17,23,33,2675.42,28.79,15,234,5,5,5,555,Champions,Tanvi Mukherjee,Female,34,Hyderabad,Telangana,South
CUST-04163,8,20150.35,4274.08,2023-10-13,2024-11-15,8,14,2518.79,21.21,47,446,3,3,3,333,Loyal Customers,Ayaan Yadav,Male,29,Kolkata,West Bengal,East
CUST-04164,21,20490.7,7490.73,2022-01-23,2024-11-11,20,26,975.75,36.56,51,1074,3,5,3,353,Loyal Customers,Kabir Pillai,Male,35,Hyderabad,Telangana,South
CUST-04165,16,45740.25,18010.57,2022-08-12,2024-10-23,16,26,2858.77,39.38,70,873,3,5,5,355,Loyal Customers,Rekha Choudhury,Female,18,Chennai,Tamil Nadu,South
CUST-04166,19,63536.75,19650.36,2022-06-03,2024-11-16,19,27,3344.04,30.93,46,943,4,5,5,455,Champions,Anand Shah,Male,46,Chennai,Tamil Nadu,South
CUST-04167,23,37260.1,12996.289999999999,2022-06-05,2024-12-05,22,30,1620.0,34.88,27,941,4,5,4,454,Champions,Meera Pillai,Female,32,Mumbai,Maharashtra,West
CUST-04168,15,26755.85,6929.88,2022-03-31,2024-12-26,15,21,1783.72,25.9,6,1007,5,4,4,544,Champions,Aadhya Sharma,Female,33,Kolkata,West Bengal,East
CUST-04169,3,5823.3,2787.39,2024-04-16,2024-10-04,3,3,1941.1,47.87,89,260,2,1,1,211,Lost Customers,Sneha Patel,Female,25,Kolkata,West Bengal,East
CUST-04170,5,24454.95,4893.96,2024-05-14,2024-11-23,5,6,4890.99,20.01,39,232,4,2,4,424,Potential Loyalists,Priyanka Pillai,Female,44,Jaipur,Rajasthan,North
CUST-04171,12,96652.35,18668.18,2023-09-30,2024-12-09,12,22,8054.36,19.31,23,459,5,4,5,545,Champions,Nikhil Pandey,Male,29,Indore,Madhya Pradesh,Central
CUST-04172,10,12427.15,3516.71,2023-03-08,2024-11-29,10,18,1242.71,28.3,33,665,4,4,2,442,Regular Customers,Siddharth Banerjee,Male,28,Mumbai,Maharashtra,West
CUST-04173,8,6118.6,2325.94,2023-02-28,2024-07-27,8,12,764.82,38.01,158,673,2,3,1,231,Regular Customers,Rekha Agarwal,Female,24,Chennai,Tamil Nadu,South
CUST-04174,11,16143.8,6011.24,2022-01-15,2024-12-19,11,15,1467.62,37.24,13,1082,5,4,3,543,Loyal Customers,Aarohi Banerjee,Female,24,Bhubaneswar,Odisha,East
CUST-04175,7,12566.5,4452.62,2022-05-13,2024-04-22,7,8,1795.21,35.43,254,964,1,3,2,132,Regular Customers,Vihaan Choudhury,Male,47,Bengaluru,Karnataka,South
CUST-04176,6,11816.75,4661.7,2024-05-26,2024-08-29,6,10,1969.46,39.45,125,220,2,2,2,222,Lost Customers,Rajesh Das,Male,18,Surat,Gujarat,West
CUST-04177,4,17310.15,6937.57,2023-06-23,2024-07-26,4,8,4327.54,40.08,159,558,2,1,3,213,Lost Customers,Dhruv Das,Male,31,Kolkata,West Bengal,East
CUST-04178,11,22986.5,6201.959999999999,2023-08-03,2024-05-22,11,13,2089.68,26.98,224,517,1,4,4,144,At Risk,Kunal Menon,Male,18,Delhi,Delhi,North
CUST-04179,10,8913.4,3340.5200000000004,2023-04-12,2024-07-03,10,12,891.34,37.48,182,630,1,4,2,142,Regular Customers,Amit Verma,Male,21,Chennai,Tamil Nadu,South
CUST-04180,9,17484.8,4592.64,2023-06-10,2024-12-30,9,12,1942.76,26.27,2,571,5,3,3,533,Loyal Customers,Divya Dutta,Female,41,Bhubaneswar,Odisha,East
CUST-04181,3,775.75,145.78,2024-03-20,2024-04-01,3,3,258.58,18.79,275,287,1,1,1,111,Lost Customers,Aarav Mehta,Male,32,Chandigarh,Punjab,North
CUST-04182,4,1955.35,832.34,2022-05-24,2024-01-31,4,4,488.84,42.57,336,953,1,1,1,111,Lost Customers,Manish Reddy,Male,20,Chennai,Tamil Nadu,South
CUST-04183,13,22893.6,9311.42,2022-02-02,2024-09-02,13,22,1761.05,40.67,121,1064,2,4,4,244,At Risk,Kabir Mishra,Male,32,Bengaluru,Karnataka,South
CUST-04184,3,17196.35,9500.869999999999,2022-06-21,2024-06-26,3,7,5732.12,55.25,189,925,1,1,3,113,Lost Customers,Rekha Tripathi,Female,27,Ahmedabad,Gujarat,West
CUST-04185,13,94165.55,26950.51,2022-12-31,2024-12-29,13,22,7243.5,28.62,3,732,5,4,5,545,Champions,Rajesh Rao,Male,32,Mumbai,Maharashtra,West
CUST-04186,10,121246.54999999999,21021.63,2023-07-28,2024-11-21,10,20,12124.66,17.34,41,523,4,4,5,445,Champions,Isha Shah,Female,18,Guwahati,Assam,East
CUST-04187,9,7305.25,3123.41,2022-09-10,2024-11-19,9,9,811.69,42.76,43,844,4,3,1,431,Potential Loyalists,Shaurya Menon,Male,46,Patna,Bihar,East
CUST-04188,16,28120.949999999997,11110.2,2024-02-22,2024-11-22,16,28,1757.56,39.51,40,314,4,5,4,454,Champions,Diya Mehta,Female,46,Chennai,Tamil Nadu,South
CUST-04189,17,98970.8,13879.51,2022-10-23,2024-11-29,17,26,5821.81,14.02,33,801,4,5,5,455,Champions,Anjali Singh,Female,34,Kolkata,West Bengal,East
CUST-04190,17,28541.85,11853.64,2022-01-03,2024-08-29,17,33,1678.93,41.53,125,1094,2,5,4,254,At Risk,Sunita Rao,Female,54,Pune,Maharashtra,West
CUST-04191,5,24286.25,5416.33,2022-11-22,2023-12-27,5,10,4857.25,22.3,371,771,1,2,4,124,Lost Customers,Rekha Gupta,Female,49,Ahmedabad,Gujarat,West
CUST-04192,5,9483.45,2484.23,2023-12-09,2024-12-07,5,8,1896.69,26.2,25,389,5,2,2,522,Potential Loyalists,Anjali Dutta,Female,41,Jaipur,Rajasthan,North
CUST-04193,11,37924.1,9641.06,2022-06-17,2024-05-31,11,13,3447.65,25.42,215,929,1,4,4,144,At Risk,Ishaan Malhotra,Male,55,Visakhapatnam,Andhra Pradesh,South
CUST-04194,17,35461.049999999996,11644.32,2023-10-21,2024-12-06,17,24,2085.94,32.84,26,438,4,5,4,454,Champions,Shaurya Mukherjee,Male,47,Hyderabad,Telangana,South
CUST-04195,6,5955.05,1625.04,2022-10-30,2024-10-17,6,6,992.51,27.29,76,794,2,2,1,221,Lost Customers,Nikhil Nair,Male,39,Lucknow,Uttar Pradesh,North
CUST-04196,5,5830.35,2127.54,2024-02-03,2024-10-27,5,7,1166.07,36.49,66,333,3,2,1,321,Regular Customers,Deepak Iyer,Male,18,Bhubaneswar,Odisha,East
CUST-04197,18,45562.75,9055.27,2023-01-14,2024-11-25,18,24,2531.26,19.87,37,718,4,5,5,455,Champions,Rohan Tripathi,Male,39,Patna,Bihar,East
CUST-04198,2,11032.2,3380.3,2023-03-13,2024-08-03,2,2,5516.1,30.64,151,660,2,1,2,212,Lost Customers,Sai Reddy,Male,29,Mumbai,Maharashtra,West
CUST-04199,12,10783.7,3720.2200000000003,2023-11-04,2024-11-21,12,18,898.64,34.5,41,424,4,4,2,442,Regular Customers,Suresh Joshi,Male,18,Bhubaneswar,Odisha,East
CUST-04200,9,21083.4,8532.949999999999,2024-02-24,2024-12-29,9,12,2342.6,40.47,3,312,5,3,3,533,Loyal Customers,Vikram Joshi,Male,43,Bengaluru,Karnataka,South
CUST-04201,7,12704.2,3927.3500000000004,2022-03-29,2024-12-29,7,7,1814.89,30.91,3,1009,5,3,2,532,Potential Loyalists,Pari Mukherjee,Female,35,Kolkata,West Bengal,East
CUST-04202,23,49886.35,19092.23,2024-05-11,2024-12-06,23,38,2168.97,38.27,26,235,4,5,5,455,Champions,Aadhya Das,Female,35,Delhi,Delhi,North
CUST-04203,10,26459.35,11556.37,2022-07-19,2024-11-28,10,15,2645.94,43.68,34,897,4,4,4,444,Champions,Swati Nair,Female,32,Mumbai,Maharashtra,West
CUST-04204,4,5568.65,2826.42,2023-01-03,2023-12-30,4,5,1392.16,50.76,368,729,1,1,1,111,Lost Customers,Meera Chatterjee,Female,48,Delhi,Delhi,North
CUST-04205,14,20538.75,7520.01,2022-10-18,2024-10-27,14,15,1467.05,36.61,66,806,3,4,3,343,Loyal Customers,Pallavi Nair,Female,22,Delhi,Delhi,North
CUST-04206,12,16817.4,5738.66,2022-09-20,2024-11-28,12,16,1401.45,34.12,34,834,4,4,3,443,Loyal Customers,Tanvi Pandey,Female,24,Lucknow,Uttar Pradesh,North
CUST-04207,6,14666.4,5946.76,2023-02-13,2024-08-03,6,12,2444.4,40.55,151,688,2,2,3,223,Lost Customers,Aadhya Reddy,Female,18,Mumbai,Maharashtra,West
CUST-04208,6,10634.4,4472.57,2024-02-04,2024-05-05,6,11,1772.4,42.06,241,332,1,2,2,122,Lost Customers,Aanya Patel,Female,32,Bengaluru,Karnataka,South
CUST-04209,3,5131.75,1311.32,2023-10-21,2024-11-16,3,5,1710.58,25.55,46,438,4,1,1,411,New Customers,Kavya Sharma,Female,28,Delhi,Delhi,North
CUST-04210,23,21172.6,8407.67,2022-07-04,2024-11-04,22,31,920.55,39.71,58,912,3,5,3,353,Loyal Customers,Shreya Patel,Female,47,Delhi,Delhi,North
CUST-04211,8,13400.8,5441.14,2022-06-02,2024-08-29,8,11,1675.1,40.6,125,944,2,3,2,232,Regular Customers,Rohan Singh,Male,36,Bhopal,Madhya Pradesh,Central
CUST-04212,18,53879.75,20131.75,2022-03-25,2024-11-08,18,27,2993.32,37.36,54,1013,3,5,5,355,Loyal Customers,Ishaan Patel,Male,18,Mumbai,Maharashtra,West
CUST-04213,6,6064.2,1719.1,2023-06-24,2024-09-22,6,10,1010.7,28.35,101,557,2,2,1,221,Lost Customers,Rahul Pandey,Male,24,Delhi,Delhi,North
CUST-04214,5,5119.15,2106.34,2022-02-25,2024-03-16,5,5,1023.83,41.15,291,1041,1,2,1,121,Lost Customers,Anjali Banerjee,Female,40,Nagpur,Maharashtra,West
CUST-04215,10,20921.55,9853.61,2024-04-06,2024-09-10,10,11,2092.15,47.1,113,270,2,4,3,243,At Risk,Gaurav Iyengar,Other,27,Delhi,Delhi,North
CUST-04216,5,6713.849999999999,1822.37,2023-03-13,2024-11-26,5,7,1342.77,27.14,36,660,4,2,1,421,Potential Loyalists,Suresh Tripathi,Male,38,Bengaluru,Karnataka,South
CUST-04217,13,25376.8,9027.65,2023-01-24,2024-08-09,13,20,1952.06,35.57,145,708,2,4,4,244,At Risk,Shreya Mishra,Female,40,Delhi,Delhi,North
CUST-04218,9,14682.65,5861.64,2023-01-30,2024-11-17,9,14,1631.41,39.92,45,702,4,3,3,433,Loyal Customers,Kavya Pillai,Female,42,Kochi,Kerala,South
CUST-04219,5,35626.7,6376.29,2023-11-24,2024-12-13,5,6,7125.34,17.9,19,404,5,2,4,524,Potential Loyalists,Varun Agarwal,Male,28,Mumbai,Maharashtra,West
CUST-04220,1,575.1,251.72,2022-12-08,2022-12-08,1,1,575.1,43.77,755,755,1,1,1,111,Lost Customers,Navya Gupta,Female,39,Jaipur,Rajasthan,North
CUST-04221,8,16434.25,3395.42,2022-05-29,2024-12-04,8,12,2054.28,20.66,28,948,4,3,3,433,Loyal Customers,Siddharth Das,Male,45,Delhi,Delhi,North
CUST-04222,20,96833.59999999999,20534.31,2022-02-06,2024-11-17,20,30,4841.68,21.21,45,1060,4,5,5,455,Champions,Suresh Bhatia,Male,42,Bengaluru,Karnataka,South
CUST-04223,3,13724.0,5850.23,2023-09-22,2024-11-24,3,6,4574.67,42.63,38,467,4,1,2,412,New Customers,Kunal Iyengar,Male,25,Pune,Maharashtra,West
CUST-04224,8,15759.4,6547.579999999999,2024-05-26,2024-12-20,8,12,1969.92,41.55,12,220,5,3,3,533,Loyal Customers,Vihaan Mishra,Male,26,Kochi,Kerala,South
CUST-04225,9,9732.55,4242.58,2024-02-14,2024-10-07,9,9,1081.39,43.59,86,322,2,3,2,232,Regular Customers,Atharv Das,Male,29,Kolkata,West Bengal,East
CUST-04226,17,44757.0,11699.82,2022-07-10,2024-11-30,17,26,2632.76,26.14,32,906,4,5,5,455,Champions,Ayaan Menon,Male,32,Visakhapatnam,Andhra Pradesh,South
CUST-04227,5,10309.7,2805.51,2024-06-30,2024-11-16,5,8,2061.94,27.21,46,185,4,2,2,422,Potential Loyalists,Aanya Menon,Female,23,Pune,Maharashtra,West
CUST-04228,18,33520.8,13822.109999999999,2022-01-19,2024-06-12,17,23,1862.27,41.23,203,1078,1,5,4,154,At Risk,Priyanka Pillai,Female,32,Delhi,Delhi,North
CUST-04229,4,11268.6,3263.22,2024-02-23,2024-06-30,4,5,2817.15,28.96,185,313,1,1,2,112,Lost Customers,Diya Sharma,Female,39,Bhopal,Madhya Pradesh,Central
CUST-04230,10,14753.15,5422.51,2022-12-17,2024-12-21,10,15,1475.32,36.75,11,746,5,4,3,543,Loyal Customers,Divya Verma,Female,40,Surat,Gujarat,West
CUST-04231,13,27541.2,12616.24,2022-07-15,2024-10-31,13,20,2118.55,45.81,62,901,3,4,4,344,Loyal Customers,Deepak Bhatia,Male,48,Lucknow,Uttar Pradesh,North
CUST-04232,13,11866.5,4486.03,2022-08-06,2024-11-08,12,16,912.81,37.8,54,879,3,4,2,342,Regular Customers,Aditya Dutta,Other,36,Mumbai,Maharashtra,West
CUST-04233,17,26380.85,10058.56,2022-01-20,2024-12-14,17,20,1551.81,38.13,18,1077,5,5,4,554,Champions,Pranav Dutta,Male,22,Delhi,Delhi,North
CUST-04234,27,31499.35,7876.32,2022-04-24,2024-12-09,26,37,1166.64,25.0,23,983,5,5,4,554,Champions,Sneha Pillai,Female,23,Mumbai,Maharashtra,West
CUST-04235,8,14623.8,5424.47,2023-07-26,2024-10-16,8,9,1827.98,37.09,77,525,2,3,3,233,At Risk,Gauri Kaur,Female,21,Bengaluru,Karnataka,South
CUST-04236,8,46683.1,13288.11,2022-09-20,2024-11-16,8,10,5835.39,28.46,46,834,4,3,5,435,Loyal Customers,Shreya Kaur,Female,42,Indore,Madhya Pradesh,Central
CUST-04237,21,33412.85,7348.1,2023-11-09,2024-12-09,21,30,1591.09,21.99,23,419,5,5,4,554,Champions,Priyanka Mishra,Female,42,Bhopal,Madhya Pradesh,Central
CUST-04238,17,50585.149999999994,10260.23,2024-01-14,2024-11-12,17,30,2975.6,20.28,50,353,3,5,5,355,Loyal Customers,Ananya Choudhury,Female,34,Mumbai,Maharashtra,West
CUST-04239,20,23098.2,6381.71,2022-06-15,2024-12-07,19,28,1154.91,27.63,25,931,5,5,4,554,Champions,Priyanka Reddy,Female,48,Delhi,Delhi,North
CUST-04240,6,7723.05,2886.07,2023-01-06,2023-01-30,6,8,1287.18,37.37,702,726,1,2,2,122,Lost Customers,Vivaan Das,Male,31,Bengaluru,Karnataka,South
CUST-04241,7,19591.5,5325.54,2024-06-12,2024-09-24,7,10,2798.79,27.18,99,203,2,3,3,233,At Risk,Nikhil Gupta,Male,35,Mumbai,Maharashtra,West
CUST-04242,16,20892.3,5823.41,2022-05-04,2024-12-27,15,23,1305.77,27.87,5,973,5,5,3,553,Loyal Customers,Kabir Dutta,Male,30,Delhi,Delhi,North
CUST-04243,12,52315.6,13355.43,2022-08-21,2024-11-19,12,17,4359.63,25.53,43,864,4,4,5,445,Champions,Isha Mukherjee,Female,23,Kolkata,West Bengal,East
CUST-04244,9,7652.65,2570.7,2023-10-14,2024-12-30,9,11,850.29,33.59,2,445,5,3,2,532,Potential Loyalists,Saanvi Singh,Female,23,Delhi,Delhi,North
CUST-04245,22,35212.6,15087.28,2022-01-22,2024-12-31,20,36,1600.57,42.85,1,1075,5,5,4,554,Champions,Shaurya Gupta,Male,50,Bengaluru,Karnataka,South
CUST-04246,11,16905.75,6816.98,2023-03-16,2024-12-04,11,17,1536.89,40.32,28,657,4,4,3,443,Loyal Customers,Suresh Das,Male,18,Mumbai,Maharashtra,West
CUST-04247,8,6751.5,2913.59,2023-09-06,2024-10-29,8,8,843.94,43.15,64,483,3,3,1,331,Regular Customers,Dhruv Das,Male,18,Delhi,Delhi,North
CUST-04248,10,30347.0,9353.05,2022-08-07,2024-05-08,10,20,3034.7,30.82,238,878,1,4,4,144,At Risk,Meera Saxena,Female,24,Guwahati,Assam,East
CUST-04249,19,66409.95,19988.34,2023-06-04,2024-12-05,19,37,3495.26,30.1,27,577,4,5,5,455,Champions,Sai Das,Male,37,Kochi,Kerala,South
CUST-04250,5,61013.0,11084.0,2023-01-05,2024-11-26,5,7,12202.6,18.17,36,727,4,2,5,425,Potential Loyalists,Rahul Gupta,Male,34,Chandigarh,Punjab,North
CUST-04251,29,108946.7,18938.03,2022-12-22,2024-12-02,29,44,3756.78,17.38,30,741,4,5,5,455,Champions,Reyansh Patel,Male,18,Delhi,Delhi,North
CUST-04252,5,1997.5,837.61,2022-12-18,2024-05-23,5,11,399.5,41.93,223,745,1,2,1,121,Lost Customers,Manish Gupta,Male,34,Delhi,Delhi,North
CUST-04253,3,2389.2,1043.65,2022-06-28,2024-07-27,3,3,796.4,43.68,158,918,2,1,1,211,Lost Customers,Aarohi Iyengar,Female,52,Delhi,Delhi,North
CUST-04254,5,6364.55,1676.29,2024-02-16,2024-12-27,5,5,1272.91,26.34,5,320,5,2,1,521,Potential Loyalists,Ramesh Verma,Male,18,Pune,Maharashtra,West
CUST-04255,3,3385.75,1439.24,2022-06-15,2024-01-30,3,3,1128.58,42.51,337,931,1,1,1,111,Lost Customers,Atharv Malhotra,Other,29,Patna,Bihar,East
CUST-04256,6,11782.05,3117.13,2022-03-13,2024-09-15,6,12,1963.68,26.46,108,1025,2,2,2,222,Lost Customers,Amit Sharma,Male,27,Bhubaneswar,Odisha,East
CUST-04257,11,10334.1,3205.27,2024-03-14,2024-11-04,11,12,939.46,31.02,58,293,3,4,2,342,Regular Customers,Khushi Sharma,Female,18,Bengaluru,Karnataka,South
CUST-04258,5,8008.35,3165.1499999999996,2024-04-23,2024-12-12,5,5,1601.67,39.52,20,253,5,2,2,522,Potential Loyalists,Gaurav Gupta,Male,24,Bhubaneswar,Odisha,East
CUST-04259,8,9605.45,3349.71,2022-02-24,2024-10-08,8,12,1200.68,34.87,85,1042,2,3,2,232,Regular Customers,Neha Iyer,Female,44,Bengaluru,Karnataka,South
CUST-04260,15,14276.35,5199.24,2022-01-04,2024-11-24,15,18,951.76,36.42,38,1093,4,4,3,443,Loyal Customers,Navya Malhotra,Female,39,Chennai,Tamil Nadu,South
CUST-04261,13,18635.95,4224.69,2023-06-23,2024-10-19,13,22,1433.53,22.67,74,558,3,4,3,343,Loyal Customers,Priyanka Saxena,Female,44,Bhubaneswar,Odisha,East
CUST-04262,3,6023.15,2046.3600000000001,2022-02-18,2023-10-30,3,3,2007.72,33.97,429,1048,1,1,1,111,Lost Customers,Pranav Choudhury,Male,18,Mumbai,Maharashtra,West
CUST-04263,9,32129.75,10931.529999999999,2023-07-02,2024-08-11,9,12,3569.97,34.02,143,549,2,3,4,234,At Risk,Deepa Pandey,Female,47,Nagpur,Maharashtra,West
CUST-04264,25,53559.0,23490.739999999998,2024-01-07,2024-12-19,25,35,2142.36,43.86,13,360,5,5,5,555,Champions,Vivaan Agarwal,Male,20,Chennai,Tamil Nadu,South
CUST-04265,21,32907.4,10042.380000000001,2022-10-07,2024-12-22,21,30,1567.02,30.52,10,817,5,5,4,554,Champions,Anita Malhotra,Female,29,Coimbatore,Tamil Nadu,South
CUST-04266,14,39624.15,12733.1,2022-04-21,2024-10-16,14,25,2830.3,32.13,77,986,2,4,5,245,At Risk,Aarohi Rao,Female,28,Mumbai,Maharashtra,West
CUST-04267,7,9869.1,3077.3,2023-02-08,2024-09-28,7,11,1409.87,31.18,95,693,2,3,2,232,Regular Customers,Sai Tripathi,Male,45,Kochi,Kerala,South
CUST-04268,26,38246.45,13493.39,2024-06-10,2024-11-27,26,37,1471.02,35.28,35,205,4,5,4,454,Champions,Ramesh Bhatia,Male,41,Surat,Gujarat,West
CUST-04269,18,90911.25,18085.47,2024-01-31,2024-12-01,17,34,5050.62,19.89,31,336,4,5,5,455,Champions,Riya Agarwal,Female,41,Delhi,Delhi,North
CUST-04270,12,25391.35,7793.93,2022-01-19,2024-11-07,12,19,2115.95,30.7,55,1078,3,4,4,344,Loyal Customers,Anita Menon,Female,50,Delhi,Delhi,North
CUST-04271,10,22670.55,6235.29,2022-05-28,2024-10-03,10,16,2267.05,27.5,90,949,2,4,3,243,At Risk,Aditya Reddy,Male,37,Kochi,Kerala,South
CUST-04272,6,64601.0,16134.59,2023-10-08,2024-09-02,6,10,10766.83,24.98,121,451,2,2,5,225,Lost Customers,Isha Pandey,Female,46,Hyderabad,Telangana,South
CUST-04273,5,25395.25,6173.179999999999,2023-01-07,2024-05-24,5,6,5079.05,24.31,222,725,1,2,4,124,Lost Customers,Pari Verma,Female,39,Delhi,Delhi,North
CUST-04274,6,5287.3,2100.32,2024-04-29,2024-10-12,6,6,881.22,39.72,81,247,2,2,1,221,Lost Customers,Pallavi Iyer,Female,28,Bhubaneswar,Odisha,East
CUST-04275,28,43588.0,14829.2,2022-10-21,2024-12-02,26,34,1556.71,34.02,30,803,4,5,5,455,Champions,Amit Gupta,Male,41,Chandigarh,Punjab,North
CUST-04276,5,9750.95,3945.08,2024-01-03,2024-10-21,5,9,1950.19,40.46,72,364,3,2,2,322,Regular Customers,Priyanka Banerjee,Female,39,Chennai,Tamil Nadu,South
CUST-04277,5,35338.65,3723.8999999999996,2022-08-31,2024-12-05,5,5,7067.73,10.54,27,854,4,2,4,424,Potential Loyalists,Nikhil Chatterjee,Male,35,Delhi,Delhi,North
CUST-04279,5,3478.95,1239.14,2023-04-12,2024-09-20,5,7,695.79,35.62,103,630,2,2,1,221,Lost Customers,Divya Pillai,Female,18,Coimbatore,Tamil Nadu,South
CUST-04280,8,26070.6,4550.5,2022-03-12,2024-11-27,8,14,3258.82,17.45,35,1026,4,3,4,434,Loyal Customers,Aditya Iyer,Male,45,Visakhapatnam,Andhra Pradesh,South
CUST-04281,9,31043.7,9123.73,2023-09-22,2024-11-27,9,10,3449.3,29.39,35,467,4,3,4,434,Loyal Customers,Meera Chatterjee,Female,39,Indore,Madhya Pradesh,Central
CUST-04282,17,50950.35,19942.82,2022-08-13,2024-12-03,16,31,2997.08,39.14,29,872,4,5,5,455,Champions,Ishaan Iyer,Male,22,Patna,Bihar,East
CUST-04283,15,86125.65,17303.14,2023-12-23,2024-09-29,15,25,5741.71,20.09,94,375,2,4,5,245,At Risk,Deepak Verma,Male,27,Delhi,Delhi,North
CUST-04284,23,80082.3,16999.64,2022-10-05,2024-12-11,23,33,3481.84,21.23,21,819,5,5,5,555,Champions,Reyansh Gupta,Male,30,Coimbatore,Tamil Nadu,South
CUST-04285,9,44022.5,13626.529999999999,2024-03-26,2024-08-30,8,14,4891.39,30.95,124,281,2,3,5,235,At Risk,Anand Tripathi,Male,45,Coimbatore,Tamil Nadu,South
CUST-04286,4,11000.75,3299.9900000000002,2022-02-22,2024-10-07,4,5,2750.19,30.0,86,1044,2,1,2,212,Lost Customers,Manish Reddy,Other,18,Indore,Madhya Pradesh,Central
CUST-04287,4,7101.95,2131.65,2023-03-15,2024-02-27,4,5,1775.49,30.01,309,658,1,1,1,111,Lost Customers,Aanya Joshi,Female,27,Hyderabad,Telangana,South
CUST-04288,21,32655.6,13707.91,2023-06-10,2024-11-11,21,29,1555.03,41.98,51,571,3,5,4,354,Loyal Customers,Anjali Verma,Female,35,Hyderabad,Telangana,South
CUST-04289,6,4785.1,1523.1999999999998,2022-04-12,2024-04-01,6,7,797.52,31.83,275,995,1,2,1,121,Lost Customers,Amit Yadav,Male,40,Mumbai,Maharashtra,West
CUST-04290,32,45162.0,19797.31,2022-04-15,2024-11-29,31,42,1411.31,43.84,33,992,4,5,5,455,Champions,Swati Das,Female,34,Lucknow,Uttar Pradesh,North
CUST-04291,20,47325.75,18781.2,2022-07-28,2024-11-30,20,30,2366.29,39.68,32,888,4,5,5,455,Champions,Aarohi Menon,Female,18,Pune,Maharashtra,West
CUST-04292,7,14512.55,8243.62,2022-04-07,2024-12-20,7,11,2073.22,56.8,12,1000,5,3,3,533,Loyal Customers,Shreya Reddy,Female,34,Coimbatore,Tamil Nadu,South
CUST-04293,8,20751.35,5802.5,2024-03-16,2024-12-08,8,13,2593.92,27.96,24,291,5,3,3,533,Loyal Customers,Sneha Mehta,Female,37,Hyderabad,Telangana,South
CUST-04294,7,8957.15,3304.6000000000004,2023-02-28,2024-05-29,7,9,1279.59,36.89,217,673,1,3,2,132,Regular Customers,Aarav Verma,Male,19,Delhi,Delhi,North
CUST-04295,3,3608.55,1921.0900000000001,2023-04-27,2024-07-11,3,4,1202.85,53.24,174,615,1,1,1,111,Lost Customers,Deepak Malhotra,Male,27,Bengaluru,Karnataka,South
CUST-04296,26,66158.45,27271.74,2022-11-10,2024-11-18,25,43,2544.56,41.22,44,783,4,5,5,455,Champions,Isha Kaur,Female,40,Hyderabad,Telangana,South
CUST-04297,2,1750.1,591.21,2023-11-19,2024-01-26,2,2,875.05,33.78,341,409,1,1,1,111,Lost Customers,Dhruv Pandey,Male,26,Mumbai,Maharashtra,West
CUST-04298,5,5064.7,2282.5,2023-06-08,2024-11-29,5,6,1012.94,45.07,33,573,4,2,1,421,Potential Loyalists,Siddharth Nair,Male,29,Pune,Maharashtra,West
CUST-04299,7,20784.15,7335.82,2024-07-02,2024-12-15,7,13,2969.16,35.3,17,183,5,3,3,533,Loyal Customers,Ramesh Patel,Male,43,Chennai,Tamil Nadu,South
CUST-04300,18,32067.4,12982.65,2023-05-25,2024-12-07,18,24,1781.52,40.49,25,587,5,5,4,554,Champions,Nandini Agarwal,Female,29,Kolkata,West Bengal,East
CUST-04301,7,6493.85,3163.69,2022-10-08,2024-11-15,7,13,927.69,48.72,47,816,3,3,1,331,Regular Customers,Deepak Yadav,Male,31,Mumbai,Maharashtra,West
CUST-04302,3,3860.1,1788.81,2022-07-15,2022-09-07,3,3,1286.7,46.34,847,901,1,1,1,111,Lost Customers,Nandini Singh,Female,34,Kolkata,West Bengal,East
CUST-04303,3,66697.55,11101.73,2023-05-03,2023-08-18,3,3,22232.52,16.64,502,609,1,1,5,115,Lost Customers,Saanvi Pillai,Female,30,Ahmedabad,Gujarat,West
CUST-04304,9,19179.7,5758.54,2022-10-18,2024-11-24,9,17,2131.08,30.02,38,806,4,3,3,433,Loyal Customers,Siddharth Tripathi,Male,41,Visakhapatnam,Andhra Pradesh,South
CUST-04305,5,20159.649999999998,5418.27,2024-05-22,2024-06-09,5,5,4031.93,26.88,206,224,1,2,3,123,Lost Customers,Sneha Shah,Female,30,Indore,Madhya Pradesh,Central
CUST-04306,17,29271.0,12396.470000000001,2022-02-05,2024-11-24,16,20,1721.82,42.35,38,1061,4,5,4,454,Champions,Deepak Nair,Male,36,Delhi,Delhi,North
CUST-04307,6,14197.8,5207.59,2022-04-08,2024-12-18,6,10,2366.3,36.68,14,999,5,2,3,523,Potential Loyalists,Riya Bhatia,Female,36,Bengaluru,Karnataka,South
CUST-04308,30,42551.65,15076.98,2022-01-02,2024-11-26,30,47,1418.39,35.43,36,1095,4,5,5,455,Champions,Vihaan Malhotra,Male,29,Delhi,Delhi,North
CUST-04309,9,7924.85,2476.41,2022-05-15,2024-01-06,9,13,880.54,31.25,361,962,1,3,2,132,Regular Customers,Sneha Gupta,Female,47,Mumbai,Maharashtra,West
CUST-04310,25,22682.05,6365.27,2022-06-30,2024-12-19,25,28,907.28,28.06,13,916,5,5,3,553,Loyal Customers,Sai Dutta,Male,19,Mumbai,Maharashtra,West
CUST-04311,5,2811.25,809.54,2024-03-25,2024-09-28,5,5,562.25,28.8,95,282,2,2,1,221,Lost Customers,Deepak Agarwal,Male,33,Bengaluru,Karnataka,South
CUST-04312,6,12583.2,3655.43,2024-03-24,2024-11-10,6,13,2097.2,29.05,52,283,3,2,2,322,Regular Customers,Khushi Joshi,Female,33,Indore,Madhya Pradesh,Central
CUST-04313,13,17621.95,6613.52,2023-03-22,2024-12-31,12,21,1355.53,37.53,1,651,5,4,3,543,Loyal Customers,Nikhil Malhotra,Male,40,Delhi,Delhi,North
CUST-04314,13,16671.65,4683.4,2022-10-29,2024-12-10,12,15,1282.43,28.09,22,795,5,4,3,543,Loyal Customers,Pranav Mehta,Male,18,Delhi,Delhi,North
CUST-04315,1,599.0,202.02,2023-05-11,2023-05-11,1,1,599.0,33.73,601,601,1,1,1,111,Lost Customers,Sneha Mehta,Female,26,Delhi,Delhi,North
CUST-04316,6,18826.35,5743.99,2023-09-09,2023-10-18,6,8,3137.72,30.51,441,480,1,2,3,123,Lost Customers,Aanya Iyer,Female,30,Mumbai,Maharashtra,West
CUST-04317,3,1237.75,426.4,2023-03-22,2024-11-19,3,3,412.58,34.45,43,651,4,1,1,411,New Customers,Isha Verma,Female,50,Pune,Maharashtra,West
CUST-04318,4,1620.55,670.52,2023-10-27,2024-10-28,4,5,405.14,41.38,65,432,3,1,1,311,Regular Customers,Nikhil Das,Male,21,Patna,Bihar,East
CUST-04319,12,15796.6,4954.77,2023-06-20,2024-12-28,12,16,1316.38,31.37,4,561,5,4,3,543,Loyal Customers,Ramesh Rao,Male,29,Visakhapatnam,Andhra Pradesh,South
CUST-04320,14,22926.35,8059.9400000000005,2022-01-18,2024-10-17,14,19,1637.6,35.16,76,1079,2,4,4,244,At Risk,Riya Mukherjee,Female,46,Nagpur,Maharashtra,West
CUST-04321,15,24162.55,10039.960000000001,2022-03-21,2024-12-30,15,22,1610.84,41.55,2,1017,5,4,4,544,Champions,Pooja Choudhury,Female,50,Bhubaneswar,Odisha,East
CUST-04322,12,31516.7,11716.800000000001,2022-02-03,2024-08-16,12,21,2626.39,37.18,138,1063,2,4,4,244,At Risk,Tanvi Reddy,Female,31,Bengaluru,Karnataka,South
CUST-04323,24,38983.55,13738.93,2022-06-10,2024-12-08,24,41,1624.31,35.24,24,936,5,5,4,554,Champions,Ananya Reddy,Female,35,Delhi,Delhi,North
CUST-04324,21,43691.5,12996.63,2022-04-19,2024-12-24,21,25,2080.55,29.75,8,988,5,5,5,555,Champions,Atharv Menon,Male,18,Surat,Gujarat,West
CUST-04325,4,3034.3,1184.27,2024-04-06,2024-08-30,4,5,758.58,39.03,124,270,2,1,1,211,Lost Customers,Vivaan Nair,Male,46,Delhi,Delhi,North
CUST-04326,7,17062.3,7967.91,2022-06-13,2024-11-11,7,12,2437.47,46.7,51,933,3,3,3,333,Loyal Customers,Ishaan Iyengar,Male,52,Pune,Maharashtra,West
CUST-04327,16,42926.95,11701.42,2022-11-27,2024-11-24,16,25,2682.93,27.26,38,766,4,5,5,455,Champions,Manish Mehta,Male,26,Chennai,Tamil Nadu,South
CUST-04328,6,5725.9,2250.0699999999997,2023-06-26,2024-06-11,6,8,954.32,39.3,204,555,1,2,1,121,Lost Customers,Riya Sharma,Female,26,Bengaluru,Karnataka,South
CUST-04329,7,8398.35,3234.74,2024-01-04,2024-10-14,7,9,1199.76,38.52,79,363,2,3,2,232,Regular Customers,Ayaan Mukherjee,Male,39,Hyderabad,Telangana,South
CUST-04330,21,28971.6,10403.8,2024-01-27,2024-11-27,19,24,1379.6,35.91,35,340,4,5,4,454,Champions,Sai Bhatia,Male,33,Nagpur,Maharashtra,West
CUST-04331,6,18227.15,6333.16,2022-07-06,2024-08-09,6,8,3037.86,34.75,145,910,2,2,3,223,Lost Customers,Aanya Malhotra,Female,38,Visakhapatnam,Andhra Pradesh,South
CUST-04332,10,28857.1,9954.62,2024-06-21,2024-11-25,10,12,2885.71,34.5,37,194,4,4,4,444,Champions,Anjali Sharma,Female,51,Coimbatore,Tamil Nadu,South
CUST-04333,8,10182.35,3085.96,2022-10-30,2024-11-03,8,12,1272.79,30.31,59,794,3,3,2,332,Regular Customers,Tanvi Agarwal,Female,23,Bengaluru,Karnataka,South
CUST-04334,13,11239.95,4182.76,2022-10-08,2024-12-05,13,17,864.61,37.21,27,816,4,4,2,442,Regular Customers,Ananya Tripathi,Female,44,Bengaluru,Karnataka,South
CUST-04335,12,21789.95,6622.490000000001,2022-04-17,2024-12-11,12,17,1815.83,30.39,21,990,5,4,3,543,Loyal Customers,Saanvi Nair,Female,40,Mumbai,Maharashtra,West
CUST-04336,4,13790.2,5294.46,2024-03-10,2024-12-04,4,8,3447.55,38.39,28,297,4,1,3,413,New Customers,Deepa Nair,Female,26,Ahmedabad,Gujarat,West
CUST-04337,16,81899.5,11189.369999999999,2022-06-05,2024-11-17,16,24,5118.72,13.66,45,941,4,5,5,455,Champions,Ayaan Choudhury,Male,18,Bengaluru,Karnataka,South
CUST-04338,18,29089.4,9353.49,2023-09-08,2024-10-08,18,28,1616.08,32.15,85,481,2,5,4,254,At Risk,Aditya Sharma,Male,36,Mumbai,Maharashtra,West
CUST-04339,12,24273.4,3969.08,2022-08-13,2024-11-01,12,16,2022.78,16.35,61,872,3,4,4,344,Loyal Customers,Manish Nair,Other,33,Hyderabad,Telangana,South
CUST-04340,15,24232.75,7785.05,2022-05-06,2024-07-28,15,22,1615.52,32.13,157,971,2,4,4,244,At Risk,Pari Menon,Female,31,Hyderabad,Telangana,South
CUST-04341,15,56703.1,20432.99,2022-12-11,2024-11-10,15,19,3780.21,36.04,52,752,3,4,5,345,Loyal Customers,Neha Shah,Female,43,Mumbai,Maharashtra,West
CUST-04342,27,40777.2,16278.66,2023-09-10,2024-11-28,26,35,1510.27,39.92,34,479,4,5,5,455,Champions,Divya Menon,Female,45,Bengaluru,Karnataka,South
CUST-04343,15,23488.6,9110.41,2024-01-05,2024-12-25,14,20,1565.91,38.79,7,362,5,4,4,544,Champions,Arjun Menon,Male,18,Chennai,Tamil Nadu,South
CUST-04344,11,31365.399999999998,7763.61,2022-08-30,2024-11-27,11,17,2851.4,24.75,35,855,4,4,4,444,Champions,Isha Bhatia,Female,18,Bengaluru,Karnataka,South
CUST-04345,18,55362.0,14464.7,2022-06-12,2024-12-07,18,24,3075.67,26.13,25,934,5,5,5,555,Champions,Sai Nair,Male,34,Pune,Maharashtra,West
CUST-04346,5,5161.95,924.88,2023-01-17,2024-07-07,5,5,1032.39,17.92,178,715,1,2,1,121,Lost Customers,Atharv Dutta,Male,28,Lucknow,Uttar Pradesh,North
CUST-04347,6,34069.65,7127.26,2022-05-14,2024-07-13,6,10,5678.28,20.92,172,963,1,2,4,124,Lost Customers,Khushi Bhatia,Female,45,Ahmedabad,Gujarat,West
CUST-04348,17,19987.75,6678.3,2024-01-16,2024-11-16,17,24,1175.75,33.41,46,351,4,5,3,453,Loyal Customers,Shreya Tripathi,Female,18,Bengaluru,Karnataka,South
CUST-04349,5,21094.3,9868.46,2023-01-01,2024-11-03,5,9,4218.86,46.78,59,731,3,2,3,323,Regular Customers,Dhruv Bhatia,Male,37,Bhubaneswar,Odisha,East
CUST-04350,11,16251.2,6756.57,2023-05-13,2024-06-25,10,15,1477.38,41.58,190,599,1,4,3,143,At Risk,Dhruv Pillai,Male,21,Delhi,Delhi,North
CUST-04351,8,25169.9,6293.29,2023-03-09,2024-12-31,8,12,3146.24,25.0,1,664,5,3,4,534,Loyal Customers,Riya Menon,Female,44,Mumbai,Maharashtra,West
CUST-04352,8,16768.0,7548.36,2023-04-03,2023-12-24,8,11,2096.0,45.02,374,639,1,3,3,133,At Risk,Shaurya Reddy,Male,36,Mumbai,Maharashtra,West
CUST-04353,3,9764.25,3511.1800000000003,2022-05-24,2024-08-07,3,4,3254.75,35.96,147,953,2,1,2,212,Lost Customers,Pooja Mehta,Female,32,Chennai,Tamil Nadu,South
CUST-04354,22,47701.9,19555.53,2022-02-18,2024-11-25,22,35,2168.27,41.0,37,1048,4,5,5,455,Champions,Reyansh Banerjee,Male,24,Patna,Bihar,East
CUST-04355,3,3161.15,1304.94,2024-07-21,2024-12-05,3,4,1053.72,41.28,27,164,4,1,1,411,New Customers,Anand Kaur,Male,46,Mumbai,Maharashtra,West
CUST-04356,6,20730.15,5917.39,2023-04-24,2024-04-19,6,10,3455.02,28.54,257,618,1,2,3,123,Lost Customers,Riya Chatterjee,Female,25,Kochi,Kerala,South
CUST-04357,4,6599.05,1122.99,2023-03-23,2024-05-21,4,4,1649.76,17.02,225,650,1,1,1,111,Lost Customers,Khushi Mehta,Female,28,Pune,Maharashtra,West
CUST-04358,3,6538.55,1192.1100000000001,2023-07-30,2024-05-18,3,6,2179.52,18.23,228,521,1,1,1,111,Lost Customers,Vihaan Chatterjee,Male,41,Bengaluru,Karnataka,South
CUST-04359,4,7181.0,3158.8100000000004,2023-05-06,2023-11-18,4,9,1795.25,43.99,410,606,1,1,1,111,Lost Customers,Siddharth Choudhury,Male,41,Hyderabad,Telangana,South
CUST-04360,28,58864.7,21234.12,2024-02-06,2024-11-10,27,42,2102.31,36.07,52,330,3,5,5,355,Loyal Customers,Gauri Reddy,Female,28,Chennai,Tamil Nadu,South
CUST-04361,14,29478.75,9061.04,2023-11-29,2024-12-26,14,20,2105.62,30.74,6,399,5,4,4,544,Champions,Rajesh Nair,Male,20,Mumbai,Maharashtra,West
CUST-04362,9,10525.35,3202.66,2022-03-07,2024-06-09,9,11,1169.48,30.43,206,1031,1,3,2,132,Regular Customers,Rohan Sharma,Male,53,Kochi,Kerala,South
CUST-04363,17,19501.4,7387.01,2022-07-17,2024-11-26,17,22,1147.14,37.88,36,899,4,5,3,453,Loyal Customers,Rajesh Saxena,Male,41,Pune,Maharashtra,West
CUST-04364,8,8283.15,3850.92,2022-05-28,2024-11-23,8,14,1035.39,46.49,39,949,4,3,2,432,Potential Loyalists,Rajesh Banerjee,Male,43,Bhubaneswar,Odisha,East
CUST-04365,4,13205.7,4321.3,2022-11-10,2024-09-20,4,8,3301.42,32.72,103,783,2,1,2,212,Lost Customers,Priyanka Mishra,Female,38,Ahmedabad,Gujarat,West
CUST-04366,18,28388.6,10339.87,2022-08-29,2024-11-27,18,24,1577.14,36.42,35,856,4,5,4,454,Champions,Shaurya Menon,Male,38,Patna,Bihar,East
CUST-04367,8,25683.65,2472.86,2023-09-28,2024-12-23,8,13,3210.46,9.63,9,461,5,3,4,534,Loyal Customers,Ananya Choudhury,Female,29,Delhi,Delhi,North
CUST-04368,3,14221.1,4005.81,2024-06-15,2024-06-28,3,4,4740.37,28.17,187,200,1,1,3,113,Lost Customers,Varun Choudhury,Male,43,Delhi,Delhi,North
CUST-04369,12,44380.5,12976.85,2022-01-08,2024-12-22,12,22,3698.38,29.24,10,1089,5,4,5,545,Champions,Manish Tripathi,Male,53,Visakhapatnam,Andhra Pradesh,South
CUST-04370,4,6142.2,2677.4,2022-01-12,2023-10-08,4,6,1535.55,43.59,451,1085,1,1,1,111,Lost Customers,Kunal Gupta,Male,31,Kolkata,West Bengal,East
CUST-04371,2,3365.0,1236.47,2023-05-17,2023-09-04,2,5,1682.5,36.75,485,595,1,1,1,111,Lost Customers,Pallavi Yadav,Female,47,Mumbai,Maharashtra,West
CUST-04372,6,4502.7,1335.9099999999999,2023-01-04,2024-11-29,6,9,750.45,29.67,33,728,4,2,1,421,Potential Loyalists,Aditya Reddy,Male,64,Mumbai,Maharashtra,West
CUST-04373,13,46528.1,16938.59,2022-10-14,2024-11-10,13,17,3579.08,36.41,52,810,3,4,5,345,Loyal Customers,Arjun Mehta,Male,22,Coimbatore,Tamil Nadu,South
CUST-04374,18,30101.100000000002,11230.92,2022-10-12,2024-10-31,18,21,1672.28,37.31,62,812,3,5,4,354,Loyal Customers,Navya Mukherjee,Female,40,Visakhapatnam,Andhra Pradesh,South
CUST-04375,4,7670.3,1884.44,2023-09-01,2023-11-08,4,4,1917.58,24.57,420,488,1,1,2,112,Lost Customers,Deepa Menon,Female,33,Delhi,Delhi,North
CUST-04376,4,6409.0,2017.33,2022-11-10,2024-06-07,4,7,1602.25,31.48,208,783,1,1,1,111,Lost Customers,Diya Joshi,Female,18,Bhubaneswar,Odisha,East
CUST-04377,5,38160.65,6854.38,2022-10-22,2024-08-22,5,8,7632.13,17.96,132,802,2,2,4,224,Lost Customers,Anjali Saxena,Female,49,Mumbai,Maharashtra,West
CUST-04378,12,27994.9,9489.51,2024-06-22,2024-09-24,12,22,2332.91,33.9,99,193,2,4,4,244,At Risk,Vihaan Chatterjee,Male,28,Indore,Madhya Pradesh,Central
CUST-04379,10,15275.95,3605.95,2023-08-24,2024-09-04,10,14,1527.6,23.61,119,496,2,4,3,243,At Risk,Vikram Chatterjee,Male,32,Kochi,Kerala,South
CUST-04380,24,36216.4,14903.550000000001,2022-06-05,2024-11-19,23,33,1509.02,41.15,43,941,4,5,4,454,Champions,Kavya Das,Female,45,Coimbatore,Tamil Nadu,South
CUST-04381,5,9583.15,4506.46,2023-07-30,2024-09-26,5,6,1916.63,47.02,97,521,2,2,2,222,Lost Customers,Rajesh Bhatia,Male,31,Kochi,Kerala,South
CUST-04382,6,13140.95,5355.76,2023-03-07,2024-10-28,6,9,2190.16,40.76,65,666,3,2,2,322,Regular Customers,Vivaan Bhatia,Male,24,Kochi,Kerala,South
CUST-04383,14,32093.45,14493.15,2022-05-18,2024-10-28,14,18,2292.39,45.16,65,959,3,4,4,344,Loyal Customers,Sneha Saxena,Female,33,Chennai,Tamil Nadu,South
CUST-04384,13,12336.85,3719.5499999999997,2023-07-04,2024-12-12,13,16,948.99,30.15,20,547,5,4,2,542,Regular Customers,Siddharth Rao,Male,18,Hyderabad,Telangana,South
CUST-04385,20,38408.4,12991.13,2022-01-18,2024-12-11,18,25,1920.42,33.82,21,1079,5,5,4,554,Champions,Sai Menon,Male,26,Kolkata,West Bengal,East
CUST-04386,24,69909.2,21014.89,2022-12-10,2024-12-19,24,35,2912.88,30.06,13,753,5,5,5,555,Champions,Swati Banerjee,Female,27,Pune,Maharashtra,West
CUST-04387,3,12257.2,3262.27,2023-02-17,2023-05-13,3,3,4085.73,26.62,599,684,1,1,2,112,Lost Customers,Aadhya Tripathi,Female,48,Jaipur,Rajasthan,North
CUST-04388,16,21768.25,8266.91,2022-09-21,2024-09-19,16,27,1360.52,37.98,104,833,2,5,3,253,At Risk,Arjun Mukherjee,Male,44,Lucknow,Uttar Pradesh,North
CUST-04389,21,30324.75,11554.28,2022-01-11,2024-12-22,21,29,1444.04,38.1,10,1086,5,5,4,554,Champions,Varun Bhatia,Male,37,Bengaluru,Karnataka,South
CUST-04390,25,104517.2,25619.739999999998,2022-02-24,2024-10-25,25,32,4180.69,24.51,68,1042,3,5,5,355,Loyal Customers,Anita Kaur,Female,38,Mumbai,Maharashtra,West
CUST-04391,3,63473.399999999994,2226.92,2022-12-08,2024-12-31,3,4,21157.8,3.51,1,755,5,1,5,515,New Customers,Shaurya Joshi,Male,40,Mumbai,Maharashtra,West
CUST-04392,14,20339.45,8215.81,2022-01-16,2024-10-08,14,21,1452.82,40.39,85,1081,2,4,3,243,At Risk,Kunal Iyer,Male,39,Lucknow,Uttar Pradesh,North
CUST-04393,5,17120.55,4915.379999999999,2022-04-03,2024-08-28,5,5,3424.11,28.71,126,1004,2,2,3,223,Lost Customers,Suresh Pillai,Male,25,Delhi,Delhi,North
CUST-04394,8,24920.85,9325.68,2023-11-30,2024-12-01,8,10,3115.11,37.42,31,398,4,3,4,434,Loyal Customers,Krishna Mehta,Male,35,Jaipur,Rajasthan,North
CUST-04395,1,398.05,210.1,2023-03-04,2023-03-04,1,1,398.05,52.78,669,669,1,1,1,111,Lost Customers,Amit Tripathi,Male,27,Bengaluru,Karnataka,South
CUST-04396,11,30357.6,7816.16,2022-03-17,2024-11-03,11,15,2759.78,25.75,59,1021,3,4,4,344,Loyal Customers,Pranav Saxena,Male,26,Hyderabad,Telangana,South
CUST-04397,6,6921.6,3501.5,2023-01-29,2024-11-11,6,11,1153.6,50.59,51,703,3,2,1,321,Regular Customers,Shreya Joshi,Female,49,Lucknow,Uttar Pradesh,North
CUST-04398,7,16756.35,7652.49,2022-06-18,2024-10-29,7,11,2393.76,45.67,64,928,3,3,3,333,Loyal Customers,Kabir Reddy,Male,29,Mumbai,Maharashtra,West
CUST-04399,11,33151.399999999994,5243.82,2023-07-31,2024-11-05,11,16,3013.76,15.82,57,520,3,4,4,344,Loyal Customers,Sunita Kaur,Female,33,Pune,Maharashtra,West
CUST-04400,7,3770.85,1815.98,2022-05-12,2024-03-14,7,7,538.69,48.16,293,965,1,3,1,131,Regular Customers,Shaurya Chatterjee,Other,30,Bhubaneswar,Odisha,East
CUST-04401,15,26616.9,8469.12,2022-01-17,2024-10-23,15,20,1774.46,31.82,70,1080,3,4,4,344,Loyal Customers,Varun Mukherjee,Male,18,Delhi,Delhi,North
CUST-04402,7,10175.55,2794.41,2023-02-19,2024-03-23,7,8,1453.65,27.46,284,682,1,3,2,132,Regular Customers,Aarav Joshi,Male,22,Delhi,Delhi,North
CUST-04403,15,31985.3,10809.619999999999,2023-03-12,2024-12-23,15,21,2132.35,33.8,9,661,5,4,4,544,Champions,Rahul Nair,Male,24,Nagpur,Maharashtra,West
CUST-04404,6,6682.65,2196.23,2023-03-08,2024-06-01,6,10,1113.77,32.86,214,665,1,2,1,121,Lost Customers,Swati Shah,Female,21,Visakhapatnam,Andhra Pradesh,South
CUST-04405,5,4215.2,2024.36,2023-05-21,2024-07-31,5,6,843.04,48.03,154,591,2,2,1,221,Lost Customers,Kunal Iyengar,Male,18,Delhi,Delhi,North
CUST-04406,16,25607.35,10140.97,2022-12-18,2024-10-30,15,20,1600.46,39.6,63,745,3,5,4,354,Loyal Customers,Shaurya Bhatia,Male,27,Surat,Gujarat,West
CUST-04407,1,1110.55,401.01,2024-04-28,2024-04-28,1,1,1110.55,36.11,248,248,1,1,1,111,Lost Customers,Vikram Mehta,Other,18,Hyderabad,Telangana,South
CUST-04408,26,41587.1,15831.87,2023-07-15,2024-11-21,26,46,1599.5,38.07,41,536,4,5,5,455,Champions,Aditya Agarwal,Male,29,Chennai,Tamil Nadu,South
CUST-04409,24,36247.8,8192.12,2022-10-30,2024-12-02,24,31,1510.32,22.6,30,794,4,5,4,454,Champions,Aditya Mishra,Male,25,Chennai,Tamil Nadu,South
CUST-04410,7,3644.65,992.02,2022-08-10,2024-03-12,7,8,520.66,27.22,295,875,1,3,1,131,Regular Customers,Pranav Malhotra,Other,30,Hyderabad,Telangana,South
CUST-04411,12,19248.0,8568.89,2022-01-10,2024-11-05,11,16,1604.0,44.52,57,1087,3,4,3,343,Loyal Customers,Anita Choudhury,Female,39,Patna,Bihar,East
CUST-04412,2,5234.65,2843.94,2022-05-14,2023-02-15,2,5,2617.32,54.33,686,963,1,1,1,111,Lost Customers,Sai Rao,Male,45,Chennai,Tamil Nadu,South
CUST-04413,28,68816.40000000001,17910.22,2022-01-10,2024-11-03,28,41,2457.73,26.03,59,1087,3,5,5,355,Loyal Customers,Kunal Patel,Other,37,Lucknow,Uttar Pradesh,North
CUST-04414,16,37424.15,11949.98,2022-03-11,2024-11-26,16,22,2339.01,31.93,36,1027,4,5,4,454,Champions,Saanvi Dutta,Female,36,Kolkata,West Bengal,East
CUST-04415,4,10678.650000000001,2533.52,2024-06-23,2024-11-25,4,5,2669.66,23.73,37,192,4,1,2,412,New Customers,Meera Yadav,Female,36,Jaipur,Rajasthan,North
CUST-04416,10,23141.55,8011.84,2023-08-08,2024-10-06,10,13,2314.15,34.62,87,512,2,4,4,244,At Risk,Suresh Singh,Male,36,Mumbai,Maharashtra,West
CUST-04417,10,15177.7,6929.280000000001,2022-01-28,2024-12-16,10,14,1517.77,45.65,16,1069,5,4,3,543,Loyal Customers,Meera Mishra,Female,18,Delhi,Delhi,North
CUST-04419,6,32451.05,4845.95,2022-03-02,2024-06-19,6,7,5408.51,14.93,196,1036,1,2,4,124,Lost Customers,Tanvi Agarwal,Female,18,Bengaluru,Karnataka,South
CUST-04420,4,19562.6,6139.620000000001,2022-10-03,2024-04-13,4,10,4890.65,31.38,263,821,1,1,3,113,Lost Customers,Deepak Gupta,Male,48,Kochi,Kerala,South
CUST-04421,5,4218.65,531.78,2022-06-02,2024-10-30,5,9,843.73,12.61,63,944,3,2,1,321,Regular Customers,Rajesh Patel,Male,33,Kolkata,West Bengal,East
CUST-04422,19,96034.85,21034.760000000002,2022-10-28,2024-12-19,19,22,5054.47,21.9,13,796,5,5,5,555,Champions,Aadhya Nair,Female,58,Mumbai,Maharashtra,West
CUST-04423,13,17867.55,5506.51,2022-07-13,2024-12-17,11,21,1374.43,30.82,15,903,5,4,3,543,Loyal Customers,Gauri Iyer,Female,25,Bhopal,Madhya Pradesh,Central
CUST-04424,7,7431.65,2807.2000000000003,2022-05-04,2024-08-25,7,8,1061.66,37.77,129,973,2,3,1,231,Regular Customers,Sneha Mukherjee,Female,31,Mumbai,Maharashtra,West
CUST-04425,20,33664.05,11824.05,2024-05-01,2024-10-22,18,27,1683.2,35.12,71,245,3,5,4,354,Loyal Customers,Anand Kaur,Male,46,Chennai,Tamil Nadu,South
CUST-04426,7,54596.75,11181.85,2022-11-19,2024-10-20,7,13,7799.54,20.48,73,774,3,3,5,335,Loyal Customers,Aanya Menon,Female,37,Bhopal,Madhya Pradesh,Central
CUST-04427,8,15072.4,5369.7,2022-05-21,2024-11-27,8,12,1884.05,35.63,35,956,4,3,3,433,Loyal Customers,Aadhya Saxena,Female,39,Ahmedabad,Gujarat,West
CUST-04428,27,41064.95,15319.77,2024-03-26,2024-12-21,26,37,1520.92,37.31,11,281,5,5,5,555,Champions,Nandini Chatterjee,Female,18,Ahmedabad,Gujarat,West
CUST-04429,10,9442.8,3040.42,2022-01-18,2024-10-13,10,16,944.28,32.2,80,1079,2,4,2,242,Regular Customers,Shreya Malhotra,Female,54,Mumbai,Maharashtra,West
CUST-04430,4,13370.55,5317.37,2022-04-15,2024-07-22,4,6,3342.64,39.77,163,992,2,1,2,212,Lost Customers,Gaurav Reddy,Male,37,Indore,Madhya Pradesh,Central
CUST-04431,3,5466.65,380.98,2024-05-04,2024-11-18,3,8,1822.22,6.97,44,242,4,1,1,411,New Customers,Divya Pandey,Female,33,Mumbai,Maharashtra,West
CUST-04432,8,14428.5,3932.4700000000003,2022-09-07,2024-06-29,8,8,1803.56,27.25,186,847,1,3,3,133,At Risk,Kabir Iyengar,Other,26,Coimbatore,Tamil Nadu,South
CUST-04433,11,13482.65,5126.63,2022-12-08,2024-06-21,11,13,1225.7,38.02,194,755,1,4,2,142,Regular Customers,Krishna Pandey,Male,47,Chennai,Tamil Nadu,South
CUST-04434,10,16228.849999999999,6407.3099999999995,2022-07-23,2024-06-15,10,16,1622.88,39.48,200,893,1,4,3,143,At Risk,Pooja Sharma,Female,23,Hyderabad,Telangana,South
CUST-04435,6,17440.85,5648.24,2022-02-26,2024-12-18,6,11,2906.81,32.39,14,1040,5,2,3,523,Potential Loyalists,Sai Gupta,Male,20,Kochi,Kerala,South
CUST-04436,14,33123.55,15868.93,2022-01-09,2024-05-29,14,18,2365.97,47.91,217,1088,1,4,4,144,At Risk,Atharv Tripathi,Male,30,Hyderabad,Telangana,South
CUST-04437,15,34257.1,10926.210000000001,2023-05-07,2024-11-23,14,20,2283.81,31.89,39,605,4,4,4,444,Champions,Deepa Pillai,Female,67,Nagpur,Maharashtra,West
CUST-04438,1,219.0,88.04,2023-07-17,2023-07-17,1,1,219.0,40.2,534,534,1,1,1,111,Lost Customers,Nandini Das,Female,30,Delhi,Delhi,North
CUST-04439,3,1279.3000000000002,164.46,2023-03-27,2023-12-03,3,4,426.43,12.86,395,646,1,1,1,111,Lost Customers,Anand Kaur,Male,32,Hyderabad,Telangana,South
CUST-04440,8,82818.40000000001,931.9499999999998,2023-01-17,2024-02-28,8,16,10352.3,1.13,308,715,1,3,5,135,At Risk,Nikhil Agarwal,Male,36,Mumbai,Maharashtra,West
CUST-04441,12,17483.4,7682.46,2023-01-10,2024-12-20,12,19,1456.95,43.94,12,722,5,4,3,543,Loyal Customers,Neha Kaur,Female,24,Mumbai,Maharashtra,West
CUST-04442,8,19958.55,7466.570000000001,2022-10-22,2024-12-21,8,14,2494.82,37.41,11,802,5,3,3,533,Loyal Customers,Anand Pandey,Other,41,Hyderabad,Telangana,South
CUST-04443,5,35397.1,6435.679999999999,2023-09-13,2024-01-08,5,7,7079.42,18.18,359,476,1,2,4,124,Lost Customers,Anand Mishra,Male,34,Delhi,Delhi,North
CUST-04444,6,9560.4,3733.5,2023-10-14,2024-12-07,6,6,1593.4,39.05,25,445,5,2,2,522,Potential Loyalists,Khushi Choudhury,Female,42,Guwahati,Assam,East
CUST-04445,9,24621.35,7985.99,2022-06-06,2024-07-17,9,11,2735.71,32.44,168,940,1,3,4,134,At Risk,Anand Mehta,Male,29,Kolkata,West Bengal,East
CUST-04446,3,3622.5,1427.43,2024-10-16,2024-11-28,3,4,1207.5,39.4,34,77,4,1,1,411,New Customers,Aanya Das,Female,44,Visakhapatnam,Andhra Pradesh,South
CUST-04447,17,23422.350000000002,7467.16,2022-11-09,2024-11-23,17,23,1377.79,31.88,39,784,4,5,4,454,Champions,Pranav Menon,Male,29,Chennai,Tamil Nadu,South
CUST-04448,26,31526.35,10164.63,2023-08-09,2024-11-29,24,36,1212.55,32.24,33,511,4,5,4,454,Champions,Gaurav Nair,Male,33,Hyderabad,Telangana,South
CUST-04449,3,26376.15,7751.2300000000005,2022-03-13,2024-10-19,3,8,8792.05,29.39,74,1025,3,1,4,314,Regular Customers,Rohan Menon,Male,28,Hyderabad,Telangana,South
CUST-04450,24,37525.0,14829.7,2023-05-10,2024-12-31,23,36,1563.54,39.52,1,602,5,5,4,554,Champions,Sunita Nair,Female,38,Chandigarh,Punjab,North
CUST-04451,4,5655.2,2337.6499999999996,2022-10-28,2024-12-14,4,6,1413.8,41.34,18,796,5,1,1,511,New Customers,Gaurav Bhatia,Male,35,Hyderabad,Telangana,South
CUST-04452,3,7810.35,2792.1,2022-02-02,2023-07-07,3,4,2603.45,35.75,544,1064,1,1,2,112,Lost Customers,Rekha Singh,Female,28,Chennai,Tamil Nadu,South
CUST-04453,3,4837.0,1824.44,2022-05-19,2024-05-03,3,3,1612.33,37.72,243,958,1,1,1,111,Lost Customers,Aarav Pillai,Male,50,Coimbatore,Tamil Nadu,South
CUST-04454,6,8322.8,2524.14,2023-02-24,2024-12-01,6,11,1387.13,30.33,31,677,4,2,2,422,Potential Loyalists,Sai Mehta,Male,29,Kolkata,West Bengal,East
CUST-04455,3,4596.0,980.4,2022-08-21,2023-07-22,3,4,1532.0,21.33,529,864,1,1,1,111,Lost Customers,Rahul Bhatia,Male,44,Hyderabad,Telangana,South
CUST-04456,5,2868.4,801.32,2023-03-31,2024-10-19,5,5,573.68,27.94,74,642,3,2,1,321,Regular Customers,Saanvi Iyer,Female,32,Ahmedabad,Gujarat,West
CUST-04457,7,13461.8,6931.59,2024-02-26,2024-11-25,7,7,1923.11,51.49,37,310,4,3,2,432,Potential Loyalists,Deepa Yadav,Female,28,Bengaluru,Karnataka,South
CUST-04458,7,25161.25,10826.93,2024-06-02,2024-06-25,7,16,3594.46,43.03,190,213,1,3,4,134,At Risk,Reyansh Iyer,Male,35,Delhi,Delhi,North
CUST-04459,7,65064.25,16315.130000000001,2022-05-21,2024-07-27,7,7,9294.89,25.08,158,956,2,3,5,235,At Risk,Kabir Pillai,Male,39,Chennai,Tamil Nadu,South
CUST-04460,24,41362.2,16073.539999999999,2022-12-28,2024-11-18,23,34,1723.42,38.86,44,735,4,5,5,455,Champions,Swati Verma,Female,32,Surat,Gujarat,West
CUST-04461,17,21911.3,9405.4,2023-09-05,2024-11-30,16,22,1288.9,42.92,32,484,4,5,3,453,Loyal Customers,Aadhya Reddy,Female,32,Hyderabad,Telangana,South
CUST-04462,23,44070.6,17681.9,2023-12-03,2024-12-25,21,36,1916.11,40.12,7,395,5,5,5,555,Champions,Arjun Patel,Male,18,Hyderabad,Telangana,South
CUST-04463,6,5037.45,1958.98,2023-05-04,2024-10-26,6,9,839.58,38.89,67,608,3,2,1,321,Regular Customers,Anita Mehta,Female,47,Visakhapatnam,Andhra Pradesh,South
CUST-04464,5,16309.65,3898.62,2023-09-15,2024-08-15,5,9,3261.93,23.9,139,474,2,2,3,223,Lost Customers,Ishaan Singh,Male,18,Kolkata,West Bengal,East
CUST-04465,9,87422.4,18952.35,2024-06-21,2024-07-19,9,17,9713.6,21.68,166,194,2,3,5,235,At Risk,Khushi Kaur,Female,36,Bengaluru,Karnataka,South
CUST-04466,6,75271.4,20131.04,2022-01-02,2023-11-17,6,7,12545.23,26.74,411,1095,1,2,5,125,Lost Customers,Aarohi Mukherjee,Female,21,Hyderabad,Telangana,South
CUST-04467,7,18677.8,7766.15,2023-02-28,2024-08-04,7,19,2668.26,41.58,150,673,2,3,3,233,At Risk,Shaurya Dutta,Male,19,Bengaluru,Karnataka,South
CUST-04468,7,6527.8,2250.02,2023-02-12,2024-12-06,7,12,932.54,34.47,26,689,4,3,1,431,Potential Loyalists,Gaurav Bhatia,Male,37,Hyderabad,Telangana,South
CUST-04469,5,16265.1,3493.33,2022-05-22,2024-04-28,5,7,3253.02,21.48,248,955,1,2,3,123,Lost Customers,Sneha Gupta,Female,47,Jaipur,Rajasthan,North
CUST-04470,15,33852.55,14067.28,2022-06-15,2024-12-30,15,20,2256.84,41.55,2,931,5,4,4,544,Champions,Kabir Patel,Male,54,Delhi,Delhi,North
CUST-04471,11,30079.15,11223.27,2022-10-08,2024-10-28,10,16,2734.47,37.31,65,816,3,4,4,344,Loyal Customers,Shreya Patel,Female,28,Chennai,Tamil Nadu,South
CUST-04472,11,34129.5,10417.18,2022-08-14,2024-10-31,11,14,3102.68,30.52,62,871,3,4,4,344,Loyal Customers,Pranav Iyer,Male,40,Kolkata,West Bengal,East
CUST-04473,17,24496.8,7135.38,2022-11-13,2024-12-30,16,23,1440.99,29.13,2,780,5,5,4,554,Champions,Priyanka Mishra,Female,32,Kochi,Kerala,South
CUST-04474,10,8080.45,3287.39,2022-10-25,2024-09-20,10,15,808.04,40.68,103,799,2,4,2,242,Regular Customers,Pranav Bhatia,Male,25,Delhi,Delhi,North
CUST-04475,18,26465.6,13629.38,2022-04-16,2024-10-26,18,31,1470.31,51.5,67,991,3,5,4,354,Loyal Customers,Suresh Agarwal,Other,35,Chennai,Tamil Nadu,South
CUST-04476,5,6129.6,2362.84,2023-12-06,2024-05-18,5,6,1225.92,38.55,228,392,1,2,1,121,Lost Customers,Ramesh Patel,Male,37,Surat,Gujarat,West
CUST-04477,12,9737.85,3853.16,2022-09-23,2024-12-31,12,20,811.49,39.57,1,831,5,4,2,542,Regular Customers,Sneha Tripathi,Female,28,Hyderabad,Telangana,South
CUST-04478,21,23621.8,10367.88,2023-02-28,2024-07-10,21,32,1124.85,43.89,175,673,1,5,4,154,At Risk,Pranav Malhotra,Other,43,Kolkata,West Bengal,East
CUST-04479,3,5725.45,1855.91,2022-11-15,2023-11-30,3,5,1908.48,32.42,398,778,1,1,1,111,Lost Customers,Ramesh Reddy,Male,31,Mumbai,Maharashtra,West
CUST-04480,6,13499.0,4162.860000000001,2022-07-01,2024-08-30,6,9,2249.83,30.84,124,915,2,2,2,222,Lost Customers,Rohan Mukherjee,Male,18,Chennai,Tamil Nadu,South
CUST-04481,15,66962.7,13126.01,2022-08-18,2024-12-20,15,22,4464.18,19.6,12,867,5,4,5,545,Champions,Pari Choudhury,Female,36,Mumbai,Maharashtra,West
CUST-04482,9,19729.05,8092.0199999999995,2022-07-11,2024-08-21,9,19,2192.12,41.02,133,905,2,3,3,233,At Risk,Kavya Das,Female,19,Guwahati,Assam,East
CUST-04483,7,2547.4,804.51,2023-08-30,2023-09-21,7,8,363.91,31.58,468,490,1,3,1,131,Regular Customers,Sunita Verma,Female,24,Kochi,Kerala,South
CUST-04484,11,40211.6,-322.96999999999997,2022-11-04,2024-08-08,11,13,3655.6,-0.8,146,789,2,4,5,245,At Risk,Divya Sharma,Female,64,Visakhapatnam,Andhra Pradesh,South
CUST-04485,7,5861.1,2040.51,2024-02-29,2024-07-16,7,10,837.3,34.81,169,307,1,3,1,131,Regular Customers,Ramesh Iyer,Male,29,Bengaluru,Karnataka,South
CUST-04486,23,32746.6,10778.140000000001,2023-09-26,2024-12-25,22,40,1423.77,32.91,7,463,5,5,4,554,Champions,Kavya Reddy,Female,30,Patna,Bihar,East
CUST-04487,6,9090.25,3291.9300000000003,2024-01-07,2024-10-21,6,7,1515.04,36.21,72,360,3,2,2,322,Regular Customers,Neha Tripathi,Female,35,Lucknow,Uttar Pradesh,North
CUST-04488,16,47898.7,14441.01,2022-01-25,2024-10-19,15,26,2993.67,30.15,74,1072,3,5,5,355,Loyal Customers,Kunal Singh,Male,58,Kochi,Kerala,South
CUST-04489,7,24522.6,7807.780000000001,2022-03-07,2024-11-07,7,10,3503.23,31.84,55,1031,3,3,4,334,Loyal Customers,Neha Mukherjee,Female,36,Bhubaneswar,Odisha,East
CUST-04490,3,8220.25,3503.7599999999998,2024-06-03,2024-08-21,3,3,2740.08,42.62,133,212,2,1,2,212,Lost Customers,Vivaan Dutta,Male,53,Hyderabad,Telangana,South
CUST-04491,13,38952.3,7728.4400000000005,2022-06-01,2024-09-02,13,20,2996.33,19.84,121,945,2,4,4,244,At Risk,Pooja Joshi,Female,44,Hyderabad,Telangana,South
CUST-04492,6,6679.95,1556.25,2022-02-09,2024-11-06,6,7,1113.32,23.3,56,1057,3,2,1,321,Regular Customers,Kabir Das,Male,32,Bhubaneswar,Odisha,East
CUST-04493,3,11245.0,4933.61,2022-09-25,2024-07-08,3,5,3748.33,43.87,177,829,1,1,2,112,Lost Customers,Reyansh Bhatia,Male,18,Bengaluru,Karnataka,South
CUST-04494,7,12639.5,3228.67,2023-05-16,2024-08-06,6,9,1805.64,25.54,148,596,2,3,2,232,Regular Customers,Divya Singh,Female,35,Delhi,Delhi,North
CUST-04495,6,22723.4,8249.98,2022-01-14,2024-12-21,6,12,3787.23,36.31,11,1083,5,2,3,523,Potential Loyalists,Riya Choudhury,Female,26,Lucknow,Uttar Pradesh,North
CUST-04496,18,28933.6,12178.88,2022-02-20,2024-12-16,18,27,1607.42,42.09,16,1046,5,5,4,554,Champions,Pari Chatterjee,Female,39,Delhi,Delhi,North
CUST-04497,18,21447.35,8547.24,2022-05-04,2024-08-31,18,27,1191.52,39.85,123,973,2,5,3,253,At Risk,Nikhil Reddy,Male,51,Ahmedabad,Gujarat,West
CUST-04498,13,53632.5,22008.9,2022-04-06,2024-12-25,13,21,4125.58,41.04,7,1001,5,4,5,545,Champions,Riya Shah,Female,24,Indore,Madhya Pradesh,Central
CUST-04499,19,49321.8,16208.23,2022-03-25,2024-10-09,19,37,2595.88,32.86,84,1013,2,5,5,255,At Risk,Riya Joshi,Female,47,Hyderabad,Telangana,South
CUST-04500,4,15915.65,3276.46,2022-09-25,2024-11-06,4,5,3978.91,20.59,56,829,3,1,3,313,Regular Customers,Meera Sharma,Female,38,Ahmedabad,Gujarat,West
CUST-04501,9,14167.6,4532.01,2023-09-11,2024-12-29,9,20,1574.18,31.99,3,478,5,3,3,533,Loyal Customers,Meera Chatterjee,Female,18,Pune,Maharashtra,West
CUST-04502,19,60524.75,15763.09,2023-02-10,2024-11-30,19,30,3185.51,26.04,32,691,4,5,5,455,Champions,Shaurya Pandey,Male,35,Lucknow,Uttar Pradesh,North
CUST-04503,6,12414.7,3966.56,2022-11-29,2024-10-13,6,8,2069.12,31.95,80,764,2,2,2,222,Lost Customers,Manish Pillai,Male,38,Lucknow,Uttar Pradesh,North
CUST-04504,18,25615.7,11485.12,2022-05-20,2024-12-11,18,35,1423.09,44.84,21,957,5,5,4,554,Champions,Shaurya Mukherjee,Male,43,Visakhapatnam,Andhra Pradesh,South
CUST-04505,5,1904.65,659.67,2024-03-12,2024-04-08,5,5,380.93,34.63,268,295,1,2,1,121,Lost Customers,Meera Banerjee,Female,25,Pune,Maharashtra,West
CUST-04506,6,6087.4,2812.17,2024-03-10,2024-11-28,6,9,1014.57,46.2,34,297,4,2,1,421,Potential Loyalists,Amit Verma,Male,44,Pune,Maharashtra,West
CUST-04507,6,6420.0,2471.28,2022-05-29,2024-11-02,6,7,1070.0,38.49,60,948,3,2,1,321,Regular Customers,Varun Gupta,Male,55,Hyderabad,Telangana,South
CUST-04508,10,11854.75,4393.17,2022-05-04,2023-11-20,10,14,1185.47,37.06,408,973,1,4,2,142,Regular Customers,Amit Saxena,Male,40,Bhubaneswar,Odisha,East
CUST-04509,8,11647.9,5456.84,2022-11-30,2024-07-23,8,10,1455.99,46.85,162,763,2,3,2,232,Regular Customers,Atharv Rao,Male,27,Mumbai,Maharashtra,West
CUST-04510,6,9513.3,3697.88,2022-02-05,2024-06-24,6,6,1585.55,38.87,191,1061,1,2,2,122,Lost Customers,Shaurya Choudhury,Male,38,Indore,Madhya Pradesh,Central
CUST-04511,6,15477.3,6285.53,2023-12-15,2024-11-02,6,14,2579.55,40.61,60,383,3,2,3,323,Regular Customers,Vikram Verma,Male,33,Mumbai,Maharashtra,West
CUST-04512,5,8711.6,1934.24,2023-10-19,2024-12-11,5,7,1742.32,22.2,21,440,5,2,2,522,Potential Loyalists,Anita Nair,Female,44,Mumbai,Maharashtra,West
CUST-04513,7,25780.25,8203.79,2022-03-13,2024-09-29,7,10,3682.89,31.82,94,1025,2,3,4,234,At Risk,Aadhya Pandey,Female,27,Indore,Madhya Pradesh,Central
CUST-04514,4,4734.2,2213.0299999999997,2022-06-26,2024-02-27,4,4,1183.55,46.75,309,920,1,1,1,111,Lost Customers,Aarohi Choudhury,Female,21,Hyderabad,Telangana,South
CUST-04515,9,14491.0,5760.02,2024-02-18,2024-05-09,8,9,1610.11,39.75,237,318,1,3,3,133,At Risk,Aanya Singh,Female,38,Jaipur,Rajasthan,North
CUST-04516,5,7004.0,2174.68,2022-06-21,2024-11-30,5,9,1400.8,31.05,32,925,4,2,1,421,Potential Loyalists,Manish Pandey,Male,27,Bengaluru,Karnataka,South
CUST-04517,14,30007.85,8745.31,2022-04-28,2024-10-22,14,24,2143.42,29.14,71,979,3,4,4,344,Loyal Customers,Vivaan Patel,Male,19,Jaipur,Rajasthan,North
CUST-04518,5,19101.6,7138.01,2023-10-27,2024-11-22,5,8,3820.32,37.37,40,432,4,2,3,423,Potential Loyalists,Gaurav Bhatia,Other,27,Mumbai,Maharashtra,West
CUST-04519,6,45134.350000000006,4034.3599999999997,2023-03-22,2024-12-17,6,8,7522.39,8.94,15,651,5,2,5,525,Potential Loyalists,Pari Choudhury,Female,42,Kolkata,West Bengal,East
CUST-04520,7,27341.35,2284.92,2023-10-07,2024-12-11,7,8,3905.91,8.36,21,452,5,3,4,534,Loyal Customers,Sunita Joshi,Female,34,Chennai,Tamil Nadu,South
CUST-04521,12,21461.75,5877.05,2023-05-01,2024-10-14,11,15,1788.48,27.38,79,611,2,4,3,243,At Risk,Deepak Das,Male,31,Mumbai,Maharashtra,West
CUST-04522,7,8051.35,3476.63,2024-04-28,2024-11-13,7,7,1150.19,43.18,49,248,3,3,2,332,Regular Customers,Aanya Mehta,Female,26,Bengaluru,Karnataka,South
CUST-04523,11,54758.75000000001,6430.740000000001,2023-10-10,2024-11-08,10,12,4978.07,11.74,54,449,3,4,5,345,Loyal Customers,Isha Banerjee,Female,45,Mumbai,Maharashtra,West
CUST-04524,17,26201.75,10762.95,2024-04-10,2024-12-24,17,20,1541.28,41.08,8,266,5,5,4,554,Champions,Deepak Gupta,Male,18,Bengaluru,Karnataka,South
CUST-04525,9,13124.95,3895.8999999999996,2022-01-23,2024-12-13,9,13,1458.33,29.68,19,1074,5,3,2,532,Potential Loyalists,Pooja Tripathi,Female,35,Kolkata,West Bengal,East
CUST-04526,16,65596.8,12428.44,2022-01-07,2024-12-04,16,24,4099.8,18.95,28,1090,4,5,5,455,Champions,Ananya Chatterjee,Female,45,Surat,Gujarat,West
CUST-04527,12,27354.25,10763.310000000001,2022-08-18,2024-11-06,11,17,2279.52,39.35,56,867,3,4,4,344,Loyal Customers,Tanvi Mukherjee,Female,38,Mumbai,Maharashtra,West
CUST-04528,2,5088.2,2279.7,2023-10-08,2024-09-20,2,2,2544.1,44.8,103,451,2,1,1,211,Lost Customers,Atharv Iyengar,Male,54,Bhubaneswar,Odisha,East
CUST-04529,6,10267.25,3958.75,2024-06-01,2024-06-28,6,10,1711.21,38.56,187,214,1,2,2,122,Lost Customers,Gauri Choudhury,Female,41,Pune,Maharashtra,West
CUST-04530,6,9768.45,4451.1900000000005,2022-06-25,2024-05-06,6,9,1628.08,45.57,240,921,1,2,2,122,Lost Customers,Gauri Reddy,Female,29,Chennai,Tamil Nadu,South
CUST-04531,6,8298.65,4121.43,2023-07-20,2024-11-25,6,7,1383.11,49.66,37,531,4,2,2,422,Potential Loyalists,Manish Joshi,Male,18,Pune,Maharashtra,West
CUST-04532,19,36632.1,11829.65,2023-11-23,2024-12-20,19,33,1928.01,32.29,12,405,5,5,4,554,Champions,Ramesh Singh,Male,18,Guwahati,Assam,East
CUST-04533,14,20750.45,6906.34,2022-01-13,2024-12-19,14,16,1482.18,33.28,13,1084,5,4,3,543,Loyal Customers,Reyansh Saxena,Male,34,Pune,Maharashtra,West
CUST-04534,9,37746.35,4945.599999999999,2022-03-03,2024-12-16,9,15,4194.04,13.1,16,1035,5,3,4,534,Loyal Customers,Kunal Malhotra,Male,18,Indore,Madhya Pradesh,Central
CUST-04535,14,76662.45,17177.79,2022-09-09,2024-12-07,13,23,5475.89,22.41,25,845,5,4,5,545,Champions,Priyanka Dutta,Female,49,Mumbai,Maharashtra,West
CUST-04536,14,73236.3,18866.37,2024-05-03,2024-11-08,14,19,5231.16,25.76,54,243,3,4,5,345,Loyal Customers,Swati Mehta,Female,41,Bhubaneswar,Odisha,East
CUST-04537,13,27808.05,10498.25,2022-06-29,2024-11-30,12,16,2139.08,37.75,32,917,4,4,4,444,Champions,Atharv Menon,Male,40,Hyderabad,Telangana,South
CUST-04538,2,2367.0,1066.25,2022-10-24,2023-03-18,2,3,1183.5,45.05,655,800,1,1,1,111,Lost Customers,Ayaan Banerjee,Male,31,Visakhapatnam,Andhra Pradesh,South
CUST-04539,5,12457.2,5556.9,2023-08-12,2024-10-21,5,7,2491.44,44.61,72,508,3,2,2,322,Regular Customers,Aarav Joshi,Male,32,Kolkata,West Bengal,East
CUST-04540,8,7623.549999999999,3094.6400000000003,2022-12-04,2024-10-27,8,9,952.94,40.59,66,759,3,3,2,332,Regular Customers,Diya Yadav,Female,45,Chandigarh,Punjab,North
CUST-04541,8,24536.6,6895.78,2022-12-03,2023-12-20,8,12,3067.08,28.1,378,760,1,3,4,134,At Risk,Anand Nair,Male,32,Patna,Bihar,East
CUST-04542,19,36110.25,11972.6,2022-02-19,2024-08-10,18,23,1900.54,33.16,144,1047,2,5,4,254,At Risk,Pari Mukherjee,Female,28,Nagpur,Maharashtra,West
CUST-04543,2,3348.0,859.95,2024-05-08,2024-05-21,2,2,1674.0,25.69,225,238,1,1,1,111,Lost Customers,Sneha Chatterjee,Female,18,Indore,Madhya Pradesh,Central
CUST-04544,7,11300.2,4111.150000000001,2022-05-25,2024-11-24,7,10,1614.31,36.38,38,952,4,3,2,432,Potential Loyalists,Swati Yadav,Female,56,Pune,Maharashtra,West
CUST-04545,18,35675.55,12945.449999999999,2022-04-09,2024-11-28,18,27,1981.98,36.29,34,998,4,5,4,454,Champions,Vihaan Tripathi,Male,32,Hyderabad,Telangana,South
CUST-04546,17,80900.45,7023.7300000000005,2022-06-08,2024-10-24,17,31,4758.85,8.68,69,938,3,5,5,355,Loyal Customers,Neha Verma,Female,41,Jaipur,Rajasthan,North
CUST-04547,9,8076.5,2534.88,2022-10-12,2024-12-07,8,10,897.39,31.39,25,812,5,3,2,532,Potential Loyalists,Varun Sharma,Male,27,Delhi,Delhi,North
CUST-04548,7,11344.4,3310.4700000000003,2022-02-01,2024-06-08,7,11,1620.63,29.18,207,1065,1,3,2,132,Regular Customers,Anand Banerjee,Male,41,Chandigarh,Punjab,North
CUST-04549,21,40067.85,13858.55,2022-04-24,2024-12-06,21,25,1907.99,34.59,26,983,4,5,5,455,Champions,Navya Mehta,Female,18,Kochi,Kerala,South
CUST-04550,5,22961.75,4630.52,2023-02-05,2024-10-31,4,11,4592.35,20.17,62,696,3,2,4,324,Regular Customers,Tanvi Tripathi,Female,38,Visakhapatnam,Andhra Pradesh,South
CUST-04551,5,5682.9,2232.35,2022-11-02,2024-09-02,5,5,1136.58,39.28,121,791,2,2,1,221,Lost Customers,Kabir Singh,Male,36,Bengaluru,Karnataka,South
CUST-04552,5,14771.95,6577.83,2022-04-01,2024-11-30,5,9,2954.39,44.53,32,1006,4,2,3,423,Potential Loyalists,Aanya Tripathi,Female,18,Chennai,Tamil Nadu,South
CUST-04553,5,6573.7,2972.4,2022-03-10,2023-05-27,5,7,1314.74,45.22,585,1028,1,2,1,121,Lost Customers,Krishna Menon,Male,18,Mumbai,Maharashtra,West
CUST-04554,17,52418.3,15601.880000000001,2022-01-18,2024-10-28,16,28,3083.43,29.76,65,1079,3,5,5,355,Loyal Customers,Manish Dutta,Male,36,Bengaluru,Karnataka,South
CUST-04555,6,8798.15,3770.2000000000003,2022-02-07,2024-07-29,6,7,1466.36,42.85,156,1059,2,2,2,222,Lost Customers,Varun Iyer,Male,33,Lucknow,Uttar Pradesh,North
CUST-04556,7,69540.34999999999,2659.33,2022-06-23,2024-11-30,7,14,9934.34,3.82,32,923,4,3,5,435,Loyal Customers,Aadhya Dutta,Female,20,Bhopal,Madhya Pradesh,Central
CUST-04557,6,25535.55,6748.4400000000005,2024-02-28,2024-09-11,6,6,4255.92,26.43,112,308,2,2,4,224,Lost Customers,Pranav Banerjee,Male,48,Chennai,Tamil Nadu,South
CUST-04558,11,37401.3,8895.23,2024-03-01,2024-11-21,11,13,3400.12,23.78,41,306,4,4,4,444,Champions,Saanvi Das,Female,33,Chennai,Tamil Nadu,South
CUST-04559,5,3621.3999999999996,1404.29,2022-03-20,2024-08-17,5,7,724.28,38.78,137,1018,2,2,1,221,Lost Customers,Anand Das,Male,25,Hyderabad,Telangana,South
CUST-04560,11,13178.45,5177.51,2023-02-18,2024-12-08,11,13,1198.04,39.29,24,683,5,4,2,542,Regular Customers,Dhruv Kaur,Male,38,Hyderabad,Telangana,South
CUST-04561,2,1556.3,385.32,2023-08-29,2023-11-25,2,3,778.15,24.76,403,491,1,1,1,111,Lost Customers,Rahul Pillai,Male,47,Bhopal,Madhya Pradesh,Central
CUST-04562,12,26033.25,9977.119999999999,2022-10-14,2024-12-21,12,21,2169.44,38.32,11,810,5,4,4,544,Champions,Aarav Banerjee,Male,36,Visakhapatnam,Andhra Pradesh,South
CUST-04563,10,21452.7,9489.37,2022-08-01,2024-12-21,9,14,2145.27,44.23,11,884,5,4,3,543,Loyal Customers,Sunita Tripathi,Female,45,Chandigarh,Punjab,North
CUST-04564,10,12419.05,4402.45,2022-03-13,2024-12-06,10,12,1241.9,35.45,26,1025,4,4,2,442,Regular Customers,Tanvi Iyer,Female,29,Delhi,Delhi,North
CUST-04565,19,43265.95,13630.52,2022-07-31,2024-11-09,19,31,2277.16,31.5,53,885,3,5,5,355,Loyal Customers,Aarav Kaur,Male,33,Lucknow,Uttar Pradesh,North
CUST-04566,8,6104.75,2762.19,2023-07-15,2024-08-22,8,11,763.09,45.25,132,536,2,3,1,231,Regular Customers,Gauri Patel,Female,45,Patna,Bihar,East
CUST-04567,15,15620.3,6305.82,2024-02-29,2024-06-13,15,21,1041.35,40.37,202,307,1,4,3,143,At Risk,Manish Verma,Male,21,Lucknow,Uttar Pradesh,North
CUST-04568,15,37861.75,9419.82,2023-09-29,2024-10-16,15,20,2524.12,24.88,77,460,2,4,4,244,At Risk,Prisha Chatterjee,Female,35,Mumbai,Maharashtra,West
CUST-04569,6,8181.9,3207.2799999999997,2022-02-03,2024-02-13,6,7,1363.65,39.2,323,1063,1,2,2,122,Lost Customers,Shreya Yadav,Female,22,Chennai,Tamil Nadu,South
CUST-04570,2,1969.05,407.48,2023-02-14,2024-01-01,2,4,984.52,20.69,366,687,1,1,1,111,Lost Customers,Aditya Mukherjee,Male,30,Chennai,Tamil Nadu,South
CUST-04571,5,8481.75,3561.05,2022-03-21,2024-04-26,5,7,1696.35,41.98,250,1017,1,2,2,122,Lost Customers,Rahul Chatterjee,Male,42,Ahmedabad,Gujarat,West
CUST-04572,8,34621.95,8839.41,2024-02-09,2024-12-05,8,11,4327.74,25.53,27,327,4,3,4,434,Loyal Customers,Pranav Rao,Male,41,Surat,Gujarat,West
CUST-04573,8,63132.3,24816.190000000002,2022-12-18,2024-06-06,8,14,7891.54,39.31,209,745,1,3,5,135,At Risk,Meera Dutta,Female,36,Chennai,Tamil Nadu,South
CUST-04574,8,25669.05,8908.82,2023-02-03,2024-07-19,8,11,3208.63,34.71,166,698,2,3,4,234,At Risk,Suresh Nair,Male,18,Bhubaneswar,Odisha,East
CUST-04575,5,5337.6,1172.57,2023-01-19,2024-11-17,5,7,1067.52,21.97,45,713,4,2,1,421,Potential Loyalists,Atharv Choudhury,Male,35,Chennai,Tamil Nadu,South
CUST-04576,13,30869.550000000003,9781.039999999999,2023-10-12,2024-12-22,13,21,2374.58,31.69,10,447,5,4,4,544,Champions,Rajesh Choudhury,Male,38,Bhopal,Madhya Pradesh,Central
CUST-04577,6,4999.55,1870.03,2023-06-08,2024-11-30,6,11,833.26,37.4,32,573,4,2,1,421,Potential Loyalists,Kabir Rao,Male,33,Delhi,Delhi,North
CUST-04578,3,2679.25,785.6800000000001,2024-02-02,2024-10-01,3,3,893.08,29.32,92,334,2,1,1,211,Lost Customers,Krishna Tripathi,Male,24,Chennai,Tamil Nadu,South
CUST-04579,2,4025.3,1323.73,2023-09-06,2023-10-18,2,4,2012.65,32.89,441,483,1,1,1,111,Lost Customers,Atharv Singh,Male,40,Bhopal,Madhya Pradesh,Central
CUST-04580,14,57492.700000000004,11786.75,2022-05-03,2024-12-14,14,23,4106.62,20.5,18,974,5,4,5,545,Champions,Vikram Yadav,Male,23,Kolkata,West Bengal,East
CUST-04581,14,17867.4,5153.05,2022-01-27,2024-11-10,14,18,1276.24,28.84,52,1070,3,4,3,343,Loyal Customers,Shaurya Iyengar,Male,31,Pune,Maharashtra,West
CUST-04582,19,61106.450000000004,15447.99,2022-05-22,2024-11-18,19,24,3216.13,25.28,44,955,4,5,5,455,Champions,Anjali Singh,Female,30,Ahmedabad,Gujarat,West
CUST-04583,11,29065.7,11295.380000000001,2022-03-02,2024-11-10,11,19,2642.34,38.86,52,1036,3,4,4,344,Loyal Customers,Suresh Bhatia,Male,36,Hyderabad,Telangana,South
CUST-04584,19,72941.9,24454.65,2023-05-16,2024-12-28,18,34,3839.05,33.53,4,596,5,5,5,555,Champions,Pari Gupta,Female,28,Kolkata,West Bengal,East
CUST-04585,13,40607.55,9425.17,2022-04-14,2024-12-28,13,18,3123.66,23.21,4,993,5,4,5,545,Champions,Pooja Chatterjee,Female,44,Bengaluru,Karnataka,South
CUST-04586,22,20917.9,7979.4800000000005,2022-06-14,2024-11-27,22,23,950.81,38.15,35,932,4,5,3,453,Loyal Customers,Priyanka Sharma,Female,66,Chennai,Tamil Nadu,South
CUST-04587,14,26509.8,10165.81,2022-12-11,2024-11-08,14,20,1893.56,38.35,54,752,3,4,4,344,Loyal Customers,Rajesh Saxena,Male,21,Kolkata,West Bengal,East
CUST-04588,7,9604.65,3425.17,2023-10-14,2024-11-06,7,11,1372.09,35.66,56,445,3,3,2,332,Regular Customers,Anita Reddy,Female,30,Hyderabad,Telangana,South
CUST-04589,2,829.0,301.37,2023-06-16,2024-02-18,2,2,414.5,36.35,318,565,1,1,1,111,Lost Customers,Anand Pandey,Male,28,Indore,Madhya Pradesh,Central
CUST-04590,10,24908.6,5604.38,2023-04-01,2024-06-06,10,20,2490.86,22.5,209,641,1,4,4,144,At Risk,Dhruv Iyengar,Male,44,Delhi,Delhi,North
CUST-04591,11,26020.15,8969.31,2023-04-18,2024-12-27,11,14,2365.47,34.47,5,624,5,4,4,544,Champions,Atharv Dutta,Male,23,Guwahati,Assam,East
CUST-04592,6,8844.5,2940.4,2023-07-21,2024-07-05,6,8,1474.08,33.25,180,530,1,2,2,122,Lost Customers,Vihaan Patel,Male,28,Chennai,Tamil Nadu,South
CUST-04593,12,20304.0,7752.18,2022-07-05,2024-11-01,12,19,1692.0,38.18,61,911,3,4,3,343,Loyal Customers,Deepak Tripathi,Male,39,Delhi,Delhi,North
CUST-04594,10,63644.0,5247.2,2023-11-17,2024-10-27,10,15,6364.4,8.24,66,411,3,4,5,345,Loyal Customers,Nandini Mishra,Female,18,Hyderabad,Telangana,South
CUST-04595,18,83103.6,19172.01,2022-04-26,2024-11-10,17,24,4616.87,23.07,52,981,3,5,5,355,Loyal Customers,Sneha Bhatia,Female,39,Kochi,Kerala,South
CUST-04596,3,2423.3,652.0899999999999,2023-04-29,2024-10-20,3,3,807.77,26.91,73,613,3,1,1,311,Regular Customers,Khushi Patel,Female,36,Hyderabad,Telangana,South
CUST-04597,24,50104.55,11803.53,2022-04-03,2024-12-25,22,34,2087.69,23.56,7,1004,5,5,5,555,Champions,Reyansh Chatterjee,Male,37,Mumbai,Maharashtra,West
CUST-04598,3,4287.4,1022.77,2023-09-21,2024-10-07,3,3,1429.13,23.86,86,468,2,1,1,211,Lost Customers,Reyansh Sharma,Male,36,Indore,Madhya Pradesh,Central
CUST-04599,14,19213.4,4703.08,2022-06-22,2024-12-16,14,18,1372.39,24.48,16,924,5,4,3,543,Loyal Customers,Vihaan Mehta,Male,22,Ahmedabad,Gujarat,West
CUST-04600,6,12281.4,3197.67,2022-05-12,2024-11-28,6,8,2046.9,26.04,34,965,4,2,2,422,Potential Loyalists,Rajesh Gupta,Other,18,Kolkata,West Bengal,East
CUST-04601,13,48706.35,18050.260000000002,2023-01-04,2024-10-21,13,25,3746.64,37.06,72,728,3,4,5,345,Loyal Customers,Vihaan Pillai,Male,51,Delhi,Delhi,North
CUST-04602,2,1192.05,318.49,2024-05-16,2024-06-04,2,2,596.02,26.72,211,230,1,1,1,111,Lost Customers,Saanvi Das,Female,57,Chandigarh,Punjab,North
CUST-04603,7,5532.85,1689.55,2022-11-27,2024-05-11,7,7,790.41,30.54,235,766,1,3,1,131,Regular Customers,Dhruv Rao,Male,47,Chennai,Tamil Nadu,South
CUST-04604,18,20382.35,5870.56,2023-09-10,2024-12-05,18,20,1132.35,28.8,27,479,4,5,3,453,Loyal Customers,Neha Banerjee,Female,25,Indore,Madhya Pradesh,Central
CUST-04605,29,50805.0,14219.78,2023-10-09,2024-12-31,28,46,1751.9,27.99,1,450,5,5,5,555,Champions,Priyanka Verma,Female,18,Hyderabad,Telangana,South
CUST-04606,4,6625.5,3203.94,2023-01-18,2024-10-13,4,5,1656.38,48.36,80,714,2,1,1,211,Lost Customers,Sneha Reddy,Female,37,Jaipur,Rajasthan,North
CUST-04607,17,47761.45,17268.71,2023-02-27,2024-12-17,17,23,2809.5,36.16,15,674,5,5,5,555,Champions,Deepak Iyer,Male,34,Bengaluru,Karnataka,South
CUST-04608,20,97438.15,25742.82,2023-05-18,2024-12-22,20,26,4871.91,26.42,10,594,5,5,5,555,Champions,Nikhil Malhotra,Male,29,Chandigarh,Punjab,North
CUST-04609,20,50368.25,17588.92,2022-12-24,2024-09-22,20,31,2518.41,34.92,101,739,2,5,5,255,At Risk,Neha Tripathi,Female,25,Pune,Maharashtra,West
CUST-04610,1,310.65,55.17,2024-08-10,2024-08-10,1,3,310.65,17.76,144,144,2,1,1,211,Lost Customers,Rajesh Iyer,Male,23,Delhi,Delhi,North
CUST-04611,9,12593.95,3206.32,2022-05-17,2024-11-05,9,10,1399.33,25.46,57,960,3,3,2,332,Regular Customers,Rahul Choudhury,Male,45,Patna,Bihar,East
CUST-04612,3,10153.05,4200.07,2022-06-22,2024-10-18,3,3,3384.35,41.37,75,924,3,1,2,312,Regular Customers,Anjali Gupta,Female,31,Lucknow,Uttar Pradesh,North
CUST-04613,9,80144.35,19944.94,2022-04-07,2024-11-16,9,15,8904.93,24.89,46,1000,4,3,5,435,Loyal Customers,Siddharth Das,Male,20,Kochi,Kerala,South
CUST-04614,12,68693.4,14419.76,2022-05-11,2024-11-28,12,20,5724.45,20.99,34,966,4,4,5,445,Champions,Anand Reddy,Male,43,Indore,Madhya Pradesh,Central
CUST-04615,2,1327.65,677.05,2024-07-20,2024-11-25,2,2,663.82,51.0,37,165,4,1,1,411,New Customers,Rahul Verma,Male,29,Jaipur,Rajasthan,North
CUST-04616,6,28780.4,6543.19,2023-07-20,2023-10-27,6,8,4796.73,22.73,432,531,1,2,4,124,Lost Customers,Nikhil Das,Male,40,Hyderabad,Telangana,South
CUST-04617,14,36665.65,6154.900000000001,2022-01-15,2024-12-03,14,14,2618.98,16.79,29,1082,4,4,4,444,Champions,Prisha Malhotra,Female,35,Bhopal,Madhya Pradesh,Central
CUST-04618,15,26871.8,11673.62,2022-05-07,2024-12-23,15,23,1791.45,43.44,9,970,5,4,4,544,Champions,Suresh Yadav,Male,41,Chennai,Tamil Nadu,South
CUST-04619,5,16442.7,-26.700000000000045,2023-11-08,2023-11-25,5,8,3288.54,-0.16,403,420,1,2,3,123,Lost Customers,Riya Gupta,Female,43,Mumbai,Maharashtra,West
CUST-04620,9,14241.5,5434.08,2024-03-07,2024-07-14,9,11,1582.39,38.16,171,300,1,3,3,133,At Risk,Krishna Das,Male,18,Ahmedabad,Gujarat,West
CUST-04621,7,18737.95,9455.710000000001,2022-05-01,2024-10-28,7,9,2676.85,50.46,65,976,3,3,3,333,Loyal Customers,Pallavi Chatterjee,Female,21,Chennai,Tamil Nadu,South
CUST-04622,8,10596.7,3620.42,2023-11-26,2024-11-22,8,10,1324.59,34.17,40,402,4,3,2,432,Potential Loyalists,Vihaan Das,Male,35,Kolkata,West Bengal,East
CUST-04623,28,73551.75,16152.61,2022-08-25,2024-12-29,27,36,2626.85,21.96,3,860,5,5,5,555,Champions,Nandini Menon,Female,32,Bhubaneswar,Odisha,East
CUST-04624,5,17502.75,6381.02,2024-05-19,2024-06-10,5,8,3500.55,36.46,205,227,1,2,3,123,Lost Customers,Vivaan Joshi,Male,33,Chandigarh,Punjab,North
CUST-04625,21,51570.15,12315.02,2022-01-02,2024-11-23,21,31,2455.72,23.88,39,1095,4,5,5,455,Champions,Vihaan Kaur,Male,20,Chennai,Tamil Nadu,South
CUST-04626,11,32186.75,8234.85,2023-09-16,2024-10-23,11,20,2926.07,25.58,70,473,3,4,4,344,Loyal Customers,Aditya Mehta,Male,41,Delhi,Delhi,North
CUST-04627,13,25771.1,8645.810000000001,2022-06-17,2024-11-22,12,14,1982.39,33.55,40,929,4,4,4,444,Champions,Aarav Nair,Male,29,Lucknow,Uttar Pradesh,North
CUST-04628,10,25791.6,6523.03,2022-02-02,2024-10-29,10,18,2579.16,25.29,64,1064,3,4,4,344,Loyal Customers,Vivaan Joshi,Male,30,Ahmedabad,Gujarat,West
CUST-04629,14,13752.35,5386.77,2024-04-20,2024-11-02,14,17,982.31,39.17,60,256,3,4,2,342,Regular Customers,Gaurav Kaur,Male,39,Mumbai,Maharashtra,West
CUST-04630,12,10684.05,4860.43,2023-07-04,2024-11-20,12,14,890.34,45.49,42,547,4,4,2,442,Regular Customers,Isha Das,Female,18,Kolkata,West Bengal,East
CUST-04631,9,10175.55,3226.42,2022-02-03,2024-06-25,9,14,1130.62,31.71,190,1063,1,3,2,132,Regular Customers,Varun Malhotra,Male,26,Hyderabad,Telangana,South
CUST-04632,8,18012.15,7416.2300000000005,2024-05-26,2024-08-03,8,12,2251.52,41.17,151,220,2,3,3,233,At Risk,Ananya Dutta,Female,30,Chennai,Tamil Nadu,South
CUST-04633,13,10351.0,4984.69,2023-01-31,2024-11-27,13,13,796.23,48.16,35,701,4,4,2,442,Regular Customers,Rohan Iyer,Male,29,Mumbai,Maharashtra,West
CUST-04634,18,40771.700000000004,11357.45,2023-12-14,2024-12-25,18,21,2265.09,27.86,7,384,5,5,5,555,Champions,Prisha Sharma,Female,27,Delhi,Delhi,North
CUST-04635,7,19484.7,8093.09,2024-01-22,2024-12-01,7,8,2783.53,41.54,31,345,4,3,3,433,Loyal Customers,Navya Singh,Female,20,Ahmedabad,Gujarat,West
CUST-04636,2,975.65,442.71,2023-07-16,2024-09-23,2,3,487.82,45.38,100,535,2,1,1,211,Lost Customers,Rahul Verma,Male,25,Hyderabad,Telangana,South
CUST-04637,7,35353.4,10816.619999999999,2022-09-12,2024-11-14,7,15,5050.49,30.6,48,842,3,3,4,334,Loyal Customers,Shreya Pillai,Female,18,Pune,Maharashtra,West
CUST-04638,9,19569.25,7572.93,2023-01-08,2024-08-16,9,15,2174.36,38.7,138,724,2,3,3,233,At Risk,Kavya Tripathi,Female,32,Mumbai,Maharashtra,West
CUST-04639,27,50519.7,18918.37,2022-05-17,2024-12-22,26,39,1871.1,37.45,10,960,5,5,5,555,Champions,Amit Agarwal,Male,44,Bhubaneswar,Odisha,East
CUST-04640,6,4113.35,1361.0,2022-01-22,2024-10-08,6,6,685.56,33.09,85,1075,2,2,1,221,Lost Customers,Pranav Bhatia,Male,34,Chennai,Tamil Nadu,South
CUST-04641,11,22136.55,6863.13,2022-04-12,2024-11-09,11,18,2012.41,31.0,53,995,3,4,3,343,Loyal Customers,Aadhya Banerjee,Female,37,Chandigarh,Punjab,North
CUST-04642,1,449.0,98.25,2024-01-30,2024-01-30,1,1,449.0,21.88,337,337,1,1,1,111,Lost Customers,Riya Kaur,Female,26,Mumbai,Maharashtra,West
CUST-04643,22,108467.0,33860.34,2022-02-10,2024-11-25,22,38,4930.32,31.22,37,1056,4,5,5,455,Champions,Krishna Iyer,Male,38,Coimbatore,Tamil Nadu,South
CUST-04644,9,30454.8,2638.95,2024-04-09,2024-09-03,9,20,3383.87,8.67,120,267,2,3,4,234,At Risk,Rajesh Saxena,Male,43,Ahmedabad,Gujarat,West
CUST-04645,4,6725.25,3952.96,2022-05-07,2024-04-10,3,8,1681.31,58.78,266,970,1,1,1,111,Lost Customers,Anjali Verma,Female,33,Ahmedabad,Gujarat,West
CUST-04646,7,6552.15,2992.69,2023-03-25,2024-05-20,7,11,936.02,45.67,226,648,1,3,1,131,Regular Customers,Ishaan Bhatia,Male,27,Bengaluru,Karnataka,South
CUST-04647,4,3573.4,1744.3000000000002,2022-04-28,2024-08-04,4,4,893.35,48.81,150,979,2,1,1,211,Lost Customers,Aanya Iyengar,Female,45,Hyderabad,Telangana,South
CUST-04648,6,38841.0,7439.04,2024-04-19,2024-09-01,6,6,6473.5,19.15,122,257,2,2,4,224,Lost Customers,Rajesh Shah,Male,31,Visakhapatnam,Andhra Pradesh,South
CUST-04649,8,6341.3,1770.42,2022-02-09,2024-07-09,8,13,792.66,27.92,176,1057,1,3,1,131,Regular Customers,Khushi Tripathi,Female,22,Kochi,Kerala,South
CUST-04650,12,23199.1,3568.4900000000002,2023-09-12,2024-11-13,12,16,1933.26,15.38,49,477,3,4,4,344,Loyal Customers,Isha Yadav,Female,22,Visakhapatnam,Andhra Pradesh,South
CUST-04651,10,8781.25,3471.98,2023-09-03,2024-12-05,10,10,878.12,39.54,27,486,4,4,2,442,Regular Customers,Gauri Kaur,Female,51,Guwahati,Assam,East
CUST-04652,7,11559.8,4616.54,2022-04-14,2024-06-25,7,12,1651.4,39.94,190,993,1,3,2,132,Regular Customers,Gauri Malhotra,Female,25,Indore,Madhya Pradesh,Central
CUST-04653,17,31718.15,12090.45,2024-01-16,2024-12-18,16,22,1865.77,38.12,14,351,5,5,4,554,Champions,Divya Singh,Female,36,Patna,Bihar,East
CUST-04654,18,80145.1,20367.07,2022-01-22,2024-09-20,18,26,4452.51,25.41,103,1075,2,5,5,255,At Risk,Aadhya Bhatia,Female,25,Delhi,Delhi,North
CUST-04655,5,13787.8,3468.4300000000003,2023-05-29,2024-12-13,5,5,2757.56,25.16,19,583,5,2,3,523,Potential Loyalists,Arjun Yadav,Male,20,Ahmedabad,Gujarat,West
CUST-04656,5,5814.299999999999,2267.89,2022-02-14,2024-04-11,5,6,1162.86,39.01,265,1052,1,2,1,121,Lost Customers,Aditya Banerjee,Male,41,Hyderabad,Telangana,South
CUST-04657,17,31175.3,14195.3,2023-01-28,2024-12-30,17,26,1833.84,45.53,2,704,5,5,4,554,Champions,Nikhil Pillai,Male,18,Kolkata,West Bengal,East
CUST-04658,5,9864.150000000001,3654.21,2023-04-16,2024-06-14,5,5,1972.83,37.05,201,626,1,2,2,122,Lost Customers,Siddharth Shah,Male,49,Delhi,Delhi,North
CUST-04659,12,14123.35,4914.0599999999995,2022-10-25,2024-12-15,12,16,1176.95,34.79,17,799,5,4,3,543,Loyal Customers,Kabir Verma,Male,36,Bhopal,Madhya Pradesh,Central
CUST-04660,5,52308.75,11245.41,2023-09-13,2024-08-25,5,7,10461.75,21.5,129,476,2,2,5,225,Lost Customers,Aarav Mehta,Male,18,Mumbai,Maharashtra,West
CUST-04661,18,23304.05,6815.81,2023-02-25,2024-11-08,17,26,1294.67,29.25,54,676,3,5,4,354,Loyal Customers,Neha Pandey,Female,35,Lucknow,Uttar Pradesh,North
CUST-04662,29,56055.65,23015.92,2024-06-14,2024-12-17,29,44,1932.95,41.06,15,201,5,5,5,555,Champions,Arjun Iyer,Male,31,Bengaluru,Karnataka,South
CUST-04663,16,37927.35,11686.55,2023-04-14,2024-09-17,15,22,2370.46,30.81,106,628,2,5,4,254,At Risk,Pooja Tripathi,Female,38,Kolkata,West Bengal,East
CUST-04664,6,6411.0,1449.6399999999999,2022-03-02,2024-11-03,6,8,1068.5,22.61,59,1036,3,2,1,321,Regular Customers,Nikhil Singh,Male,26,Jaipur,Rajasthan,North
CUST-04665,13,20670.4,6474.42,2023-10-26,2024-11-06,11,23,1590.03,31.32,56,433,3,4,3,343,Loyal Customers,Amit Joshi,Male,18,Pune,Maharashtra,West
CUST-04666,6,27852.55,6922.99,2022-10-18,2024-11-29,6,7,4642.09,24.86,33,806,4,2,4,424,Potential Loyalists,Prisha Mukherjee,Female,33,Mumbai,Maharashtra,West
CUST-04667,14,27332.0,8148.08,2022-06-07,2024-11-24,14,19,1952.29,29.81,38,939,4,4,4,444,Champions,Vikram Gupta,Male,24,Hyderabad,Telangana,South
CUST-04668,5,11043.849999999999,3632.5699999999997,2022-07-30,2024-04-10,5,10,2208.77,32.89,266,886,1,2,2,122,Lost Customers,Aanya Rao,Female,23,Coimbatore,Tamil Nadu,South
CUST-04669,8,46008.5,7981.52,2022-12-14,2024-10-17,8,11,5751.06,17.35,76,749,2,3,5,235,At Risk,Rohan Singh,Male,56,Kolkata,West Bengal,East
CUST-04670,15,29178.350000000002,8366.07,2022-11-07,2024-12-26,15,23,1945.22,28.67,6,786,5,4,4,544,Champions,Vikram Mukherjee,Male,40,Delhi,Delhi,North
CUST-04671,3,1524.4,523.8,2023-11-19,2023-12-10,3,6,508.13,34.36,388,409,1,1,1,111,Lost Customers,Gaurav Iyer,Male,47,Indore,Madhya Pradesh,Central
CUST-04672,9,47919.0,11589.98,2024-04-30,2024-12-03,9,14,5324.33,24.19,29,246,4,3,5,435,Loyal Customers,Nikhil Yadav,Male,28,Mumbai,Maharashtra,West
CUST-04673,11,39962.8,1939.9300000000003,2024-05-25,2024-12-05,11,12,3632.98,4.85,27,221,4,4,5,445,Champions,Pallavi Kaur,Female,45,Mumbai,Maharashtra,West
CUST-04674,3,8148.4,2485.68,2024-01-13,2024-09-25,3,5,2716.13,30.51,98,354,2,1,2,212,Lost Customers,Anita Banerjee,Female,34,Pune,Maharashtra,West
CUST-04675,27,127620.75,28628.78,2023-10-01,2024-12-17,26,45,4726.69,22.43,15,458,5,5,5,555,Champions,Aadhya Das,Female,30,Chennai,Tamil Nadu,South
CUST-04676,15,24308.65,7583.54,2024-06-16,2024-10-15,15,16,1620.58,31.2,78,199,2,4,4,244,At Risk,Anjali Iyengar,Female,29,Surat,Gujarat,West
CUST-04677,27,63385.25,13424.5,2022-07-22,2024-11-29,27,44,2347.6,21.18,33,894,4,5,5,455,Champions,Krishna Singh,Other,44,Coimbatore,Tamil Nadu,South
CUST-04678,5,7011.55,3173.44,2024-05-04,2024-10-12,5,6,1402.31,45.26,81,242,2,2,1,221,Lost Customers,Gaurav Joshi,Male,27,Ahmedabad,Gujarat,West
CUST-04679,18,28531.45,9553.75,2022-11-05,2024-11-23,18,27,1585.08,33.48,39,788,4,5,4,454,Champions,Meera Agarwal,Female,22,Chennai,Tamil Nadu,South
CUST-04680,14,59553.35,17830.51,2022-12-24,2024-11-15,14,18,4253.81,29.94,47,739,3,4,5,345,Loyal Customers,Suresh Mehta,Male,32,Pune,Maharashtra,West
CUST-04681,10,12620.3,3053.47,2023-02-23,2024-10-25,10,13,1262.03,24.19,68,678,3,4,2,342,Regular Customers,Reyansh Pandey,Male,18,Nagpur,Maharashtra,West
CUST-04682,14,60345.0,19582.4,2022-07-02,2024-11-20,14,18,4310.36,32.45,42,914,4,4,5,445,Champions,Kabir Shah,Male,61,Delhi,Delhi,North
CUST-04683,19,64119.100000000006,19355.56,2022-06-24,2024-10-21,19,30,3374.69,30.19,72,922,3,5,5,355,Loyal Customers,Swati Kaur,Female,41,Bengaluru,Karnataka,South
CUST-04684,11,62473.9,14684.650000000001,2022-07-14,2024-10-19,11,17,5679.45,23.51,74,902,3,4,5,345,Loyal Customers,Pranav Mishra,Male,25,Kolkata,West Bengal,East
CUST-04685,15,25673.4,9401.81,2022-02-09,2024-11-30,15,19,1711.56,36.62,32,1057,4,4,4,444,Champions,Deepak Joshi,Male,40,Surat,Gujarat,West
CUST-04686,12,122578.75,16109.42,2024-01-24,2024-12-02,12,16,10214.9,13.14,30,343,4,4,5,445,Champions,Navya Das,Female,47,Delhi,Delhi,North
CUST-04687,14,37387.6,14791.83,2023-08-12,2024-12-01,14,25,2670.54,39.56,31,508,4,4,4,444,Champions,Gauri Mishra,Female,48,Kochi,Kerala,South
CUST-04688,16,19141.65,7262.17,2022-08-27,2024-10-25,15,23,1196.35,37.94,68,858,3,5,3,353,Loyal Customers,Diya Malhotra,Female,45,Chennai,Tamil Nadu,South
CUST-04689,8,34991.8,-671.3600000000001,2022-11-23,2024-12-30,8,9,4373.98,-1.92,2,770,5,3,4,534,Loyal Customers,Gauri Mukherjee,Female,23,Ahmedabad,Gujarat,West
CUST-04690,6,15592.7,6651.18,2023-10-16,2024-06-08,6,9,2598.78,42.66,207,443,1,2,3,123,Lost Customers,Manish Mishra,Male,26,Mumbai,Maharashtra,West
CUST-04691,17,52048.5,18407.02,2022-07-21,2024-11-24,17,24,3061.68,35.37,38,895,4,5,5,455,Champions,Dhruv Iyer,Male,18,Chandigarh,Punjab,North
CUST-04692,3,4571.4,2026.43,2023-10-19,2024-05-19,3,5,1523.8,44.33,227,440,1,1,1,111,Lost Customers,Rohan Chatterjee,Male,46,Kolkata,West Bengal,East
CUST-04693,4,27430.649999999998,6568.93,2022-06-24,2024-04-22,4,4,6857.66,23.95,254,922,1,1,4,114,Lost Customers,Ramesh Gupta,Male,18,Nagpur,Maharashtra,West
CUST-04694,17,50606.45,20419.16,2024-02-06,2024-09-10,16,27,2976.85,40.35,113,330,2,5,5,255,At Risk,Pari Pandey,Female,47,Patna,Bihar,East
CUST-04695,16,44683.75,10018.97,2022-04-17,2024-11-30,16,21,2792.73,22.42,32,990,4,5,5,455,Champions,Saanvi Gupta,Female,51,Chandigarh,Punjab,North
CUST-04696,6,16733.4,5716.41,2023-10-16,2024-11-15,6,9,2788.9,34.16,47,443,3,2,3,323,Regular Customers,Kavya Agarwal,Female,18,Bhubaneswar,Odisha,East
CUST-04697,3,5034.1,2171.41,2022-11-30,2024-12-17,3,4,1678.03,43.13,15,763,5,1,1,511,New Customers,Anjali Banerjee,Female,38,Lucknow,Uttar Pradesh,North
CUST-04698,6,6049.4,2372.33,2023-07-02,2023-12-20,6,8,1008.23,39.22,378,549,1,2,1,121,Lost Customers,Kabir Mehta,Male,42,Bhopal,Madhya Pradesh,Central
CUST-04699,10,18941.4,5507.95,2023-10-16,2024-12-04,10,14,1894.14,29.08,28,443,4,4,3,443,Loyal Customers,Prisha Singh,Female,39,Hyderabad,Telangana,South
CUST-04700,7,7674.2,4076.4600000000005,2023-03-05,2024-12-09,7,10,1096.31,53.12,23,668,5,3,2,532,Potential Loyalists,Rahul Pillai,Other,19,Kolkata,West Bengal,East
CUST-04701,5,5365.15,1219.23,2022-09-02,2023-05-28,5,9,1073.03,22.72,584,852,1,2,1,121,Lost Customers,Arjun Saxena,Male,49,Mumbai,Maharashtra,West
CUST-04702,10,8865.75,2299.45,2022-03-27,2024-11-09,10,15,886.58,25.94,53,1011,3,4,2,342,Regular Customers,Anita Verma,Female,19,Surat,Gujarat,West
CUST-04703,7,13166.55,2751.29,2024-01-30,2024-11-15,6,9,1880.94,20.9,47,337,3,3,2,332,Regular Customers,Kavya Malhotra,Female,23,Mumbai,Maharashtra,West
CUST-04704,26,42363.7,16228.73,2022-01-21,2024-11-17,26,29,1629.37,38.31,45,1076,4,5,5,455,Champions,Arjun Mishra,Male,38,Kochi,Kerala,South
CUST-04705,1,210.0,27.69,2022-08-04,2022-08-04,1,3,210.0,13.19,881,881,1,1,1,111,Lost Customers,Rajesh Pillai,Male,41,Pune,Maharashtra,West
CUST-04706,6,38428.85,8078.17,2022-07-24,2024-11-09,6,10,6404.81,21.02,53,892,3,2,4,324,Regular Customers,Swati Banerjee,Female,24,Chandigarh,Punjab,North
CUST-04707,10,24672.8,8254.08,2022-07-25,2024-07-26,10,17,2467.28,33.45,159,891,2,4,4,244,At Risk,Shaurya Mukherjee,Male,30,Pune,Maharashtra,West
CUST-04708,16,25774.449999999997,9935.76,2022-04-22,2024-11-13,16,20,1610.9,38.55,49,985,3,5,4,354,Loyal Customers,Isha Patel,Female,36,Delhi,Delhi,North
CUST-04709,18,71835.05,23289.39,2022-10-31,2024-11-19,18,28,3990.84,32.42,43,793,4,5,5,455,Champions,Priyanka Choudhury,Female,25,Surat,Gujarat,West
CUST-04710,1,521.1,276.76,2023-08-21,2023-08-21,1,1,521.1,53.11,499,499,1,1,1,111,Lost Customers,Navya Pandey,Female,32,Lucknow,Uttar Pradesh,North
CUST-04711,16,32834.45,13003.720000000001,2022-10-18,2024-11-24,16,22,2052.15,39.6,38,806,4,5,4,454,Champions,Anjali Banerjee,Female,30,Mumbai,Maharashtra,West
CUST-04712,4,6907.4,2924.83,2023-03-11,2024-11-27,4,5,1726.85,42.34,35,662,4,1,1,411,New Customers,Diya Mishra,Female,18,Hyderabad,Telangana,South
CUST-04713,8,12879.85,4835.61,2022-01-02,2024-11-23,8,10,1609.98,37.54,39,1095,4,3,2,432,Potential Loyalists,Ramesh Sharma,Male,29,Pune,Maharashtra,West
CUST-04714,10,20924.899999999998,8833.28,2022-07-16,2024-10-16,10,16,2092.49,42.21,77,900,2,4,3,243,At Risk,Anand Mukherjee,Male,45,Ahmedabad,Gujarat,West
CUST-04715,13,20093.65,7019.39,2022-10-14,2024-12-22,12,19,1545.67,34.93,10,810,5,4,3,543,Loyal Customers,Vihaan Malhotra,Male,57,Coimbatore,Tamil Nadu,South
CUST-04716,13,20311.8,6982.28,2023-08-05,2024-11-10,13,18,1562.45,34.38,52,515,3,4,3,343,Loyal Customers,Ayaan Patel,Male,31,Indore,Madhya Pradesh,Central
CUST-04717,7,4521.2,2048.89,2023-04-24,2024-12-11,7,11,645.89,45.32,21,618,5,3,1,531,Potential Loyalists,Nandini Saxena,Female,31,Bengaluru,Karnataka,South
CUST-04718,4,78688.40000000001,13265.039999999999,2023-06-28,2024-09-14,4,8,19672.1,16.86,109,553,2,1,5,215,Lost Customers,Saanvi Patel,Female,40,Mumbai,Maharashtra,West
CUST-04719,10,19112.899999999998,5829.59,2023-03-22,2024-11-13,10,14,1911.29,30.5,49,651,3,4,3,343,Loyal Customers,Gaurav Mukherjee,Male,31,Hyderabad,Telangana,South
CUST-04720,1,1058.0,473.14,2023-03-14,2023-03-14,1,2,1058.0,44.72,659,659,1,1,1,111,Lost Customers,Ayaan Malhotra,Male,32,Ahmedabad,Gujarat,West
CUST-04721,11,29279.9,10742.59,2022-11-06,2024-11-27,11,16,2661.81,36.69,35,787,4,4,4,444,Champions,Riya Menon,Female,26,Jaipur,Rajasthan,North
CUST-04722,10,15740.300000000001,5180.63,2024-06-15,2024-10-10,10,11,1574.03,32.91,83,200,2,4,3,243,At Risk,Pari Yadav,Female,32,Lucknow,Uttar Pradesh,North
CUST-04723,4,9667.2,3107.83,2022-07-13,2024-12-19,4,5,2416.8,32.15,13,903,5,1,2,512,New Customers,Saanvi Chatterjee,Female,35,Bengaluru,Karnataka,South
CUST-04724,9,8308.1,3062.53,2023-06-24,2024-12-21,9,10,923.12,36.86,11,557,5,3,2,532,Potential Loyalists,Rajesh Iyer,Male,31,Patna,Bihar,East
CUST-04725,7,9013.5,3714.18,2023-09-07,2024-12-12,7,14,1287.64,41.21,20,482,5,3,2,532,Potential Loyalists,Pooja Reddy,Female,19,Bengaluru,Karnataka,South
CUST-04726,15,58691.6,15405.35,2023-03-11,2024-08-04,15,24,3912.77,26.25,150,662,2,4,5,245,At Risk,Amit Mukherjee,Male,40,Coimbatore,Tamil Nadu,South
CUST-04727,4,3207.55,1381.03,2023-02-23,2024-12-08,4,4,801.89,43.06,24,678,5,1,1,511,New Customers,Ramesh Mehta,Male,26,Bhopal,Madhya Pradesh,Central
CUST-04728,5,8541.949999999999,1307.23,2023-02-25,2024-11-20,5,7,1708.39,15.3,42,676,4,2,2,422,Potential Loyalists,Aadhya Mukherjee,Female,42,Chennai,Tamil Nadu,South
CUST-04729,6,33411.95,7225.9800000000005,2022-09-10,2024-02-08,6,11,5568.66,21.63,328,844,1,2,4,124,Lost Customers,Dhruv Mehta,Male,34,Lucknow,Uttar Pradesh,North
CUST-04730,13,25043.05,6250.82,2022-05-26,2024-12-21,13,16,1926.39,24.96,11,951,5,4,4,544,Champions,Pari Shah,Female,48,Delhi,Delhi,North
CUST-04731,14,21005.75,6510.13,2023-03-02,2024-10-20,14,20,1500.41,30.99,73,671,3,4,3,343,Loyal Customers,Nandini Patel,Female,42,Bengaluru,Karnataka,South
CUST-04732,6,6790.05,3305.25,2024-03-11,2024-10-29,6,11,1131.68,48.68,64,296,3,2,1,321,Regular Customers,Rahul Sharma,Male,23,Bengaluru,Karnataka,South
CUST-04733,9,107936.5,18030.11,2023-07-23,2024-08-03,9,10,11992.94,16.7,151,528,2,3,5,235,At Risk,Shreya Gupta,Female,44,Bengaluru,Karnataka,South
CUST-04734,7,6078.1,2079.55,2024-03-24,2024-12-07,7,7,868.3,34.21,25,283,5,3,1,531,Potential Loyalists,Saanvi Nair,Female,34,Indore,Madhya Pradesh,Central
CUST-04735,7,16201.5,5172.05,2023-10-09,2024-06-06,7,12,2314.5,31.92,209,450,1,3,3,133,At Risk,Dhruv Sharma,Male,28,Hyderabad,Telangana,South
CUST-04736,7,38911.3,11079.76,2023-05-22,2024-10-20,7,13,5558.76,28.47,73,590,3,3,4,334,Loyal Customers,Rohan Agarwal,Male,18,Lucknow,Uttar Pradesh,North
CUST-04737,4,6970.250000000001,3264.27,2022-04-15,2024-08-22,4,5,1742.56,46.83,132,992,2,1,1,211,Lost Customers,Krishna Rao,Male,36,Pune,Maharashtra,West
CUST-04738,7,38474.2,10431.880000000001,2023-09-09,2024-10-07,7,13,5496.31,27.11,86,480,2,3,4,234,At Risk,Pallavi Shah,Female,34,Mumbai,Maharashtra,West
CUST-04739,12,15532.65,4380.55,2024-04-15,2024-11-29,12,18,1294.39,28.2,33,261,4,4,3,443,Loyal Customers,Isha Yadav,Female,41,Visakhapatnam,Andhra Pradesh,South
CUST-04740,16,40009.6,14170.46,2022-04-10,2024-10-19,16,24,2500.6,35.42,74,997,3,5,5,355,Loyal Customers,Neha Iyengar,Female,18,Chandigarh,Punjab,North
CUST-04741,16,18597.050000000003,6800.4,2022-01-16,2024-12-13,16,20,1162.32,36.57,19,1081,5,5,3,553,Loyal Customers,Dhruv Rao,Male,33,Ahmedabad,Gujarat,West
CUST-04742,12,22515.55,8116.96,2022-01-25,2024-03-21,11,19,1876.3,36.05,286,1072,1,4,3,143,At Risk,Aditya Das,Male,19,Hyderabad,Telangana,South
CUST-04743,3,2973.95,1010.99,2023-10-22,2024-10-01,3,3,991.32,33.99,92,437,2,1,1,211,Lost Customers,Deepak Chatterjee,Male,26,Hyderabad,Telangana,South
CUST-04744,8,27592.35,6527.8099999999995,2022-06-14,2024-12-01,8,17,3449.04,23.66,31,932,4,3,4,434,Loyal Customers,Pooja Agarwal,Female,18,Bengaluru,Karnataka,South
CUST-04745,9,17181.0,6075.0,2023-06-16,2024-11-30,9,14,1909.0,35.36,32,565,4,3,3,433,Loyal Customers,Ishaan Bhatia,Other,18,Kolkata,West Bengal,East
CUST-04746,8,10507.4,4499.650000000001,2022-04-16,2024-12-30,8,14,1313.42,42.82,2,991,5,3,2,532,Potential Loyalists,Pallavi Saxena,Female,33,Mumbai,Maharashtra,West
CUST-04747,3,735.25,292.74,2022-06-20,2023-12-22,3,3,245.08,39.82,376,926,1,1,1,111,Lost Customers,Diya Iyengar,Female,19,Kochi,Kerala,South
CUST-04748,11,21313.15,7918.28,2022-01-28,2024-12-02,10,14,1937.56,37.15,30,1069,4,4,3,443,Loyal Customers,Aditya Mukherjee,Male,35,Bengaluru,Karnataka,South
CUST-04749,12,20096.25,5342.32,2022-03-10,2024-08-07,12,18,1674.69,26.58,147,1028,2,4,3,243,At Risk,Anita Mishra,Female,41,Ahmedabad,Gujarat,West
CUST-04750,5,30491.2,7791.74,2022-05-22,2024-05-17,5,8,6098.24,25.55,229,955,1,2,4,124,Lost Customers,Sneha Pillai,Female,35,Kochi,Kerala,South
CUST-04751,12,32309.5,9553.9,2024-05-20,2024-12-20,12,19,2692.46,29.57,12,226,5,4,4,544,Champions,Kunal Mehta,Male,39,Mumbai,Maharashtra,West
CUST-04752,5,14717.75,5739.0,2023-02-05,2024-08-01,5,9,2943.55,38.99,153,696,2,2,3,223,Lost Customers,Aditya Choudhury,Male,47,Mumbai,Maharashtra,West
CUST-04753,10,27305.05,13465.49,2024-01-12,2024-12-15,9,16,2730.5,49.32,17,355,5,4,4,544,Champions,Anita Saxena,Female,39,Delhi,Delhi,North
CUST-04754,11,49168.25,17495.76,2023-01-31,2024-10-26,11,18,4469.84,35.58,67,701,3,4,5,345,Loyal Customers,Riya Chatterjee,Female,33,Delhi,Delhi,North
CUST-04755,4,13433.1,4547.4,2023-04-10,2024-02-04,4,6,3358.28,33.85,332,632,1,1,2,112,Lost Customers,Ananya Chatterjee,Female,43,Kochi,Kerala,South
CUST-04756,21,24696.75,9050.56,2022-03-25,2024-10-24,20,28,1176.04,36.65,69,1013,3,5,4,354,Loyal Customers,Saanvi Reddy,Female,43,Mumbai,Maharashtra,West
CUST-04757,4,4564.5,1385.99,2022-11-11,2024-06-29,4,7,1141.12,30.36,186,782,1,1,1,111,Lost Customers,Amit Pandey,Male,32,Delhi,Delhi,North
CUST-04758,4,11518.2,4658.09,2023-04-02,2024-04-30,4,6,2879.55,40.44,246,640,1,1,2,112,Lost Customers,Nandini Verma,Female,54,Chennai,Tamil Nadu,South
CUST-04759,13,65564.2,17324.27,2022-02-15,2024-12-08,12,20,5043.4,26.42,24,1051,5,4,5,545,Champions,Vivaan Iyer,Male,28,Mumbai,Maharashtra,West
CUST-04760,11,107972.75,25467.820000000003,2024-06-04,2024-10-31,11,14,9815.7,23.59,62,211,3,4,5,345,Loyal Customers,Ayaan Yadav,Male,46,Patna,Bihar,East
CUST-04761,14,103260.05,22387.63,2022-09-11,2024-12-02,14,23,7375.72,21.68,30,843,4,4,5,445,Champions,Priyanka Mishra,Female,21,Surat,Gujarat,West
CUST-04762,13,63397.15,22961.739999999998,2022-05-06,2024-10-21,13,20,4876.7,36.22,72,971,3,4,5,345,Loyal Customers,Riya Saxena,Female,48,Patna,Bihar,East
CUST-04763,16,27503.6,9378.0,2024-05-28,2024-12-27,16,23,1718.98,34.1,5,218,5,5,4,554,Champions,Diya Singh,Female,28,Delhi,Delhi,North
CUST-04764,7,85477.1,19534.4,2022-10-13,2024-10-28,7,10,12211.01,22.85,65,811,3,3,5,335,Loyal Customers,Aditya Nair,Male,18,Indore,Madhya Pradesh,Central
CUST-04765,15,83888.75,19469.27,2023-10-05,2024-11-24,15,26,5592.58,23.21,38,454,4,4,5,445,Champions,Riya Iyengar,Female,30,Mumbai,Maharashtra,West
CUST-04766,12,81804.45000000001,20874.63,2024-01-19,2024-11-30,12,17,6817.04,25.52,32,348,4,4,5,445,Champions,Dhruv Chatterjee,Male,52,Hyderabad,Telangana,South
CUST-04767,25,41864.6,16876.09,2023-08-15,2024-11-25,23,34,1674.58,40.31,37,505,4,5,5,455,Champions,Pranav Iyengar,Male,34,Delhi,Delhi,North
CUST-04768,16,41065.6,7575.83,2024-05-27,2024-11-24,16,20,2566.6,18.45,38,219,4,5,5,455,Champions,Pooja Rao,Female,46,Lucknow,Uttar Pradesh,North
CUST-04769,13,19729.95,7892.76,2023-04-13,2024-10-19,13,16,1517.69,40.0,74,629,3,4,3,343,Loyal Customers,Deepa Dutta,Female,23,Jaipur,Rajasthan,North
CUST-04770,4,1832.1,673.41,2023-05-10,2024-05-21,4,6,458.02,36.76,225,602,1,1,1,111,Lost Customers,Pooja Agarwal,Female,33,Mumbai,Maharashtra,West
CUST-04772,18,45804.05,12267.57,2024-05-14,2024-11-30,17,28,2544.67,26.78,32,232,4,5,5,455,Champions,Gauri Gupta,Female,38,Ahmedabad,Gujarat,West
CUST-04773,12,14673.25,5823.01,2022-03-19,2024-12-31,12,20,1222.77,39.68,1,1019,5,4,3,543,Loyal Customers,Siddharth Joshi,Male,30,Chandigarh,Punjab,North
CUST-04774,6,3097.0,925.41,2023-02-10,2024-06-21,6,7,516.17,29.88,194,691,1,2,1,121,Lost Customers,Prisha Nair,Female,32,Jaipur,Rajasthan,North
CUST-04775,9,9219.95,2891.66,2023-10-01,2024-12-11,9,10,1024.44,31.36,21,458,5,3,2,532,Potential Loyalists,Saanvi Reddy,Female,32,Bengaluru,Karnataka,South
CUST-04776,14,48545.6,18982.55,2023-06-16,2024-12-04,14,26,3467.54,39.1,28,565,4,4,5,445,Champions,Aarav Mehta,Male,48,Mumbai,Maharashtra,West
CUST-04777,10,33595.3,8983.849999999999,2023-07-16,2024-11-19,10,13,3359.53,26.74,43,535,4,4,4,444,Champions,Nikhil Bhatia,Male,33,Delhi,Delhi,North
CUST-04778,13,169213.6,23420.8,2022-06-14,2024-12-05,13,26,13016.43,13.84,27,932,4,4,5,445,Champions,Anita Choudhury,Female,42,Delhi,Delhi,North
CUST-04779,5,21977.0,5853.51,2022-06-13,2024-06-16,5,12,4395.4,26.63,199,933,1,2,3,123,Lost Customers,Ishaan Nair,Male,33,Bengaluru,Karnataka,South
CUST-04780,9,11077.5,3253.06,2023-07-03,2024-11-23,9,15,1230.83,29.37,39,548,4,3,2,432,Potential Loyalists,Pranav Patel,Male,18,Chennai,Tamil Nadu,South
CUST-04781,5,24915.85,5609.82,2023-08-18,2024-12-19,5,7,4983.17,22.52,13,502,5,2,4,524,Potential Loyalists,Pari Menon,Female,44,Delhi,Delhi,North
CUST-04782,4,12541.25,5569.719999999999,2022-11-07,2024-09-12,4,4,3135.31,44.41,111,786,2,1,2,212,Lost Customers,Reyansh Menon,Male,35,Pune,Maharashtra,West
CUST-04783,30,69907.55,22366.18,2022-01-03,2024-12-25,30,38,2330.25,31.99,7,1094,5,5,5,555,Champions,Vivaan Patel,Male,45,Chandigarh,Punjab,North
CUST-04784,9,11621.9,4469.09,2022-09-18,2024-12-20,8,12,1291.32,38.45,12,836,5,3,2,532,Potential Loyalists,Pallavi Malhotra,Female,39,Hyderabad,Telangana,South
CUST-04785,24,154281.95,34137.72,2023-03-06,2024-12-14,24,40,6428.41,22.13,18,667,5,5,5,555,Champions,Atharv Menon,Male,22,Bengaluru,Karnataka,South
CUST-04786,13,27449.05,9705.74,2022-02-15,2024-10-06,13,20,2111.47,35.36,87,1051,2,4,4,244,At Risk,Gaurav Pillai,Male,34,Hyderabad,Telangana,South
CUST-04787,17,41338.15,15536.87,2023-11-17,2024-09-05,17,21,2431.66,37.58,118,411,2,5,5,255,At Risk,Atharv Pandey,Male,33,Ahmedabad,Gujarat,West
CUST-04788,2,3028.0,1840.83,2023-09-12,2023-09-30,2,2,1514.0,60.79,459,477,1,1,1,111,Lost Customers,Aanya Agarwal,Female,30,Jaipur,Rajasthan,North
CUST-04789,25,64291.65,20216.59,2022-10-01,2024-12-15,25,38,2571.67,31.45,17,823,5,5,5,555,Champions,Shaurya Mehta,Male,25,Patna,Bihar,East
CUST-04790,7,4977.05,1576.99,2023-03-20,2024-04-25,7,8,711.01,31.69,251,653,1,3,1,131,Regular Customers,Diya Sharma,Female,28,Delhi,Delhi,North
CUST-04791,6,19616.949999999997,3285.67,2022-07-23,2024-10-20,6,9,3269.49,16.75,73,893,3,2,3,323,Regular Customers,Deepak Chatterjee,Male,33,Bhopal,Madhya Pradesh,Central
CUST-04792,5,15315.1,6690.51,2023-12-27,2024-09-07,5,8,3063.02,43.69,116,371,2,2,3,223,Lost Customers,Amit Mehta,Male,37,Delhi,Delhi,North
CUST-04793,16,13771.3,5906.88,2022-11-20,2024-12-30,16,19,860.71,42.89,2,773,5,5,2,552,Regular Customers,Riya Nair,Female,45,Pune,Maharashtra,West
CUST-04794,7,10452.050000000001,4320.77,2024-07-01,2024-12-25,7,11,1493.15,41.34,7,184,5,3,2,532,Potential Loyalists,Riya Rao,Female,45,Chandigarh,Punjab,North
CUST-04795,15,16645.85,4948.099999999999,2023-11-25,2024-12-18,15,21,1109.72,29.73,14,403,5,4,3,543,Loyal Customers,Atharv Verma,Male,42,Bengaluru,Karnataka,South
CUST-04796,6,5498.2,1328.07,2023-09-28,2024-11-06,6,7,916.37,24.15,56,461,3,2,1,321,Regular Customers,Nandini Menon,Female,29,Lucknow,Uttar Pradesh,North
CUST-04797,10,15715.449999999999,6760.78,2024-02-02,2024-11-27,10,16,1571.54,43.02,35,334,4,4,3,443,Loyal Customers,Amit Verma,Other,18,Patna,Bihar,East
CUST-04798,22,32121.55,10282.41,2022-06-25,2024-12-06,22,27,1460.07,32.01,26,921,4,5,4,454,Champions,Priyanka Iyengar,Female,18,Chandigarh,Punjab,North
CUST-04799,2,34898.1,5666.81,2023-05-02,2024-04-07,2,7,17449.05,16.24,269,610,1,1,4,114,Lost Customers,Arjun Agarwal,Male,43,Bhubaneswar,Odisha,East
CUST-04800,8,11719.85,4424.3099999999995,2022-09-17,2024-10-20,8,9,1464.98,37.75,73,837,3,3,2,332,Regular Customers,Shreya Menon,Female,18,Mumbai,Maharashtra,West
CUST-04801,4,2433.55,806.42,2022-12-23,2024-09-14,4,5,608.39,33.14,109,740,2,1,1,211,Lost Customers,Nikhil Agarwal,Male,37,Jaipur,Rajasthan,North
CUST-04802,8,13122.0,5248.01,2023-03-21,2024-12-12,8,9,1640.25,39.99,20,652,5,3,2,532,Potential Loyalists,Dhruv Shah,Male,32,Mumbai,Maharashtra,West
CUST-04803,25,49551.5,20668.22,2022-01-21,2024-10-25,23,37,1982.06,41.71,68,1076,3,5,5,355,Loyal Customers,Aanya Joshi,Female,30,Chennai,Tamil Nadu,South
CUST-04804,1,549.0,330.47,2024-04-01,2024-04-01,1,1,549.0,60.19,275,275,1,1,1,111,Lost Customers,Gauri Pillai,Female,50,Bengaluru,Karnataka,South
CUST-04805,5,2485.5499999999997,897.96,2022-02-19,2024-05-13,5,6,497.11,36.13,233,1047,1,2,1,121,Lost Customers,Kunal Pandey,Male,27,Delhi,Delhi,North
CUST-04806,5,14308.65,7284.42,2022-08-05,2024-05-27,5,8,2861.73,50.91,219,880,1,2,3,123,Lost Customers,Suresh Shah,Male,38,Bengaluru,Karnataka,South
CUST-04807,5,5348.45,1714.77,2022-11-04,2024-10-29,5,10,1069.69,32.06,64,789,3,2,1,321,Regular Customers,Aadhya Saxena,Female,41,Bengaluru,Karnataka,South
CUST-04808,5,6662.9,3296.6799999999994,2022-09-16,2024-01-23,5,10,1332.58,49.48,344,838,1,2,1,121,Lost Customers,Rahul Mishra,Male,23,Visakhapatnam,Andhra Pradesh,South
CUST-04809,11,47805.25,12072.33,2023-10-11,2024-10-13,11,13,4345.93,25.25,80,448,2,4,5,245,At Risk,Varun Saxena,Male,18,Mumbai,Maharashtra,West
CUST-04810,14,35275.8,12221.62,2022-12-08,2024-10-09,14,26,2519.7,34.65,84,755,2,4,4,244,At Risk,Rajesh Menon,Male,22,Hyderabad,Telangana,South
CUST-04811,14,53785.24999999999,9422.46,2023-08-25,2024-10-11,14,16,3841.8,17.52,82,495,2,4,5,245,At Risk,Navya Yadav,Female,35,Mumbai,Maharashtra,West
CUST-04812,8,28774.5,8626.42,2024-02-23,2024-11-14,8,14,3596.81,29.98,48,313,3,3,4,334,Loyal Customers,Kavya Banerjee,Female,47,Mumbai,Maharashtra,West
CUST-04813,5,4409.150000000001,1773.01,2022-11-11,2024-11-03,5,8,881.83,40.21,59,782,3,2,1,321,Regular Customers,Nandini Pandey,Female,21,Kochi,Kerala,South
CUST-04814,11,21058.55,8345.73,2022-05-01,2024-11-20,11,17,1914.41,39.63,42,976,4,4,3,443,Loyal Customers,Meera Iyengar,Female,39,Kochi,Kerala,South
CUST-04815,4,4275.8,1624.35,2024-05-07,2024-06-15,4,4,1068.95,37.99,200,239,1,1,1,111,Lost Customers,Siddharth Das,Male,41,Bengaluru,Karnataka,South
CUST-04816,16,36403.1,10260.7,2024-05-05,2024-10-25,15,33,2275.19,28.19,68,241,3,5,4,354,Loyal Customers,Kavya Mishra,Female,34,Mumbai,Maharashtra,West
CUST-04817,3,35924.5,5092.59,2023-05-17,2024-10-30,3,5,11974.83,14.18,63,595,3,1,4,314,Regular Customers,Ayaan Patel,Male,41,Bhopal,Madhya Pradesh,Central
CUST-04818,4,5190.3,2023.8200000000002,2023-12-03,2024-09-16,4,6,1297.58,38.99,107,395,2,1,1,211,Lost Customers,Kavya Reddy,Female,41,Mumbai,Maharashtra,West
CUST-04819,16,23030.25,5798.25,2022-01-06,2024-06-12,16,20,1439.39,25.18,203,1091,1,5,4,154,At Risk,Anand Nair,Male,36,Mumbai,Maharashtra,West
CUST-04820,7,5688.9,1899.17,2022-06-21,2024-12-24,7,8,812.7,33.38,8,925,5,3,1,531,Potential Loyalists,Ishaan Mishra,Male,54,Kolkata,West Bengal,East
CUST-04821,15,34164.5,12178.33,2022-08-06,2024-10-21,15,23,2277.63,35.65,72,879,3,4,4,344,Loyal Customers,Ananya Chatterjee,Female,42,Kolkata,West Bengal,East
CUST-04822,8,10571.0,3142.08,2022-09-06,2024-12-06,8,11,1321.38,29.72,26,848,4,3,2,432,Potential Loyalists,Ayaan Tripathi,Male,49,Delhi,Delhi,North
CUST-04823,13,29644.0,10575.65,2022-02-05,2024-11-08,13,19,2280.31,35.68,54,1061,3,4,4,344,Loyal Customers,Arjun Agarwal,Male,18,Mumbai,Maharashtra,West
CUST-04824,13,51856.35,17576.08,2023-04-27,2024-11-21,13,17,3988.95,33.89,41,615,4,4,5,445,Champions,Pooja Rao,Female,18,Pune,Maharashtra,West
CUST-04825,8,12866.5,6696.31,2022-11-11,2024-10-20,8,10,1608.31,52.04,73,782,3,3,2,332,Regular Customers,Kabir Banerjee,Male,25,Chandigarh,Punjab,North
CUST-04826,6,7206.15,3099.55,2024-07-04,2024-11-10,6,9,1201.02,43.01,52,181,3,2,1,321,Regular Customers,Ayaan Saxena,Male,47,Mumbai,Maharashtra,West
CUST-04827,17,29626.55,9558.19,2022-01-29,2024-12-30,17,23,1742.74,32.26,2,1068,5,5,4,554,Champions,Pallavi Kaur,Female,32,Chandigarh,Punjab,North
CUST-04828,5,2436.75,574.0799999999999,2022-01-26,2024-06-01,4,6,487.35,23.56,214,1071,1,2,1,121,Lost Customers,Varun Tripathi,Male,25,Delhi,Delhi,North
CUST-04829,8,5819.95,2065.64,2022-06-02,2024-12-15,8,10,727.49,35.49,17,944,5,3,1,531,Potential Loyalists,Deepa Pillai,Female,34,Hyderabad,Telangana,South
CUST-04830,8,61300.3,20394.3,2023-02-14,2024-08-09,8,11,7662.54,33.27,145,687,2,3,5,235,At Risk,Aarav Reddy,Male,18,Chandigarh,Punjab,North
CUST-04831,17,29095.65,10149.52,2023-10-07,2024-11-24,17,22,1711.51,34.88,38,452,4,5,4,454,Champions,Ayaan Iyer,Male,18,Lucknow,Uttar Pradesh,North
CUST-04832,5,3448.65,1351.41,2022-07-06,2024-10-05,5,5,689.73,39.19,88,910,2,2,1,221,Lost Customers,Pari Banerjee,Female,18,Jaipur,Rajasthan,North
CUST-04833,8,9836.25,3339.85,2022-08-16,2024-11-26,8,16,1229.53,33.95,36,869,4,3,2,432,Potential Loyalists,Gaurav Patel,Male,39,Mumbai,Maharashtra,West
CUST-04834,5,4427.6,1590.87,2022-11-26,2024-11-17,5,6,885.52,35.93,45,767,4,2,1,421,Potential Loyalists,Kunal Saxena,Male,46,Mumbai,Maharashtra,West
CUST-04835,21,37933.25,11886.06,2023-02-12,2024-10-31,21,31,1806.35,31.33,62,689,3,5,4,354,Loyal Customers,Shaurya Banerjee,Male,27,Hyderabad,Telangana,South
CUST-04836,20,29740.350000000002,9892.560000000001,2022-03-03,2024-12-16,19,26,1487.02,33.26,16,1035,5,5,4,554,Champions,Aarohi Gupta,Female,43,Kochi,Kerala,South
CUST-04837,3,1886.1,734.63,2024-01-16,2024-02-02,3,3,628.7,38.95,334,351,1,1,1,111,Lost Customers,Saanvi Bhatia,Female,26,Mumbai,Maharashtra,West
CUST-04838,18,270813.05,65131.420000000006,2022-06-14,2024-12-26,18,24,15045.17,24.05,6,932,5,5,5,555,Champions,Pranav Gupta,Male,29,Bengaluru,Karnataka,South
CUST-04839,5,9777.6,2783.63,2023-03-28,2024-10-21,5,8,1955.52,28.47,72,645,3,2,2,322,Regular Customers,Saanvi Iyer,Female,38,Ahmedabad,Gujarat,West
CUST-04840,10,14603.249999999998,2714.46,2023-01-25,2024-10-05,10,18,1460.32,18.59,88,707,2,4,3,243,At Risk,Khushi Pandey,Female,20,Bengaluru,Karnataka,South
CUST-04841,9,55791.149999999994,15662.510000000002,2023-01-06,2024-12-11,8,13,6199.02,28.07,21,726,5,3,5,535,Loyal Customers,Varun Pandey,Male,31,Coimbatore,Tamil Nadu,South
CUST-04842,16,37309.6,8459.17,2022-01-03,2024-11-13,15,21,2331.85,22.67,49,1094,3,5,4,354,Loyal Customers,Aadhya Verma,Female,30,Jaipur,Rajasthan,North
CUST-04843,30,100134.7,20702.92,2022-03-01,2024-11-30,27,46,3337.82,20.68,32,1037,4,5,5,455,Champions,Meera Malhotra,Female,29,Guwahati,Assam,East
CUST-04844,3,1453.2,571.6600000000001,2024-06-15,2024-07-12,3,3,484.4,39.34,173,200,1,1,1,111,Lost Customers,Aditya Verma,Male,33,Jaipur,Rajasthan,North
CUST-04845,23,77138.4,18540.420000000002,2022-05-25,2024-12-26,22,35,3353.84,24.04,6,952,5,5,5,555,Champions,Varun Mehta,Male,50,Chennai,Tamil Nadu,South
CUST-04846,7,19220.8,8730.08,2022-05-16,2024-11-20,7,15,2745.83,45.42,42,961,4,3,3,433,Loyal Customers,Siddharth Iyer,Male,19,Hyderabad,Telangana,South
CUST-04847,7,7789.9,2354.59,2023-12-22,2024-10-24,7,12,1112.84,30.23,69,376,3,3,2,332,Regular Customers,Ishaan Mukherjee,Male,18,Bhopal,Madhya Pradesh,Central
CUST-04848,7,7063.9,3159.1,2022-04-18,2024-12-31,7,9,1009.13,44.72,1,989,5,3,1,531,Potential Loyalists,Ramesh Joshi,Male,30,Delhi,Delhi,North
CUST-04849,6,4310.4,1703.7,2022-10-01,2023-11-06,6,6,718.4,39.53,422,823,1,2,1,121,Lost Customers,Ramesh Yadav,Male,32,Bengaluru,Karnataka,South
CUST-04850,3,821.3,194.64,2023-12-09,2023-12-30,3,3,273.77,23.7,368,389,1,1,1,111,Lost Customers,Sunita Das,Female,21,Chennai,Tamil Nadu,South
CUST-04851,4,4652.05,441.99,2023-08-12,2024-08-11,4,6,1163.01,9.5,143,508,2,1,1,211,Lost Customers,Ramesh Patel,Male,28,Mumbai,Maharashtra,West
CUST-04852,10,10566.9,2499.77,2022-02-26,2024-12-03,10,16,1056.69,23.66,29,1040,4,4,2,442,Regular Customers,Rekha Reddy,Female,29,Lucknow,Uttar Pradesh,North
CUST-04853,19,13591.35,5388.07,2023-01-06,2024-12-17,19,21,715.33,39.64,15,726,5,5,2,552,Regular Customers,Kunal Menon,Male,45,Surat,Gujarat,West
CUST-04854,3,20714.2,2773.89,2023-04-08,2024-12-06,3,6,6904.73,13.39,26,634,4,1,3,413,New Customers,Ishaan Joshi,Male,43,Delhi,Delhi,North
CUST-04855,15,37780.75,9989.09,2022-10-02,2024-11-25,15,28,2518.72,26.44,37,822,4,4,4,444,Champions,Varun Patel,Male,36,Pune,Maharashtra,West
CUST-04856,6,23303.35,6308.9800000000005,2023-08-06,2023-11-12,6,11,3883.89,27.07,416,514,1,2,4,124,Lost Customers,Reyansh Patel,Male,37,Bengaluru,Karnataka,South
CUST-04857,3,1316.15,718.02,2022-12-09,2024-02-23,3,4,438.72,54.55,313,754,1,1,1,111,Lost Customers,Arjun Verma,Male,18,Mumbai,Maharashtra,West
CUST-04858,10,13325.05,6115.21,2023-03-27,2024-12-06,10,14,1332.5,45.89,26,646,4,4,2,442,Regular Customers,Nandini Malhotra,Female,37,Bengaluru,Karnataka,South
CUST-04859,13,87592.15,5330.719999999999,2022-02-10,2024-08-08,13,19,6737.86,6.09,146,1056,2,4,5,245,At Risk,Rohan Bhatia,Male,35,Pune,Maharashtra,West
CUST-04860,14,26773.7,7668.11,2022-11-15,2024-12-01,14,20,1912.41,28.64,31,778,4,4,4,444,Champions,Khushi Choudhury,Female,29,Kolkata,West Bengal,East
CUST-04861,7,6778.45,1946.62,2023-09-30,2024-05-20,7,14,968.35,28.72,226,459,1,3,1,131,Regular Customers,Priyanka Patel,Female,34,Surat,Gujarat,West
CUST-04862,14,34086.9,9559.51,2024-02-07,2024-11-17,14,25,2434.78,28.04,45,329,4,4,4,444,Champions,Vihaan Agarwal,Male,43,Hyderabad,Telangana,South
CUST-04863,19,32358.3,10763.45,2022-08-29,2024-12-17,18,22,1703.07,33.26,15,856,5,5,4,554,Champions,Ishaan Agarwal,Male,50,Indore,Madhya Pradesh,Central
CUST-04864,8,9837.8,3205.65,2023-01-25,2024-05-30,8,12,1229.72,32.59,216,707,1,3,2,132,Regular Customers,Manish Verma,Male,40,Chennai,Tamil Nadu,South
CUST-04865,10,6763.15,1500.91,2022-01-12,2024-12-05,10,14,676.32,22.19,27,1085,4,4,1,441,Regular Customers,Reyansh Rao,Male,22,Coimbatore,Tamil Nadu,South
CUST-04866,4,14856.15,3612.41,2022-06-30,2024-08-27,4,6,3714.04,24.32,127,916,2,1,3,213,Lost Customers,Siddharth Yadav,Male,37,Bengaluru,Karnataka,South
CUST-04867,17,63110.1,18022.33,2023-08-13,2024-11-30,17,28,3712.36,28.56,32,507,4,5,5,455,Champions,Deepa Iyer,Female,28,Kolkata,West Bengal,East
CUST-04868,7,6203.45,1599.9399999999998,2022-11-05,2024-08-22,7,10,886.21,25.79,132,788,2,3,1,231,Regular Customers,Dhruv Mishra,Male,32,Visakhapatnam,Andhra Pradesh,South
CUST-04869,10,26060.45,9164.99,2023-06-17,2024-11-18,10,13,2606.04,35.17,44,564,4,4,4,444,Champions,Deepa Reddy,Female,37,Mumbai,Maharashtra,West
CUST-04870,19,41784.450000000004,12476.66,2024-03-07,2024-06-29,19,20,2199.18,29.86,186,300,1,5,5,155,At Risk,Pallavi Choudhury,Female,18,Surat,Gujarat,West
CUST-04871,17,22160.85,9091.33,2022-02-01,2024-09-11,17,27,1303.58,41.02,112,1065,2,5,3,253,At Risk,Diya Sharma,Female,18,Mumbai,Maharashtra,West
CUST-04872,18,30119.2,7727.240000000001,2023-10-08,2024-12-24,17,21,1673.29,25.66,8,451,5,5,4,554,Champions,Prisha Gupta,Female,20,Pune,Maharashtra,West
CUST-04873,25,51305.95,18609.7,2022-03-19,2024-12-06,24,32,2052.24,36.27,26,1019,4,5,5,455,Champions,Shaurya Bhatia,Male,18,Delhi,Delhi,North
CUST-04874,8,36026.0,6608.69,2024-05-23,2024-06-17,8,8,4503.25,18.34,198,223,1,3,4,134,At Risk,Isha Iyengar,Female,33,Delhi,Delhi,North
CUST-04875,10,32555.7,7233.99,2022-05-20,2024-12-25,10,14,3255.57,22.22,7,957,5,4,4,544,Champions,Kavya Agarwal,Female,34,Surat,Gujarat,West
CUST-04876,10,22197.25,7572.84,2022-05-28,2024-09-02,10,13,2219.72,34.12,121,949,2,4,3,243,At Risk,Kabir Verma,Male,18,Kolkata,West Bengal,East
CUST-04877,5,25054.9,6676.32,2024-06-17,2024-11-01,5,5,5010.98,26.65,61,198,3,2,4,324,Regular Customers,Shreya Reddy,Female,18,Hyderabad,Telangana,South
CUST-04878,9,51627.2,12520.349999999999,2023-09-17,2024-06-22,9,13,5736.36,24.25,193,472,1,3,5,135,At Risk,Saanvi Malhotra,Female,39,Bhubaneswar,Odisha,East
CUST-04879,8,10661.1,3689.46,2022-10-24,2024-11-15,8,9,1332.64,34.61,47,800,3,3,2,332,Regular Customers,Amit Mehta,Male,30,Bengaluru,Karnataka,South
CUST-04880,5,7212.45,2480.5099999999998,2023-11-05,2024-07-16,5,6,1442.49,34.39,169,423,1,2,1,121,Lost Customers,Rajesh Kaur,Male,27,Delhi,Delhi,North
CUST-04881,17,42852.0,13598.53,2023-12-23,2024-11-20,17,31,2520.71,31.73,42,375,4,5,5,455,Champions,Dhruv Tripathi,Male,29,Bengaluru,Karnataka,South
CUST-04882,3,6405.35,2691.52,2024-06-19,2024-09-15,3,4,2135.12,42.02,108,196,2,1,1,211,Lost Customers,Neha Agarwal,Female,28,Indore,Madhya Pradesh,Central
CUST-04883,2,1014.1500000000001,443.16999999999996,2022-05-14,2022-10-13,2,2,507.08,43.7,811,963,1,1,1,111,Lost Customers,Sunita Dutta,Female,18,Pune,Maharashtra,West
CUST-04884,2,3825.1,1188.42,2024-02-06,2024-03-03,2,2,1912.55,31.07,304,330,1,1,1,111,Lost Customers,Tanvi Banerjee,Female,26,Indore,Madhya Pradesh,Central
CUST-04885,8,10087.95,4969.24,2022-01-12,2024-12-07,8,8,1260.99,49.26,25,1085,5,3,2,532,Potential Loyalists,Sunita Menon,Female,30,Bhubaneswar,Odisha,East
CUST-04886,22,124346.65,26355.66,2024-04-22,2024-11-23,21,32,5652.12,21.2,39,254,4,5,5,455,Champions,Aarav Pillai,Male,32,Patna,Bihar,East
CUST-04887,8,6144.0,1730.94,2023-09-24,2024-11-27,8,11,768.0,28.17,35,465,4,3,1,431,Potential Loyalists,Kunal Gupta,Male,28,Hyderabad,Telangana,South
CUST-04888,19,30066.5,11199.279999999999,2023-08-12,2024-12-29,18,28,1582.45,37.25,3,508,5,5,4,554,Champions,Prisha Agarwal,Female,31,Mumbai,Maharashtra,West
CUST-04889,16,108353.5,20777.7,2022-05-11,2024-10-25,15,26,6772.09,19.18,68,966,3,5,5,355,Loyal Customers,Ramesh Banerjee,Male,32,Delhi,Delhi,North
CUST-04890,7,25529.25,4343.11,2022-04-15,2024-12-11,7,11,3647.04,17.01,21,992,5,3,4,534,Loyal Customers,Siddharth Banerjee,Male,29,Bhubaneswar,Odisha,East
CUST-04891,16,15509.6,4320.49,2022-01-14,2024-12-23,16,17,969.35,27.86,9,1083,5,5,3,553,Loyal Customers,Ishaan Tripathi,Male,39,Delhi,Delhi,North
CUST-04892,6,40368.7,10334.1,2024-04-18,2024-09-06,6,6,6728.12,25.6,117,258,2,2,5,225,Lost Customers,Rajesh Tripathi,Male,18,Pune,Maharashtra,West
CUST-04893,7,20736.5,10589.25,2024-01-07,2024-09-30,7,13,2962.36,51.07,93,360,2,3,3,233,At Risk,Krishna Sharma,Male,31,Indore,Madhya Pradesh,Central
CUST-04894,4,10785.6,5218.780000000001,2023-07-16,2024-12-05,4,8,2696.4,48.39,27,535,4,1,2,412,New Customers,Isha Pandey,Female,55,Mumbai,Maharashtra,West
CUST-04895,14,41602.75,16040.07,2022-08-15,2024-10-31,14,19,2971.62,38.56,62,870,3,4,5,345,Loyal Customers,Aarav Pillai,Male,23,Bhopal,Madhya Pradesh,Central
CUST-04896,3,7812.150000000001,2132.42,2022-07-17,2024-05-18,3,4,2604.05,27.3,228,899,1,1,2,112,Lost Customers,Anita Mishra,Female,28,Kolkata,West Bengal,East
CUST-04897,7,5405.1,1302.9,2023-05-08,2024-09-13,7,10,772.16,24.11,110,604,2,3,1,231,Regular Customers,Nandini Chatterjee,Female,33,Bhopal,Madhya Pradesh,Central
CUST-04898,11,29532.000000000004,8933.59,2022-09-21,2024-03-23,11,17,2684.73,30.25,284,833,1,4,4,144,At Risk,Rekha Dutta,Female,25,Bengaluru,Karnataka,South
CUST-04899,25,45066.2,10829.6,2023-10-23,2024-12-30,25,32,1802.65,24.03,2,436,5,5,5,555,Champions,Swati Verma,Female,40,Kolkata,West Bengal,East
CUST-04900,4,9099.35,4241.67,2024-02-26,2024-08-20,4,5,2274.84,46.62,134,310,2,1,2,212,Lost Customers,Reyansh Chatterjee,Male,18,Lucknow,Uttar Pradesh,North
CUST-04901,24,57452.85,15305.18,2022-05-01,2024-12-01,23,36,2393.87,26.64,31,976,4,5,5,455,Champions,Aarohi Yadav,Female,53,Patna,Bihar,East
CUST-04902,7,16985.7,7189.83,2022-12-03,2024-11-15,7,9,2426.53,42.33,47,760,3,3,3,333,Loyal Customers,Dhruv Chatterjee,Male,34,Kochi,Kerala,South
CUST-04903,14,24941.8,9671.05,2022-05-15,2024-12-04,14,18,1781.56,38.77,28,962,4,4,4,444,Champions,Manish Mehta,Male,37,Patna,Bihar,East
CUST-04904,21,76262.45,18175.35,2022-06-16,2024-11-21,21,34,3631.55,23.83,41,930,4,5,5,455,Champions,Aadhya Reddy,Female,22,Jaipur,Rajasthan,North
CUST-04905,27,192715.59999999998,24152.81,2022-01-29,2024-11-23,24,37,7137.61,12.53,39,1068,4,5,5,455,Champions,Saanvi Malhotra,Female,45,Kolkata,West Bengal,East
CUST-04906,7,10026.7,4739.99,2022-01-31,2023-11-18,7,7,1432.39,47.27,410,1066,1,3,2,132,Regular Customers,Tanvi Shah,Female,23,Hyderabad,Telangana,South
CUST-04907,7,10031.7,5057.02,2023-05-05,2024-07-23,7,12,1433.1,50.41,162,607,2,3,2,232,Regular Customers,Swati Shah,Female,40,Mumbai,Maharashtra,West
CUST-04908,7,20628.3,5888.41,2022-01-24,2024-07-02,7,13,2946.9,28.55,183,1073,1,3,3,133,At Risk,Prisha Mehta,Female,34,Lucknow,Uttar Pradesh,North
CUST-04909,7,17071.45,7940.16,2023-02-04,2024-12-16,7,11,2438.78,46.51,16,697,5,3,3,533,Loyal Customers,Sunita Agarwal,Female,31,Mumbai,Maharashtra,West
CUST-04910,12,12694.6,5009.28,2024-01-31,2024-10-30,11,14,1057.88,39.46,63,336,3,4,2,342,Regular Customers,Anjali Das,Female,18,Hyderabad,Telangana,South
CUST-04911,18,27986.0,11405.65,2022-04-13,2024-12-21,18,25,1554.78,40.75,11,994,5,5,4,554,Champions,Aditya Bhatia,Male,21,Visakhapatnam,Andhra Pradesh,South
CUST-04912,15,15783.85,4925.56,2022-11-08,2024-11-04,15,22,1052.26,31.21,58,785,3,4,3,343,Loyal Customers,Aarav Patel,Male,18,Pune,Maharashtra,West
CUST-04913,16,20398.75,9202.92,2022-07-11,2024-11-13,16,19,1274.92,45.12,49,905,3,5,3,353,Loyal Customers,Kunal Choudhury,Other,32,Lucknow,Uttar Pradesh,North
CUST-04914,6,12024.3,3721.29,2023-07-18,2024-04-25,6,7,2004.05,30.95,251,533,1,2,2,122,Lost Customers,Vihaan Choudhury,Male,38,Chennai,Tamil Nadu,South
CUST-04915,7,7288.7,2524.9700000000003,2024-01-07,2024-12-19,7,7,1041.24,34.64,13,360,5,3,1,531,Potential Loyalists,Pooja Choudhury,Female,53,Chandigarh,Punjab,North
CUST-04916,10,12093.45,3319.71,2024-06-16,2024-10-28,10,14,1209.34,27.45,65,199,3,4,2,342,Regular Customers,Vihaan Iyer,Male,33,Bhubaneswar,Odisha,East
CUST-04917,7,7413.9,2620.98,2022-02-20,2024-11-22,7,9,1059.13,35.35,40,1046,4,3,1,431,Potential Loyalists,Aditya Rao,Male,37,Chennai,Tamil Nadu,South
CUST-04918,10,24968.2,5849.27,2022-04-13,2024-10-07,9,13,2496.82,23.43,86,994,2,4,4,244,At Risk,Pari Mishra,Female,29,Pune,Maharashtra,West
CUST-04919,22,36374.05,10777.25,2022-05-28,2024-10-30,21,25,1653.37,29.63,63,949,3,5,4,354,Loyal Customers,Krishna Dutta,Male,36,Hyderabad,Telangana,South
CUST-04920,19,50461.9,12773.400000000001,2022-04-30,2024-12-14,19,32,2655.89,25.31,18,977,5,5,5,555,Champions,Ramesh Mishra,Male,47,Coimbatore,Tamil Nadu,South
CUST-04921,6,44492.100000000006,7526.94,2022-12-04,2024-11-22,6,6,7415.35,16.92,40,759,4,2,5,425,Potential Loyalists,Sai Bhatia,Male,29,Ahmedabad,Gujarat,West
CUST-04922,5,8085.2,3653.7200000000003,2024-01-09,2024-01-31,5,11,1617.04,45.19,336,358,1,2,2,122,Lost Customers,Deepa Das,Female,43,Delhi,Delhi,North
CUST-04923,7,7427.4,2408.97,2023-01-02,2024-11-05,7,9,1061.06,32.43,57,730,3,3,1,331,Regular Customers,Pallavi Choudhury,Female,41,Kolkata,West Bengal,East
CUST-04924,3,6424.65,2455.82,2023-06-18,2023-07-03,3,9,2141.55,38.22,548,563,1,1,1,111,Lost Customers,Rekha Nair,Female,41,Indore,Madhya Pradesh,Central
CUST-04925,7,7301.8,3279.34,2023-04-12,2023-12-25,7,8,1043.11,44.91,373,630,1,3,1,131,Regular Customers,Pooja Choudhury,Female,25,Guwahati,Assam,East
CUST-04926,14,19595.2,4624.93,2023-09-20,2024-10-04,14,16,1399.66,23.6,89,469,2,4,3,243,At Risk,Reyansh Mukherjee,Male,46,Mumbai,Maharashtra,West
CUST-04927,22,27074.4,10263.11,2022-01-30,2024-11-16,22,29,1230.65,37.91,46,1067,4,5,4,454,Champions,Anand Das,Male,31,Lucknow,Uttar Pradesh,North
CUST-04928,11,33195.55,8132.66,2023-10-11,2024-11-29,11,16,3017.78,24.5,33,448,4,4,4,444,Champions,Anand Patel,Male,32,Delhi,Delhi,North
CUST-04929,15,32729.25,13044.28,2022-11-09,2024-11-04,14,23,2181.95,39.86,58,784,3,4,4,344,Loyal Customers,Rohan Nair,Male,31,Pune,Maharashtra,West
CUST-04930,5,9387.75,4112.82,2022-12-05,2024-08-25,5,6,1877.55,43.81,129,758,2,2,2,222,Lost Customers,Gauri Tripathi,Female,31,Bhubaneswar,Odisha,East
CUST-04931,6,4775.55,2262.06,2024-03-20,2024-07-17,6,6,795.92,47.37,168,287,1,2,1,121,Lost Customers,Gauri Sharma,Female,26,Mumbai,Maharashtra,West
CUST-04932,10,32964.85,8523.15,2023-02-09,2024-09-03,10,13,3296.48,25.86,120,692,2,4,4,244,At Risk,Swati Agarwal,Female,24,Mumbai,Maharashtra,West
CUST-04933,16,109109.75,27611.18,2022-02-10,2024-12-17,15,22,6819.36,25.31,15,1056,5,5,5,555,Champions,Prisha Dutta,Female,23,Guwahati,Assam,East
CUST-04934,7,5311.35,1424.34,2022-02-23,2024-06-21,7,10,758.76,26.82,194,1043,1,3,1,131,Regular Customers,Rekha Menon,Female,24,Kochi,Kerala,South
CUST-04935,9,17972.8,6507.54,2023-12-06,2024-10-13,9,13,1996.98,36.21,80,392,2,3,3,233,At Risk,Aarohi Mukherjee,Female,36,Surat,Gujarat,West
CUST-04936,6,53726.45,8583.59,2022-12-20,2024-08-16,6,11,8954.41,15.98,138,743,2,2,5,225,Lost Customers,Vihaan Banerjee,Male,42,Ahmedabad,Gujarat,West
CUST-04937,7,3681.45,1105.92,2022-12-09,2024-11-07,7,8,525.92,30.04,55,754,3,3,1,331,Regular Customers,Anjali Chatterjee,Female,43,Visakhapatnam,Andhra Pradesh,South
CUST-04938,7,13239.3,4664.76,2022-10-29,2024-11-29,7,13,1891.33,35.23,33,795,4,3,2,432,Potential Loyalists,Kunal Verma,Male,30,Hyderabad,Telangana,South
CUST-04939,6,25287.1,7476.57,2023-05-29,2024-11-28,6,6,4214.52,29.57,34,583,4,2,4,424,Potential Loyalists,Vikram Pandey,Male,37,Mumbai,Maharashtra,West
CUST-04940,24,39457.6,13788.47,2022-04-26,2024-11-24,24,33,1644.07,34.95,38,981,4,5,5,455,Champions,Rekha Malhotra,Female,43,Mumbai,Maharashtra,West
CUST-04941,12,16388.35,5142.99,2022-06-21,2024-04-29,12,15,1365.7,31.38,247,925,1,4,3,143,At Risk,Swati Bhatia,Female,29,Bhopal,Madhya Pradesh,Central
CUST-04942,6,10522.0,1436.5100000000002,2024-01-03,2024-09-04,6,10,1753.67,13.65,119,364,2,2,2,222,Lost Customers,Arjun Shah,Male,18,Delhi,Delhi,North
CUST-04943,2,1384.2,459.42,2023-01-22,2024-03-28,2,2,692.1,33.19,279,710,1,1,1,111,Lost Customers,Aditya Iyengar,Male,25,Guwahati,Assam,East
CUST-04944,7,8394.15,3223.43,2023-04-04,2024-12-18,7,7,1199.16,38.4,14,638,5,3,2,532,Potential Loyalists,Khushi Dutta,Female,20,Bhubaneswar,Odisha,East
CUST-04945,7,9019.4,2065.71,2022-11-04,2024-02-05,7,13,1288.49,22.9,331,789,1,3,2,132,Regular Customers,Saanvi Joshi,Female,18,Bengaluru,Karnataka,South
CUST-04946,26,50738.65,15188.17,2022-01-20,2024-12-11,24,35,1951.49,29.93,21,1077,5,5,5,555,Champions,Aadhya Yadav,Female,32,Jaipur,Rajasthan,North
CUST-04947,6,29079.950000000004,5145.96,2022-08-14,2024-09-15,6,6,4846.66,17.7,108,871,2,2,4,224,Lost Customers,Ramesh Mukherjee,Male,34,Kolkata,West Bengal,East
CUST-04948,11,48535.600000000006,16774.75,2022-11-24,2024-12-25,11,19,4412.33,34.56,7,769,5,4,5,545,Champions,Aarohi Shah,Female,18,Hyderabad,Telangana,South
CUST-04949,8,15450.75,5615.71,2024-04-05,2024-06-20,8,8,1931.34,36.35,195,271,1,3,3,133,At Risk,Aarohi Saxena,Female,50,Surat,Gujarat,West
CUST-04950,6,22453.6,4162.32,2022-09-20,2024-02-16,6,8,3742.27,18.54,320,834,1,2,3,123,Lost Customers,Anita Gupta,Female,28,Mumbai,Maharashtra,West
CUST-04951,11,19051.5,8453.74,2024-02-04,2024-11-09,11,12,1731.95,44.37,53,332,3,4,3,343,Loyal Customers,Ishaan Pandey,Male,18,Ahmedabad,Gujarat,West
CUST-04952,12,13836.55,4436.25,2022-07-15,2024-09-13,12,15,1153.05,32.06,110,901,2,4,3,243,At Risk,Pallavi Yadav,Female,23,Mumbai,Maharashtra,West
CUST-04953,23,32456.5,10044.32,2024-03-29,2024-11-14,22,34,1411.15,30.95,48,278,3,5,4,354,Loyal Customers,Vikram Agarwal,Male,33,Nagpur,Maharashtra,West
CUST-04954,18,35155.45,16268.300000000001,2024-02-09,2024-12-09,18,26,1953.08,46.28,23,327,5,5,4,554,Champions,Vikram Joshi,Male,32,Mumbai,Maharashtra,West
CUST-04955,9,67348.95000000001,10674.050000000001,2023-04-16,2024-09-22,9,12,7483.22,15.85,101,626,2,3,5,235,At Risk,Aarohi Tripathi,Female,21,Bhubaneswar,Odisha,East
CUST-04956,4,12684.85,5342.6,2023-05-12,2023-06-02,4,5,3171.21,42.12,579,600,1,1,2,112,Lost Customers,Aanya Joshi,Female,47,Pune,Maharashtra,West
CUST-04957,6,3505.5,1563.24,2023-04-08,2024-12-05,6,7,584.25,44.59,27,634,4,2,1,421,Potential Loyalists,Meera Shah,Female,40,Chennai,Tamil Nadu,South
CUST-04958,2,3391.25,834.27,2023-12-13,2024-02-27,2,2,1695.62,24.6,309,385,1,1,1,111,Lost Customers,Vihaan Banerjee,Male,18,Mumbai,Maharashtra,West
CUST-04959,9,32254.85,11123.070000000002,2023-08-20,2024-11-07,9,12,3583.87,34.48,55,500,3,3,4,334,Loyal Customers,Rahul Verma,Male,35,Ahmedabad,Gujarat,West
CUST-04960,4,12752.849999999999,3133.08,2022-01-08,2024-10-10,3,5,3188.21,24.57,83,1089,2,1,2,212,Lost Customers,Pari Chatterjee,Female,18,Hyderabad,Telangana,South
CUST-04961,4,41694.2,7224.55,2022-05-27,2024-09-19,4,6,10423.55,17.33,104,950,2,1,5,215,Lost Customers,Suresh Chatterjee,Male,32,Visakhapatnam,Andhra Pradesh,South
CUST-04962,13,25153.8,9947.320000000002,2024-03-20,2024-11-06,13,17,1934.91,39.55,56,287,3,4,4,344,Loyal Customers,Sai Saxena,Male,46,Jaipur,Rajasthan,North
CUST-04963,3,4625.65,2103.09,2022-05-06,2024-02-15,3,4,1541.88,45.47,321,971,1,1,1,111,Lost Customers,Vihaan Singh,Male,43,Surat,Gujarat,West
CUST-04964,5,8400.5,4629.4,2022-03-27,2024-05-16,5,6,1680.1,55.11,230,1011,1,2,2,122,Lost Customers,Anand Das,Other,37,Bengaluru,Karnataka,South
CUST-04965,4,4900.4,2082.38,2023-11-16,2024-07-04,4,5,1225.1,42.49,181,412,1,1,1,111,Lost Customers,Deepa Yadav,Female,56,Delhi,Delhi,North
CUST-04966,36,79969.25,34152.44,2023-12-12,2024-12-31,35,55,2221.37,42.71,1,386,5,5,5,555,Champions,Prisha Sharma,Female,18,Coimbatore,Tamil Nadu,South
CUST-04967,4,14742.55,3894.75,2023-03-22,2024-12-28,4,5,3685.64,26.42,4,651,5,1,3,513,New Customers,Suresh Mishra,Male,25,Lucknow,Uttar Pradesh,North
CUST-04968,4,5544.05,2178.19,2023-06-06,2024-11-14,4,6,1386.01,39.29,48,575,3,1,1,311,Regular Customers,Ayaan Verma,Male,28,Coimbatore,Tamil Nadu,South
CUST-04969,10,13829.949999999999,4766.78,2022-02-28,2024-09-06,10,12,1383.0,34.47,117,1038,2,4,3,243,At Risk,Swati Nair,Female,41,Mumbai,Maharashtra,West
CUST-04970,5,31826.899999999998,1316.1000000000001,2022-05-24,2023-11-05,5,14,6365.38,4.14,423,953,1,2,4,124,Lost Customers,Khushi Rao,Female,54,Ahmedabad,Gujarat,West
CUST-04971,8,15009.699999999999,4648.47,2024-04-16,2024-12-26,8,11,1876.21,30.97,6,260,5,3,3,533,Loyal Customers,Suresh Pillai,Other,52,Mumbai,Maharashtra,West
CUST-04972,15,29777.9,9742.55,2022-09-08,2024-12-19,15,20,1985.19,32.72,13,846,5,5,4,554,Champions,Isha Mukherjee,Female,36,Indore,Madhya Pradesh,Central
CUST-04973,4,9958.75,4020.0699999999997,2024-05-31,2024-06-23,4,4,2489.69,40.37,192,215,1,1,2,112,Lost Customers,Kavya Singh,Female,24,Visakhapatnam,Andhra Pradesh,South
CUST-04974,8,12911.6,2419.94,2024-04-25,2024-11-30,7,11,1613.95,18.74,32,251,4,3,2,432,Potential Loyalists,Vihaan Nair,Other,40,Mumbai,Maharashtra,West
CUST-04975,18,41735.8,16699.89,2022-01-10,2024-11-03,18,23,2318.66,40.01,59,1087,3,5,5,355,Loyal Customers,Kavya Das,Female,44,Hyderabad,Telangana,South
CUST-04976,5,11983.5,5341.76,2024-04-07,2024-05-02,5,12,2396.7,44.58,244,269,1,2,2,122,Lost Customers,Deepa Singh,Female,20,Mumbai,Maharashtra,West
CUST-04977,14,25126.350000000002,8611.1,2022-04-11,2024-10-01,14,21,1794.74,34.27,92,996,2,4,4,244,At Risk,Rajesh Patel,Male,18,Jaipur,Rajasthan,North
CUST-04978,11,17897.95,7539.59,2022-03-01,2024-11-22,11,13,1627.09,42.13,40,1037,4,4,3,443,Loyal Customers,Ayaan Patel,Male,24,Lucknow,Uttar Pradesh,North
CUST-04979,14,102249.8,24158.170000000002,2022-02-21,2024-12-15,14,25,7303.56,23.63,17,1045,5,4,5,545,Champions,Rajesh Nair,Other,37,Hyderabad,Telangana,South
CUST-04980,6,5709.55,1784.9099999999999,2024-03-27,2024-07-29,6,9,951.59,31.26,156,280,2,2,1,221,Lost Customers,Krishna Malhotra,Male,36,Kolkata,West Bengal,East
CUST-04981,8,11758.45,5361.34,2022-08-28,2024-11-17,8,8,1469.81,45.6,45,857,4,3,2,432,Potential Loyalists,Reyansh Das,Male,29,Mumbai,Maharashtra,West
CUST-04982,2,9692.65,3988.0299999999997,2023-05-01,2024-04-17,2,2,4846.32,41.14,259,611,1,1,2,112,Lost Customers,Saanvi Pillai,Female,36,Bengaluru,Karnataka,South
CUST-04983,14,32972.25,10970.02,2022-06-23,2024-12-27,14,17,2355.16,33.27,5,923,5,4,4,544,Champions,Riya Bhatia,Female,22,Surat,Gujarat,West
CUST-04984,3,4045.0,1710.1999999999998,2023-01-30,2024-12-08,3,5,1348.33,42.28,24,702,5,1,1,511,New Customers,Kunal Malhotra,Male,34,Chandigarh,Punjab,North
CUST-04985,13,24810.9,8948.970000000001,2023-12-11,2024-12-16,13,18,1908.53,36.07,16,387,5,4,4,544,Champions,Kabir Nair,Male,18,Delhi,Delhi,North
CUST-04986,20,75811.45,13130.5,2022-02-23,2024-10-28,20,34,3790.57,17.32,65,1043,3,5,5,355,Loyal Customers,Riya Kaur,Female,42,Chennai,Tamil Nadu,South
CUST-04987,3,7806.3,3272.97,2023-03-10,2024-01-15,3,3,2602.1,41.93,352,663,1,1,2,112,Lost Customers,Arjun Mehta,Male,46,Mumbai,Maharashtra,West
CUST-04988,4,3181.3,576.7,2023-05-11,2024-04-23,4,6,795.32,18.13,253,601,1,1,1,111,Lost Customers,Gaurav Kaur,Male,45,Chennai,Tamil Nadu,South
CUST-04989,11,23054.2,6149.29,2022-01-01,2024-11-17,10,18,2095.84,26.67,45,1096,4,4,4,444,Champions,Krishna Pillai,Male,27,Bhopal,Madhya Pradesh,Central
CUST-04990,6,17852.85,7009.09,2022-05-05,2024-10-28,6,8,2975.48,39.26,65,972,3,2,3,323,Regular Customers,Prisha Menon,Female,51,Ahmedabad,Gujarat,West
CUST-04991,13,52171.25,18255.010000000002,2022-02-11,2024-12-24,13,20,4013.17,34.99,8,1055,5,4,5,545,Champions,Pranav Pandey,Male,52,Hyderabad,Telangana,South
CUST-04992,7,21431.5,7416.67,2022-10-15,2024-06-13,7,12,3061.64,34.61,202,809,1,3,3,133,At Risk,Amit Joshi,Male,41,Chandigarh,Punjab,North
CUST-04993,3,7536.450000000001,1774.08,2022-10-22,2024-10-23,3,6,2512.15,23.54,70,802,3,1,2,312,Regular Customers,Nandini Joshi,Female,46,Delhi,Delhi,North
CUST-04994,4,9104.15,3331.2200000000003,2022-11-27,2023-09-20,4,6,2276.04,36.59,469,766,1,1,2,112,Lost Customers,Sai Pillai,Male,39,Kolkata,West Bengal,East
CUST-04995,18,20259.95,7139.18,2022-01-14,2024-11-17,18,29,1125.55,35.24,45,1083,4,5,3,453,Loyal Customers,Nikhil Iyengar,Male,18,Bhopal,Madhya Pradesh,Central
CUST-04996,8,15479.2,7853.79,2022-05-01,2024-07-09,8,13,1934.9,50.74,176,976,1,3,3,133,At Risk,Navya Joshi,Female,43,Chennai,Tamil Nadu,South
CUST-04997,11,17201.4,7018.78,2022-08-08,2024-08-16,11,17,1563.76,40.8,138,877,2,4,3,243,At Risk,Deepak Yadav,Male,28,Mumbai,Maharashtra,West
CUST-04998,5,13222.65,2676.3,2022-02-02,2024-05-11,5,11,2644.53,20.24,235,1064,1,2,2,122,Lost Customers,Dhruv Shah,Male,34,Delhi,Delhi,North
CUST-04999,5,15264.25,5637.52,2022-01-14,2023-12-22,5,10,3052.85,36.93,376,1083,1,2,3,123,Lost Customers,Riya Tripathi,Female,27,Bengaluru,Karnataka,South
CUST-05000,7,14615.75,4069.57,2023-09-28,2024-12-24,7,10,2087.96,27.84,8,461,5,3,3,533,Loyal Customers,Ayaan Singh,Male,32,Coimbatore,Tamil Nadu,South
CUST-05001,6,19830.1,5786.8,2022-01-23,2024-10-10,6,9,3305.02,29.18,83,1074,2,2,3,223,Lost Customers,Vikram Iyengar,Male,22,Ahmedabad,Gujarat,West
CUST-05002,6,10958.45,5018.639999999999,2023-12-12,2024-11-23,6,8,1826.41,45.8,39,386,4,2,2,422,Potential Loyalists,Anand Rao,Male,52,Hyderabad,Telangana,South
CUST-05003,19,46338.2,20636.739999999998,2023-12-01,2024-12-04,19,24,2438.85,44.54,28,397,4,5,5,455,Champions,Aarohi Shah,Female,18,Delhi,Delhi,North
CUST-05004,5,9157.8,3341.31,2023-03-13,2024-11-09,5,8,1831.56,36.49,53,660,3,2,2,322,Regular Customers,Anand Nair,Male,40,Chennai,Tamil Nadu,South
CUST-05005,7,10403.4,3163.25,2022-06-04,2024-11-24,7,10,1486.2,30.41,38,942,4,3,2,432,Potential Loyalists,Nandini Malhotra,Female,25,Kolkata,West Bengal,East
CUST-05006,16,22560.25,9296.22,2022-05-17,2024-11-23,15,22,1410.02,41.21,39,960,4,5,3,453,Loyal Customers,Krishna Mishra,Male,26,Chandigarh,Punjab,North
CUST-05007,28,95027.6,29643.54,2024-02-14,2024-12-12,26,42,3393.84,31.19,20,322,5,5,5,555,Champions,Rajesh Agarwal,Male,43,Coimbatore,Tamil Nadu,South
CUST-05008,20,16935.35,7072.79,2023-12-24,2024-11-09,19,25,846.77,41.76,53,374,3,5,3,353,Loyal Customers,Priyanka Mishra,Female,35,Indore,Madhya Pradesh,Central
CUST-05009,7,6788.25,2456.87,2023-12-21,2024-09-27,7,11,969.75,36.19,96,377,2,3,1,231,Regular Customers,Divya Iyer,Female,25,Mumbai,Maharashtra,West
CUST-05010,11,29309.65,10778.15,2024-02-13,2024-09-13,11,22,2664.51,36.77,110,323,2,4,4,244,At Risk,Saanvi Reddy,Female,26,Surat,Gujarat,West
CUST-05011,7,6000.45,1805.96,2023-10-05,2024-11-04,7,10,857.21,30.1,58,454,3,3,1,331,Regular Customers,Shaurya Sharma,Male,47,Surat,Gujarat,West
CUST-05012,9,10652.3,2721.4700000000003,2022-10-01,2024-12-30,9,14,1183.59,25.55,2,823,5,3,2,532,Potential Loyalists,Aarohi Dutta,Female,41,Nagpur,Maharashtra,West
CUST-05013,17,15622.6,5525.44,2022-07-30,2024-08-21,16,20,918.98,35.37,133,886,2,5,3,253,At Risk,Kabir Shah,Male,39,Hyderabad,Telangana,South
CUST-05014,12,23676.3,6123.110000000001,2024-05-19,2024-11-03,12,17,1973.02,25.86,59,227,3,4,4,344,Loyal Customers,Manish Nair,Male,18,Chandigarh,Punjab,North
CUST-05015,3,3498.2999999999997,768.38,2023-02-26,2024-05-26,3,3,1166.1,21.96,220,675,1,1,1,111,Lost Customers,Navya Malhotra,Female,24,Kolkata,West Bengal,East
CUST-05016,3,3416.75,1577.71,2022-11-10,2024-06-07,3,4,1138.92,46.18,208,783,1,1,1,111,Lost Customers,Reyansh Tripathi,Male,46,Mumbai,Maharashtra,West
CUST-05017,3,5969.2,3173.3200000000006,2023-01-10,2023-01-21,3,5,1989.73,53.16,711,722,1,1,1,111,Lost Customers,Rekha Reddy,Female,33,Visakhapatnam,Andhra Pradesh,South
CUST-05018,6,5252.75,1853.9,2022-11-15,2024-12-22,6,9,875.46,35.29,10,778,5,2,1,521,Potential Loyalists,Ayaan Chatterjee,Male,39,Pune,Maharashtra,West
CUST-05019,8,11804.9,4272.25,2022-05-05,2024-11-05,8,15,1475.61,36.19,57,972,3,3,2,332,Regular Customers,Kabir Chatterjee,Male,28,Bengaluru,Karnataka,South
CUST-05020,6,2344.1,1040.3,2023-06-11,2024-12-08,6,8,390.68,44.38,24,570,5,2,1,521,Potential Loyalists,Aarohi Banerjee,Female,44,Hyderabad,Telangana,South
CUST-05021,6,3624.7000000000003,1286.04,2022-10-11,2024-12-31,5,10,604.12,35.48,1,813,5,2,1,521,Potential Loyalists,Gaurav Verma,Male,50,Bengaluru,Karnataka,South
CUST-05022,2,3996.6499999999996,2131.81,2022-01-08,2023-05-22,2,3,1998.32,53.34,590,1089,1,1,1,111,Lost Customers,Vikram Dutta,Male,20,Mumbai,Maharashtra,West
CUST-05023,6,6698.4,2209.42,2022-03-31,2024-05-28,6,6,1116.4,32.98,218,1007,1,2,1,121,Lost Customers,Anjali Menon,Female,27,Chennai,Tamil Nadu,South
CUST-05024,1,519.2,121.82,2023-10-06,2023-10-06,1,1,519.2,23.46,453,453,1,1,1,111,Lost Customers,Reyansh Mehta,Male,49,Delhi,Delhi,North
CUST-05025,11,32698.75,13903.93,2024-04-19,2024-10-22,11,19,2972.61,42.52,71,257,3,4,4,344,Loyal Customers,Krishna Sharma,Male,63,Surat,Gujarat,West
CUST-05026,27,50599.8,16448.97,2024-04-21,2024-12-19,27,36,1874.07,32.51,13,255,5,5,5,555,Champions,Krishna Singh,Male,18,Ahmedabad,Gujarat,West
CUST-05027,5,10918.95,3975.98,2022-06-01,2024-05-21,5,8,2183.79,36.41,225,945,1,2,2,122,Lost Customers,Nandini Mehta,Female,44,Delhi,Delhi,North
CUST-05028,5,169400.09999999998,8260.91,2023-01-20,2024-10-19,5,7,33880.02,4.88,74,712,3,2,5,325,Regular Customers,Ayaan Mukherjee,Male,33,Jaipur,Rajasthan,North
CUST-05029,8,5973.95,2325.21,2024-05-16,2024-11-03,8,8,746.74,38.92,59,230,3,3,1,331,Regular Customers,Krishna Mishra,Male,43,Delhi,Delhi,North
CUST-05030,8,16902.55,1863.78,2022-05-29,2024-04-25,8,9,2112.82,11.03,251,948,1,3,3,133,At Risk,Manish Choudhury,Male,18,Kolkata,West Bengal,East
CUST-05031,7,10948.25,1687.04,2024-01-15,2024-07-24,7,14,1564.04,15.41,161,352,2,3,2,232,Regular Customers,Deepak Shah,Male,34,Bhopal,Madhya Pradesh,Central
CUST-05032,19,19411.2,6530.79,2022-02-04,2024-05-19,18,30,1021.64,33.64,227,1062,1,5,3,153,At Risk,Nikhil Das,Male,39,Chennai,Tamil Nadu,South
CUST-05033,14,13424.900000000001,4780.410000000001,2022-04-25,2024-11-29,14,16,958.92,35.61,33,982,4,4,2,442,Regular Customers,Sneha Pandey,Female,30,Delhi,Delhi,North
CUST-05034,5,5919.85,2116.85,2023-02-04,2024-10-08,5,8,1183.97,35.76,85,697,2,2,1,221,Lost Customers,Pranav Reddy,Male,37,Coimbatore,Tamil Nadu,South
CUST-05035,7,17726.75,8005.78,2024-04-08,2024-06-19,7,8,2532.39,45.16,196,268,1,3,3,133,At Risk,Suresh Patel,Male,47,Indore,Madhya Pradesh,Central
CUST-05036,18,30788.5,10398.36,2022-12-29,2024-12-26,18,26,1710.47,33.77,6,734,5,5,4,554,Champions,Prisha Das,Female,43,Hyderabad,Telangana,South
CUST-05037,18,40455.05,17644.22,2024-02-15,2024-11-21,18,28,2247.5,43.61,41,321,4,5,5,455,Champions,Sunita Menon,Female,49,Hyderabad,Telangana,South
CUST-05038,20,152611.3,397.55000000000064,2022-01-13,2024-10-20,20,30,7630.56,0.26,73,1084,3,5,5,355,Loyal Customers,Saanvi Dutta,Female,40,Bengaluru,Karnataka,South
CUST-05040,12,45569.799999999996,11928.720000000001,2022-05-07,2024-11-13,12,20,3797.48,26.18,49,970,3,4,5,345,Loyal Customers,Siddharth Saxena,Male,53,Ahmedabad,Gujarat,West
CUST-05041,18,36005.25,12204.31,2022-02-14,2024-12-27,18,26,2000.29,33.9,5,1052,5,5,4,554,Champions,Anand Saxena,Male,18,Lucknow,Uttar Pradesh,North
CUST-05042,5,2823.4,727.84,2022-09-20,2024-05-26,5,6,564.68,25.78,220,834,1,2,1,121,Lost Customers,Gauri Bhatia,Female,41,Bengaluru,Karnataka,South
CUST-05043,16,29809.0,7188.26,2022-05-07,2024-12-01,15,26,1863.06,24.11,31,970,4,5,4,454,Champions,Rajesh Menon,Male,46,Lucknow,Uttar Pradesh,North
CUST-05044,6,9954.45,3306.2000000000003,2022-03-09,2024-09-30,6,11,1659.08,33.21,93,1029,2,2,2,222,Lost Customers,Aanya Malhotra,Female,44,Hyderabad,Telangana,South
CUST-05045,17,50314.2,17564.19,2022-09-28,2024-12-29,17,27,2959.66,34.91,3,826,5,5,5,555,Champions,Nikhil Tripathi,Male,25,Lucknow,Uttar Pradesh,North
CUST-05046,19,59573.0,12861.4,2022-09-29,2024-11-21,19,29,3135.42,21.59,41,825,4,5,5,455,Champions,Kabir Bhatia,Male,27,Surat,Gujarat,West
CUST-05047,4,16537.85,6551.3,2023-02-15,2024-06-11,4,11,4134.46,39.61,204,686,1,1,3,113,Lost Customers,Diya Iyer,Female,45,Delhi,Delhi,North
CUST-05048,4,5990.75,2265.9700000000003,2023-12-30,2024-10-06,4,4,1497.69,37.82,87,368,2,1,1,211,Lost Customers,Atharv Verma,Male,29,Bhopal,Madhya Pradesh,Central
CUST-05049,5,10566.2,3975.01,2023-06-04,2024-08-07,5,7,2113.24,37.62,147,577,2,2,2,222,Lost Customers,Siddharth Tripathi,Male,24,Jaipur,Rajasthan,North
CUST-05050,7,124076.74999999999,8528.720000000001,2022-11-20,2024-09-27,7,15,17725.25,6.87,96,773,2,3,5,235,At Risk,Nikhil Saxena,Male,41,Kochi,Kerala,South
CUST-05051,6,3178.6,912.47,2023-06-19,2024-11-26,6,8,529.77,28.71,36,562,4,2,1,421,Potential Loyalists,Kabir Malhotra,Male,21,Mumbai,Maharashtra,West
CUST-05052,11,20425.75,6187.9,2022-07-07,2024-10-05,11,14,1856.89,30.29,88,909,2,4,3,243,At Risk,Siddharth Saxena,Male,40,Delhi,Delhi,North
CUST-05053,23,49208.5,15436.630000000001,2023-12-26,2024-12-27,23,28,2139.5,31.37,5,372,5,5,5,555,Champions,Shreya Chatterjee,Female,25,Pune,Maharashtra,West
CUST-05054,16,19428.05,7518.17,2024-04-17,2024-10-28,15,24,1214.25,38.7,65,259,3,5,3,353,Loyal Customers,Varun Banerjee,Male,19,Hyderabad,Telangana,South
CUST-05056,5,5548.75,2178.94,2024-03-13,2024-10-10,5,7,1109.75,39.27,83,294,2,2,1,221,Lost Customers,Ramesh Chatterjee,Male,18,Bhopal,Madhya Pradesh,Central
CUST-05057,14,43330.35,10354.61,2022-01-04,2024-11-14,14,16,3095.02,23.9,48,1093,3,4,5,345,Loyal Customers,Rohan Pillai,Male,18,Jaipur,Rajasthan,North
CUST-05058,6,11381.599999999999,2285.86,2022-10-14,2024-11-10,6,10,1896.93,20.08,52,810,3,2,2,322,Regular Customers,Anita Menon,Female,20,Kolkata,West Bengal,East
CUST-05059,5,15182.349999999999,4384.76,2022-05-01,2024-09-16,5,6,3036.47,28.88,107,976,2,2,3,223,Lost Customers,Ramesh Mehta,Other,29,Bengaluru,Karnataka,South
CUST-05060,5,10587.3,3709.59,2024-01-04,2024-12-01,5,10,2117.46,35.04,31,363,4,2,2,422,Potential Loyalists,Ishaan Nair,Male,20,Chennai,Tamil Nadu,South
CUST-05061,4,2325.0,836.6999999999999,2024-04-20,2024-05-08,4,5,581.25,35.99,238,256,1,1,1,111,Lost Customers,Aditya Yadav,Male,28,Bhubaneswar,Odisha,East
CUST-05062,4,22562.0,1461.1,2022-09-21,2024-07-11,4,6,5640.5,6.48,174,833,1,1,3,113,Lost Customers,Deepak Bhatia,Male,25,Lucknow,Uttar Pradesh,North
CUST-05063,10,27955.0,6450.75,2022-05-26,2024-12-25,10,11,2795.5,23.08,7,951,5,4,4,544,Champions,Shreya Chatterjee,Female,18,Hyderabad,Telangana,South
CUST-05064,13,25377.25,6526.79,2024-04-05,2024-10-12,13,13,1952.1,25.72,81,271,2,4,4,244,At Risk,Pari Agarwal,Female,28,Hyderabad,Telangana,South
CUST-05065,4,6664.65,2608.0,2022-06-30,2024-09-20,4,9,1666.16,39.13,103,916,2,1,1,211,Lost Customers,Siddharth Bhatia,Male,55,Kolkata,West Bengal,East
CUST-05066,15,44532.75,9585.24,2022-04-25,2024-11-26,15,18,2968.85,21.52,36,982,4,5,5,455,Champions,Anjali Tripathi,Female,22,Pune,Maharashtra,West
CUST-05067,10,10661.25,4098.67,2022-08-19,2024-11-29,9,12,1066.12,38.44,33,866,4,4,2,442,Regular Customers,Ayaan Agarwal,Male,35,Mumbai,Maharashtra,West
CUST-05068,4,4434.15,1448.72,2022-11-06,2024-07-02,4,6,1108.54,32.67,183,787,1,1,1,111,Lost Customers,Ramesh Chatterjee,Male,37,Bhopal,Madhya Pradesh,Central
CUST-05069,5,52645.5,16061.98,2022-12-07,2024-05-12,5,8,10529.1,30.51,234,756,1,2,5,125,Lost Customers,Anjali Gupta,Female,56,Ahmedabad,Gujarat,West
CUST-05070,4,1689.6,642.4200000000001,2022-11-18,2024-11-14,4,4,422.4,38.02,48,775,3,1,1,311,Regular Customers,Aditya Shah,Male,52,Jaipur,Rajasthan,North
CUST-05071,2,3579.1,948.51,2023-11-18,2024-11-17,2,2,1789.55,26.5,45,410,4,1,1,411,New Customers,Arjun Pandey,Male,18,Delhi,Delhi,North
CUST-05072,4,4607.05,943.86,2023-05-18,2024-07-07,4,7,1151.76,20.49,178,594,1,1,1,111,Lost Customers,Rahul Yadav,Male,44,Jaipur,Rajasthan,North
CUST-05073,9,9367.5,4158.87,2023-08-02,2024-11-21,9,9,1040.83,44.4,41,518,4,3,2,432,Potential Loyalists,Anita Patel,Female,49,Kochi,Kerala,South
CUST-05074,6,6180.95,1798.4099999999999,2022-11-29,2024-10-04,6,6,1030.16,29.1,89,764,2,2,1,221,Lost Customers,Ramesh Menon,Male,18,Chennai,Tamil Nadu,South
CUST-05075,16,23576.4,8971.6,2022-04-29,2024-11-06,16,17,1473.52,38.05,56,978,3,5,4,354,Loyal Customers,Divya Chatterjee,Female,55,Kolkata,West Bengal,East
CUST-05076,17,35439.7,15041.18,2022-07-01,2024-11-13,16,24,2084.69,42.44,49,915,3,5,4,354,Loyal Customers,Shaurya Menon,Other,39,Mumbai,Maharashtra,West
CUST-05077,5,4635.6,1479.78,2022-06-07,2024-01-16,5,8,927.12,31.92,351,939,1,2,1,121,Lost Customers,Gaurav Reddy,Male,21,Nagpur,Maharashtra,West
CUST-05078,9,13214.8,3535.3999999999996,2022-04-07,2024-11-18,9,10,1468.31,26.75,44,1000,4,3,2,432,Potential Loyalists,Saanvi Choudhury,Female,29,Hyderabad,Telangana,South
CUST-05079,1,20537.1,3597.32,2023-06-20,2023-06-20,1,2,20537.1,17.52,561,561,1,1,3,113,Lost Customers,Shreya Sharma,Female,47,Ahmedabad,Gujarat,West
CUST-05080,7,7850.65,3329.96,2024-04-16,2024-10-02,7,10,1121.52,42.42,91,260,2,3,2,232,Regular Customers,Sai Choudhury,Male,34,Indore,Madhya Pradesh,Central
CUST-05081,24,28967.25,13126.94,2023-09-14,2024-09-30,23,31,1206.97,45.32,93,475,2,5,4,254,At Risk,Shreya Mehta,Female,43,Coimbatore,Tamil Nadu,South
CUST-05082,11,94311.25,23791.3,2024-01-16,2024-12-27,10,18,8573.75,25.23,5,351,5,4,5,545,Champions,Aarohi Menon,Female,33,Ahmedabad,Gujarat,West
CUST-05083,4,7810.450000000001,2538.2599999999998,2024-06-03,2024-11-10,4,6,1952.61,32.5,52,212,3,1,2,312,Regular Customers,Vivaan Mishra,Other,21,Delhi,Delhi,North
CUST-05084,2,153257.2,25354.52,2024-04-12,2024-07-06,2,5,76628.6,16.54,179,264,1,1,5,115,Lost Customers,Ananya Rao,Female,19,Chandigarh,Punjab,North
CUST-05085,19,27276.65,8443.46,2023-10-31,2024-11-15,19,22,1435.61,30.95,47,428,3,5,4,354,Loyal Customers,Vihaan Mishra,Male,54,Pune,Maharashtra,West
CUST-05086,4,2815.25,994.54,2022-07-03,2024-05-22,4,6,703.81,35.33,224,913,1,1,1,111,Lost Customers,Sunita Joshi,Female,33,Kochi,Kerala,South
CUST-05087,11,12900.65,5288.83,2022-05-04,2024-12-03,11,16,1172.79,41.0,29,973,4,4,2,442,Regular Customers,Vikram Pandey,Male,30,Bengaluru,Karnataka,South
CUST-05088,6,21894.85,6732.620000000001,2023-09-18,2024-12-13,6,11,3649.14,30.75,19,471,5,2,3,523,Potential Loyalists,Suresh Chatterjee,Male,35,Hyderabad,Telangana,South
CUST-05090,5,10354.85,3248.35,2022-08-21,2022-11-03,5,9,2070.97,31.37,790,864,1,2,2,122,Lost Customers,Deepa Choudhury,Female,45,Mumbai,Maharashtra,West
CUST-05091,3,13001.45,4471.16,2022-11-02,2024-08-06,3,6,4333.82,34.39,148,791,2,1,2,212,Lost Customers,Kunal Verma,Male,49,Indore,Madhya Pradesh,Central
CUST-05092,4,12783.4,2802.25,2023-06-23,2024-05-07,4,5,3195.85,21.92,239,558,1,1,2,112,Lost Customers,Vivaan Iyengar,Male,47,Lucknow,Uttar Pradesh,North
CUST-05093,3,11275.199999999999,2042.5500000000002,2022-01-29,2024-05-27,3,3,3758.4,18.12,219,1068,1,1,2,112,Lost Customers,Aanya Mukherjee,Female,56,Guwahati,Assam,East
CUST-05094,3,5736.45,2059.98,2022-12-02,2024-11-30,3,4,1912.15,35.91,32,761,4,1,1,411,New Customers,Krishna Tripathi,Male,45,Kolkata,West Bengal,East
CUST-05095,8,26753.5,8442.48,2022-02-19,2024-12-29,8,10,3344.19,31.56,3,1047,5,3,4,534,Loyal Customers,Manish Reddy,Male,18,Mumbai,Maharashtra,West
CUST-05096,9,138125.65,17308.67,2024-01-03,2024-11-24,8,18,15347.29,12.53,38,364,4,3,5,435,Loyal Customers,Pooja Shah,Female,34,Hyderabad,Telangana,South
CUST-05097,5,10220.1,2691.11,2023-08-21,2024-10-04,5,5,2044.02,26.33,89,499,2,2,2,222,Lost Customers,Dhruv Banerjee,Male,29,Surat,Gujarat,West
CUST-05098,5,8180.65,3689.1,2022-07-19,2024-12-27,5,7,1636.13,45.1,5,897,5,2,2,522,Potential Loyalists,Ananya Mishra,Female,31,Kochi,Kerala,South
CUST-05099,2,2104.1,846.41,2023-09-28,2023-11-06,2,2,1052.05,40.23,422,461,1,1,1,111,Lost Customers,Shaurya Rao,Male,32,Pune,Maharashtra,West
CUST-05100,6,5550.55,1096.3700000000001,2024-04-05,2024-12-18,6,9,925.09,19.75,14,271,5,2,1,521,Potential Loyalists,Siddharth Saxena,Male,43,Chandigarh,Punjab,North
CUST-05101,18,30088.149999999998,13644.480000000001,2022-04-21,2024-12-01,18,25,1671.56,45.35,31,986,4,5,4,454,Champions,Aanya Chatterjee,Female,25,Ahmedabad,Gujarat,West
CUST-05102,5,5410.6,2316.5,2023-05-25,2024-08-12,5,10,1082.12,42.81,142,587,2,2,1,221,Lost Customers,Vivaan Pillai,Male,28,Mumbai,Maharashtra,West
CUST-05103,10,37474.75,10583.04,2024-06-23,2024-12-03,10,17,3747.48,28.24,29,192,4,4,4,444,Champions,Ramesh Yadav,Male,47,Mumbai,Maharashtra,West
CUST-05104,5,6172.65,1338.56,2023-01-13,2024-10-05,5,6,1234.53,21.69,88,719,2,2,1,221,Lost Customers,Ramesh Rao,Male,33,Kochi,Kerala,South
CUST-05105,4,21611.8,4084.91,2023-12-24,2024-01-12,4,5,5402.95,18.9,355,374,1,1,3,113,Lost Customers,Sunita Singh,Female,41,Kolkata,West Bengal,East
CUST-05106,6,6850.3,1842.96,2022-10-06,2024-05-27,6,8,1141.72,26.9,219,818,1,2,1,121,Lost Customers,Aditya Verma,Male,27,Visakhapatnam,Andhra Pradesh,South
CUST-05107,3,3343.6,1045.08,2023-03-15,2024-11-28,3,8,1114.53,31.26,34,658,4,1,1,411,New Customers,Pallavi Malhotra,Female,22,Bengaluru,Karnataka,South
CUST-05108,21,101680.04999999999,18463.46,2024-02-18,2024-12-09,21,28,4841.91,18.16,23,318,5,5,5,555,Champions,Amit Malhotra,Male,28,Mumbai,Maharashtra,West
CUST-05109,14,33695.049999999996,9776.16,2022-06-25,2024-12-29,14,19,2406.79,29.01,3,921,5,4,4,544,Champions,Anand Sharma,Male,63,Mumbai,Maharashtra,West
CUST-05110,4,22800.2,4504.18,2023-03-04,2024-10-02,4,4,5700.05,19.76,91,669,2,1,3,213,Lost Customers,Krishna Yadav,Male,38,Mumbai,Maharashtra,West
CUST-05111,6,17717.25,7728.839999999999,2022-05-27,2024-11-07,6,10,2952.88,43.62,55,950,3,2,3,323,Regular Customers,Sneha Iyer,Female,19,Delhi,Delhi,North
CUST-05112,3,1719.4,523.14,2022-07-16,2024-03-27,3,3,573.13,30.43,280,900,1,1,1,111,Lost Customers,Pari Das,Female,40,Coimbatore,Tamil Nadu,South
CUST-05113,6,8907.35,3301.83,2022-07-08,2024-01-12,6,8,1484.56,37.07,355,908,1,2,2,122,Lost Customers,Aadhya Nair,Female,44,Bengaluru,Karnataka,South
CUST-05114,14,28861.75,11412.539999999999,2022-01-03,2024-10-23,14,17,2061.55,39.54,70,1094,3,4,4,344,Loyal Customers,Rajesh Gupta,Other,18,Chandigarh,Punjab,North
CUST-05115,20,31745.95,10929.11,2022-09-13,2024-10-18,19,23,1587.3,34.43,75,841,3,5,4,354,Loyal Customers,Neha Kaur,Female,53,Hyderabad,Telangana,South
CUST-05116,3,24222.800000000003,1558.3899999999999,2022-10-17,2024-08-10,3,3,8074.27,6.43,144,807,2,1,4,214,Lost Customers,Amit Banerjee,Male,19,Hyderabad,Telangana,South
CUST-05117,25,164910.45,41200.33,2022-05-17,2024-12-12,24,39,6596.42,24.98,20,960,5,5,5,555,Champions,Diya Sharma,Female,25,Bhubaneswar,Odisha,East
CUST-05118,7,15702.75,5907.139999999999,2022-02-05,2024-08-13,7,9,2243.25,37.62,141,1061,2,3,3,233,At Risk,Nikhil Das,Male,35,Bengaluru,Karnataka,South
CUST-05119,7,7637.45,1524.8400000000001,2023-12-23,2024-12-27,7,8,1091.06,19.97,5,375,5,3,2,532,Potential Loyalists,Anand Yadav,Male,47,Kolkata,West Bengal,East
CUST-05120,9,18957.7,8563.58,2022-06-25,2024-10-07,9,16,2106.41,45.17,86,921,2,3,3,233,At Risk,Aarohi Joshi,Female,57,Bengaluru,Karnataka,South
CUST-05121,7,5497.9,1368.27,2023-03-21,2024-01-23,6,9,785.41,24.89,344,652,1,3,1,131,Regular Customers,Rekha Verma,Female,38,Jaipur,Rajasthan,North
CUST-05122,3,9827.05,2913.08,2022-10-26,2024-02-22,3,10,3275.68,29.64,314,798,1,1,2,112,Lost Customers,Divya Nair,Female,26,Kolkata,West Bengal,East
CUST-05123,14,35750.799999999996,8398.37,2022-09-05,2024-11-25,14,20,2553.63,23.49,37,849,4,4,4,444,Champions,Sunita Rao,Female,50,Mumbai,Maharashtra,West
CUST-05124,12,10719.1,3950.3199999999997,2023-04-11,2024-12-20,12,14,893.26,36.85,12,631,5,4,2,542,Regular Customers,Aanya Saxena,Female,38,Visakhapatnam,Andhra Pradesh,South
CUST-05125,5,19497.05,5072.92,2023-02-01,2024-04-13,5,9,3899.41,26.02,263,700,1,2,3,123,Lost Customers,Tanvi Kaur,Female,51,Hyderabad,Telangana,South
CUST-05126,5,12031.15,5412.37,2022-09-12,2024-11-03,5,5,2406.23,44.99,59,842,3,2,2,322,Regular Customers,Rajesh Saxena,Male,31,Coimbatore,Tamil Nadu,South
CUST-05127,10,22595.15,3501.08,2022-06-20,2024-12-23,9,17,2259.52,15.49,9,926,5,4,3,543,Loyal Customers,Rekha Agarwal,Female,31,Bengaluru,Karnataka,South
CUST-05128,3,4087.2,1470.1100000000001,2022-09-29,2024-10-06,3,3,1362.4,35.97,87,825,2,1,1,211,Lost Customers,Rahul Nair,Male,35,Chennai,Tamil Nadu,South
CUST-05129,9,17003.9,6595.8,2022-08-24,2024-11-10,9,20,1889.32,38.79,52,861,3,3,3,333,Loyal Customers,Krishna Yadav,Male,48,Indore,Madhya Pradesh,Central
CUST-05130,26,50377.9,16797.6,2023-11-03,2024-11-27,25,37,1937.61,33.34,35,425,4,5,5,455,Champions,Deepa Iyengar,Female,18,Kochi,Kerala,South
CUST-05131,20,66026.25,12275.119999999999,2022-06-07,2024-12-16,20,26,3301.31,18.59,16,939,5,5,5,555,Champions,Aarav Choudhury,Male,59,Mumbai,Maharashtra,West
CUST-05132,20,25607.0,9496.85,2024-02-15,2024-12-28,19,28,1280.35,37.09,4,321,5,5,4,554,Champions,Atharv Patel,Male,44,Ahmedabad,Gujarat,West
CUST-05133,3,4627.0,1577.8,2024-04-25,2024-08-12,3,3,1542.33,34.1,142,251,2,1,1,211,Lost Customers,Pooja Saxena,Female,33,Pune,Maharashtra,West
CUST-05134,13,99146.59999999999,12715.93,2024-06-09,2024-08-06,13,19,7626.66,12.83,148,206,2,4,5,245,At Risk,Ananya Menon,Female,42,Pune,Maharashtra,West
CUST-05135,4,13088.6,2836.77,2022-12-05,2024-03-12,4,6,3272.15,21.67,295,758,1,1,2,112,Lost Customers,Aanya Kaur,Female,33,Coimbatore,Tamil Nadu,South
CUST-05136,20,26249.25,7658.17,2022-10-05,2024-10-20,20,39,1312.46,29.17,73,819,3,5,4,354,Loyal Customers,Rajesh Singh,Male,34,Kolkata,West Bengal,East
CUST-05137,13,64629.65,15039.41,2022-04-08,2024-12-15,13,18,4971.51,23.27,17,999,5,4,5,545,Champions,Khushi Patel,Female,35,Delhi,Delhi,North
CUST-05138,5,3147.65,1211.89,2023-01-19,2024-12-21,5,7,629.53,38.5,11,713,5,2,1,521,Potential Loyalists,Gauri Choudhury,Female,30,Ahmedabad,Gujarat,West
CUST-05139,4,2012.1,724.23,2024-05-03,2024-10-07,4,4,503.02,35.99,86,243,2,1,1,211,Lost Customers,Amit Shah,Male,54,Ahmedabad,Gujarat,West
CUST-05140,13,25903.5,10450.24,2023-03-20,2024-11-29,13,20,1992.58,40.34,33,653,4,4,4,444,Champions,Deepak Malhotra,Male,29,Coimbatore,Tamil Nadu,South
CUST-05141,3,7508.8,2519.68,2023-09-27,2024-04-06,3,3,2502.93,33.56,270,462,1,1,2,112,Lost Customers,Anita Bhatia,Female,24,Surat,Gujarat,West
CUST-05142,7,46308.799999999996,51.940000000000055,2023-07-23,2024-04-09,7,8,6615.54,0.11,267,528,1,3,5,135,At Risk,Deepak Mukherjee,Male,33,Kolkata,West Bengal,East
CUST-05143,5,41204.100000000006,7664.15,2022-08-19,2023-09-06,5,5,8240.82,18.6,483,866,1,2,5,125,Lost Customers,Tanvi Tripathi,Female,32,Bengaluru,Karnataka,South
CUST-05144,18,76096.7,25002.95,2022-06-02,2024-12-19,17,34,4227.59,32.86,13,944,5,5,5,555,Champions,Neha Mehta,Female,18,Pune,Maharashtra,West
CUST-05145,5,11589.15,4134.26,2023-04-29,2024-10-25,5,9,2317.83,35.67,68,613,3,2,2,322,Regular Customers,Divya Kaur,Female,36,Chandigarh,Punjab,North
CUST-05146,24,98589.35,20322.77,2022-10-25,2024-11-30,22,39,4107.89,20.61,32,799,4,5,5,455,Champions,Ananya Nair,Female,41,Hyderabad,Telangana,South
CUST-05147,20,36126.5,16074.59,2023-04-17,2024-11-06,18,31,1806.32,44.5,56,625,3,5,4,354,Loyal Customers,Aanya Tripathi,Female,31,Bengaluru,Karnataka,South
CUST-05148,22,39390.65,16758.97,2022-03-03,2024-12-05,21,39,1790.48,42.55,27,1035,4,5,5,455,Champions,Anand Gupta,Male,42,Chennai,Tamil Nadu,South
CUST-05149,9,6894.1,2780.3199999999997,2023-11-08,2024-10-30,9,11,766.01,40.33,63,420,3,3,1,331,Regular Customers,Ramesh Choudhury,Male,18,Pune,Maharashtra,West
CUST-05150,7,9812.2,4168.03,2022-02-17,2024-06-08,7,7,1401.74,42.48,207,1049,1,3,2,132,Regular Customers,Shaurya Nair,Male,20,Ahmedabad,Gujarat,West
CUST-05151,17,69381.55,16458.2,2023-04-22,2024-11-11,17,23,4081.27,23.72,51,620,3,5,5,355,Loyal Customers,Pooja Yadav,Female,34,Mumbai,Maharashtra,West
CUST-05152,15,42956.75,15279.01,2023-12-17,2024-11-26,15,29,2863.78,35.57,36,381,4,5,5,455,Champions,Tanvi Yadav,Female,38,Lucknow,Uttar Pradesh,North
CUST-05153,5,10107.300000000001,4509.4,2022-05-23,2024-12-05,5,6,2021.46,44.62,27,954,4,2,2,422,Potential Loyalists,Aarav Agarwal,Male,34,Lucknow,Uttar Pradesh,North
CUST-05154,12,20136.2,7301.929999999999,2022-02-18,2024-12-23,12,17,1678.02,36.26,9,1048,5,4,3,543,Loyal Customers,Saanvi Mishra,Female,43,Bhopal,Madhya Pradesh,Central
CUST-05155,7,9602.9,3476.0499999999997,2023-05-07,2024-11-14,7,9,1371.84,36.2,48,605,3,3,2,332,Regular Customers,Meera Choudhury,Female,32,Surat,Gujarat,West
CUST-05156,3,3759.05,804.01,2024-05-18,2024-06-06,3,4,1253.02,21.39,209,228,1,1,1,111,Lost Customers,Ananya Pandey,Female,38,Mumbai,Maharashtra,West
CUST-05157,5,5710.2,2278.8100000000004,2023-02-17,2024-06-14,5,9,1142.04,39.91,201,684,1,2,1,121,Lost Customers,Saanvi Patel,Female,39,Hyderabad,Telangana,South
CUST-05158,5,7244.1,2828.58,2023-10-20,2024-11-27,5,6,1448.82,39.05,35,439,4,2,1,421,Potential Loyalists,Divya Das,Female,36,Mumbai,Maharashtra,West
CUST-05159,6,11430.85,3159.67,2024-05-19,2024-11-16,6,8,1905.14,27.64,46,227,4,2,2,422,Potential Loyalists,Ishaan Pandey,Male,33,Kochi,Kerala,South
CUST-05160,21,46807.6,14000.27,2023-05-04,2024-11-30,21,29,2228.93,29.91,32,608,4,5,5,455,Champions,Anand Agarwal,Male,25,Kolkata,West Bengal,East
CUST-05161,4,8804.8,4363.12,2022-06-29,2024-10-15,4,5,2201.2,49.55,78,917,2,1,2,212,Lost Customers,Pranav Mukherjee,Male,33,Mumbai,Maharashtra,West
CUST-05162,10,31669.1,11309.88,2022-12-17,2024-11-23,10,16,3166.91,35.71,39,746,4,4,4,444,Champions,Neha Mishra,Female,21,Mumbai,Maharashtra,West
CUST-05163,12,10452.599999999999,3940.21,2022-10-10,2024-01-12,12,12,871.05,37.7,355,814,1,4,2,142,Regular Customers,Vivaan Gupta,Male,57,Mumbai,Maharashtra,West
CUST-05164,17,31503.45,11886.980000000001,2023-12-15,2024-11-23,15,27,1853.14,37.73,39,383,4,5,4,454,Champions,Anita Malhotra,Female,46,Kochi,Kerala,South
CUST-05165,5,12748.449999999999,6213.92,2023-04-03,2024-11-13,5,8,2549.69,48.74,49,639,3,2,2,322,Regular Customers,Priyanka Joshi,Female,35,Jaipur,Rajasthan,North
CUST-05166,9,9870.1,4709.08,2023-03-31,2024-07-07,9,11,1096.68,47.71,178,642,1,3,2,132,Regular Customers,Ayaan Patel,Male,21,Patna,Bihar,East
CUST-05167,17,61865.0,4494.08,2022-06-05,2024-11-08,17,20,3639.12,7.26,54,941,3,5,5,355,Loyal Customers,Meera Pandey,Female,36,Chandigarh,Punjab,North
CUST-05168,5,23942.7,6187.78,2022-06-11,2024-10-16,5,6,4788.54,25.84,77,935,2,2,4,224,Lost Customers,Sunita Pillai,Female,36,Jaipur,Rajasthan,North
CUST-05169,13,30088.8,8807.789999999999,2022-04-08,2024-10-21,13,22,2314.52,29.27,72,999,3,4,4,344,Loyal Customers,Tanvi Saxena,Female,19,Hyderabad,Telangana,South
CUST-05170,7,9795.75,3214.95,2022-08-13,2024-12-01,7,12,1399.39,32.82,31,872,4,3,2,432,Potential Loyalists,Pooja Bhatia,Female,46,Mumbai,Maharashtra,West
CUST-05171,10,25070.699999999997,7859.1,2022-12-12,2024-12-15,10,13,2507.07,31.35,17,751,5,4,4,544,Champions,Kavya Reddy,Female,33,Guwahati,Assam,East
CUST-05172,20,148306.15,34094.689999999995,2022-04-08,2024-12-04,20,28,7415.31,22.99,28,999,4,5,5,455,Champions,Aadhya Shah,Female,33,Mumbai,Maharashtra,West
CUST-05173,7,36217.899999999994,8914.119999999999,2022-10-10,2024-10-05,7,9,5173.99,24.61,88,814,2,3,4,234,At Risk,Rekha Dutta,Female,28,Bengaluru,Karnataka,South
CUST-05174,18,84500.9,21562.36,2022-03-10,2024-08-02,17,25,4694.49,25.52,152,1028,2,5,5,255,At Risk,Vikram Pillai,Male,18,Chennai,Tamil Nadu,South
CUST-05175,3,2328.6499999999996,1103.23,2022-12-27,2024-05-18,3,3,776.22,47.38,228,736,1,1,1,111,Lost Customers,Manish Sharma,Male,45,Bengaluru,Karnataka,South
CUST-05176,10,18632.25,7031.62,2023-05-30,2024-12-03,9,12,1863.22,37.74,29,582,4,4,3,443,Loyal Customers,Varun Nair,Male,38,Jaipur,Rajasthan,North
CUST-05177,3,1607.0,737.98,2022-06-25,2024-08-31,3,3,535.67,45.92,123,921,2,1,1,211,Lost Customers,Anita Dutta,Female,33,Ahmedabad,Gujarat,West
CUST-05178,6,8768.1,3118.94,2022-12-09,2024-09-11,6,9,1461.35,35.57,112,754,2,2,2,222,Lost Customers,Vihaan Malhotra,Male,45,Chennai,Tamil Nadu,South
CUST-05179,15,27490.1,10245.95,2022-02-21,2024-12-26,15,20,1832.67,37.27,6,1045,5,5,4,554,Champions,Gaurav Sharma,Male,33,Kochi,Kerala,South
CUST-05180,13,24247.45,8620.800000000001,2023-12-09,2024-08-07,13,21,1865.19,35.55,147,389,2,4,4,244,At Risk,Rekha Verma,Female,18,Pune,Maharashtra,West
CUST-05181,19,20127.15,8218.9,2023-03-28,2024-11-28,18,26,1059.32,40.83,34,645,4,5,3,453,Loyal Customers,Navya Nair,Female,37,Pune,Maharashtra,West
CUST-05182,8,9582.150000000001,2777.81,2022-03-06,2024-11-13,8,10,1197.77,28.99,49,1032,3,3,2,332,Regular Customers,Aditya Pandey,Male,32,Bengaluru,Karnataka,South
CUST-05183,9,22104.65,7505.6900000000005,2022-02-10,2024-10-10,9,16,2456.07,33.96,83,1056,2,3,3,233,At Risk,Swati Menon,Female,30,Kochi,Kerala,South
CUST-05184,22,63502.55,16957.120000000003,2022-07-29,2024-10-27,22,34,2886.48,26.7,66,887,3,5,5,355,Loyal Customers,Tanvi Mehta,Female,33,Jaipur,Rajasthan,North
CUST-05185,23,68136.1,29433.25,2022-06-26,2024-11-30,22,36,2962.44,43.2,32,920,4,5,5,455,Champions,Nikhil Mehta,Male,39,Patna,Bihar,East
CUST-05186,5,8996.5,3579.72,2023-06-09,2024-06-23,5,10,1799.3,39.79,192,572,1,2,2,122,Lost Customers,Atharv Verma,Male,31,Delhi,Delhi,North
CUST-05187,9,15473.75,6571.83,2024-03-29,2024-11-06,9,14,1719.31,42.47,56,278,3,3,3,333,Loyal Customers,Sai Pillai,Male,48,Nagpur,Maharashtra,West
CUST-05188,8,11865.65,4684.45,2023-09-23,2024-11-16,8,12,1483.21,39.48,46,466,4,3,2,432,Potential Loyalists,Manish Yadav,Male,21,Mumbai,Maharashtra,West
CUST-05189,19,86466.75,21817.9,2022-05-17,2024-12-14,19,28,4550.88,25.23,18,960,5,5,5,555,Champions,Anjali Singh,Female,38,Delhi,Delhi,North
CUST-05190,5,7214.5,2872.22,2022-08-04,2024-10-20,5,9,1442.9,39.81,73,881,3,2,1,321,Regular Customers,Amit Pandey,Male,34,Kolkata,West Bengal,East
CUST-05191,3,5617.7,1880.39,2022-08-22,2024-11-22,3,3,1872.57,33.47,40,863,4,1,1,411,New Customers,Vivaan Malhotra,Male,36,Kochi,Kerala,South
CUST-05192,20,32472.7,11469.86,2023-12-20,2024-12-11,19,33,1623.64,35.32,21,378,5,5,4,554,Champions,Anjali Sharma,Female,31,Delhi,Delhi,North
CUST-05193,5,8858.45,1555.44,2023-11-06,2024-09-22,5,9,1771.69,17.56,101,422,2,2,2,222,Lost Customers,Sunita Mehta,Female,27,Surat,Gujarat,West
CUST-05194,15,93356.09999999999,11487.59,2024-02-03,2024-11-19,15,21,6223.74,12.31,43,333,4,5,5,455,Champions,Rahul Yadav,Male,50,Bengaluru,Karnataka,South
CUST-05195,8,7536.85,2716.11,2023-04-22,2024-10-08,8,11,942.11,36.04,85,620,2,3,2,232,Regular Customers,Amit Bhatia,Male,38,Bengaluru,Karnataka,South
CUST-05196,17,34032.6,12591.210000000001,2023-02-10,2024-09-06,17,25,2001.92,37.0,117,691,2,5,4,254,At Risk,Ayaan Singh,Male,46,Mumbai,Maharashtra,West
CUST-05197,9,20214.3,8199.779999999999,2022-12-14,2024-10-31,9,13,2246.03,40.56,62,749,3,3,3,333,Loyal Customers,Vihaan Verma,Male,18,Bengaluru,Karnataka,South
CUST-05198,10,12798.75,4366.16,2022-08-08,2024-12-19,10,12,1279.88,34.11,13,877,5,4,2,542,Regular Customers,Riya Das,Female,29,Kolkata,West Bengal,East
CUST-05199,19,31520.95,9847.49,2023-01-27,2024-11-11,19,32,1659.0,31.24,51,705,3,5,4,354,Loyal Customers,Aanya Iyengar,Female,31,Kolkata,West Bengal,East
CUST-05200,13,18495.3,5382.99,2022-09-06,2024-12-28,13,18,1422.72,29.1,4,848,5,4,3,543,Loyal Customers,Suresh Das,Male,29,Delhi,Delhi,North
