product_id,Total_Orders,Total_Quantity,Total_Revenue,Total_Cost,Total_Profit,Returned_Orders,Cancelled_Orders,Profit_Margin_%,Return_Rate_%,Cancellation_Rate_%,product_name,category,subcategory,brand,cost_price,selling_price,supplier,stock_quantity,profit_margin_percentage,Cum_Revenue,Cum_Revenue_Pct,Product_Rank,Cum_Product_Pct,Portfolio_Segment
PROD-0382,15,30,1864834.65,1578008.4,286826.25,1,1,15.38,6.67,6.67,Hp Accessories Prime,Electronics,Accessories,Hp,52600.28,65779.0,Metro Gadget Hub,139,20.03,1864834.65,1.38,1,0.18,"Volume Driver (High Rev, Low Margin)"
PROD-0451,17,28,1630248.15,1488610.48,141637.67,2,3,8.69,11.76,17.65,Noise Smartwatches Elite,Electronics,Smartwatches,Noise,53164.66,61869.0,Apex Electronics Ltd,463,14.07,3495082.8,2.59,2,0.36,"Volume Driver (High Rev, Low Margin)"
PROD-0415,23,32,1545002.55,1345160.0,199842.55,1,2,12.93,4.35,8.7,Dell Audio & Headphones Classic,Electronics,Audio & Headphones,Dell,42036.25,50739.0,Metro Gadget Hub,91,17.15,5040085.35,3.74,3,0.55,"Volume Driver (High Rev, Low Margin)"
PROD-0180,24,36,1364420.85,1241364.2399999998,123056.61,0,3,9.02,0.0,12.5,Sony Accessories Prime,Electronics,Accessories,Sony,34482.34,41159.0,Zenith Tech Distribution,82,16.22,6404506.199999999,4.75,4,0.73,"Volume Driver (High Rev, Low Margin)"
PROD-0369,30,43,1282919.4,1039110.0499999999,243809.35,4,4,19.0,13.33,13.33,Noise Smartphones Classic,Electronics,Smartphones,Noise,24165.35,31599.0,Zenith Tech Distribution,274,23.52,7687425.6,5.7,5,0.91,"Volume Driver (High Rev, Low Margin)"
PROD-0090,38,66,1169313.6,1022246.28,147067.32,3,1,12.58,7.89,2.63,Samsung Cameras Classic,Electronics,Cameras,Samsung,15488.58,18739.0,Metro Gadget Hub,504,17.35,8856739.2,6.57,6,1.09,"Volume Driver (High Rev, Low Margin)"
PROD-0330,24,34,1135024.8,952186.66,182838.13999999998,0,1,16.11,0.0,4.17,Realme Smartwatches Prime,Electronics,Smartwatches,Realme,28005.49,36379.0,Metro Gadget Hub,507,23.02,9991764.0,7.41,7,1.27,"Volume Driver (High Rev, Low Margin)"
PROD-0531,17,25,1061359.65,974260.0,87099.65,0,0,8.21,0.0,0.0,Realme Cameras Max,Electronics,Cameras,Realme,38970.4,46449.0,Apex Electronics Ltd,575,16.1,11053123.65,8.2,8,1.45,"Volume Driver (High Rev, Low Margin)"
PROD-0157,15,22,1045186.45,924056.1000000001,121130.35,1,1,11.59,6.67,6.67,Hp Smartphones Elite,Electronics,Smartphones,Hp,42002.55,52129.0,Apex Electronics Ltd,181,19.43,12098310.1,8.98,9,1.64,"Volume Driver (High Rev, Low Margin)"
PROD-0091,16,28,1030287.3,891302.16,138985.14,0,2,13.49,0.0,12.5,Noise Smartphones Classic,Electronics,Smartphones,Noise,31832.22,40089.0,Zenith Tech Distribution,255,20.6,13128597.4,9.74,10,1.82,"Volume Driver (High Rev, Low Margin)"
PROD-0309,12,17,1026527.4,784871.13,241656.27000000002,2,0,23.54,16.67,0.0,Samsung Smartphones Premium,Electronics,Smartphones,Samsung,46168.89,61839.0,Apex Electronics Ltd,323,25.34,14155124.8,10.5,11,2.0,"Volume Driver (High Rev, Low Margin)"
PROD-0132,35,48,1003429.9,836121.6,167308.3,2,3,16.67,5.71,8.57,Realme Cameras Plus,Electronics,Cameras,Realme,17419.2,22249.0,Metro Gadget Hub,436,21.71,15158554.700000001,11.25,12,2.18,"Volume Driver (High Rev, Low Margin)"
PROD-0543,31,47,930264.25,866935.21,63329.04,2,3,6.81,6.45,9.68,Apple Laptops Essentials,Electronics,Laptops,Apple,18445.43,21509.0,Apex Electronics Ltd,524,14.24,16088818.950000001,11.94,13,2.36,"Volume Driver (High Rev, Low Margin)"
PROD-0474,13,17,920944.0,817245.08,103698.92000000001,0,1,11.26,0.0,7.69,Samsung Smartwatches Elite,Electronics,Smartwatches,Samsung,48073.24,57559.0,Apex Electronics Ltd,128,16.48,17009762.950000003,12.62,14,2.55,"Volume Driver (High Rev, Low Margin)"
PROD-0040,25,31,920258.75,795158.99,125099.76,0,4,13.59,0.0,16.0,Sony Smartphones Premium,Electronics,Smartphones,Sony,25650.29,32009.0,Apex Electronics Ltd,250,19.87,17930021.700000003,13.3,15,2.73,"Volume Driver (High Rev, Low Margin)"
PROD-0317,35,55,887337.35,833768.65,53568.7,3,2,6.04,8.57,5.71,Sony Audio & Headphones Plus,Electronics,Audio & Headphones,Sony,15159.43,17519.0,Apex Electronics Ltd,533,13.47,18817359.050000004,13.96,16,2.91,"Volume Driver (High Rev, Low Margin)"
PROD-0453,20,23,876079.95,786123.9,89956.05,1,1,10.27,5.0,5.0,Xiaomi Smartwatches Prime,Electronics,Smartwatches,Xiaomi,34179.3,41619.0,Apex Electronics Ltd,294,17.88,19693439.000000004,14.61,17,3.09,"Volume Driver (High Rev, Low Margin)"
PROD-0120,19,26,834841.35,783430.18,51411.17,1,1,6.16,5.26,5.26,Samsung Audio & Headphones Classic,Electronics,Audio & Headphones,Samsung,30131.93,34569.0,Metro Gadget Hub,497,12.84,20528280.350000005,15.23,18,3.27,"Volume Driver (High Rev, Low Margin)"
PROD-0121,19,30,831012.0,783382.7999999999,47629.2,1,1,5.73,5.26,5.26,Xiaomi Smartwatches Max,Electronics,Smartwatches,Xiaomi,26112.76,29679.0,Metro Gadget Hub,481,12.02,21359292.350000005,15.85,19,3.45,"Volume Driver (High Rev, Low Margin)"
PROD-0445,31,43,822376.8,673539.96,148836.84,3,2,18.1,9.68,6.45,Noise Cameras Essentials,Electronics,Cameras,Noise,15663.72,20979.0,Zenith Tech Distribution,133,25.34,22181669.150000006,16.46,20,3.64,"Volume Driver (High Rev, Low Margin)"
PROD-0052,18,25,798958.1,663810.75,135147.35,1,0,16.92,5.56,0.0,Xiaomi Smartwatches Premium,Electronics,Smartwatches,Xiaomi,26552.43,34889.0,Apex Electronics Ltd,461,23.89,22980627.250000007,17.05,21,3.82,"Volume Driver (High Rev, Low Margin)"
PROD-0436,38,49,772985.15,673366.33,99618.81999999999,4,2,12.89,10.53,5.26,Oneplus Accessories Classic,Electronics,Accessories,Oneplus,13742.17,16859.0,Zenith Tech Distribution,452,18.49,23753612.400000006,17.63,22,4.0,"Volume Driver (High Rev, Low Margin)"
PROD-0218,15,24,772393.05,666549.36,105843.69,3,0,13.7,20.0,0.0,Sony Smartphones Plus,Electronics,Smartphones,Sony,27772.89,36009.0,Apex Electronics Ltd,427,22.87,24526005.450000007,18.2,23,4.18,"Volume Driver (High Rev, Low Margin)"
PROD-0425,31,41,753065.1,657572.76,95492.34,1,1,12.68,3.23,3.23,Dell Accessories Elite,Electronics,Accessories,Dell,16038.36,19359.0,Apex Electronics Ltd,434,17.15,25279070.55000001,18.76,24,4.36,"Volume Driver (High Rev, Low Margin)"
PROD-0077,29,38,750378.2999999999,655291.76,95086.54000000001,3,2,12.67,10.34,6.9,Xiaomi Accessories Max,Electronics,Accessories,Xiaomi,17244.52,21019.0,Metro Gadget Hub,130,17.96,26029448.85000001,19.31,25,4.55,"Volume Driver (High Rev, Low Margin)"
PROD-0251,19,27,738519.2,635311.08,103208.12,1,2,13.98,5.26,10.53,Xiaomi Smartwatches Essentials,Electronics,Smartwatches,Xiaomi,23530.04,29779.0,Zenith Tech Distribution,26,20.98,26767968.05000001,19.86,26,4.73,"Volume Driver (High Rev, Low Margin)"
PROD-0140,21,27,721239.6,594312.66,126926.94,2,0,17.6,9.52,0.0,Realme Smartphones Ultra,Electronics,Smartphones,Realme,22011.58,29559.0,Zenith Tech Distribution,274,25.53,27489207.65000001,20.4,27,4.91,"Volume Driver (High Rev, Low Margin)"
PROD-0143,33,44,720419.25,655272.2,65147.049999999996,3,2,9.04,9.09,6.06,Apple Smartphones Classic,Electronics,Smartphones,Apple,14892.55,17679.0,Metro Gadget Hub,465,15.76,28209626.90000001,20.93,28,5.09,"Volume Driver (High Rev, Low Margin)"
PROD-0237,25,39,712741.95,681359.6399999999,31382.309999999998,2,1,4.4,8.0,4.0,Apple Laptops Prime,Electronics,Laptops,Apple,17470.76,20049.0,Zenith Tech Distribution,202,12.86,28922368.85000001,21.46,29,5.27,"Volume Driver (High Rev, Low Margin)"
PROD-0101,20,27,700902.15,571251.6900000001,129650.45999999999,1,0,18.5,5.0,0.0,Dell Smartphones Pro,Electronics,Smartphones,Dell,21157.47,27649.0,Zenith Tech Distribution,154,23.48,29623271.000000007,21.98,30,5.45,"Volume Driver (High Rev, Low Margin)"
PROD-0153,18,30,690432.05,592981.5,97450.55,3,3,14.11,16.67,16.67,Boat Accessories Elite,Electronics,Accessories,Boat,19766.05,25619.0,Metro Gadget Hub,541,22.85,30313703.05000001,22.49,31,5.64,"Volume Driver (High Rev, Low Margin)"
PROD-0266,28,42,658467.95,532614.6,125853.34999999999,3,2,19.11,10.71,7.14,Samsung Audio & Headphones Prime,Electronics,Audio & Headphones,Samsung,12681.3,16649.0,Metro Gadget Hub,304,23.83,30972171.000000007,22.98,32,5.82,"Volume Driver (High Rev, Low Margin)"
PROD-0279,48,66,652703.95,569239.4400000001,83464.51000000001,4,2,12.79,8.33,4.17,Oneplus Audio & Headphones Max,Electronics,Audio & Headphones,Oneplus,8624.84,10519.0,Apex Electronics Ltd,269,18.01,31624874.950000007,23.47,33,6.0,"Volume Driver (High Rev, Low Margin)"
PROD-0377,14,18,627982.65,533287.7999999999,94694.84999999999,1,3,15.08,7.14,21.43,Apple Laptops Max,Electronics,Laptops,Apple,29627.1,37269.0,Apex Electronics Ltd,60,20.5,32252857.600000005,23.93,34,6.18,"Volume Driver (High Rev, Low Margin)"
PROD-0049,29,36,616042.35,477014.04,139028.31,2,0,22.57,6.9,0.0,Apple Accessories Premium,Electronics,Accessories,Apple,13250.39,17779.0,Apex Electronics Ltd,477,25.47,32868899.950000007,24.39,35,6.36,"Volume Driver (High Rev, Low Margin)"
PROD-0410,9,15,604426.2,493961.4,110464.8,0,1,18.28,0.0,11.11,Dell Laptops Ultra,Electronics,Laptops,Dell,32930.76,43799.0,Apex Electronics Ltd,95,24.81,33473326.150000006,24.84,36,6.55,"Volume Driver (High Rev, Low Margin)"
PROD-0263,55,90,596132.55,500539.5,95593.05,6,2,16.04,10.91,3.64,Boat Cameras Essentials,Electronics,Cameras,Boat,5561.55,7059.0,Apex Electronics Ltd,305,21.21,34069458.7,25.28,37,6.73,"Volume Driver (High Rev, Low Margin)"
PROD-0343,23,28,593573.5,504577.08,88996.42,1,2,14.99,4.35,8.7,Hp Audio & Headphones Classic,Electronics,Audio & Headphones,Hp,18020.61,22399.0,Zenith Tech Distribution,216,19.55,34663032.2,25.72,38,6.91,"Volume Driver (High Rev, Low Margin)"
PROD-0099,49,67,575056.8,509803.67,65253.130000000005,6,1,11.35,12.24,2.04,Sony Audio & Headphones Premium,Electronics,Audio & Headphones,Sony,7609.01,9099.0,Metro Gadget Hub,309,16.38,35238089.0,26.15,39,7.09,"Volume Driver (High Rev, Low Margin)"
PROD-0094,43,58,572297.8,470500.64,101797.16,2,3,17.79,4.65,6.98,Samsung Smartwatches Premium,Electronics,Smartwatches,Samsung,8112.08,10559.0,Zenith Tech Distribution,533,23.17,35810386.8,26.57,40,7.27,"Volume Driver (High Rev, Low Margin)"
PROD-0213,20,27,571542.3,501412.68,70129.62,2,0,12.27,10.0,0.0,Boat Audio & Headphones Classic,Electronics,Audio & Headphones,Boat,18570.84,22239.0,Zenith Tech Distribution,131,16.49,36381929.099999994,27.0,41,7.45,"Volume Driver (High Rev, Low Margin)"
PROD-0537,59,101,566968.55,370012.49,196956.06,5,4,34.74,8.47,6.78,Biba Women'S Wear Ultra,Fashion,Women'S Wear,Biba,3663.49,5909.0,Vibrant Textiles Corp,105,38.0,36948897.64999999,27.42,42,7.64,"Star (High Rev, High Margin)"
PROD-0429,39,51,562546.75,461564.28,100982.47,5,1,17.95,12.82,2.56,Samsung Smartphones Essentials,Electronics,Smartphones,Samsung,9050.28,11659.0,Apex Electronics Ltd,547,22.38,37511444.39999999,27.83,43,7.82,"Volume Driver (High Rev, Low Margin)"
PROD-0087,46,69,552687.45,481065.93,71621.52,9,3,12.96,19.57,6.52,Oneplus Accessories Max,Electronics,Accessories,Oneplus,6971.97,8629.0,Zenith Tech Distribution,51,19.2,38064131.849999994,28.24,44,8.0,"Volume Driver (High Rev, Low Margin)"
PROD-0281,29,42,551896.8,500293.08,51603.72,2,1,9.35,6.9,3.45,Dell Accessories Plus,Electronics,Accessories,Dell,11911.74,14079.0,Apex Electronics Ltd,233,15.39,38616028.64999999,28.65,45,8.18,"Volume Driver (High Rev, Low Margin)"
PROD-0085,17,20,548962.55,463895.6,85066.95000000001,2,0,15.5,11.76,0.0,Boat Smartphones Essentials,Electronics,Smartphones,Boat,23194.78,28969.0,Zenith Tech Distribution,339,19.93,39164991.19999999,29.06,46,8.36,"Volume Driver (High Rev, Low Margin)"
PROD-0272,26,39,541655.1,438590.1,103065.0,3,1,19.03,11.54,3.85,Realme Audio & Headphones Prime,Electronics,Audio & Headphones,Realme,11245.9,14679.0,Apex Electronics Ltd,296,23.39,39706646.29999999,29.46,47,8.55,"Volume Driver (High Rev, Low Margin)"
PROD-0471,49,71,519226.1,480082.12,39143.98,1,0,7.54,2.04,0.0,Oneplus Accessories Classic,Electronics,Accessories,Oneplus,6761.72,7879.0,Metro Gadget Hub,15,14.18,40225872.39999999,29.85,48,8.73,"Volume Driver (High Rev, Low Margin)"
PROD-0516,50,69,515538.45,438431.52,77106.93000000001,6,4,14.96,12.0,8.0,Apple Accessories Elite,Electronics,Accessories,Apple,6354.08,8049.0,Zenith Tech Distribution,377,21.06,40741410.849999994,30.23,49,8.91,"Volume Driver (High Rev, Low Margin)"
PROD-0423,35,51,508563.45,431964.38999999996,76599.06,1,1,15.06,2.86,2.86,Apple Cameras Elite,Electronics,Cameras,Apple,8469.89,10809.0,Apex Electronics Ltd,523,21.64,41249974.3,30.61,50,9.09,"Volume Driver (High Rev, Low Margin)"
PROD-0081,62,92,508533.5,351439.07999999996,157094.42,5,2,30.89,8.06,3.23,Puma Ethnic Wear Elite,Fashion,Ethnic Wear,Puma,3819.99,5879.0,Vibrant Textiles Corp,315,35.02,41758507.8,30.98,51,9.27,"Volume Driver (High Rev, Low Margin)"
PROD-0141,29,46,507302.6,333257.12,174045.47999999998,1,1,34.31,3.45,3.45,Domyos Racket Sports Premium,Sports,Racket Sports,Domyos,7244.72,11689.0,Fitnation Logistics,134,38.02,42265810.4,31.36,52,9.45,"Star (High Rev, High Margin)"
PROD-0346,17,25,503946.45,456789.75,47156.7,1,2,9.36,5.88,11.76,Realme Accessories Max,Electronics,Accessories,Realme,18271.59,21399.0,Metro Gadget Hub,476,14.61,42769756.85,31.74,53,9.64,"Volume Driver (High Rev, Low Margin)"
PROD-0320,54,77,497072.95,398224.75,98848.2,2,5,19.89,3.7,9.26,Apple Accessories Elite,Electronics,Accessories,Apple,5171.75,6899.0,Zenith Tech Distribution,311,25.04,43266829.800000004,32.1,54,9.82,"Volume Driver (High Rev, Low Margin)"
PROD-0126,30,40,493737.9,453996.4,39741.5,2,2,8.05,6.67,6.67,Hp Cameras Series 5,Electronics,Cameras,Hp,11349.91,12959.0,Zenith Tech Distribution,261,12.42,43760567.7,32.47,55,10.0,"Volume Driver (High Rev, Low Margin)"
PROD-0477,60,91,493687.45,226164.12000000002,267523.33,2,3,54.19,3.33,5.0,Peter England Men'S Wear Pro,Fashion,Men'S Wear,Peter England,2485.32,5839.0,Royal Garments Supply,519,57.44,44254255.150000006,32.84,56,10.18,"Star (High Rev, High Margin)"
PROD-0284,52,86,479729.6,418088.13999999996,61641.46,4,2,12.85,7.69,3.85,Oneplus Cameras Elite,Electronics,Cameras,Oneplus,4861.49,6119.0,Zenith Tech Distribution,37,20.55,44733984.75000001,33.19,57,10.36,"Volume Driver (High Rev, Low Margin)"
PROD-0022,35,53,459068.65,288260.64,170808.01,2,1,37.21,5.71,2.86,Kiprun Outdoor Gear Premium,Sports,Outdoor Gear,Kiprun,5438.88,9209.0,Fitnation Logistics,463,40.94,45193053.400000006,33.53,58,10.55,"Star (High Rev, High Margin)"
PROD-0050,77,116,458254.65,196124.68,262129.97,9,2,57.2,11.69,2.6,Raymond Footwear Premium,Fashion,Footwear,Raymond,1690.73,4249.0,Vibrant Textiles Corp,80,60.21,45651308.050000004,33.87,59,10.73,"Star (High Rev, High Margin)"
PROD-0528,36,59,457815.75,391274.43000000005,66541.32,1,1,14.53,2.78,2.78,Hp Cameras Essentials,Electronics,Cameras,Hp,6631.77,8439.0,Metro Gadget Hub,186,21.42,46109123.800000004,34.21,60,10.91,"Volume Driver (High Rev, Low Margin)"
PROD-0427,47,69,457121.2,390374.4,66746.8,3,2,14.6,6.38,4.26,Noise Laptops Classic,Electronics,Laptops,Noise,5657.6,7279.0,Zenith Tech Distribution,530,22.28,46566245.00000001,34.55,61,11.09,"Volume Driver (High Rev, Low Margin)"
PROD-0041,45,66,455397.7,279709.98,175687.72,4,3,38.58,8.89,6.67,Spaces Storage & Org Premium,Home & Kitchen,Storage & Org,Spaces,4238.03,7429.0,Urban Living Goods,271,42.95,47021642.70000001,34.89,62,11.27,"Star (High Rev, High Margin)"
PROD-0189,62,98,445497.8,420839.44,24658.36,2,5,5.54,3.23,8.06,Hp Cameras Pro,Electronics,Cameras,Hp,4294.28,4939.0,Zenith Tech Distribution,185,13.05,47467140.50000001,35.22,63,11.45,"Volume Driver (High Rev, Low Margin)"
PROD-0045,32,54,440890.45,313218.9,127671.55,3,2,28.96,9.38,6.25,Yonex Outdoor Gear Series 5,Sports,Outdoor Gear,Yonex,5800.35,8809.0,Olympus Gear,534,34.15,47908030.95000001,35.55,64,11.64,"Volume Driver (High Rev, Low Margin)"
PROD-0491,80,120,439592.4,216775.2,222817.2,5,4,50.69,6.25,5.0,Zudio Ethnic Wear Pro,Fashion,Ethnic Wear,Zudio,1806.46,3939.0,Heritage Weaves,34,54.14,48347623.35000001,35.87,65,11.82,"Star (High Rev, High Margin)"
PROD-0235,53,79,433862.7,265762.32,168100.38,5,6,38.75,9.43,11.32,Levi'S Women'S Wear Ultra,Fashion,Women'S Wear,Levi'S,3364.08,5919.0,Royal Garments Supply,65,43.16,48781486.05000001,36.2,66,12.0,"Star (High Rev, High Margin)"
PROD-0155,46,66,431690.6,380126.33999999997,51564.26,2,2,11.94,4.35,4.35,Samsung Smartphones Pro,Electronics,Smartphones,Samsung,5759.49,6809.0,Apex Electronics Ltd,299,15.41,49213176.65000001,36.52,67,12.18,"Volume Driver (High Rev, Low Margin)"
PROD-0328,70,98,429372.9,359147.46,70225.44,6,3,16.36,8.57,4.29,Xiaomi Audio & Headphones Prime,Electronics,Audio & Headphones,Xiaomi,3664.77,4819.0,Metro Gadget Hub,76,23.95,49642549.55000001,36.83,68,12.36,"Volume Driver (High Rev, Low Margin)"
PROD-0344,27,48,417568.45,380124.0,37444.45,2,1,8.97,7.41,3.7,Oneplus Smartphones Plus,Electronics,Smartphones,Oneplus,7919.25,9269.0,Apex Electronics Ltd,172,14.56,50060118.000000015,37.14,69,12.55,"Volume Driver (High Rev, Low Margin)"
PROD-0469,71,98,413504.1,196821.24000000002,216682.86,10,5,52.4,14.08,7.04,Biba Men'S Wear Pro,Fashion,Men'S Wear,Biba,2008.38,4549.0,Vibrant Textiles Corp,430,55.85,50473622.10000002,37.45,70,12.73,"Star (High Rev, High Margin)"
PROD-0508,77,101,408153.65,371614.35,36539.299999999996,5,4,8.95,6.49,5.19,Xiaomi Smartwatches Plus,Electronics,Smartwatches,Xiaomi,3679.35,4349.0,Zenith Tech Distribution,29,15.4,50881775.750000015,37.75,71,12.91,"Volume Driver (High Rev, Low Margin)"
PROD-0205,34,43,407626.65,276977.19,130649.46,2,3,32.05,5.88,8.82,Yonex Fitness Equipment Prime,Sports,Fitness Equipment,Yonex,6441.33,10359.0,Action Sports Distribution,543,37.82,51289402.40000001,38.06,72,13.09,"Volume Driver (High Rev, Low Margin)"
PROD-0162,57,87,406142.1,164423.91,241718.19,4,2,59.52,7.02,3.51,Zudio Men'S Wear Essentials,Fashion,Men'S Wear,Zudio,1889.93,4959.0,Royal Garments Supply,99,61.89,51695544.500000015,38.36,73,13.27,"Star (High Rev, High Margin)"
PROD-0357,61,100,402541.7,223994.0,178547.7,9,7,44.36,14.75,11.48,Raymond Men'S Wear Essentials,Fashion,Men'S Wear,Raymond,2239.94,4409.0,Royal Garments Supply,532,49.2,52098086.20000002,38.66,74,13.45,"Star (High Rev, High Margin)"
PROD-0002,56,78,394316.1,264763.2,129552.9,9,4,32.86,16.07,7.14,W Kids Wear Max,Fashion,Kids Wear,W,3394.4,5409.0,Royal Garments Supply,214,37.25,52492402.30000002,38.95,75,13.64,"Volume Driver (High Rev, Low Margin)"
PROD-0383,71,107,393923.25,341196.25,52727.0,10,2,13.39,14.08,2.82,Xiaomi Smartphones Ultra,Electronics,Smartphones,Xiaomi,3188.75,3969.0,Apex Electronics Ltd,208,19.66,52886325.55000002,39.24,76,13.82,"Volume Driver (High Rev, Low Margin)"
PROD-0186,61,85,392348.4,263646.2,128702.2,13,4,32.8,21.31,6.56,Puma Men'S Wear Classic,Fashion,Men'S Wear,Puma,3101.72,4929.0,Vibrant Textiles Corp,41,37.07,53278673.95000002,39.53,77,14.0,"Volume Driver (High Rev, Low Margin)"
PROD-0300,50,70,388158.75,238610.4,149548.35,6,6,38.53,12.0,12.0,Puma Kids Wear Pro,Fashion,Kids Wear,Puma,3408.72,5859.0,Royal Garments Supply,128,41.82,53666832.70000002,39.82,78,14.18,"Star (High Rev, High Margin)"
PROD-0285,81,121,384876.1,159922.07,224954.03,7,5,58.45,8.64,6.17,Nike Women'S Wear Ultra,Fashion,Women'S Wear,Nike,1321.67,3409.0,Royal Garments Supply,522,61.23,54051708.80000002,40.11,79,14.36,"Star (High Rev, High Margin)"
PROD-0282,59,87,382736.85,212344.37999999998,170392.47,7,3,44.52,11.86,5.08,Raymond Ethnic Wear Elite,Fashion,Ethnic Wear,Raymond,2440.74,4659.0,Vibrant Textiles Corp,206,47.61,54434445.65000002,40.39,80,14.55,"Star (High Rev, High Margin)"
PROD-0009,80,112,378090.45,189801.92,188288.53,12,4,49.8,15.0,5.0,Nike Kids Wear Essentials,Fashion,Kids Wear,Nike,1694.66,3669.0,Vibrant Textiles Corp,522,53.81,54812536.100000024,40.67,81,14.73,"Star (High Rev, High Margin)"
PROD-0412,66,91,374289.3,249703.08999999997,124586.20999999999,6,7,33.29,9.09,10.61,Peter England Men'S Wear Elite,Fashion,Men'S Wear,Peter England,2743.99,4419.0,Royal Garments Supply,537,37.9,55186825.40000002,40.95,82,14.91,"Volume Driver (High Rev, Low Margin)"
PROD-0489,38,53,369829.15,214863.59,154965.56,2,3,41.9,5.26,7.89,Cello Storage & Org Pro,Home & Kitchen,Storage & Org,Cello,4054.03,7649.0,Homecraft Distributors,385,47.0,55556654.55000002,41.22,83,15.09,"Star (High Rev, High Margin)"
PROD-0221,41,56,367744.85,318094.0,49650.85,6,2,13.5,14.63,4.88,Boat Cameras Essentials,Electronics,Cameras,Boat,5680.25,6919.0,Apex Electronics Ltd,34,17.9,55924399.40000002,41.5,84,15.27,"Volume Driver (High Rev, Low Margin)"
PROD-0055,37,61,366792.5,233786.16,133006.34,0,2,36.26,0.0,5.41,Domyos Fitness Equipment Series 5,Sports,Fitness Equipment,Domyos,3832.56,6379.0,Olympus Gear,340,39.92,56291191.90000002,41.77,85,15.45,"Star (High Rev, High Margin)"
PROD-0020,39,65,365357.7,215366.45,149991.25,7,3,41.05,17.95,7.69,Hawkins Small Appliances Plus,Home & Kitchen,Small Appliances,Hawkins,3313.33,6059.0,Urban Living Goods,282,45.32,56656549.600000024,42.04,86,15.64,"Star (High Rev, High Margin)"
PROD-0278,66,99,360509.85,307221.75,53288.1,7,0,14.78,10.61,0.0,Samsung Smartwatches Max,Electronics,Smartwatches,Samsung,3103.25,3999.0,Metro Gadget Hub,106,22.4,57017059.450000025,42.31,87,15.82,"Volume Driver (High Rev, Low Margin)"
PROD-0253,85,114,359336.9,209428.25999999998,149908.64,14,1,41.72,16.47,1.18,Allen Solly Kids Wear Essentials,Fashion,Kids Wear,Allen Solly,1837.09,3419.0,Royal Garments Supply,342,46.27,57376396.350000024,42.57,88,16.0,"Star (High Rev, High Margin)"
PROD-0319,59,84,357789.15,285411.84,72377.31,7,5,20.23,11.86,8.47,Noise Audio & Headphones Prime,Electronics,Audio & Headphones,Noise,3397.76,4509.0,Zenith Tech Distribution,148,24.64,57734185.50000002,42.84,89,16.18,"Volume Driver (High Rev, Low Margin)"
PROD-0327,63,110,355180.2,232203.4,122976.8,10,4,34.62,15.87,6.35,Fabindia Footwear Elite,Fashion,Footwear,Fabindia,2110.94,3489.0,Vibrant Textiles Corp,530,39.5,58089365.700000025,43.1,90,16.36,"Star (High Rev, High Margin)"
PROD-0128,81,109,354187.35,221387.72,132799.63,8,4,37.49,9.88,4.94,Peter England Winter Wear Essentials,Fashion,Winter Wear,Peter England,2031.08,3519.0,Vibrant Textiles Corp,194,42.28,58443553.05000003,43.37,91,16.55,"Star (High Rev, High Margin)"
PROD-0391,41,58,352133.65,216135.25999999998,135998.39,3,1,38.62,7.32,2.44,Cello Home Decor Premium,Home & Kitchen,Home Decor,Cello,3726.47,6479.0,Urban Living Goods,403,42.48,58795686.700000025,43.63,92,16.73,"Star (High Rev, High Margin)"
PROD-0247,83,116,351570.1,214364.52,137205.58,4,2,39.03,4.82,2.41,L'Oreal Men'S Grooming Series 5,Beauty,Men'S Grooming,L'Oreal,1847.97,3199.0,Divine Botanicals,46,42.23,59147256.80000003,43.89,93,16.91,"Star (High Rev, High Margin)"
PROD-0147,74,111,349247.25,181826.88,167420.37,8,6,47.94,10.81,8.11,W Kids Wear Plus,Fashion,Kids Wear,W,1638.08,3399.0,Heritage Weaves,148,51.81,59496504.05000003,44.15,94,17.09,"Star (High Rev, High Margin)"
PROD-0468,29,38,348467.9,270546.32,77921.58,1,6,22.36,3.45,20.69,Cosco Sports Apparel Essentials,Sports,Sports Apparel,Cosco,7119.64,10219.0,Fitnation Logistics,413,30.33,59844971.950000025,44.41,95,17.27,"Volume Driver (High Rev, Low Margin)"
PROD-0306,79,122,347637.85,316278.89999999997,31358.95,10,5,9.02,12.66,6.33,Sony Smartwatches Prime,Electronics,Smartwatches,Sony,2592.45,3019.0,Apex Electronics Ltd,143,14.13,60192609.80000003,44.66,96,17.45,"Volume Driver (High Rev, Low Margin)"
PROD-0292,68,96,344524.05,214489.91999999998,130034.12999999999,11,4,37.74,16.18,5.88,Peter England Ethnic Wear Classic,Fashion,Ethnic Wear,Peter England,2234.27,3809.0,Heritage Weaves,114,41.34,60537133.850000024,44.92,97,17.64,"Star (High Rev, High Margin)"
PROD-0532,48,70,343873.35,207524.8,136348.55,4,1,39.65,8.33,2.08,Puma Sports Cycling Series 5,Sports,Cycling,Puma Sports,2964.64,5319.0,Action Sports Distribution,506,44.26,60881007.200000025,45.17,98,17.82,"Star (High Rev, High Margin)"
PROD-0507,72,98,342866.3,181944.84,160921.46,6,4,46.93,8.33,5.56,Allen Solly Women'S Wear Series 5,Fashion,Women'S Wear,Allen Solly,1856.58,3739.0,Heritage Weaves,584,50.35,61223873.50000002,45.43,99,18.0,"Star (High Rev, High Margin)"
PROD-0165,34,52,342038.85,219612.63999999998,122426.20999999999,2,1,35.79,5.88,2.94,Bajaj Cookware Max,Home & Kitchen,Cookware,Bajaj,4223.32,6889.0,Homecraft Distributors,486,38.69,61565912.350000024,45.68,100,18.18,"Star (High Rev, High Margin)"
PROD-0409,31,41,341746.39999999997,266166.67,75579.73,1,3,22.12,3.23,9.68,Yonex Outdoor Gear Series 5,Sports,Outdoor Gear,Yonex,6491.87,9089.0,Olympus Gear,587,28.57,61907658.75000002,45.94,101,18.36,"Volume Driver (High Rev, Low Margin)"
PROD-0397,71,115,341598.05,152760.25,188837.80000000002,7,6,55.28,9.86,8.45,Raymond Men'S Wear Premium,Fashion,Men'S Wear,Raymond,1328.35,3209.0,Heritage Weaves,290,58.61,62249256.80000002,46.19,102,18.55,"Star (High Rev, High Margin)"
PROD-0467,45,69,340895.15,209902.83000000002,130992.31999999999,2,3,38.43,4.44,6.67,Spaces Storage & Org Premium,Home & Kitchen,Storage & Org,Spaces,3042.07,5339.0,Homecraft Distributors,34,43.02,62590151.95000002,46.44,103,18.73,"Star (High Rev, High Margin)"
PROD-0275,63,94,340200.45,163818.5,176381.95,9,7,51.85,14.29,11.11,W Kids Wear Premium,Fashion,Kids Wear,W,1742.75,3799.0,Vibrant Textiles Corp,57,54.13,62930352.40000002,46.69,104,18.91,"Star (High Rev, High Margin)"
PROD-0310,88,118,338382.1,179402.47999999998,158979.62,12,5,46.98,13.64,5.68,Puma Women'S Wear Premium,Fashion,Women'S Wear,Puma,1520.36,3079.0,Heritage Weaves,271,50.62,63268734.50000002,46.95,105,19.09,"Star (High Rev, High Margin)"
PROD-0349,54,83,332698.5,232842.38999999998,99856.11,7,4,30.01,12.96,7.41,Allen Solly Women'S Wear Series 5,Fashion,Women'S Wear,Allen Solly,2805.33,4349.0,Vibrant Textiles Corp,566,35.49,63601433.00000002,47.19,106,19.27,"Volume Driver (High Rev, Low Margin)"
PROD-0459,82,125,326870.8,153208.75,173662.05,10,7,53.13,12.2,8.54,Allen Solly Footwear Essentials,Fashion,Footwear,Allen Solly,1225.67,2789.0,Royal Garments Supply,298,56.05,63928303.80000002,47.44,107,19.45,"Star (High Rev, High Margin)"
PROD-0394,18,20,325422.0,267824.8,57597.200000000004,2,2,17.7,11.11,11.11,Oneplus Audio & Headphones Pro,Electronics,Audio & Headphones,Oneplus,13391.24,18079.0,Apex Electronics Ltd,417,25.93,64253725.80000002,47.68,108,19.64,"Volume Driver (High Rev, Low Margin)"
PROD-0256,33,47,324360.5,220188.41999999998,104172.08,1,2,32.12,3.03,6.06,Domyos Fitness Equipment Max,Sports,Fitness Equipment,Domyos,4684.86,7289.0,Olympus Gear,176,35.73,64578086.30000002,47.92,109,19.82,"Volume Driver (High Rev, Low Margin)"
PROD-0193,63,87,322924.95,209270.66999999998,113654.28,10,3,35.2,15.87,4.76,Fabindia Winter Wear Elite,Fashion,Winter Wear,Fabindia,2405.41,4009.0,Royal Garments Supply,282,40.0,64901011.25000002,48.16,110,20.0,"Star (High Rev, High Margin)"
PROD-0033,75,116,318455.1,216706.56,101748.54,9,1,31.95,12.0,1.33,Nike Ethnic Wear Elite,Fashion,Ethnic Wear,Nike,1868.16,2979.0,Vibrant Textiles Corp,567,37.29,65219466.350000024,48.39,111,20.18,"Volume Driver (High Rev, Low Margin)"
PROD-0475,61,87,317283.75,166535.4,150748.35,10,6,47.51,16.39,9.84,Levi'S Footwear Classic,Fashion,Footwear,Levi'S,1914.2,4029.0,Heritage Weaves,370,52.49,65536750.100000024,48.63,112,20.36,"Star (High Rev, High Margin)"
PROD-0479,112,158,316440.25,253092.3,63347.95,7,7,20.02,6.25,6.25,Realme Smartwatches Pro,Electronics,Smartwatches,Realme,1601.85,2149.0,Metro Gadget Hub,377,25.46,65853190.350000024,48.86,113,20.55,"Volume Driver (High Rev, Low Margin)"
PROD-0517,35,57,316058.55,177631.38,138427.16999999998,0,2,43.8,0.0,5.71,Philips Storage & Org Ultra,Home & Kitchen,Storage & Org,Philips,3116.34,5969.0,Homecraft Distributors,488,47.79,66169248.90000002,49.1,114,20.73,"Star (High Rev, High Margin)"
PROD-0179,86,132,314445.6,146153.04,168292.56,8,12,53.52,9.3,13.95,Nykaa Fragrances Premium,Beauty,Fragrances,Nykaa,1107.22,2569.0,Pureglow Cosmetics,213,56.9,66483694.50000002,49.33,115,20.91,"Star (High Rev, High Margin)"
PROD-0428,40,63,313489.15,240468.48,73020.67,2,6,23.29,5.0,15.0,Puma Sports Sports Apparel Elite,Sports,Sports Apparel,Puma Sports,3816.96,5419.0,Olympus Gear,301,29.56,66797183.65000002,49.56,116,21.09,"Volume Driver (High Rev, Low Margin)"
PROD-0098,71,97,311229.5,130955.81999999999,180273.68,9,2,57.92,12.68,2.82,Nike Winter Wear Premium,Fashion,Winter Wear,Nike,1350.06,3439.0,Heritage Weaves,447,60.74,67108413.15000002,49.79,117,21.27,"Star (High Rev, High Margin)"
PROD-0203,76,107,310519.8,133052.36000000002,177467.44,13,2,57.15,17.11,2.63,Levi'S Men'S Wear Prime,Fashion,Men'S Wear,Levi'S,1243.48,3099.0,Vibrant Textiles Corp,582,59.87,67418932.95000002,50.03,118,21.45,"Star (High Rev, High Margin)"
PROD-0295,90,132,307020.6,195897.24,111123.36,14,2,36.19,15.56,2.22,Biba Kids Wear Prime,Fashion,Kids Wear,Biba,1484.07,2529.0,Royal Garments Supply,286,41.32,67725953.55000001,50.25,119,21.64,"Star (High Rev, High Margin)"
PROD-0014,69,106,306668.4,274355.56,32312.84,6,7,10.54,8.7,10.14,Xiaomi Audio & Headphones Max,Electronics,Audio & Headphones,Xiaomi,2588.26,3079.0,Apex Electronics Ltd,456,15.94,68032621.95000002,50.48,120,21.82,"Volume Driver (High Rev, Low Margin)"
PROD-0450,43,65,305048.1,191477.65,113570.45,1,2,37.23,2.33,4.65,Spaces Storage & Org Classic,Home & Kitchen,Storage & Org,Spaces,2945.81,5009.0,Homecraft Distributors,85,41.19,68337670.05000001,50.71,121,22.0,"Star (High Rev, High Margin)"
PROD-0149,35,45,302908.5,188623.80000000002,114284.7,3,4,37.73,8.57,11.43,Yonex Outdoor Gear Pro,Sports,Outdoor Gear,Yonex,4191.64,7299.0,Olympus Gear,576,42.57,68640578.55000001,50.93,122,22.18,"Star (High Rev, High Margin)"
PROD-0438,71,97,302749.6,184335.88999999998,118413.71,7,6,39.11,9.86,8.45,Allen Solly Ethnic Wear Classic,Fashion,Ethnic Wear,Allen Solly,1900.37,3349.0,Heritage Weaves,219,43.26,68943328.15,51.16,123,22.36,"Star (High Rev, High Margin)"
PROD-0106,71,100,302395.85,176165.0,126230.84999999999,8,3,41.74,11.27,4.23,Peter England Footwear Series 5,Fashion,Footwear,Peter England,1761.65,3229.0,Vibrant Textiles Corp,223,45.44,69245724.0,51.38,124,22.55,"Star (High Rev, High Margin)"
PROD-0375,86,124,302033.55,129483.28,172550.27,1,8,57.13,1.16,9.3,Biotique Skincare Premium,Beauty,Skincare,Biotique,1044.22,2639.0,Pureglow Cosmetics,230,60.43,69547757.55,51.6,125,22.73,"Star (High Rev, High Margin)"
PROD-0541,45,64,300798.6,194250.88,106547.72,2,2,35.42,4.44,4.44,Kiprun Fitness Equipment Pro,Sports,Fitness Equipment,Kiprun,3035.17,4899.0,Action Sports Distribution,145,38.05,69848556.14999999,51.83,126,22.91,"Star (High Rev, High Margin)"
PROD-0039,74,120,300201.1,130322.4,169878.7,10,4,56.59,13.51,5.41,W Footwear Classic,Fashion,Footwear,W,1086.02,2659.0,Vibrant Textiles Corp,144,59.16,70148757.24999999,52.05,127,23.09,"Star (High Rev, High Margin)"
PROD-0061,67,91,299879.55,261170.91000000003,38708.64,5,4,12.91,7.46,5.97,Sony Accessories Ultra,Electronics,Accessories,Sony,2870.01,3489.0,Zenith Tech Distribution,272,17.74,70448636.79999998,52.27,128,23.27,"Volume Driver (High Rev, Low Margin)"
PROD-0210,40,50,296376.9,247431.5,48945.4,3,1,16.51,7.5,2.5,Oneplus Smartwatches Pro,Electronics,Smartwatches,Oneplus,4948.63,6429.0,Apex Electronics Ltd,488,23.03,70745013.69999999,52.49,129,23.45,"Volume Driver (High Rev, Low Margin)"
PROD-0003,78,100,296099.3,114914.00000000001,181185.30000000002,4,3,61.19,5.13,3.85,Maybelline Haircare Plus,Beauty,Haircare,Maybelline,1149.14,3229.0,Aura Personal Care,106,64.41,71041112.99999999,52.71,130,23.64,"Star (High Rev, High Margin)"
PROD-0350,53,87,290873.5,184944.6,105928.90000000001,2,2,36.42,3.77,3.77,Philips Bedding & Linen Essentials,Home & Kitchen,Bedding & Linen,Philips,2125.8,3569.0,Homecraft Distributors,377,40.44,71331986.49999999,52.93,131,23.82,"Star (High Rev, High Margin)"
PROD-0527,56,66,290545.3,182811.41999999998,107733.88,9,1,37.08,16.07,1.79,W Kids Wear Premium,Fashion,Kids Wear,W,2769.87,4709.0,Vibrant Textiles Corp,335,41.18,71622531.79999998,53.14,132,24.0,"Star (High Rev, High Margin)"
PROD-0500,78,105,290219.75,190584.44999999998,99635.3,11,4,34.33,14.1,5.13,Peter England Men'S Wear Prime,Fashion,Men'S Wear,Peter England,1815.09,2969.0,Vibrant Textiles Corp,335,38.87,71912751.54999998,53.36,133,24.18,"Star (High Rev, High Margin)"
PROD-0151,88,129,289143.45,190827.12,98316.33,9,5,34.0,10.23,5.68,Peter England Kids Wear Essentials,Fashion,Kids Wear,Peter England,1479.28,2439.0,Heritage Weaves,546,39.35,72201894.99999999,53.57,134,24.36,"Star (High Rev, High Margin)"
PROD-0395,61,87,288909.9,190115.01,98794.89,9,3,34.2,14.75,4.92,Milton Home Decor Max,Home & Kitchen,Home Decor,Milton,2185.23,3519.0,Homecraft Distributors,245,37.9,72490804.89999999,53.79,135,24.55,"Star (High Rev, High Margin)"
PROD-0323,80,111,287824.8,183047.88,104776.92,5,4,36.4,6.25,5.0,Mamaearth Haircare Classic,Beauty,Haircare,Mamaearth,1649.08,2789.0,Pureglow Cosmetics,316,40.87,72778629.69999999,54.0,136,24.73,"Star (High Rev, High Margin)"
PROD-0316,26,31,286872.3,187102.98,99769.32,0,1,34.78,0.0,3.85,Puma Sports Outdoor Gear Premium,Sports,Outdoor Gear,Puma Sports,6035.58,9659.0,Action Sports Distribution,476,37.51,73065501.99999999,54.21,137,24.91,"Star (High Rev, High Margin)"
PROD-0122,102,142,285498.9,147902.94,137595.96,14,7,48.19,13.73,6.86,Biba Women'S Wear Essentials,Fashion,Women'S Wear,Biba,1041.57,2129.0,Royal Garments Supply,490,51.08,73351000.89999999,54.43,138,25.09,"Star (High Rev, High Margin)"
PROD-0435,108,146,284939.6,261042.16,23897.440000000002,10,5,8.39,9.26,4.63,Realme Smartphones Essentials,Electronics,Smartphones,Realme,1787.96,2089.0,Apex Electronics Ltd,126,14.41,73635940.49999999,54.64,139,25.27,"Volume Driver (High Rev, Low Margin)"
PROD-0036,101,150,284880.9,265189.5,19691.4,8,6,6.91,7.92,5.94,Apple Accessories Premium,Electronics,Accessories,Apple,1767.93,2019.0,Apex Electronics Ltd,157,12.44,73920821.39999999,54.85,140,25.45,"Volume Driver (High Rev, Low Margin)"
PROD-0494,87,137,283193.8,166142.64,117051.16,12,5,41.33,13.79,5.75,Allen Solly Footwear Plus,Fashion,Footwear,Allen Solly,1212.72,2209.0,Heritage Weaves,505,45.1,74204015.19999999,55.06,141,25.64,"Star (High Rev, High Margin)"
PROD-0078,52,91,282778.8,128431.03,154347.77,1,7,54.58,1.92,13.46,Zudio Ethnic Wear Classic,Fashion,Ethnic Wear,Zudio,1411.33,3319.0,Royal Garments Supply,63,57.48,74486793.99999999,55.27,142,25.82,"Star (High Rev, High Margin)"
PROD-0504,93,135,280073.85,236943.90000000002,43129.950000000004,5,1,15.4,5.38,1.08,Boat Laptops Elite,Electronics,Laptops,Boat,1755.14,2229.0,Zenith Tech Distribution,112,21.26,74766867.84999998,55.48,143,26.0,"Volume Driver (High Rev, Low Margin)"
PROD-0113,57,85,278147.5,171592.05,106555.45,6,2,38.31,10.53,3.51,Levi'S Footwear Series 5,Fashion,Footwear,Levi'S,2018.73,3589.0,Vibrant Textiles Corp,238,43.75,75045015.34999998,55.68,144,26.18,"Star (High Rev, High Margin)"
PROD-0524,66,102,276710.8,164522.94,112187.86,5,2,40.54,7.58,3.03,Allen Solly Winter Wear Elite,Fashion,Winter Wear,Allen Solly,1612.97,2969.0,Heritage Weaves,594,45.67,75321726.14999998,55.89,145,26.36,"Star (High Rev, High Margin)"
PROD-0345,49,65,275010.6,182720.85,92289.75,2,4,33.56,4.08,8.16,Milton Bedding & Linen Premium,Home & Kitchen,Bedding & Linen,Milton,2811.09,4479.0,Urban Living Goods,518,37.24,75596736.74999997,56.09,146,26.55,"Volume Driver (High Rev, Low Margin)"
PROD-0361,50,72,273608.25,162730.80000000002,110877.45,7,1,40.52,14.0,2.0,Cello Storage & Org Max,Home & Kitchen,Storage & Org,Cello,2260.15,4099.0,Urban Living Goods,501,44.86,75870344.99999997,56.3,147,26.73,"Star (High Rev, High Margin)"
PROD-0365,55,84,272298.55,185585.4,86713.15000000001,3,3,31.84,5.45,5.45,Puma Sports Racket Sports Ultra,Sports,Racket Sports,Puma Sports,2209.35,3449.0,Olympus Gear,566,35.94,76142643.54999997,56.5,148,26.91,"Volume Driver (High Rev, Low Margin)"
PROD-0166,27,35,271874.8,206542.0,65332.8,1,1,24.03,3.7,3.7,Yonex Cycling Classic,Sports,Cycling,Yonex,5901.2,8189.0,Olympus Gear,69,27.94,76414518.34999996,56.7,149,27.09,"Volume Driver (High Rev, Low Margin)"
PROD-0356,57,80,270583.05,114509.59999999999,156073.45,2,1,57.68,3.51,1.75,Titan Bags & Backpacks Max,Accessories,Bags & Backpacks,Titan,1431.37,3659.0,Vanguard Leather Works,542,60.88,76685101.39999996,56.9,150,27.27,"Star (High Rev, High Margin)"
PROD-0170,60,84,269710.65,230167.56,39543.09,2,3,14.66,3.33,5.0,Apple Smartwatches Elite,Electronics,Smartwatches,Apple,2740.09,3399.0,Metro Gadget Hub,556,19.39,76954812.04999997,57.1,151,27.45,"Volume Driver (High Rev, Low Margin)"
PROD-0509,41,56,269557.75,182803.04,86754.70999999999,2,1,32.18,4.88,2.44,Hawkins Small Appliances Prime,Home & Kitchen,Small Appliances,Hawkins,3264.34,5159.0,Homecraft Distributors,417,36.73,77224369.79999997,57.3,152,27.64,"Volume Driver (High Rev, Low Margin)"
PROD-0008,71,92,269523.45,152237.92,117285.53,9,5,43.52,12.68,7.04,Fabindia Ethnic Wear Prime,Fashion,Ethnic Wear,Fabindia,1654.76,3169.0,Vibrant Textiles Corp,258,47.78,77493893.24999997,57.5,153,27.82,"Star (High Rev, High Margin)"
PROD-0530,73,98,269359.35,147463.54,121895.81,8,5,45.25,10.96,6.85,Allen Solly Men'S Wear Plus,Fashion,Men'S Wear,Allen Solly,1504.73,2939.0,Royal Garments Supply,505,48.8,77763252.59999996,57.7,154,28.0,"Star (High Rev, High Margin)"
PROD-0280,81,126,267698.55,247597.56,20100.99,7,6,7.51,8.64,7.41,Realme Audio & Headphones Classic,Electronics,Audio & Headphones,Realme,1965.06,2339.0,Metro Gadget Hub,224,15.99,78030951.14999996,57.9,155,28.18,"Volume Driver (High Rev, Low Margin)"
PROD-0127,44,63,266343.95,174822.48,91521.47,9,0,34.36,20.45,0.0,Spaces Cookware Series 5,Home & Kitchen,Cookware,Spaces,2774.96,4549.0,Homecraft Distributors,201,39.0,78297295.09999996,58.1,156,28.36,"Star (High Rev, High Margin)"
PROD-0219,70,111,265496.25,175109.16,90387.09,17,1,34.04,24.29,1.43,Peter England Women'S Wear Prime,Fashion,Women'S Wear,Peter England,1577.56,2559.0,Royal Garments Supply,418,38.35,78562791.34999996,58.29,157,28.55,"Star (High Rev, High Margin)"
PROD-0054,44,66,263669.15,163635.12000000002,100034.03,3,0,37.94,6.82,0.0,Puma Sports Outdoor Gear Plus,Sports,Outdoor Gear,Puma Sports,2479.32,4369.0,Olympus Gear,520,43.25,78826460.49999997,58.49,158,28.73,"Star (High Rev, High Margin)"
PROD-0406,33,47,262018.75,167018.73,95000.02,4,4,36.26,12.12,12.12,Yonex Racket Sports Elite,Sports,Racket Sports,Yonex,3553.59,5989.0,Action Sports Distribution,479,40.66,79088479.24999997,58.68,159,28.91,"Star (High Rev, High Margin)"
PROD-0325,44,62,261213.05000000002,175989.48,85223.56999999999,7,4,32.63,15.91,9.09,Raymond Footwear Elite,Fashion,Footwear,Raymond,2838.54,4469.0,Vibrant Textiles Corp,83,36.48,79349692.29999997,58.88,160,29.09,"Volume Driver (High Rev, Low Margin)"
PROD-0510,34,44,261206.4,167081.63999999998,94124.76,5,1,36.03,14.71,2.94,Bajaj Bedding & Linen Premium,Home & Kitchen,Bedding & Linen,Bajaj,3797.31,6279.0,Homecraft Distributors,21,39.52,79610898.69999997,59.07,161,29.27,"Star (High Rev, High Margin)"
PROD-0413,94,138,260669.4,238664.1,22005.3,6,10,8.44,6.38,10.64,Oneplus Audio & Headphones Essentials,Electronics,Audio & Headphones,Oneplus,1729.45,2059.0,Zenith Tech Distribution,482,16.01,79871568.09999998,59.27,162,29.45,"Volume Driver (High Rev, Low Margin)"
PROD-0194,55,80,258051.25,150934.4,107116.84999999999,4,2,41.51,7.27,3.64,Prestige Small Appliances Ultra,Home & Kitchen,Small Appliances,Prestige,1886.68,3499.0,Homecraft Distributors,48,46.08,80129619.34999998,59.46,163,29.64,"Star (High Rev, High Margin)"
PROD-0111,51,72,256216.2,189316.08,66900.12,2,2,26.11,3.92,3.92,Philips Bedding & Linen Pro,Home & Kitchen,Bedding & Linen,Philips,2629.39,3779.0,Urban Living Goods,147,30.42,80385835.54999998,59.65,164,29.82,"Volume Driver (High Rev, Low Margin)"
PROD-0387,82,117,255336.3,170342.64,84993.66,10,4,33.29,12.2,4.88,Puma Ethnic Wear Series 5,Fashion,Ethnic Wear,Puma,1455.92,2349.0,Royal Garments Supply,156,38.02,80641171.84999998,59.84,165,30.0,"Volume Driver (High Rev, Low Margin)"
PROD-0244,55,88,255305.85,191076.16,64229.689999999995,8,4,25.16,14.55,7.27,Hawkins Cookware Elite,Home & Kitchen,Cookware,Hawkins,2171.32,3089.0,Homecraft Distributors,600,29.71,80896477.69999997,60.03,166,30.18,"Volume Driver (High Rev, Low Margin)"
PROD-0405,58,80,254277.7,130120.0,124157.7,7,3,48.83,12.07,5.17,Fabindia Kids Wear Pro,Fashion,Kids Wear,Fabindia,1626.5,3469.0,Royal Garments Supply,394,53.11,81150755.39999998,60.21,167,30.36,"Star (High Rev, High Margin)"
PROD-0185,29,39,253859.65,180517.34999999998,73342.3,4,3,28.89,13.79,10.34,Spaces Home Decor Classic,Home & Kitchen,Home Decor,Spaces,4628.65,6889.0,Sterling Kitchenware,232,32.81,81404615.04999998,60.4,168,30.55,"Volume Driver (High Rev, Low Margin)"
PROD-0214,75,110,253532.25,138835.40000000002,114696.85,8,6,45.24,10.67,8.0,Levi'S Winter Wear Pro,Fashion,Winter Wear,Levi'S,1262.14,2529.0,Vibrant Textiles Corp,593,50.09,81658147.29999998,60.59,169,30.73,"Star (High Rev, High Margin)"
PROD-0100,109,155,253471.9,132602.5,120869.4,9,10,47.69,8.26,9.17,W Women'S Wear Ultra,Fashion,Women'S Wear,W,855.5,1759.0,Vibrant Textiles Corp,136,51.36,81911619.19999999,60.78,170,30.91,"Star (High Rev, High Margin)"
PROD-0545,65,82,253096.2,228672.58000000002,24423.62,10,6,9.65,15.38,9.23,Boat Audio & Headphones Classic,Electronics,Audio & Headphones,Boat,2788.69,3339.0,Apex Electronics Ltd,530,16.48,82164715.39999999,60.97,171,31.09,"Volume Driver (High Rev, Low Margin)"
PROD-0544,45,71,251724.6,179855.78,71868.81999999999,0,4,28.55,0.0,8.89,Domyos Outdoor Gear Max,Sports,Outdoor Gear,Domyos,2533.18,3849.0,Action Sports Distribution,264,34.19,82416439.99999999,61.15,172,31.27,"Volume Driver (High Rev, Low Margin)"
PROD-0070,97,142,251142.75,142869.04,108273.71,3,8,43.11,3.09,8.25,Maybelline Fragrances Plus,Beauty,Fragrances,Maybelline,1006.12,1899.0,Divine Botanicals,366,47.02,82667582.74999999,61.34,173,31.45,"Star (High Rev, High Margin)"
PROD-0082,101,145,251128.35,212406.15,38722.2,3,6,15.42,2.97,5.94,Oneplus Smartwatches Elite,Electronics,Smartwatches,Oneplus,1464.87,1879.0,Zenith Tech Distribution,222,22.04,82918711.09999998,61.53,174,31.64,"Volume Driver (High Rev, Low Margin)"
PROD-0083,116,174,250921.05,165437.46,85483.59,9,10,34.07,7.76,8.62,Levi'S Men'S Wear Classic,Fashion,Men'S Wear,Levi'S,950.79,1559.0,Heritage Weaves,389,39.01,83169632.14999998,61.71,175,31.82,"Star (High Rev, High Margin)"
PROD-0539,56,84,250599.15,196480.2,54118.95,7,2,21.6,12.5,3.57,Kiprun Sports Apparel Max,Sports,Sports Apparel,Kiprun,2339.05,3219.0,Olympus Gear,82,27.34,83420231.29999998,61.9,176,32.0,"Volume Driver (High Rev, Low Margin)"
PROD-0088,54,73,248873.9,149863.88999999998,99010.01,4,2,39.78,7.41,3.7,Philips Home Decor Prime,Home & Kitchen,Home Decor,Philips,2052.93,3709.0,Sterling Kitchenware,556,44.65,83669105.19999999,62.08,177,32.18,"Star (High Rev, High Margin)"
PROD-0522,100,139,247998.1,141570.11,106427.99,10,4,42.91,10.0,4.0,Zudio Winter Wear Classic,Fashion,Winter Wear,Zudio,1018.49,1939.0,Heritage Weaves,84,47.47,83917103.29999998,62.27,178,32.36,"Star (High Rev, High Margin)"
PROD-0464,61,87,247426.35,143702.25,103724.1,3,1,41.92,4.92,1.64,Skybags Eyewear Max,Accessories,Eyewear,Skybags,1651.75,3049.0,Prism Lifestyle Supply,58,45.83,84164529.64999998,62.45,179,32.55,"Star (High Rev, High Margin)"
PROD-0493,124,187,246480.3,148734.19,97746.11,8,8,39.66,6.45,6.45,Biotique Skincare Essentials,Beauty,Skincare,Biotique,795.37,1419.0,Divine Botanicals,503,43.95,84411009.94999997,62.63,180,32.73,"Star (High Rev, High Margin)"
PROD-0424,76,114,246410.85,165940.68,80470.17,8,0,32.66,10.53,0.0,Zudio Men'S Wear Pro,Fashion,Men'S Wear,Zudio,1455.62,2289.0,Vibrant Textiles Corp,79,36.41,84657420.79999997,62.82,181,32.91,"Volume Driver (High Rev, Low Margin)"
PROD-0393,66,92,246405.9,176179.08,70226.82,8,4,28.5,12.12,6.06,Yonex Cycling Prime,Sports,Cycling,Yonex,1914.99,2829.0,Olympus Gear,447,32.31,84903826.69999997,63.0,182,33.09,"Volume Driver (High Rev, Low Margin)"
PROD-0231,98,151,246172.05,215570.62,30601.43,8,5,12.43,8.16,5.1,Realme Smartwatches Essentials,Electronics,Smartwatches,Realme,1427.62,1759.0,Metro Gadget Hub,244,18.84,85149998.74999997,63.18,183,33.27,"Volume Driver (High Rev, Low Margin)"
PROD-0096,123,163,245613.85,108703.06999999999,136910.78,5,10,55.74,4.07,8.13,Nykaa Makeup Essentials,Beauty,Makeup,Nykaa,666.89,1609.0,Pureglow Cosmetics,360,58.55,85395612.59999996,63.36,184,33.45,"Star (High Rev, High Margin)"
PROD-0273,82,120,245058.55,158638.8,86419.75,8,6,35.26,9.76,7.32,W Kids Wear Pro,Fashion,Kids Wear,W,1321.99,2189.0,Vibrant Textiles Corp,529,39.61,85640671.14999996,63.55,185,33.64,"Star (High Rev, High Margin)"
PROD-0199,45,63,244591.75,160728.75,83863.0,2,5,34.29,4.44,11.11,Spaces Home Decor Plus,Home & Kitchen,Home Decor,Spaces,2551.25,4199.0,Homecraft Distributors,272,39.24,85885262.89999996,63.73,186,33.82,"Star (High Rev, High Margin)"
PROD-0013,51,65,244338.9,134518.15000000002,109820.75,3,4,44.95,5.88,7.84,Wildcraft Travel Gear Classic,Accessories,Travel Gear,Wildcraft,2069.51,3999.0,Optima Accessories,420,48.25,86129601.79999997,63.91,187,34.0,"Star (High Rev, High Margin)"
PROD-0236,88,128,243728.55,111338.24,132390.31,6,4,54.32,6.82,4.55,Peter England Ethnic Wear Ultra,Fashion,Ethnic Wear,Peter England,869.83,2049.0,Heritage Weaves,269,57.55,86373330.34999996,64.09,188,34.18,"Star (High Rev, High Margin)"
PROD-0426,80,120,243319.30000000002,100987.2,142332.1,6,6,58.5,7.5,7.5,Lakme Makeup Classic,Beauty,Makeup,Lakme,841.56,2159.0,Aura Personal Care,231,61.02,86616649.64999996,64.27,189,34.36,"Star (High Rev, High Margin)"
PROD-0109,35,48,242861.85,158881.44,83980.40999999999,3,3,34.58,8.57,8.57,Bombay Dyeing Bedding & Linen Essentials,Home & Kitchen,Bedding & Linen,Bombay Dyeing,3310.03,5379.0,Homecraft Distributors,242,38.46,86859511.49999996,64.45,190,34.55,"Star (High Rev, High Margin)"
PROD-0486,57,78,242183.9,120744.0,121439.9,2,4,50.14,3.51,7.02,L'Oreal Skincare Premium,Beauty,Skincare,L'Oreal,1548.0,3359.0,Divine Botanicals,111,53.91,87101695.39999996,64.63,191,34.73,"Star (High Rev, High Margin)"
PROD-0217,43,63,241272.85,183345.75,57927.1,2,1,24.01,4.65,2.33,Decathlon Cycling Max,Sports,Cycling,Decathlon,2910.25,4079.0,Action Sports Distribution,589,28.65,87342968.24999996,64.81,192,34.91,"Volume Driver (High Rev, Low Margin)"
PROD-0353,54,75,240558.05,140502.0,100056.05,2,6,41.59,3.7,11.11,Bajaj Home Decor Prime,Home & Kitchen,Home Decor,Bajaj,1873.36,3439.0,Homecraft Distributors,250,45.53,87583526.29999995,64.99,193,35.09,"Star (High Rev, High Margin)"
PROD-0215,84,104,239752.5,147501.12,92251.38,10,5,38.48,11.9,5.95,Biba Ethnic Wear Series 5,Fashion,Ethnic Wear,Biba,1418.28,2459.0,Royal Garments Supply,555,42.32,87823278.79999995,65.17,194,35.27,"Star (High Rev, High Margin)"
PROD-0048,99,139,239718.05,100950.14,138767.91,12,7,57.89,12.12,7.07,Raymond Ethnic Wear Plus,Fashion,Ethnic Wear,Raymond,726.26,1859.0,Royal Garments Supply,567,60.93,88062996.84999995,65.34,195,35.45,"Star (High Rev, High Margin)"
PROD-0047,44,61,237740.65,144407.13,93333.52,3,3,39.26,6.82,6.82,Philips Home Decor Series 5,Home & Kitchen,Home Decor,Philips,2367.33,4219.0,Homecraft Distributors,426,43.89,88300737.49999996,65.52,196,35.64,"Star (High Rev, High Margin)"
PROD-0226,66,85,236840.55,90527.55,146313.0,6,7,61.78,9.09,10.61,Maybelline Makeup Series 5,Beauty,Makeup,Maybelline,1065.03,3019.0,Divine Botanicals,84,64.72,88537578.04999995,65.7,197,35.82,"Star (High Rev, High Margin)"
PROD-0520,78,106,236591.55,111496.09999999999,125095.45,11,4,52.87,14.1,5.13,Levi'S Women'S Wear Series 5,Fashion,Women'S Wear,Levi'S,1051.85,2379.0,Heritage Weaves,21,55.79,88774169.59999995,65.87,198,36.0,"Star (High Rev, High Margin)"
PROD-0131,67,95,236423.25,214415.0,22008.25,6,7,9.31,8.96,10.45,Sony Smartphones Classic,Electronics,Smartphones,Sony,2257.0,2649.0,Apex Electronics Ltd,173,14.8,89010592.84999995,66.05,199,36.18,"Volume Driver (High Rev, Low Margin)"
PROD-0379,111,158,232974.3,117714.73999999999,115259.56,14,9,49.47,12.61,8.11,Allen Solly Men'S Wear Series 5,Fashion,Men'S Wear,Allen Solly,745.03,1599.0,Vibrant Textiles Corp,410,53.41,89243567.14999995,66.22,200,36.36,"Star (High Rev, High Margin)"
PROD-0073,67,90,232815.0,93049.20000000001,139765.8,2,1,60.03,2.99,1.49,The Derma Co Makeup Essentials,Beauty,Makeup,The Derma Co,1033.88,2739.0,Pureglow Cosmetics,546,62.25,89476382.14999995,66.39,201,36.55,"Star (High Rev, High Margin)"
PROD-0529,87,113,231954.55,200971.63,30982.920000000002,5,5,13.36,5.75,5.75,Oneplus Accessories Series 5,Electronics,Accessories,Oneplus,1778.51,2179.0,Zenith Tech Distribution,544,18.38,89708336.69999994,66.56,202,36.73,"Volume Driver (High Rev, Low Margin)"
PROD-0466,38,53,231022.2,139278.7,91743.5,4,1,39.71,10.53,2.63,Hawkins Small Appliances Max,Home & Kitchen,Small Appliances,Hawkins,2627.9,4639.0,Homecraft Distributors,488,43.35,89939358.89999995,66.74,203,36.91,"Star (High Rev, High Margin)"
PROD-0097,54,72,229850.55,176036.4,53814.15,3,7,23.41,5.56,12.96,Cosco Racket Sports Ultra,Sports,Racket Sports,Cosco,2444.95,3459.0,Olympus Gear,569,29.32,90169209.44999994,66.91,204,37.09,"Volume Driver (High Rev, Low Margin)"
PROD-0059,100,134,229645.8,149687.38,79958.42,12,8,34.82,12.0,8.0,Peter England Winter Wear Pro,Fashion,Winter Wear,Peter England,1117.07,1849.0,Heritage Weaves,46,39.59,90398855.24999994,67.08,205,37.27,"Star (High Rev, High Margin)"
PROD-0152,65,101,229059.6,97411.47,131648.13,5,3,57.47,7.69,4.62,Lenskart Travel Gear Essentials,Accessories,Travel Gear,Lenskart,964.47,2479.0,Vanguard Leather Works,372,61.09,90627914.84999993,67.25,206,37.45,"Star (High Rev, High Margin)"
PROD-0137,131,184,228455.1,140465.6,87989.5,16,12,38.52,12.21,9.16,Nike Women'S Wear Ultra,Fashion,Women'S Wear,Nike,763.4,1329.0,Heritage Weaves,288,42.56,90856369.94999993,67.42,207,37.64,"Star (High Rev, High Margin)"
PROD-0006,40,55,228302.75,155888.15,72414.6,1,2,31.72,2.5,5.0,Yonex Fitness Equipment Plus,Sports,Fitness Equipment,Yonex,2834.33,4589.0,Action Sports Distribution,183,38.24,91084672.69999993,67.59,208,37.82,"Volume Driver (High Rev, Low Margin)"
PROD-0290,76,108,228159.0,150474.24,77684.76,13,4,34.05,17.11,5.26,Biba Kids Wear Ultra,Fashion,Kids Wear,Biba,1393.28,2259.0,Heritage Weaves,566,38.32,91312831.69999993,67.75,209,38.0,"Star (High Rev, High Margin)"
PROD-0448,52,65,227230.9,136134.05,91096.85,6,0,40.09,11.54,0.0,Skybags Watches Max,Accessories,Watches,Skybags,2094.37,3719.0,Vanguard Leather Works,51,43.68,91540062.59999993,67.92,210,38.18,"Star (High Rev, High Margin)"
PROD-0072,90,124,226668.7,115716.8,110951.9,14,10,48.95,15.56,11.11,W Women'S Wear Series 5,Fashion,Women'S Wear,W,933.2,1949.0,Vibrant Textiles Corp,415,52.12,91766731.29999994,68.09,211,38.36,"Star (High Rev, High Margin)"
PROD-0298,42,57,226406.7,142362.63,84044.07,2,2,37.12,4.76,4.76,Milton Bedding & Linen Prime,Home & Kitchen,Bedding & Linen,Milton,2497.59,4329.0,Urban Living Goods,595,42.31,91993137.99999994,68.26,212,38.55,"Star (High Rev, High Margin)"
PROD-0058,84,125,226368.15,138786.25,87581.9,5,4,38.69,5.95,4.76,Nike Winter Wear Prime,Fashion,Winter Wear,Nike,1110.29,1929.0,Royal Garments Supply,354,42.44,92219506.14999995,68.43,213,38.73,"Star (High Rev, High Margin)"
PROD-0138,48,66,223974.45,116617.38,107357.06999999999,4,4,47.93,8.33,8.33,Fabindia Ethnic Wear Essentials,Fashion,Ethnic Wear,Fabindia,1766.93,3699.0,Royal Garments Supply,519,52.23,92443480.59999995,68.59,214,38.91,"Star (High Rev, High Margin)"
PROD-0305,96,123,223355.4,94813.32,128542.08,11,4,57.55,11.46,4.17,W Kids Wear Prime,Fashion,Kids Wear,W,770.84,1949.0,Heritage Weaves,227,60.45,92666835.99999996,68.76,215,39.09,"Star (High Rev, High Margin)"
PROD-0191,77,108,223308.45,133821.72,89486.73,3,5,40.07,3.9,6.49,Domyos Cycling Pro,Sports,Cycling,Domyos,1239.09,2199.0,Olympus Gear,437,43.65,92890144.44999996,68.92,216,39.27,"Star (High Rev, High Margin)"
PROD-0031,110,154,222761.35,173847.52000000002,48913.83,7,9,21.96,6.36,8.18,Oneplus Laptops Classic,Electronics,Laptops,Oneplus,1128.88,1519.0,Metro Gadget Hub,199,25.68,93112905.79999995,69.09,217,39.45,"Volume Driver (High Rev, Low Margin)"
PROD-0462,87,129,222708.2,116248.34999999999,106459.85,4,11,47.8,4.6,12.64,Nykaa Fragrances Premium,Beauty,Fragrances,Nykaa,901.15,1859.0,Pureglow Cosmetics,202,51.53,93335613.99999996,69.26,218,39.64,"Star (High Rev, High Margin)"
PROD-0351,39,56,222526.95,149292.64,73234.31,2,1,32.91,5.13,2.56,Kiprun Fitness Equipment Pro,Sports,Fitness Equipment,Kiprun,2665.94,4359.0,Olympus Gear,83,38.84,93558140.94999996,69.42,219,39.82,"Volume Driver (High Rev, Low Margin)"
PROD-0025,38,53,222205.5,164854.91,57350.59,0,2,25.81,0.0,5.26,Yonex Outdoor Gear Elite,Sports,Outdoor Gear,Yonex,3110.47,4489.0,Action Sports Distribution,249,30.71,93780346.44999996,69.59,220,40.0,"Volume Driver (High Rev, Low Margin)"
PROD-0011,40,51,222028.95,149969.07,72059.88,1,0,32.46,2.5,0.0,Peter England Women'S Wear Series 5,Fashion,Women'S Wear,Peter England,2940.57,4719.0,Vibrant Textiles Corp,318,37.69,94002375.39999996,69.75,221,40.18,"Volume Driver (High Rev, Low Margin)"
PROD-0404,46,70,221073.65,171187.1,49886.55,1,0,22.57,2.17,0.0,Hawkins Storage & Org Series 5,Home & Kitchen,Storage & Org,Hawkins,2445.53,3409.0,Sterling Kitchenware,511,28.26,94223449.04999997,69.91,222,40.36,"Volume Driver (High Rev, Low Margin)"
PROD-0458,62,96,219700.8,128380.8,91320.0,2,6,41.57,3.23,9.68,Fastrack Jewelry & Belts Pro,Accessories,Jewelry & Belts,Fastrack,1337.3,2409.0,Vanguard Leather Works,353,44.49,94443149.84999996,70.08,223,40.55,"Star (High Rev, High Margin)"
PROD-0068,130,185,219191.9,142131.8,77060.1,16,9,35.16,12.31,6.92,Nike Kids Wear Essentials,Fashion,Kids Wear,Nike,768.28,1259.0,Heritage Weaves,197,38.98,94662341.74999997,70.24,224,40.73,"Star (High Rev, High Margin)"
PROD-0124,91,126,218527.7,148753.08,69774.62,4,6,31.93,4.4,6.59,Yonex Outdoor Gear Prime,Sports,Outdoor Gear,Yonex,1180.58,1879.0,Action Sports Distribution,173,37.17,94880869.44999997,70.4,225,40.91,"Volume Driver (High Rev, Low Margin)"
PROD-0148,40,56,218348.0,158244.80000000002,60103.2,3,2,27.53,7.5,5.0,Prestige Small Appliances Max,Home & Kitchen,Small Appliances,Prestige,2825.8,4199.0,Urban Living Goods,152,32.7,95099217.44999997,70.56,226,41.09,"Volume Driver (High Rev, Low Margin)"
PROD-0490,34,55,217184.4,79941.4,137243.0,0,3,63.19,0.0,8.82,Titan Jewelry & Belts Pro,Accessories,Jewelry & Belts,Titan,1453.48,4209.0,Optima Accessories,432,65.47,95316401.84999998,70.73,227,41.27,"Star (High Rev, High Margin)"
PROD-0254,60,86,217171.0,140822.42,76348.58,2,5,35.16,3.33,8.33,Voylla Jewelry & Belts Classic,Accessories,Jewelry & Belts,Voylla,1637.47,2749.0,Optima Accessories,208,40.43,95533572.84999998,70.89,228,41.45,"Star (High Rev, High Margin)"
PROD-0452,45,74,215588.1,164974.86,50613.24,4,3,23.48,8.89,6.67,Puma Sports Outdoor Gear Elite,Sports,Outdoor Gear,Puma Sports,2229.39,3129.0,Action Sports Distribution,170,28.75,95749160.94999997,71.05,229,41.64,"Volume Driver (High Rev, Low Margin)"
PROD-0321,110,159,213510.15,113764.5,99745.65,15,4,46.72,13.64,3.64,Fabindia Men'S Wear Elite,Fashion,Men'S Wear,Fabindia,715.5,1449.0,Royal Garments Supply,370,50.62,95962671.09999998,71.2,230,41.82,"Star (High Rev, High Margin)"
PROD-0246,38,55,213179.85,161725.3,51454.549999999996,1,4,24.14,2.63,10.53,Decathlon Cycling Series 5,Sports,Cycling,Decathlon,2940.46,4049.0,Olympus Gear,530,27.38,96175850.94999997,71.36,231,42.0,"Volume Driver (High Rev, Low Margin)"
PROD-0079,84,112,212802.6,106454.88,106347.72,9,9,49.97,10.71,10.71,Lenskart Watches Elite,Accessories,Watches,Lenskart,950.49,2019.0,Vanguard Leather Works,256,52.92,96388653.54999997,71.52,232,42.18,"Star (High Rev, High Margin)"
PROD-0483,98,145,209841.4,139932.25,69909.15000000001,13,8,33.32,13.27,8.16,Zudio Winter Wear Pro,Fashion,Winter Wear,Zudio,965.05,1559.0,Vibrant Textiles Corp,299,38.1,96598494.94999997,71.68,233,42.36,"Volume Driver (High Rev, Low Margin)"
PROD-0123,71,114,209218.1,143263.8,65954.3,1,4,31.52,1.41,5.63,Cosco Outdoor Gear Elite,Sports,Outdoor Gear,Cosco,1256.7,1939.0,Olympus Gear,590,35.19,96807713.04999997,71.83,234,42.55,"Volume Driver (High Rev, Low Margin)"
PROD-0187,115,158,208320.65,107639.08,100681.56999999999,2,5,48.33,1.74,4.35,Forest Essentials Haircare Prime,Beauty,Haircare,Forest Essentials,681.26,1409.0,Pureglow Cosmetics,141,51.65,97016033.69999997,71.99,235,42.73,"Star (High Rev, High Margin)"
PROD-0443,89,119,207272.1,96757.71,110514.39,5,8,53.32,5.62,8.99,Nykaa Haircare Series 5,Beauty,Haircare,Nykaa,813.09,1869.0,Divine Botanicals,494,56.5,97223305.79999997,72.14,236,42.91,"Star (High Rev, High Margin)"
PROD-0129,52,77,205840.25,157071.53,48768.72,5,2,23.69,9.62,3.85,Yonex Fitness Equipment Plus,Sports,Fitness Equipment,Yonex,2039.89,2849.0,Olympus Gear,218,28.4,97429146.04999997,72.29,237,43.09,"Volume Driver (High Rev, Low Margin)"
PROD-0418,46,63,204642.5,148022.28,56620.22,2,5,27.67,4.35,10.87,Puma Sports Sports Apparel Elite,Sports,Sports Apparel,Puma Sports,2349.56,3559.0,Fitnation Logistics,539,33.98,97633788.54999997,72.44,238,43.27,"Volume Driver (High Rev, Low Margin)"
PROD-0026,94,135,203392.8,139041.9,64350.9,10,5,31.64,10.64,5.32,Peter England Kids Wear Pro,Fashion,Kids Wear,Peter England,1029.94,1599.0,Heritage Weaves,519,35.59,97837181.34999996,72.6,239,43.45,"Volume Driver (High Rev, Low Margin)"
PROD-0340,88,117,203117.6,97129.89,105987.70999999999,11,2,52.18,12.5,2.27,W Men'S Wear Plus,Fashion,Men'S Wear,W,830.17,1909.0,Heritage Weaves,530,56.51,98040298.94999996,72.75,240,43.64,"Star (High Rev, High Margin)"
PROD-0533,53,86,200794.65,140344.26,60450.39,0,4,30.11,0.0,7.55,Milton Small Appliances Ultra,Home & Kitchen,Small Appliances,Milton,1631.91,2499.0,Sterling Kitchenware,69,34.7,98241093.59999996,72.9,241,43.82,"Volume Driver (High Rev, Low Margin)"
PROD-0176,100,131,200204.1,116326.69,83877.41,10,11,41.9,10.0,11.0,Puma Men'S Wear Series 5,Fashion,Men'S Wear,Puma,887.99,1629.0,Vibrant Textiles Corp,419,45.49,98441297.69999996,73.04,242,44.0,"Star (High Rev, High Margin)"
PROD-0012,85,113,199863.85,113665.56999999999,86198.28,3,3,43.13,3.53,3.53,L'Oreal Makeup Pro,Beauty,Makeup,L'Oreal,1005.89,1919.0,Divine Botanicals,187,47.58,98641161.54999995,73.19,243,44.18,"Star (High Rev, High Margin)"
PROD-0018,107,143,199367.0,124986.29,74380.71,7,7,37.31,6.54,6.54,Nykaa Men'S Grooming Max,Beauty,Men'S Grooming,Nykaa,874.03,1499.0,Pureglow Cosmetics,29,41.69,98840528.54999995,73.34,244,44.36,"Star (High Rev, High Margin)"
PROD-0463,107,145,199226.45,115324.3,83902.15,10,4,42.11,9.35,3.74,Allen Solly Winter Wear Pro,Fashion,Winter Wear,Allen Solly,795.34,1459.0,Heritage Weaves,568,45.49,99039754.99999996,73.49,245,44.55,"Star (High Rev, High Margin)"
PROD-0388,105,151,198034.95,129133.69,68901.26,13,8,34.79,12.38,7.62,Nike Women'S Wear Prime,Fashion,Women'S Wear,Nike,855.19,1409.0,Royal Garments Supply,338,39.31,99237789.94999996,73.63,246,44.73,"Star (High Rev, High Margin)"
PROD-0518,102,148,196567.4,183528.88,13038.52,12,7,6.63,11.76,6.86,Samsung Smartwatches Premium,Electronics,Smartwatches,Samsung,1240.06,1439.0,Metro Gadget Hub,144,13.82,99434357.34999996,73.78,247,44.91,"Volume Driver (High Rev, Low Margin)"
PROD-0478,103,158,194964.3,93403.28,101561.02,9,3,52.09,8.74,2.91,Forest Essentials Skincare Plus,Beauty,Skincare,Forest Essentials,591.16,1329.0,Divine Botanicals,147,55.52,99629321.64999996,73.93,248,45.09,"Star (High Rev, High Margin)"
PROD-0548,89,123,194280.65,118905.33,75375.31999999999,8,4,38.8,8.99,4.49,Maybelline Makeup Essentials,Beauty,Makeup,Maybelline,966.71,1699.0,Aura Personal Care,485,43.1,99823602.29999997,74.07,249,45.27,"Star (High Rev, High Margin)"
PROD-0277,55,79,193268.85,74954.41,118314.44,4,3,61.22,7.27,5.45,Skybags Watches Essentials,Accessories,Watches,Skybags,948.79,2589.0,Vanguard Leather Works,84,63.35,100016871.14999996,74.21,250,45.45,"Star (High Rev, High Margin)"
PROD-0204,119,175,193077.3,128728.25,64349.05,11,6,33.33,9.24,5.04,Fabindia Women'S Wear Prime,Fashion,Women'S Wear,Fabindia,735.59,1209.0,Royal Garments Supply,297,39.16,100209948.44999996,74.36,251,45.64,"Volume Driver (High Rev, Low Margin)"
PROD-0264,50,68,192869.95,130997.92,61872.03,3,1,32.08,6.0,2.0,Bajaj Storage & Org Prime,Home & Kitchen,Storage & Org,Bajaj,1926.44,3059.0,Sterling Kitchenware,377,37.02,100402818.39999996,74.5,252,45.82,"Volume Driver (High Rev, Low Margin)"
PROD-0362,75,107,192658.65,130303.53,62355.12,5,6,32.37,6.67,8.0,Puma Sports Racket Sports Essentials,Sports,Racket Sports,Puma Sports,1217.79,1949.0,Action Sports Distribution,580,37.52,100595477.04999997,74.64,253,46.0,"Volume Driver (High Rev, Low Margin)"
PROD-0117,56,85,192315.15,112984.55,79330.6,0,7,41.25,0.0,12.5,Spaces Cookware Pro,Home & Kitchen,Cookware,Spaces,1329.23,2439.0,Urban Living Goods,107,45.5,100787792.19999997,74.78,254,46.18,"Star (High Rev, High Margin)"
PROD-0136,44,61,192201.45,147757.25,44444.2,1,4,23.12,2.27,9.09,Kiprun Outdoor Gear Premium,Sports,Outdoor Gear,Kiprun,2422.25,3369.0,Action Sports Distribution,568,28.1,100979993.64999998,74.93,255,46.36,"Volume Driver (High Rev, Low Margin)"
PROD-0158,74,111,191544.6,100721.4,90823.2,8,5,47.42,10.81,6.76,Zudio Women'S Wear Pro,Fashion,Women'S Wear,Zudio,907.4,1889.0,Vibrant Textiles Corp,167,51.96,101171538.24999997,75.07,256,46.55,"Star (High Rev, High Margin)"
PROD-0271,52,71,190838.25,147378.96000000002,43459.29,1,2,22.77,1.92,3.85,Decathlon Outdoor Gear Classic,Sports,Outdoor Gear,Decathlon,2075.76,2859.0,Fitnation Logistics,178,27.4,101362376.49999997,75.21,257,46.73,"Volume Driver (High Rev, Low Margin)"
PROD-0538,87,146,188735.55,75646.98,113088.57,3,3,59.92,3.45,3.45,L'Oreal Makeup Ultra,Beauty,Makeup,L'Oreal,518.13,1409.0,Aura Personal Care,231,63.23,101551112.04999997,75.35,258,46.91,"Star (High Rev, High Margin)"
PROD-0521,60,103,188259.9,141718.73,46541.17,5,1,24.72,8.33,1.67,Bajaj Small Appliances Classic,Home & Kitchen,Small Appliances,Bajaj,1375.91,1959.0,Sterling Kitchenware,116,29.76,101739371.94999997,75.49,259,47.09,"Volume Driver (High Rev, Low Margin)"
PROD-0476,44,64,188209.35,112295.68,75913.67,2,2,40.33,4.55,4.55,Cosco Racket Sports Premium,Sports,Racket Sports,Cosco,1754.62,3129.0,Fitnation Logistics,362,43.92,101927581.29999997,75.63,260,47.27,"Star (High Rev, High Margin)"
PROD-0312,142,195,188049.75,86677.5,101372.25,20,10,53.91,14.08,7.04,Puma Winter Wear Series 5,Fashion,Winter Wear,Puma,444.5,1029.0,Heritage Weaves,460,56.8,102115631.04999997,75.77,261,47.45,"Star (High Rev, High Margin)"
PROD-0265,126,188,186119.25,107321.68000000001,78797.56999999999,13,8,42.34,10.32,6.35,Peter England Men'S Wear Prime,Fashion,Men'S Wear,Peter England,570.86,1059.0,Heritage Weaves,201,46.09,102301750.29999997,75.91,262,47.64,"Star (High Rev, High Margin)"
PROD-0241,69,104,185122.0,121234.88,63887.12,4,6,34.51,5.8,8.7,Bombay Dyeing Small Appliances Series 5,Home & Kitchen,Small Appliances,Bombay Dyeing,1165.72,1889.0,Homecraft Distributors,486,38.29,102486872.29999997,76.05,263,47.82,"Star (High Rev, High Margin)"
PROD-0291,52,77,184725.15,109694.2,75030.95,4,4,40.62,7.69,7.69,Prestige Storage & Org Series 5,Home & Kitchen,Storage & Org,Prestige,1424.6,2589.0,Urban Living Goods,17,44.97,102671597.44999997,76.18,264,48.0,"Star (High Rev, High Margin)"
PROD-0224,92,141,184341.0,100290.48,84050.52,10,5,45.6,10.87,5.43,Fabindia Men'S Wear Essentials,Fashion,Men'S Wear,Fabindia,711.28,1429.0,Vibrant Textiles Corp,512,50.23,102855938.44999997,76.32,265,48.18,"Star (High Rev, High Margin)"
PROD-0261,88,128,184141.35,158420.48,25720.87,5,8,13.97,5.68,9.09,Oneplus Laptops Max,Electronics,Laptops,Oneplus,1237.66,1539.0,Zenith Tech Distribution,448,19.58,103040079.79999997,76.46,266,48.36,"Volume Driver (High Rev, Low Margin)"
PROD-0368,147,213,183110.75,146650.5,36460.25,14,9,19.91,9.52,6.12,Hp Audio & Headphones Classic,Electronics,Audio & Headphones,Hp,688.5,919.0,Metro Gadget Hub,505,25.08,103223190.54999997,76.59,267,48.55,"Volume Driver (High Rev, Low Margin)"
PROD-0525,118,166,182773.15,122416.70000000001,60356.45,15,7,33.02,12.71,5.93,Raymond Men'S Wear Max,Fashion,Men'S Wear,Raymond,737.45,1169.0,Vibrant Textiles Corp,530,36.92,103405963.69999997,76.73,268,48.73,"Volume Driver (High Rev, Low Margin)"
PROD-0526,86,123,181454.85,75654.84,105800.01,10,7,58.31,11.63,8.14,Levi'S Ethnic Wear Elite,Fashion,Ethnic Wear,Levi'S,615.08,1569.0,Heritage Weaves,355,60.8,103587418.54999997,76.86,269,48.91,"Star (High Rev, High Margin)"
PROD-0112,105,154,180850.6,108861.06,71989.54000000001,13,6,39.81,12.38,5.71,W Footwear Classic,Fashion,Footwear,W,706.89,1279.0,Heritage Weaves,392,44.73,103768269.14999996,77.0,270,49.09,"Star (High Rev, High Margin)"
PROD-0228,51,73,180794.25,105429.52,75364.73,2,4,41.69,3.92,7.84,Hawkins Small Appliances Classic,Home & Kitchen,Small Appliances,Hawkins,1444.24,2649.0,Sterling Kitchenware,58,45.48,103949063.39999996,77.13,271,49.27,"Star (High Rev, High Margin)"
PROD-0411,111,152,180402.95,91712.24,88690.70999999999,13,10,49.16,11.71,9.01,Allen Solly Kids Wear Elite,Fashion,Kids Wear,Allen Solly,603.37,1279.0,Heritage Weaves,157,52.82,104129466.34999996,77.26,272,49.45,"Star (High Rev, High Margin)"
PROD-0421,90,124,179728.95,91715.36,88013.59,6,3,48.97,6.67,3.33,L'Oreal Makeup Essentials,Beauty,Makeup,L'Oreal,739.64,1569.0,Aura Personal Care,61,52.86,104309195.29999997,77.4,273,49.64,"Star (High Rev, High Margin)"
PROD-0342,134,194,179009.0,151618.75999999998,27390.24,8,9,15.3,5.97,6.72,Dell Smartphones Ultra,Electronics,Smartphones,Dell,781.54,989.0,Zenith Tech Distribution,391,20.98,104488204.29999997,77.53,274,49.82,"Volume Driver (High Rev, Low Margin)"
PROD-0115,56,86,178683.05,127777.94,50905.11,2,3,28.49,3.57,5.36,Nivia Fitness Equipment Premium,Sports,Fitness Equipment,Nivia,1485.79,2249.0,Action Sports Distribution,161,33.94,104666887.34999996,77.66,275,50.0,"Volume Driver (High Rev, Low Margin)"
PROD-0196,88,119,178368.45,77122.71,101245.74,11,4,56.76,12.5,4.55,Peter England Ethnic Wear Essentials,Fashion,Ethnic Wear,Peter England,648.09,1599.0,Heritage Weaves,392,59.47,104845255.79999997,77.8,276,50.18,"Niche Gem (Low Rev, High Margin)"
PROD-0334,96,138,178243.8,93525.36,84718.44,11,6,47.53,11.46,6.25,Raymond Women'S Wear Classic,Fashion,Women'S Wear,Raymond,677.72,1369.0,Vibrant Textiles Corp,128,50.5,105023499.59999996,77.93,277,50.36,"Niche Gem (Low Rev, High Margin)"
PROD-0315,26,38,177537.75,131852.78,45684.97,0,2,25.73,0.0,7.69,Yonex Outdoor Gear Essentials,Sports,Outdoor Gear,Yonex,3469.81,5109.0,Fitnation Logistics,468,32.08,105201037.34999996,78.06,278,50.55,"Lagging (Low Rev, Low Margin)"
PROD-0414,126,176,177441.55,147026.88,30414.67,8,5,17.14,6.35,3.97,Oneplus Audio & Headphones Classic,Electronics,Audio & Headphones,Oneplus,835.38,1079.0,Metro Gadget Hub,514,22.58,105378478.89999996,78.19,279,50.73,"Lagging (Low Rev, Low Margin)"
PROD-0074,64,87,175480.2,62724.39,112755.81,4,3,64.26,6.25,4.69,American Tourister Eyewear Elite,Accessories,Eyewear,American Tourister,720.97,2199.0,Vanguard Leather Works,31,67.21,105553959.09999996,78.32,280,50.91,"Niche Gem (Low Rev, High Margin)"
PROD-0402,89,117,175361.85,72001.8,103360.05,5,5,58.94,5.62,5.62,Biotique Men'S Grooming Prime,Beauty,Men'S Grooming,Biotique,615.4,1629.0,Pureglow Cosmetics,485,62.22,105729320.94999996,78.45,281,51.09,"Niche Gem (Low Rev, High Margin)"
PROD-0433,100,155,175132.65,161189.15,13943.5,5,5,7.96,5.0,5.0,Hp Smartphones Pro,Electronics,Smartphones,Hp,1039.93,1239.0,Apex Electronics Ltd,374,16.07,105904453.59999996,78.58,282,51.27,"Lagging (Low Rev, Low Margin)"
PROD-0329,63,94,174340.65,120622.68000000001,53717.97,3,3,30.81,4.76,4.76,Domyos Fitness Equipment Pro,Sports,Fitness Equipment,Domyos,1283.22,2019.0,Olympus Gear,125,36.44,106078794.24999997,78.71,283,51.45,"Lagging (Low Rev, Low Margin)"
PROD-0308,80,104,174069.7,100527.44,73542.26,7,3,42.25,8.75,3.75,Zudio Footwear Prime,Fashion,Footwear,Zudio,966.61,1789.0,Vibrant Textiles Corp,512,45.97,106252863.94999997,78.84,284,51.64,"Niche Gem (Low Rev, High Margin)"
PROD-0114,49,73,172988.4,125826.45000000001,47161.950000000004,4,2,27.26,8.16,4.08,Hawkins Small Appliances Classic,Home & Kitchen,Small Appliances,Hawkins,1723.65,2559.0,Urban Living Goods,209,32.64,106425852.34999998,78.97,285,51.82,"Lagging (Low Rev, Low Margin)"
PROD-0032,151,219,172916.7,90061.56,82855.14,11,7,47.92,7.28,4.64,The Derma Co Haircare Classic,Beauty,Haircare,The Derma Co,411.24,859.0,Aura Personal Care,103,52.13,106598769.04999998,79.1,286,52.0,"Niche Gem (Low Rev, High Margin)"
PROD-0084,201,290,172913.4,93780.2,79133.2,31,14,45.76,15.42,6.97,Levi'S Kids Wear Essentials,Fashion,Kids Wear,Levi'S,323.38,639.0,Royal Garments Supply,552,49.39,106771682.44999999,79.23,287,52.18,"Niche Gem (Low Rev, High Margin)"
PROD-0432,67,87,171923.1,104877.63,67045.47,11,3,39.0,16.42,4.48,Fabindia Ethnic Wear Series 5,Fashion,Ethnic Wear,Fabindia,1205.49,2179.0,Royal Garments Supply,397,44.68,106943605.54999998,79.35,288,52.36,"Niche Gem (Low Rev, High Margin)"
PROD-0240,60,88,171413.55,103259.20000000001,68154.35,2,4,39.76,3.33,6.67,American Tourister Watches Classic,Accessories,Watches,American Tourister,1173.4,2079.0,Vanguard Leather Works,41,43.56,107115019.09999998,79.48,289,52.55,"Niche Gem (Low Rev, High Margin)"
PROD-0283,47,61,170573.5,74474.90000000001,96098.6,4,5,56.34,8.51,10.64,Allen Solly Women'S Wear Elite,Fashion,Women'S Wear,Allen Solly,1220.9,3019.0,Royal Garments Supply,584,59.56,107285592.59999998,79.61,290,52.73,"Niche Gem (Low Rev, High Margin)"
PROD-0439,120,173,170393.1,115115.93,55277.17,10,12,32.44,8.33,10.0,Allen Solly Men'S Wear Max,Fashion,Men'S Wear,Allen Solly,665.41,1059.0,Royal Garments Supply,455,37.17,107455985.69999997,79.73,291,52.91,"Lagging (Low Rev, Low Margin)"
PROD-0206,145,188,169768.8,108596.31999999999,61172.48,6,7,36.03,4.14,4.83,Lakme Skincare Max,Beauty,Skincare,Lakme,577.64,969.0,Divine Botanicals,390,40.39,107625754.49999997,79.86,292,53.09,"Niche Gem (Low Rev, High Margin)"
PROD-0431,164,246,168525.0,112417.08,56107.92,15,12,33.29,9.15,7.32,Peter England Winter Wear Max,Fashion,Winter Wear,Peter England,456.98,749.0,Vibrant Textiles Corp,154,38.99,107794279.49999997,79.98,293,53.27,"Lagging (Low Rev, Low Margin)"
PROD-0110,137,195,168314.85,96710.25,71604.6,13,6,42.54,9.49,4.38,Peter England Ethnic Wear Essentials,Fashion,Ethnic Wear,Peter England,495.95,919.0,Heritage Weaves,314,46.03,107962594.34999996,80.11,294,53.45,"Niche Gem (Low Rev, High Margin)"
PROD-0257,117,149,167380.4,99584.15000000001,67796.25,14,7,40.5,11.97,5.98,Peter England Kids Wear Premium,Fashion,Kids Wear,Peter England,668.35,1199.0,Heritage Weaves,291,44.26,108129974.74999997,80.23,295,53.64,"Niche Gem (Low Rev, High Margin)"
PROD-0487,127,175,167039.95,133554.75,33485.200000000004,9,6,20.05,7.09,4.72,Sony Laptops Premium,Electronics,Laptops,Sony,763.17,1009.0,Metro Gadget Hub,193,24.36,108297014.69999997,80.36,296,53.82,"Lagging (Low Rev, Low Margin)"
PROD-0064,75,112,166941.6,71048.32,95893.28,2,1,57.44,2.67,1.33,Voylla Watches Classic,Accessories,Watches,Voylla,634.36,1569.0,Optima Accessories,560,59.57,108463956.29999997,80.48,297,54.0,"Niche Gem (Low Rev, High Margin)"
PROD-0505,74,103,165711.6,122942.85999999999,42768.74,6,3,25.81,8.11,4.05,Prestige Cookware Pro,Home & Kitchen,Cookware,Prestige,1193.62,1719.0,Urban Living Goods,600,30.56,108629667.89999996,80.6,298,54.18,"Lagging (Low Rev, Low Margin)"
PROD-0381,134,192,165028.95,95894.4,69134.55,12,7,41.89,8.96,5.22,W Men'S Wear Premium,Fashion,Men'S Wear,W,499.45,909.0,Heritage Weaves,586,45.06,108794696.84999996,80.73,299,54.36,"Niche Gem (Low Rev, High Margin)"
PROD-0181,65,95,164939.25,97637.2,67302.05,4,7,40.8,6.15,10.77,Bajaj Cookware Premium,Home & Kitchen,Cookware,Bajaj,1027.76,1869.0,Urban Living Goods,368,45.01,108959636.09999996,80.85,300,54.55,"Niche Gem (Low Rev, High Margin)"
PROD-0212,59,92,164548.35,118140.88,46407.47,2,2,28.2,3.39,3.39,Cosco Outdoor Gear Ultra,Sports,Outdoor Gear,Cosco,1284.14,1899.0,Olympus Gear,518,32.38,109124184.44999996,80.97,301,54.73,"Lagging (Low Rev, Low Margin)"
PROD-0326,84,114,164194.0,73378.37999999999,90815.62,7,4,55.31,8.33,4.76,Titan Jewelry & Belts Max,Accessories,Jewelry & Belts,Titan,643.67,1549.0,Optima Accessories,196,58.45,109288378.44999996,81.09,302,54.91,"Niche Gem (Low Rev, High Margin)"
PROD-0207,46,64,163746.65,109072.0,54674.65,2,3,33.39,4.35,6.52,Decathlon Cycling Premium,Sports,Cycling,Decathlon,1704.25,2759.0,Action Sports Distribution,46,38.23,109452125.09999996,81.21,303,55.09,"Lagging (Low Rev, Low Margin)"
PROD-0134,166,248,162412.65,74838.95999999999,87573.69,10,9,53.92,6.02,5.42,Mamaearth Men'S Grooming Ultra,Beauty,Men'S Grooming,Mamaearth,301.77,699.0,Divine Botanicals,256,56.83,109614537.74999997,81.33,304,55.27,"Niche Gem (Low Rev, High Margin)"
PROD-0417,120,178,161207.0,72607.98000000001,88599.02,4,14,54.96,3.33,11.67,Biotique Haircare Classic,Beauty,Haircare,Biotique,407.91,989.0,Aura Personal Care,181,58.76,109775744.74999997,81.45,305,55.45,"Niche Gem (Low Rev, High Margin)"
PROD-0119,58,86,160920.9,122252.44,38668.46,0,4,24.03,0.0,6.9,Bajaj Small Appliances Series 5,Home & Kitchen,Small Appliances,Bajaj,1421.54,2009.0,Urban Living Goods,489,29.24,109936665.64999998,81.57,306,55.64,"Lagging (Low Rev, Low Margin)"
PROD-0311,136,180,160680.45,89312.4,71368.05,20,13,44.42,14.71,9.56,Allen Solly Women'S Wear Prime,Fashion,Women'S Wear,Allen Solly,496.18,959.0,Royal Garments Supply,399,48.26,110097346.09999998,81.69,307,55.82,"Niche Gem (Low Rev, High Margin)"
PROD-0192,56,82,160468.55,103405.28,57063.270000000004,5,3,35.56,8.93,5.36,Philips Small Appliances Ultra,Home & Kitchen,Small Appliances,Philips,1261.04,2099.0,Homecraft Distributors,558,39.92,110257814.64999998,81.81,308,56.0,"Niche Gem (Low Rev, High Margin)"
PROD-0441,139,195,160373.95,100959.3,59414.65,3,14,37.05,2.16,10.07,L'Oreal Fragrances Max,Beauty,Fragrances,L'Oreal,517.74,869.0,Divine Botanicals,531,40.42,110418188.59999998,81.93,309,56.18,"Niche Gem (Low Rev, High Margin)"
PROD-0249,119,171,160288.7,70636.68,89652.02,19,10,55.93,15.97,8.4,Biba Kids Wear Max,Fashion,Kids Wear,Biba,413.08,1019.0,Vibrant Textiles Corp,477,59.46,110578477.29999998,82.05,310,56.36,"Niche Gem (Low Rev, High Margin)"
PROD-0313,47,60,159979.95,115787.4,44192.55,4,2,27.62,8.51,4.26,Bombay Dyeing Bedding & Linen Pro,Home & Kitchen,Bedding & Linen,Bombay Dyeing,1929.79,2829.0,Sterling Kitchenware,349,31.79,110738457.24999999,82.17,311,56.55,"Lagging (Low Rev, Low Margin)"
PROD-0399,118,157,159799.9,76870.34,82929.56,18,8,51.9,15.25,6.78,W Footwear Prime,Fashion,Footwear,W,489.62,1079.0,Vibrant Textiles Corp,444,54.62,110898257.14999999,82.29,312,56.73,"Niche Gem (Low Rev, High Margin)"
PROD-0262,144,214,158904.6,77378.12,81526.48,5,6,51.31,3.47,4.17,The Derma Co Skincare Pro,Beauty,Skincare,The Derma Co,361.58,789.0,Aura Personal Care,521,54.17,111057161.74999999,82.4,313,56.91,"Niche Gem (Low Rev, High Margin)"
PROD-0021,100,144,158752.35,90564.48,68187.87,8,6,42.95,8.0,6.0,Spaces Storage & Org Premium,Home & Kitchen,Storage & Org,Spaces,628.92,1179.0,Homecraft Distributors,574,46.66,111215914.09999998,82.52,314,57.09,"Niche Gem (Low Rev, High Margin)"
PROD-0333,124,163,158395.55,86973.54000000001,71422.01,5,8,45.09,4.03,6.45,Nykaa Fragrances Prime,Beauty,Fragrances,Nykaa,533.58,1039.0,Divine Botanicals,284,48.64,111374309.64999998,82.64,315,57.27,"Niche Gem (Low Rev, High Margin)"
PROD-0296,145,201,158235.4,137266.91999999998,20968.48,14,12,13.25,9.66,8.28,Dell Cameras Series 5,Electronics,Cameras,Dell,682.92,839.0,Metro Gadget Hub,269,18.6,111532545.04999998,82.76,316,57.45,"Lagging (Low Rev, Low Margin)"
PROD-0069,75,114,157769.75,88957.62,68812.13,4,6,43.62,5.33,8.0,Spaces Home Decor Premium,Home & Kitchen,Home Decor,Spaces,780.33,1499.0,Homecraft Distributors,190,47.94,111690314.79999998,82.87,317,57.64,"Niche Gem (Low Rev, High Margin)"
PROD-0407,169,240,156401.25,59460.0,96941.25,7,8,61.98,4.14,4.73,Forest Essentials Skincare Pro,Beauty,Skincare,Forest Essentials,247.75,699.0,Aura Personal Care,257,64.56,111846716.04999998,82.99,318,57.82,"Niche Gem (Low Rev, High Margin)"
PROD-0029,65,114,154825.65,107737.98000000001,47087.67,3,4,30.41,4.62,6.15,Bajaj Bedding & Linen Series 5,Home & Kitchen,Bedding & Linen,Bajaj,945.07,1449.0,Sterling Kitchenware,165,34.78,112001541.69999999,83.11,319,58.0,"Lagging (Low Rev, Low Margin)"
PROD-0324,98,134,154189.05,72242.08,81946.97,12,7,53.15,12.24,7.14,Peter England Women'S Wear Essentials,Fashion,Women'S Wear,Peter England,539.12,1249.0,Royal Garments Supply,500,56.84,112155730.74999999,83.22,320,58.18,"Niche Gem (Low Rev, High Margin)"
PROD-0190,42,56,153572.1,88114.32,65457.78,6,5,42.62,14.29,11.9,Prestige Storage & Org Max,Home & Kitchen,Storage & Org,Prestige,1573.47,2959.0,Sterling Kitchenware,456,46.82,112309302.84999998,83.33,321,58.36,"Niche Gem (Low Rev, High Margin)"
PROD-0034,127,161,152238.6,61221.86,91016.74,5,9,59.79,3.94,7.09,Mamaearth Fragrances Ultra,Beauty,Fragrances,Mamaearth,380.26,1019.0,Divine Botanicals,429,62.68,112461541.44999997,83.45,322,58.55,"Niche Gem (Low Rev, High Margin)"
PROD-0239,75,112,151808.95,85844.64,65964.31,7,3,43.45,9.33,4.0,Bombay Dyeing Storage & Org Max,Home & Kitchen,Storage & Org,Bombay Dyeing,766.47,1459.0,Homecraft Distributors,285,47.47,112613350.39999998,83.56,323,58.73,"Niche Gem (Low Rev, High Margin)"
PROD-0501,82,109,150949.3,97723.95,53225.35,13,2,35.26,15.85,2.44,Biba Footwear Classic,Fashion,Footwear,Biba,896.55,1499.0,Royal Garments Supply,307,40.19,112764299.69999997,83.67,324,58.91,"Niche Gem (Low Rev, High Margin)"
PROD-0460,127,170,150558.85,91487.2,59071.65,15,4,39.23,11.81,3.15,Allen Solly Winter Wear Elite,Fashion,Winter Wear,Allen Solly,538.16,949.0,Royal Garments Supply,474,43.29,112914858.54999997,83.78,325,59.09,"Niche Gem (Low Rev, High Margin)"
PROD-0211,117,155,149512.1,140205.25,9306.85,11,11,6.22,9.4,9.4,Boat Accessories Max,Electronics,Accessories,Boat,904.55,1039.0,Zenith Tech Distribution,63,12.94,113064370.64999996,83.89,326,59.27,"Lagging (Low Rev, Low Margin)"
PROD-0480,94,137,149398.2,90902.23999999999,58495.96,5,4,39.15,5.32,4.26,Cello Storage & Org Pro,Home & Kitchen,Storage & Org,Cello,663.52,1169.0,Urban Living Goods,251,43.24,113213768.84999996,84.01,327,59.45,"Niche Gem (Low Rev, High Margin)"
PROD-0184,73,100,149271.8,96987.0,52284.799999999996,5,5,35.03,6.85,6.85,Cello Bedding & Linen Elite,Home & Kitchen,Bedding & Linen,Cello,969.87,1619.0,Urban Living Goods,567,40.09,113363040.64999996,84.12,328,59.64,"Niche Gem (Low Rev, High Margin)"
PROD-0005,95,140,149253.8,130723.6,18530.2,2,13,12.42,2.11,13.68,Catch Organic Foods Essentials,Grocery,Organic Foods,Catch,933.74,1129.0,Annapurna Fmcg Wholesale,572,17.29,113512294.44999996,84.23,329,59.82,"Lagging (Low Rev, Low Margin)"
PROD-0017,104,144,149079.35,79961.76,69117.59,11,8,46.36,10.58,7.69,Fabindia Kids Wear Essentials,Fashion,Kids Wear,Fabindia,555.29,1099.0,Vibrant Textiles Corp,526,49.47,113661373.79999995,84.34,330,60.0,"Niche Gem (Low Rev, High Margin)"
PROD-0301,94,147,147876.95,102916.17,44960.78,7,5,30.4,7.45,5.32,Philips Cookware Premium,Home & Kitchen,Cookware,Philips,700.11,1079.0,Urban Living Goods,199,35.11,113809250.74999996,84.45,331,60.18,"Lagging (Low Rev, Low Margin)"
PROD-0293,165,232,147003.5,92790.72,54212.78,5,10,36.88,3.03,6.06,Mamaearth Makeup Ultra,Beauty,Makeup,Mamaearth,399.96,679.0,Aura Personal Care,438,41.1,113956254.24999996,84.56,332,60.36,"Niche Gem (Low Rev, High Margin)"
PROD-0515,75,99,145988.7,90792.90000000001,55195.8,4,8,37.81,5.33,10.67,Yonex Sports Apparel Classic,Sports,Sports Apparel,Yonex,917.1,1599.0,Olympus Gear,23,42.65,114102242.94999996,84.66,333,60.55,"Niche Gem (Low Rev, High Margin)"
PROD-0044,157,220,145947.65,85637.2,60310.450000000004,19,11,41.32,12.1,7.01,Fabindia Kids Wear Max,Fashion,Kids Wear,Fabindia,389.26,709.0,Heritage Weaves,305,45.1,114248190.59999996,84.77,334,60.73,"Niche Gem (Low Rev, High Margin)"
PROD-0331,144,206,145841.85,56223.58,89618.27,9,7,61.45,6.25,4.86,Nykaa Fragrances Max,Beauty,Fragrances,Nykaa,272.93,759.0,Pureglow Cosmetics,192,64.04,114394032.44999996,84.88,335,60.91,"Niche Gem (Low Rev, High Margin)"
PROD-0080,128,182,145383.7,93709.98,51673.72,23,10,35.54,17.97,7.81,Allen Solly Footwear Elite,Fashion,Footwear,Allen Solly,514.89,869.0,Vibrant Textiles Corp,230,40.75,114539416.14999996,84.99,336,61.09,"Niche Gem (Low Rev, High Margin)"
PROD-0016,47,77,145150.25,108504.55,36645.7,2,4,25.25,4.26,8.51,Milton Small Appliances Prime,Home & Kitchen,Small Appliances,Milton,1409.15,2009.0,Homecraft Distributors,496,29.86,114684566.39999996,85.1,337,61.27,"Lagging (Low Rev, Low Margin)"
PROD-0430,158,242,144889.25,71692.5,73196.75,17,16,50.52,10.76,10.13,W Winter Wear Classic,Fashion,Winter Wear,W,296.25,649.0,Vibrant Textiles Corp,283,54.35,114829455.64999996,85.2,338,61.45,"Niche Gem (Low Rev, High Margin)"
PROD-0472,134,183,144584.7,123014.43000000001,21570.27,13,5,14.92,9.7,3.73,Apple Smartphones Essentials,Electronics,Smartphones,Apple,672.21,849.0,Apex Electronics Ltd,336,20.82,114974040.34999996,85.31,339,61.64,"Lagging (Low Rev, Low Margin)"
PROD-0347,68,89,144062.1,103206.18,40855.92,1,4,28.36,1.47,5.88,Domyos Cycling Plus,Sports,Cycling,Domyos,1159.62,1759.0,Fitnation Logistics,263,34.08,115118102.44999996,85.42,340,61.82,"Lagging (Low Rev, Low Margin)"
PROD-0108,113,160,143508.9,98473.6,45035.3,13,5,31.38,11.5,4.42,Milton Home Decor Series 5,Home & Kitchen,Home Decor,Milton,615.46,969.0,Urban Living Goods,407,36.49,115261611.34999996,85.52,341,62.0,"Lagging (Low Rev, Low Margin)"
PROD-0015,76,113,143061.45,135905.1,7156.35,1,3,5.0,1.32,3.95,Amul Organic Foods Plus,Grocery,Organic Foods,Amul,1202.7,1349.0,Annapurna Fmcg Wholesale,477,10.85,115404672.79999997,85.63,342,62.18,"Lagging (Low Rev, Low Margin)"
PROD-0198,96,143,142967.5,111432.75,31534.75,5,4,22.06,5.21,4.17,Arihant Academic & Test Prep Elite,Books,Academic & Test Prep,Arihant,779.25,1079.0,Scholar Press Logistics,395,27.78,115547640.29999997,85.74,343,62.36,"Lagging (Low Rev, Low Margin)"
PROD-0142,135,186,142670.9,86713.2,55957.7,11,9,39.22,8.15,6.67,Peter England Women'S Wear Premium,Fashion,Women'S Wear,Peter England,466.2,829.0,Heritage Weaves,464,43.76,115690311.19999997,85.84,344,62.55,"Niche Gem (Low Rev, High Margin)"
PROD-0156,154,205,142310.0,90267.65,52042.350000000006,25,16,36.57,16.23,10.39,Levi'S Footwear Max,Fashion,Footwear,Levi'S,440.33,749.0,Royal Garments Supply,343,41.21,115832621.19999997,85.95,345,62.73,"Niche Gem (Low Rev, High Margin)"
PROD-0465,59,79,141974.4,73832.61,68141.79,6,4,48.0,10.17,6.78,Puma Ethnic Wear Pro,Fashion,Ethnic Wear,Puma,934.59,1929.0,Heritage Weaves,119,51.55,115974595.59999998,86.05,346,62.91,"Niche Gem (Low Rev, High Margin)"
PROD-0258,126,169,141804.0,74599.98,67204.02,14,11,47.39,11.11,8.73,Zudio Women'S Wear Prime,Fashion,Women'S Wear,Zudio,441.42,909.0,Heritage Weaves,588,51.44,116116399.59999998,86.16,347,63.09,"Niche Gem (Low Rev, High Margin)"
PROD-0396,80,116,139902.3,93284.87999999999,46617.42,6,3,33.32,7.5,3.75,Prestige Home Decor Series 5,Home & Kitchen,Home Decor,Prestige,804.18,1299.0,Sterling Kitchenware,346,38.09,116256301.89999998,86.26,348,63.27,"Lagging (Low Rev, Low Margin)"
PROD-0360,44,65,139889.45,54150.200000000004,85739.25,2,4,61.29,4.55,9.09,American Tourister Eyewear Series 5,Accessories,Eyewear,American Tourister,833.08,2369.0,Optima Accessories,230,64.83,116396191.34999998,86.37,349,63.45,"Niche Gem (Low Rev, High Margin)"
PROD-0287,93,135,139678.55,81097.2,58581.35,5,5,41.94,5.38,5.38,Wildcraft Jewelry & Belts Pro,Accessories,Jewelry & Belts,Wildcraft,600.72,1109.0,Vanguard Leather Works,212,45.83,116535869.89999998,86.47,350,63.64,"Niche Gem (Low Rev, High Margin)"
PROD-0498,150,204,138254.85,60965.4,77289.45,7,5,55.9,4.67,3.33,Biotique Fragrances Elite,Beauty,Fragrances,Biotique,298.85,729.0,Pureglow Cosmetics,350,59.01,116674124.74999997,86.57,351,63.82,"Niche Gem (Low Rev, High Margin)"
PROD-0200,88,136,138199.25,59800.56,78398.69,5,6,56.73,5.68,6.82,Skybags Jewelry & Belts Classic,Accessories,Jewelry & Belts,Skybags,439.71,1099.0,Optima Accessories,272,59.99,116812323.99999997,86.68,352,64.0,"Niche Gem (Low Rev, High Margin)"
PROD-0549,45,62,137767.1,120187.62,17579.48,2,6,12.76,4.44,13.33,Dell Audio & Headphones Max,Electronics,Audio & Headphones,Dell,1938.51,2339.0,Metro Gadget Hub,565,17.12,116950091.09999996,86.78,353,64.18,"Lagging (Low Rev, Low Margin)"
PROD-0492,67,90,137006.35,83432.7,53573.65,2,3,39.1,2.99,4.48,Lenskart Jewelry & Belts Series 5,Accessories,Jewelry & Belts,Lenskart,927.03,1609.0,Prism Lifestyle Supply,75,42.38,117087097.44999996,86.88,354,64.36,"Niche Gem (Low Rev, High Margin)"
PROD-0454,137,173,136001.9,61485.93000000001,74515.97,6,7,54.79,4.38,5.11,Biotique Men'S Grooming Prime,Beauty,Men'S Grooming,Biotique,355.41,839.0,Pureglow Cosmetics,473,57.64,117223099.34999996,86.98,355,64.55,"Niche Gem (Low Rev, High Margin)"
PROD-0339,206,292,135750.3,79199.16,56551.14,25,13,41.66,12.14,6.31,W Footwear Ultra,Fashion,Footwear,W,271.23,509.0,Vibrant Textiles Corp,145,46.71,117358849.64999996,87.08,356,64.73,"Niche Gem (Low Rev, High Margin)"
PROD-0446,162,236,135684.8,76197.32,59487.48,19,7,43.84,11.73,4.32,Fabindia Ethnic Wear Series 5,Fashion,Ethnic Wear,Fabindia,322.87,619.0,Heritage Weaves,159,47.84,117494534.44999996,87.18,357,64.91,"Niche Gem (Low Rev, High Margin)"
PROD-0174,145,219,135673.2,90081.27,45591.93,5,5,33.6,3.45,3.45,Forest Essentials Haircare Ultra,Beauty,Haircare,Forest Essentials,411.33,669.0,Divine Botanicals,548,38.52,117630207.64999996,87.28,358,65.09,"Lagging (Low Rev, Low Margin)"
PROD-0473,163,223,135251.6,81457.43999999999,53794.16,25,7,39.77,15.34,4.29,Nike Kids Wear Pro,Fashion,Kids Wear,Nike,365.28,649.0,Vibrant Textiles Corp,176,43.72,117765459.24999996,87.38,359,65.27,"Niche Gem (Low Rev, High Margin)"
PROD-0229,57,78,135222.15,95870.57999999999,39351.57,2,0,29.1,3.51,0.0,Puma Sports Outdoor Gear Series 5,Sports,Outdoor Gear,Puma Sports,1229.11,1869.0,Olympus Gear,53,34.24,117900681.39999996,87.48,360,65.45,"Lagging (Low Rev, Low Margin)"
PROD-0150,77,109,134765.1,81407.74,53357.36,4,3,39.59,5.19,3.9,Nivia Sports Apparel Pro,Sports,Sports Apparel,Nivia,746.86,1349.0,Action Sports Distribution,286,44.64,118035446.49999996,87.58,361,65.64,"Niche Gem (Low Rev, High Margin)"
PROD-0268,152,210,134611.75,78447.6,56164.15,29,8,41.72,19.08,5.26,Puma Winter Wear Prime,Fashion,Winter Wear,Puma,373.56,679.0,Heritage Weaves,41,44.98,118170058.24999996,87.68,362,65.82,"Niche Gem (Low Rev, High Margin)"
PROD-0304,72,96,134527.35,58505.28,76022.07,1,6,56.51,1.39,8.33,Titan Jewelry & Belts Pro,Accessories,Jewelry & Belts,Titan,609.43,1509.0,Prism Lifestyle Supply,247,59.61,118304585.59999995,87.78,363,66.0,"Niche Gem (Low Rev, High Margin)"
PROD-0270,144,215,133465.5,80665.85,52799.65,15,5,39.56,10.42,3.47,Peter England Men'S Wear Classic,Fashion,Men'S Wear,Peter England,375.19,669.0,Vibrant Textiles Corp,589,43.92,118438051.09999995,87.88,364,66.18,"Niche Gem (Low Rev, High Margin)"
PROD-0182,82,119,132669.35,128277.24,4392.110000000001,3,2,3.31,3.66,2.44,Dabur Snacks & Beverages Max,Grocery,Snacks & Beverages,Dabur,1077.96,1199.0,Annapurna Fmcg Wholesale,249,10.1,118570720.44999994,87.98,365,66.36,"Lagging (Low Rev, Low Margin)"
PROD-0400,169,247,131439.0,77175.15,54263.85,22,12,41.28,13.02,7.1,Levi'S Kids Wear Series 5,Fashion,Kids Wear,Levi'S,312.45,569.0,Royal Garments Supply,159,45.09,118702159.44999994,88.08,366,66.55,"Niche Gem (Low Rev, High Margin)"
PROD-0103,86,136,130228.2,84102.4,46125.8,10,8,35.42,11.63,9.3,Bajaj Home Decor Plus,Home & Kitchen,Home Decor,Bajaj,618.4,1019.0,Urban Living Goods,89,39.31,118832387.64999995,88.17,367,66.73,"Niche Gem (Low Rev, High Margin)"
PROD-0092,175,257,130033.75,69945.12000000001,60088.63,26,15,46.21,14.86,8.57,W Kids Wear Elite,Fashion,Kids Wear,W,272.16,539.0,Heritage Weaves,426,49.51,118962421.39999995,88.27,368,66.91,"Niche Gem (Low Rev, High Margin)"
PROD-0161,119,155,129950.45,103312.15,26638.3,5,4,20.5,4.2,3.36,Xiaomi Audio & Headphones Pro,Electronics,Audio & Headphones,Xiaomi,666.53,899.0,Apex Electronics Ltd,216,25.86,119092371.84999995,88.37,369,67.09,"Lagging (Low Rev, Low Margin)"
PROD-0227,63,89,129474.95,82002.81999999999,47472.13,1,4,36.67,1.59,6.35,Milton Storage & Org Pro,Home & Kitchen,Storage & Org,Milton,921.38,1559.0,Urban Living Goods,337,40.9,119221846.79999995,88.46,370,67.27,"Niche Gem (Low Rev, High Margin)"
PROD-0359,110,168,129365.45,80352.72,49012.729999999996,10,8,37.89,9.09,7.27,Milton Home Decor Elite,Home & Kitchen,Home Decor,Milton,478.29,829.0,Sterling Kitchenware,282,42.31,119351212.24999996,88.56,371,67.45,"Niche Gem (Low Rev, High Margin)"
PROD-0202,77,107,129120.6,97077.89,32042.71,13,1,24.82,16.88,1.3,Prestige Storage & Org Series 5,Home & Kitchen,Storage & Org,Prestige,907.27,1299.0,Homecraft Distributors,140,30.16,119480332.84999995,88.65,372,67.64,"Lagging (Low Rev, Low Margin)"
PROD-0001,82,114,128860.65,124770.72,4089.9300000000003,1,3,3.17,1.22,3.66,Fortune Snacks & Beverages Pro,Grocery,Snacks & Beverages,Fortune,1094.48,1229.0,Farmfresh Agro Supplies,421,10.95,119609193.49999996,88.75,373,67.82,"Lagging (Low Rev, Low Margin)"
PROD-0385,183,265,128763.9,86559.59999999999,42204.3,27,11,32.78,14.75,6.01,Levi'S Winter Wear Ultra,Fashion,Winter Wear,Levi'S,326.64,519.0,Heritage Weaves,341,37.06,119737957.39999996,88.85,374,68.0,"Lagging (Low Rev, Low Margin)"
PROD-0066,61,78,127851.9,57547.619999999995,70304.28,7,4,54.99,11.48,6.56,Lenskart Travel Gear Elite,Accessories,Travel Gear,Lenskart,737.79,1749.0,Optima Accessories,429,57.82,119865809.29999997,88.94,375,68.18,"Niche Gem (Low Rev, High Margin)"
PROD-0177,169,259,127753.5,75739.37,52014.13,24,18,40.71,14.2,10.65,W Winter Wear Elite,Fashion,Winter Wear,W,292.43,529.0,Vibrant Textiles Corp,23,44.72,119993562.79999997,89.04,376,68.36,"Niche Gem (Low Rev, High Margin)"
PROD-0512,155,220,127637.8,48006.200000000004,79631.6,8,14,62.39,5.16,9.03,Forest Essentials Men'S Grooming Premium,Beauty,Men'S Grooming,Forest Essentials,218.21,619.0,Aura Personal Care,205,64.75,120121200.59999996,89.13,377,68.55,"Niche Gem (Low Rev, High Margin)"
PROD-0354,87,117,127596.34999999999,54531.36,73064.99,9,8,57.26,10.34,9.2,W Footwear Classic,Fashion,Footwear,W,466.08,1169.0,Heritage Weaves,288,60.13,120248796.94999996,89.23,378,68.73,"Niche Gem (Low Rev, High Margin)"
PROD-0373,84,117,127282.45,95482.53,31799.920000000002,4,13,24.98,4.76,15.48,Harpercollins Children'S Books Premium,Books,Children'S Books,Harpercollins,816.09,1189.0,Global Book Importers,120,31.36,120376079.39999996,89.32,379,68.91,"Lagging (Low Rev, Low Margin)"
PROD-0364,86,121,127055.45,55638.22,71417.23,6,5,56.21,6.98,5.81,Titan Travel Gear Series 5,Accessories,Travel Gear,Titan,459.82,1139.0,Optima Accessories,482,59.63,120503134.84999996,89.41,380,69.09,"Niche Gem (Low Rev, High Margin)"
PROD-0164,72,104,125917.55,79645.28,46272.27,7,1,36.75,9.72,1.39,Spaces Small Appliances Classic,Home & Kitchen,Small Appliances,Spaces,765.82,1279.0,Homecraft Distributors,170,40.12,120629052.39999996,89.51,381,69.27,"Niche Gem (Low Rev, High Margin)"
PROD-0223,88,118,125842.84999999999,83725.72,42117.13,5,4,33.47,5.68,4.55,Decathlon Cycling Elite,Sports,Cycling,Decathlon,709.54,1169.0,Fitnation Logistics,40,39.3,120754895.24999996,89.6,382,69.45,"Lagging (Low Rev, Low Margin)"
PROD-0053,169,246,125611.2,80931.54000000001,44679.659999999996,15,13,35.57,8.88,7.69,Forest Essentials Men'S Grooming Classic,Beauty,Men'S Grooming,Forest Essentials,328.99,549.0,Divine Botanicals,147,40.07,120880506.44999996,89.69,383,69.64,"Niche Gem (Low Rev, High Margin)"
PROD-0250,154,234,125266.65,66095.64,59171.01,16,11,47.24,10.39,7.14,W Footwear Plus,Fashion,Footwear,W,282.46,579.0,Heritage Weaves,599,51.22,121005773.09999996,89.79,384,69.82,"Niche Gem (Low Rev, High Margin)"
PROD-0260,119,189,123827.85,83371.68,40456.17,6,5,32.67,5.04,4.2,Rupa Publications Fiction Premium,Books,Fiction,Rupa Publications,441.12,699.0,Global Book Importers,378,36.89,121129600.94999996,89.88,385,70.0,"Lagging (Low Rev, Low Margin)"
PROD-0314,102,136,123402.15,81009.76,42392.39,5,3,34.35,4.9,2.94,Milton Bedding & Linen Pro,Home & Kitchen,Bedding & Linen,Milton,595.66,969.0,Homecraft Distributors,333,38.53,121253003.09999996,89.97,386,70.18,"Niche Gem (Low Rev, High Margin)"
PROD-0519,165,223,122719.05,54487.82,68231.23,10,12,55.6,6.06,7.27,Forest Essentials Skincare Max,Beauty,Skincare,Forest Essentials,244.34,579.0,Pureglow Cosmetics,367,57.8,121375722.14999996,90.06,387,70.36,"Niche Gem (Low Rev, High Margin)"
PROD-0378,149,230,121936.7,61120.200000000004,60816.5,15,8,49.88,10.07,5.37,Allen Solly Men'S Wear Plus,Fashion,Men'S Wear,Allen Solly,265.74,569.0,Vibrant Textiles Corp,194,53.3,121497658.84999996,90.15,388,70.55,"Niche Gem (Low Rev, High Margin)"
PROD-0303,135,173,121787.4,77185.68000000001,44601.719999999994,8,1,36.62,5.93,0.74,Lakme Fragrances Max,Beauty,Fragrances,Lakme,446.16,749.0,Aura Personal Care,87,40.43,121619446.24999997,90.24,389,70.73,"Niche Gem (Low Rev, High Margin)"
PROD-0267,171,230,120939.65,49316.6,71623.05,15,13,59.22,8.77,7.6,Raymond Kids Wear Series 5,Fashion,Kids Wear,Raymond,214.42,559.0,Royal Garments Supply,269,61.64,121740385.89999998,90.33,390,70.91,"Niche Gem (Low Rev, High Margin)"
PROD-0167,145,199,120519.3,79078.62,41440.68,27,9,34.39,18.62,6.21,Zudio Men'S Wear Max,Fashion,Men'S Wear,Zudio,397.38,649.0,Heritage Weaves,133,38.77,121860905.19999997,90.42,391,71.09,"Niche Gem (Low Rev, High Margin)"
PROD-0027,79,134,119587.3,74437.0,45150.3,2,6,37.76,2.53,7.59,Puma Sports Racket Sports Prime,Sports,Racket Sports,Puma Sports,555.5,959.0,Olympus Gear,427,42.08,121980492.49999997,90.51,392,71.27,"Niche Gem (Low Rev, High Margin)"
PROD-0230,129,174,118240.0,63830.159999999996,54409.840000000004,5,6,46.02,3.88,4.65,L'Oreal Men'S Grooming Premium,Beauty,Men'S Grooming,L'Oreal,366.84,739.0,Divine Botanicals,523,50.36,122098732.49999997,90.6,393,71.45,"Niche Gem (Low Rev, High Margin)"
PROD-0534,122,170,118079.85,63897.9,54181.95,4,9,45.89,3.28,7.38,Nykaa Skincare Essentials,Beauty,Skincare,Nykaa,375.87,749.0,Pureglow Cosmetics,181,49.82,122216812.34999996,90.69,394,71.64,"Niche Gem (Low Rev, High Margin)"
PROD-0484,166,220,117797.55,66829.4,50968.15,8,11,43.27,4.82,6.63,Nykaa Makeup Plus,Beauty,Makeup,Nykaa,303.77,579.0,Pureglow Cosmetics,453,47.54,122334609.89999996,90.77,395,71.82,"Niche Gem (Low Rev, High Margin)"
PROD-0302,117,179,117587.65,78844.13,38743.52,8,10,32.95,6.84,8.55,Oxford University Press Fiction Elite,Books,Fiction,Oxford University Press,440.47,709.0,National Book Depot,267,37.87,122452197.54999997,90.86,396,72.0,"Lagging (Low Rev, Low Margin)"
PROD-0043,177,255,117364.8,59300.25,58064.55,8,6,49.47,4.52,3.39,The Derma Co Men'S Grooming Premium,Beauty,Men'S Grooming,The Derma Co,232.55,499.0,Divine Botanicals,539,53.4,122569562.34999996,90.95,397,72.18,"Niche Gem (Low Rev, High Margin)"
PROD-0209,64,87,117224.1,104663.61,12560.49,0,2,10.71,0.0,3.12,Nestle Staples & Grains Pro,Grocery,Staples & Grains,Nestle,1203.03,1449.0,Bharat Foodworks,433,16.98,122686786.44999996,91.03,398,72.36,"Lagging (Low Rev, Low Margin)"
PROD-0401,88,125,116932.95,77932.5,39000.45,1,5,33.35,1.14,5.68,Puma Sports Cycling Premium,Sports,Cycling,Puma Sports,623.46,999.0,Olympus Gear,593,37.59,122803719.39999996,91.12,399,72.55,"Lagging (Low Rev, Low Margin)"
PROD-0233,133,192,115457.1,48754.56,66702.54,17,7,57.77,12.78,5.26,Fabindia Winter Wear Prime,Fashion,Winter Wear,Fabindia,253.93,649.0,Royal Garments Supply,584,60.87,122919176.49999996,91.21,400,72.73,"Niche Gem (Low Rev, High Margin)"
PROD-0376,84,127,115228.3,98939.34999999999,16288.949999999999,2,6,14.14,2.38,7.14,Tata Sampann Snacks & Beverages Premium,Grocery,Snacks & Beverages,Tata Sampann,779.05,979.0,Bharat Foodworks,585,20.42,123034404.79999995,91.29,401,72.91,"Lagging (Low Rev, Low Margin)"
PROD-0392,94,134,114920.95,76889.2,38031.75,3,6,33.09,3.19,6.38,Penguin Academic & Test Prep Pro,Books,Academic & Test Prep,Penguin,573.8,919.0,National Book Depot,62,37.56,123149325.74999996,91.38,402,73.09,"Lagging (Low Rev, Low Margin)"
PROD-0523,78,113,114781.5,100425.36,14356.14,2,7,12.51,2.56,8.97,Fortune Organic Foods Premium,Grocery,Organic Foods,Fortune,888.72,1109.0,Bharat Foodworks,515,19.86,123264107.24999996,91.46,403,73.27,"Lagging (Low Rev, Low Margin)"
PROD-0540,138,173,113063.25,49830.920000000006,63232.33,13,8,55.93,9.42,5.8,Nike Ethnic Wear Premium,Fashion,Ethnic Wear,Nike,288.04,699.0,Heritage Weaves,215,58.79,123377170.49999996,91.55,404,73.45,"Niche Gem (Low Rev, High Margin)"
PROD-0086,68,87,112549.55,81998.37,30551.18,5,3,27.14,7.35,4.41,Decathlon Fitness Equipment Ultra,Sports,Fitness Equipment,Decathlon,942.51,1399.0,Olympus Gear,168,32.63,123489720.04999995,91.63,405,73.64,"Lagging (Low Rev, Low Margin)"
PROD-0175,100,147,111541.95,46551.96,64989.990000000005,5,2,58.27,5.0,2.0,Fastrack Bags & Backpacks Classic,Accessories,Bags & Backpacks,Fastrack,316.68,829.0,Prism Lifestyle Supply,117,61.8,123601261.99999996,91.71,406,73.82,"Niche Gem (Low Rev, High Margin)"
PROD-0178,146,213,110129.4,103202.76,6926.64,1,7,6.29,0.68,4.79,Haldiram'S Breakfast & Dairy Classic,Grocery,Breakfast & Dairy,Haldiram'S,484.52,549.0,Annapurna Fmcg Wholesale,308,11.74,123711391.39999996,91.79,407,74.0,"Lagging (Low Rev, Low Margin)"
PROD-0105,112,163,109467.75,77156.05,32311.7,2,4,29.52,1.79,3.57,Penguin Self-Help Pro,Books,Self-Help,Penguin,473.35,719.0,Global Book Importers,346,34.17,123820859.14999996,91.88,408,74.18,"Lagging (Low Rev, Low Margin)"
PROD-0076,157,234,109256.05,69968.34,39287.71,15,11,35.96,9.55,7.01,Allen Solly Women'S Wear Ultra,Fashion,Women'S Wear,Allen Solly,299.01,499.0,Vibrant Textiles Corp,137,40.08,123930115.19999996,91.96,409,74.36,"Niche Gem (Low Rev, High Margin)"
PROD-0274,172,225,109171.65,51680.25,57491.4,23,7,52.66,13.37,4.07,Levi'S Kids Wear Series 5,Fashion,Kids Wear,Levi'S,229.69,519.0,Royal Garments Supply,424,55.74,124039286.84999996,92.04,410,74.55,"Niche Gem (Low Rev, High Margin)"
PROD-0335,106,142,107839.7,65229.12,42610.58,9,7,39.51,8.49,6.6,Prestige Small Appliances Series 5,Home & Kitchen,Small Appliances,Prestige,459.36,809.0,Homecraft Distributors,272,43.22,124147126.54999997,92.12,411,74.73,"Niche Gem (Low Rev, High Margin)"
PROD-0160,91,138,107475.9,68737.8,38738.1,4,7,36.04,4.4,7.69,Titan Bags & Backpacks Plus,Accessories,Bags & Backpacks,Titan,498.1,839.0,Prism Lifestyle Supply,504,40.63,124254602.44999997,92.2,412,74.91,"Niche Gem (Low Rev, High Margin)"
PROD-0024,106,161,107342.6,65509.29,41833.310000000005,10,8,38.97,9.43,7.55,Skybags Bags & Backpacks Classic,Accessories,Bags & Backpacks,Skybags,406.89,709.0,Vanguard Leather Works,571,42.61,124361945.04999997,92.28,413,75.09,"Niche Gem (Low Rev, High Margin)"
PROD-0482,146,211,106780.5,64715.81,42064.69,8,7,39.39,5.48,4.79,Nivia Racket Sports Pro,Sports,Racket Sports,Nivia,306.71,549.0,Fitnation Logistics,223,44.13,124468725.54999997,92.36,414,75.27,"Niche Gem (Low Rev, High Margin)"
PROD-0197,81,108,106632.75,101989.8,4642.95,0,6,4.35,0.0,7.41,Amul Cooking Essentials Max,Grocery,Cooking Essentials,Amul,944.35,1069.0,Bharat Foodworks,394,11.66,124575358.29999997,92.44,415,75.45,"Lagging (Low Rev, Low Margin)"
PROD-0028,134,199,106579.55,85331.2,21248.35,5,6,19.94,3.73,4.48,Jaico Fiction Pro,Books,Fiction,Jaico,428.8,589.0,National Book Depot,427,27.2,124681937.84999996,92.51,416,75.64,"Lagging (Low Rev, Low Margin)"
PROD-0455,87,131,106315.05,74539.0,31776.05,7,3,29.89,8.05,3.45,Bajaj Small Appliances Ultra,Home & Kitchen,Small Appliances,Bajaj,569.0,879.0,Urban Living Goods,321,35.27,124788252.89999996,92.59,417,75.82,"Lagging (Low Rev, Low Margin)"
PROD-0363,104,152,105501.0,67846.72,37654.28,6,3,35.69,5.77,2.88,Decathlon Fitness Equipment Elite,Sports,Fitness Equipment,Decathlon,446.36,759.0,Olympus Gear,261,41.19,124893753.89999996,92.67,418,76.0,"Niche Gem (Low Rev, High Margin)"
PROD-0252,117,149,105271.95,98938.98,6332.97,3,7,6.02,2.56,5.98,Aashirvaad Breakfast & Dairy Pro,Grocery,Breakfast & Dairy,Aashirvaad,664.02,749.0,Annapurna Fmcg Wholesale,280,11.35,124999025.84999996,92.75,419,76.18,"Lagging (Low Rev, Low Margin)"
PROD-0139,115,157,104722.35,60548.62,44173.729999999996,5,10,42.18,4.35,8.7,Philips Small Appliances Ultra,Home & Kitchen,Small Appliances,Philips,385.66,719.0,Sterling Kitchenware,268,46.36,125103748.19999996,92.83,420,76.36,"Niche Gem (Low Rev, High Margin)"
PROD-0511,100,136,104199.2,65844.4,38354.8,3,2,36.81,3.0,2.0,Cello Home Decor Elite,Home & Kitchen,Home Decor,Cello,484.15,809.0,Sterling Kitchenware,591,40.15,125207947.39999996,92.9,421,76.55,"Niche Gem (Low Rev, High Margin)"
PROD-0146,113,162,102902.45,71476.02,31426.43,2,8,30.54,1.77,7.08,Yonex Sports Apparel Elite,Sports,Sports Apparel,Yonex,441.21,679.0,Olympus Gear,156,35.02,125310849.84999996,92.98,422,76.73,"Lagging (Low Rev, Low Margin)"
PROD-0245,172,246,102843.45,53362.32,49481.13,11,12,48.11,6.4,6.98,Forest Essentials Men'S Grooming Max,Beauty,Men'S Grooming,Forest Essentials,216.92,449.0,Pureglow Cosmetics,100,51.69,125413693.29999997,93.06,423,76.91,"Niche Gem (Low Rev, High Margin)"
PROD-0506,138,203,102733.4,82974.22,19759.18,4,14,19.23,2.9,10.14,Oxford University Press Fiction Pro,Books,Fiction,Oxford University Press,408.74,539.0,National Book Depot,379,24.17,125516426.69999997,93.13,424,77.09,"Lagging (Low Rev, Low Margin)"
PROD-0062,106,149,102647.1,81958.93999999999,20688.16,3,4,20.15,2.83,3.77,Arihant Non-Fiction Essentials,Books,Non-Fiction,Arihant,550.06,739.0,National Book Depot,418,25.57,125619073.79999997,93.21,425,77.27,"Lagging (Low Rev, Low Margin)"
PROD-0248,113,168,101893.0,71542.8,30350.2,3,6,29.79,2.65,5.31,Arihant Fiction Ultra,Books,Fiction,Arihant,425.85,649.0,National Book Depot,326,34.38,125720966.79999997,93.29,426,77.45,"Lagging (Low Rev, Low Margin)"
PROD-0154,175,238,101714.4,53285.82,48428.58,15,6,47.61,8.57,3.43,Nykaa Makeup Series 5,Beauty,Makeup,Nykaa,223.89,459.0,Pureglow Cosmetics,418,51.22,125822681.19999997,93.36,427,77.64,"Niche Gem (Low Rev, High Margin)"
PROD-0286,122,182,100925.15,57524.74,43400.41,5,6,43.0,4.1,4.92,Wildcraft Watches Premium,Accessories,Watches,Wildcraft,316.07,589.0,Optima Accessories,114,46.34,125923606.34999998,93.44,428,77.82,"Niche Gem (Low Rev, High Margin)"
PROD-0172,107,150,100731.9,63405.0,37326.9,0,5,37.06,0.0,4.67,Puma Men'S Wear Plus,Fashion,Men'S Wear,Puma,422.7,719.0,Heritage Weaves,456,41.21,126024338.24999999,93.51,429,78.0,"Niche Gem (Low Rev, High Margin)"
PROD-0269,92,120,100590.35,67748.40000000001,32841.950000000004,9,5,32.65,9.78,5.43,Yonex Outdoor Gear Ultra,Sports,Outdoor Gear,Yonex,564.57,889.0,Olympus Gear,170,36.49,126124928.59999998,93.59,430,78.18,"Lagging (Low Rev, Low Margin)"
PROD-0288,92,127,100224.45,75103.99,25120.46,4,7,25.06,4.35,7.61,Cosco Outdoor Gear Premium,Sports,Outdoor Gear,Cosco,591.37,849.0,Action Sports Distribution,441,30.35,126225153.04999998,93.66,431,78.36,"Lagging (Low Rev, Low Margin)"
PROD-0495,111,155,99905.0,42290.2,57614.8,17,13,57.67,15.32,11.71,Puma Kids Wear Classic,Fashion,Kids Wear,Puma,272.84,689.0,Heritage Weaves,238,60.4,126325058.04999998,93.73,432,78.55,"Niche Gem (Low Rev, High Margin)"
PROD-0007,115,174,99070.95,74807.82,24263.13,3,9,24.49,2.61,7.83,Penguin Fiction Classic,Books,Fiction,Penguin,429.93,619.0,Scholar Press Logistics,15,30.54,126424128.99999999,93.81,433,78.73,"Lagging (Low Rev, Low Margin)"
PROD-0294,112,159,98978.55,76021.08,22957.47,6,5,23.19,5.36,4.46,Domyos Racket Sports Plus,Sports,Racket Sports,Domyos,478.12,669.0,Action Sports Distribution,349,28.53,126523107.54999998,93.88,434,78.91,"Lagging (Low Rev, Low Margin)"
PROD-0145,128,191,97776.9,41739.23,56037.67,7,8,57.31,5.47,6.25,American Tourister Travel Gear Essentials,Accessories,Travel Gear,American Tourister,218.53,549.0,Vanguard Leather Works,130,60.19,126620884.44999999,93.95,435,79.09,"Niche Gem (Low Rev, High Margin)"
PROD-0056,105,156,97436.5,39872.04,57564.46,8,5,59.08,7.62,4.76,Lakme Men'S Grooming Classic,Beauty,Men'S Grooming,Lakme,255.59,679.0,Aura Personal Care,258,62.36,126718320.94999999,94.03,436,79.27,"Niche Gem (Low Rev, High Margin)"
PROD-0168,77,105,97361.55,65312.1,32049.45,3,8,32.92,3.9,10.39,Spaces Cookware Max,Home & Kitchen,Cookware,Spaces,622.02,979.0,Sterling Kitchenware,147,36.46,126815682.49999999,94.1,437,79.45,"Lagging (Low Rev, Low Margin)"
PROD-0513,104,154,95867.7,86079.84000000001,9787.86,0,6,10.21,0.0,5.77,Aashirvaad Staples & Grains Premium,Grocery,Staples & Grains,Aashirvaad,558.96,669.0,Bharat Foodworks,448,16.45,126911550.19999999,94.17,438,79.64,"Lagging (Low Rev, Low Margin)"
PROD-0297,93,136,95811.35,71284.4,24526.95,4,8,25.6,4.3,8.6,Spaces Storage & Org Premium,Home & Kitchen,Storage & Org,Spaces,524.15,739.0,Urban Living Goods,577,29.07,127007361.54999998,94.24,439,79.82,"Lagging (Low Rev, Low Margin)"
PROD-0502,117,176,95535.0,61978.399999999994,33556.6,10,5,35.12,8.55,4.27,Bombay Dyeing Cookware Ultra,Home & Kitchen,Cookware,Bombay Dyeing,352.15,579.0,Urban Living Goods,203,39.18,127102896.54999998,94.31,440,80.0,"Niche Gem (Low Rev, High Margin)"
PROD-0348,118,157,94137.45,78939.6,15197.849999999999,7,5,16.14,5.93,4.24,Oxford University Press Self-Help Classic,Books,Self-Help,Oxford University Press,502.8,649.0,Scholar Press Logistics,516,22.53,127197033.99999999,94.38,441,80.18,"Lagging (Low Rev, Low Margin)"
PROD-0550,108,144,94015.5,63607.68,30407.82,4,8,32.34,3.7,7.41,Harpercollins Non-Fiction Pro,Books,Non-Fiction,Harpercollins,441.72,699.0,Global Book Importers,180,36.81,127291049.49999999,94.45,442,80.36,"Lagging (Low Rev, Low Margin)"
PROD-0461,216,306,94011.75,59584.32,34427.43,14,13,36.62,6.48,6.02,The Derma Co Men'S Grooming Max,Beauty,Men'S Grooming,The Derma Co,194.72,329.0,Aura Personal Care,387,40.81,127385061.24999999,94.52,443,80.55,"Niche Gem (Low Rev, High Margin)"
PROD-0386,232,336,93751.45,61155.36,32596.09,12,16,34.77,5.17,6.9,Mamaearth Haircare Series 5,Beauty,Haircare,Mamaearth,182.01,299.0,Divine Botanicals,63,39.13,127478812.69999999,94.59,444,80.73,"Niche Gem (Low Rev, High Margin)"
PROD-0390,88,128,93664.2,68993.28,24670.920000000002,11,7,26.34,12.5,7.95,Spaces Bedding & Linen Pro,Home & Kitchen,Bedding & Linen,Spaces,539.01,769.0,Homecraft Distributors,393,29.91,127572476.89999999,94.66,445,80.91,"Lagging (Low Rev, Low Margin)"
PROD-0403,113,168,93653.65,66035.76,27617.89,6,6,29.49,5.31,5.31,Bajaj Cookware Prime,Home & Kitchen,Cookware,Bajaj,393.07,599.0,Urban Living Goods,586,34.38,127666130.55,94.73,446,81.09,"Lagging (Low Rev, Low Margin)"
PROD-0208,100,132,92838.55,79716.12,13122.43,5,11,14.13,5.0,11.0,Haldiram'S Staples & Grains Pro,Grocery,Staples & Grains,Haldiram'S,603.91,749.0,Bharat Foodworks,489,19.37,127758969.1,94.8,447,81.27,"Lagging (Low Rev, Low Margin)"
PROD-0457,93,126,91727.25,87683.4,4043.85,1,4,4.41,1.08,4.3,Haldiram'S Snacks & Beverages Prime,Grocery,Snacks & Beverages,Haldiram'S,695.9,779.0,Annapurna Fmcg Wholesale,320,10.67,127850696.35,94.87,448,81.45,"Lagging (Low Rev, Low Margin)"
PROD-0337,104,150,91665.0,87714.0,3950.9999999999995,1,12,4.31,0.96,11.54,Catch Organic Foods Pro,Grocery,Organic Foods,Catch,584.76,679.0,Bharat Foodworks,487,13.88,127942361.35,94.93,449,81.64,"Lagging (Low Rev, Low Margin)"
PROD-0367,113,161,91410.9,63155.469999999994,28255.43,8,11,30.91,7.08,9.73,Oxford University Press Non-Fiction Pro,Books,Non-Fiction,Oxford University Press,392.27,609.0,Scholar Press Logistics,328,35.59,128033772.25,95.0,450,81.82,"Lagging (Low Rev, Low Margin)"
PROD-0542,110,174,91256.75,63617.88,27638.87,11,4,30.29,10.0,3.64,Bajaj Cookware Ultra,Home & Kitchen,Cookware,Bajaj,365.62,559.0,Homecraft Distributors,167,34.59,128125029.0,95.07,451,82.0,"Lagging (Low Rev, Low Margin)"
PROD-0355,215,294,90080.2,42635.880000000005,47444.32,15,11,52.67,6.98,5.12,Maybelline Men'S Grooming Plus,Beauty,Men'S Grooming,Maybelline,145.02,329.0,Aura Personal Care,327,55.92,128215109.2,95.14,452,82.18,"Niche Gem (Low Rev, High Margin)"
PROD-0046,229,359,90074.65,36291.31,53783.34,15,16,59.71,6.55,6.99,Lakme Fragrances Essentials,Beauty,Fragrances,Lakme,101.09,269.0,Divine Botanicals,108,62.42,128305183.85000001,95.2,453,82.36,"Niche Gem (Low Rev, High Margin)"
PROD-0095,145,205,89766.6,58017.049999999996,31749.55,9,9,35.37,6.21,6.21,Bombay Dyeing Bedding & Linen Essentials,Home & Kitchen,Bedding & Linen,Bombay Dyeing,283.01,469.0,Urban Living Goods,301,39.66,128394950.45,95.27,454,82.55,"Niche Gem (Low Rev, High Margin)"
PROD-0057,112,155,89755.0,57323.649999999994,32431.35,8,7,36.13,7.14,6.25,Lakme Makeup Ultra,Beauty,Makeup,Lakme,369.83,619.0,Divine Botanicals,45,40.25,128484705.45,95.34,455,82.73,"Niche Gem (Low Rev, High Margin)"
PROD-0380,82,111,89636.65,80658.15,8978.5,2,4,10.02,2.44,4.88,Catch Cooking Essentials Max,Grocery,Cooking Essentials,Catch,726.65,859.0,Farmfresh Agro Supplies,61,15.41,128574342.10000001,95.4,456,82.91,"Lagging (Low Rev, Low Margin)"
PROD-0352,116,170,89162.3,69220.6,19941.7,4,5,22.37,3.45,4.31,Jaico Children'S Books Pro,Books,Children'S Books,Jaico,407.18,569.0,Global Book Importers,276,28.44,128663504.4,95.47,457,83.09,"Lagging (Low Rev, Low Margin)"
PROD-0243,140,208,88862.4,60715.2,28147.2,7,7,31.68,5.0,5.0,Domyos Fitness Equipment Pro,Sports,Fitness Equipment,Domyos,291.9,459.0,Action Sports Distribution,280,36.41,128752366.80000001,95.53,458,83.27,"Lagging (Low Rev, Low Margin)"
PROD-0370,131,194,88191.15,58487.12,29704.030000000002,9,5,33.68,6.87,3.82,Nivia Cycling Max,Sports,Cycling,Nivia,301.48,489.0,Action Sports Distribution,568,38.35,128840557.95000002,95.6,459,83.45,"Lagging (Low Rev, Low Margin)"
PROD-0188,128,168,87910.5,55392.96000000001,32517.54,5,5,36.99,3.91,3.91,Puma Sports Outdoor Gear Essentials,Sports,Outdoor Gear,Puma Sports,329.72,569.0,Action Sports Distribution,251,42.05,128928468.45000002,95.67,460,83.64,"Niche Gem (Low Rev, High Margin)"
PROD-0065,96,140,87772.8,62567.4,25205.399999999998,3,9,28.72,3.12,9.38,Rupa Publications Children'S Books Plus,Books,Children'S Books,Rupa Publications,446.91,669.0,National Book Depot,214,33.2,129016241.25000001,95.73,461,83.82,"Lagging (Low Rev, Low Margin)"
PROD-0118,124,180,87762.9,61610.399999999994,26152.5,5,5,29.8,4.03,4.03,Harpercollins Children'S Books Ultra,Books,Children'S Books,Harpercollins,342.28,519.0,National Book Depot,516,34.05,129104004.15000002,95.8,462,84.0,"Lagging (Low Rev, Low Margin)"
PROD-0444,228,303,87230.7,49298.1,37932.6,15,8,43.49,6.58,3.51,Maybelline Fragrances Elite,Beauty,Fragrances,Maybelline,162.7,309.0,Aura Personal Care,149,47.35,129191234.85000002,95.86,463,84.18,"Niche Gem (Low Rev, High Margin)"
PROD-0023,239,336,86713.2,50742.72,35970.48,12,14,41.48,5.02,5.86,Biotique Haircare Series 5,Beauty,Haircare,Biotique,151.02,279.0,Pureglow Cosmetics,263,45.87,129277948.05000003,95.92,464,84.36,"Niche Gem (Low Rev, High Margin)"
PROD-0071,128,172,86536.45,61973.32,24563.13,3,7,28.38,2.34,5.47,Arihant Children'S Books Elite,Books,Children'S Books,Arihant,360.31,539.0,Scholar Press Logistics,119,33.15,129364484.50000003,95.99,465,84.55,"Lagging (Low Rev, Low Margin)"
PROD-0434,242,361,86272.9,43814.57,42458.33,18,18,49.21,7.44,7.44,Lakme Men'S Grooming Max,Beauty,Men'S Grooming,Lakme,121.37,259.0,Pureglow Cosmetics,395,53.14,129450757.40000004,96.05,466,84.73,"Niche Gem (Low Rev, High Margin)"
PROD-0171,71,104,86233.0,53792.96,32440.04,2,6,37.62,2.82,8.45,Fastrack Jewelry & Belts Premium,Accessories,Jewelry & Belts,Fastrack,517.24,889.0,Optima Accessories,234,41.82,129536990.40000004,96.12,467,84.91,"Niche Gem (Low Rev, High Margin)"
PROD-0389,131,199,84869.1,64915.78999999999,19953.31,10,8,23.51,7.63,6.11,Prestige Cookware Plus,Home & Kitchen,Cookware,Prestige,326.21,459.0,Homecraft Distributors,32,28.93,129621859.50000003,96.18,468,85.09,"Lagging (Low Rev, Low Margin)"
PROD-0037,142,198,84754.35,56903.219999999994,27851.13,10,6,32.86,7.04,4.23,Spaces Home Decor Premium,Home & Kitchen,Home Decor,Spaces,287.39,459.0,Sterling Kitchenware,55,37.39,129706613.85000002,96.24,469,85.27,"Lagging (Low Rev, Low Margin)"
PROD-0035,120,167,84326.55,54498.78,29827.77,7,13,35.37,5.83,10.83,Philips Storage & Org Max,Home & Kitchen,Storage & Org,Philips,326.34,539.0,Urban Living Goods,550,39.45,129790940.40000002,96.31,470,85.45,"Niche Gem (Low Rev, High Margin)"
PROD-0374,107,143,83279.6,55451.11,27828.49,10,5,33.42,9.35,4.67,Decathlon Sports Apparel Series 5,Sports,Sports Apparel,Decathlon,387.77,629.0,Olympus Gear,526,38.35,129874220.00000001,96.37,471,85.64,"Lagging (Low Rev, Low Margin)"
PROD-0089,124,174,82737.95,55405.08,27332.87,9,14,33.04,7.26,11.29,Kiprun Fitness Equipment Series 5,Sports,Fitness Equipment,Kiprun,318.42,509.0,Olympus Gear,499,37.44,129956957.95000002,96.43,472,85.82,"Lagging (Low Rev, Low Margin)"
PROD-0372,127,194,82436.4,48226.46,34209.94,7,13,41.5,5.51,10.24,Bajaj Small Appliances Essentials,Home & Kitchen,Small Appliances,Bajaj,248.59,459.0,Urban Living Goods,181,45.84,130039394.35000002,96.49,473,86.0,"Niche Gem (Low Rev, High Margin)"
PROD-0422,70,104,82310.55,62974.08,19336.47,3,8,23.49,4.29,11.43,Yonex Outdoor Gear Classic,Sports,Outdoor Gear,Yonex,605.52,849.0,Olympus Gear,17,28.68,130121704.90000002,96.55,474,86.18,"Lagging (Low Rev, Low Margin)"
PROD-0408,108,135,82086.3,59737.5,22348.8,7,8,27.23,6.48,7.41,Prestige Small Appliances Classic,Home & Kitchen,Small Appliances,Prestige,442.5,669.0,Homecraft Distributors,456,33.86,130203791.20000002,96.61,475,86.36,"Lagging (Low Rev, Low Margin)"
PROD-0173,260,369,81881.4,43612.11,38269.29,14,14,46.74,5.38,5.38,The Derma Co Fragrances Series 5,Beauty,Fragrances,The Derma Co,118.19,239.0,Pureglow Cosmetics,28,50.55,130285672.60000002,96.67,476,86.55,"Niche Gem (Low Rev, High Margin)"
PROD-0419,136,196,81852.7,68747.0,13105.7,3,7,16.01,2.21,5.15,Fortune Breakfast & Dairy Pro,Grocery,Breakfast & Dairy,Fortune,350.75,449.0,Farmfresh Agro Supplies,285,21.88,130367525.30000003,96.73,477,86.73,"Lagging (Low Rev, Low Margin)"
PROD-0019,101,143,81460.4,56452.11,25008.29,3,8,30.7,2.97,7.92,Oxford University Press Non-Fiction Essentials,Books,Non-Fiction,Oxford University Press,394.77,619.0,Global Book Importers,564,36.22,130448985.70000003,96.79,478,86.91,"Lagging (Low Rev, Low Margin)"
PROD-0514,97,139,81078.1,57604.380000000005,23473.72,7,6,28.95,7.22,6.19,Philips Home Decor Pro,Home & Kitchen,Home Decor,Philips,414.42,629.0,Sterling Kitchenware,251,34.11,130530063.80000003,96.85,479,87.09,"Lagging (Low Rev, Low Margin)"
PROD-0135,213,311,80700.75,35497.54,45203.21,9,13,56.01,4.23,6.1,Nykaa Men'S Grooming Classic,Beauty,Men'S Grooming,Nykaa,114.14,279.0,Pureglow Cosmetics,347,59.09,130610764.55000003,96.91,480,87.27,"Niche Gem (Low Rev, High Margin)"
PROD-0038,99,142,80357.55,77026.48000000001,3331.07,4,4,4.15,4.04,4.04,Amul Breakfast & Dairy Prime,Grocery,Breakfast & Dairy,Amul,542.44,609.0,Annapurna Fmcg Wholesale,569,10.93,130691122.10000002,96.97,481,87.45,"Lagging (Low Rev, Low Margin)"
PROD-0093,137,208,79059.7,66645.28,12414.42,2,9,15.7,1.46,6.57,Aashirvaad Snacks & Beverages Series 5,Grocery,Snacks & Beverages,Aashirvaad,320.41,409.0,Farmfresh Agro Supplies,453,21.66,130770181.80000003,97.03,482,87.64,"Lagging (Low Rev, Low Margin)"
PROD-0322,95,142,78678.65,60926.520000000004,17752.13,7,5,22.56,7.37,5.26,Prestige Small Appliances Prime,Home & Kitchen,Small Appliances,Prestige,429.06,599.0,Homecraft Distributors,179,28.37,130848860.45000003,97.09,483,87.82,"Lagging (Low Rev, Low Margin)"
PROD-0336,137,194,78464.1,53792.32,24671.78,6,3,31.44,4.38,2.19,Bombay Dyeing Small Appliances Plus,Home & Kitchen,Small Appliances,Bombay Dyeing,277.28,429.0,Sterling Kitchenware,455,35.37,130927324.55000003,97.15,484,88.0,"Lagging (Low Rev, Low Margin)"
PROD-0004,109,142,77924.7,56838.34,21086.36,9,3,27.06,8.26,2.75,Cello Small Appliances Classic,Home & Kitchen,Small Appliances,Cello,400.27,589.0,Sterling Kitchenware,222,32.04,131005249.25000003,97.21,485,88.18,"Lagging (Low Rev, Low Margin)"
PROD-0201,127,199,77724.5,53604.630000000005,24119.87,4,14,31.03,3.15,11.02,Jaico Academic & Test Prep Max,Books,Academic & Test Prep,Jaico,269.37,419.0,Global Book Importers,60,35.71,131082973.75000003,97.26,486,88.36,"Lagging (Low Rev, Low Margin)"
PROD-0442,193,269,77497.2,42235.689999999995,35261.51,11,10,45.5,5.7,5.18,L'Oreal Men'S Grooming Elite,Beauty,Men'S Grooming,L'Oreal,157.01,309.0,Divine Botanicals,315,49.19,131160470.95000003,97.32,487,88.55,"Niche Gem (Low Rev, High Margin)"
PROD-0067,104,138,76881.65,54783.240000000005,22098.41,4,9,28.74,3.85,8.65,Rupa Publications Non-Fiction Elite,Books,Non-Fiction,Rupa Publications,396.98,599.0,Global Book Importers,206,33.73,131237352.60000004,97.38,488,88.73,"Lagging (Low Rev, Low Margin)"
PROD-0332,121,170,76663.95,69654.1,7009.849999999999,2,5,9.14,1.65,4.13,Haldiram'S Breakfast & Dairy Pro,Grocery,Breakfast & Dairy,Haldiram'S,409.73,479.0,Farmfresh Agro Supplies,294,14.46,131314016.55000004,97.44,489,88.91,"Lagging (Low Rev, Low Margin)"
PROD-0536,129,188,75461.1,56582.36,18878.74,5,9,25.02,3.88,6.98,Rupa Publications Children'S Books Classic,Books,Children'S Books,Rupa Publications,300.97,429.0,Scholar Press Logistics,249,29.84,131389477.65000004,97.49,490,89.09,"Lagging (Low Rev, Low Margin)"
PROD-0169,131,190,74288.7,35710.5,38578.2,6,12,51.93,4.58,9.16,Titan Watches Premium,Accessories,Watches,Titan,187.95,419.0,Optima Accessories,47,55.14,131463766.35000004,97.55,491,89.27,"Niche Gem (Low Rev, High Margin)"
PROD-0456,136,198,73775.1,58922.81999999999,14852.279999999999,9,9,20.13,6.62,6.62,Arihant Children'S Books Series 5,Books,Children'S Books,Arihant,297.59,399.0,Global Book Importers,325,25.42,131537541.45000003,97.6,492,89.45,"Lagging (Low Rev, Low Margin)"
PROD-0030,141,191,73517.75,50525.229999999996,22992.52,6,9,31.27,4.26,6.38,Rupa Publications Fiction Prime,Books,Fiction,Rupa Publications,264.53,409.0,Global Book Importers,568,35.32,131611059.20000003,97.66,493,89.64,"Lagging (Low Rev, Low Margin)"
PROD-0499,101,137,72917.35,40902.72,32014.63,6,6,43.91,5.94,5.94,Bajaj Cookware Elite,Home & Kitchen,Cookware,Bajaj,298.56,569.0,Homecraft Distributors,26,47.53,131683976.55000003,97.71,494,89.82,"Niche Gem (Low Rev, High Margin)"
PROD-0447,119,167,72906.05,60505.770000000004,12400.28,3,6,17.01,2.52,5.04,Harpercollins Academic & Test Prep Series 5,Books,Academic & Test Prep,Harpercollins,362.31,469.0,National Book Depot,99,22.75,131756882.60000002,97.76,495,90.0,"Lagging (Low Rev, Low Margin)"
PROD-0341,153,223,72469.85,55353.06,17116.79,12,9,23.62,7.84,5.88,Rupa Publications Self-Help Ultra,Books,Self-Help,Rupa Publications,248.22,349.0,National Book Depot,63,28.88,131829352.45000002,97.82,496,90.18,"Lagging (Low Rev, Low Margin)"
PROD-0481,147,210,71752.05,44383.5,27368.55,8,9,38.14,5.44,6.12,Prestige Cookware Prime,Home & Kitchen,Cookware,Prestige,211.35,369.0,Homecraft Distributors,309,42.72,131901104.50000001,97.87,497,90.36,"Niche Gem (Low Rev, High Margin)"
PROD-0547,97,130,71445.7,46413.899999999994,25031.8,4,5,35.04,4.12,5.15,Yonex Outdoor Gear Pro,Sports,Outdoor Gear,Yonex,357.03,589.0,Action Sports Distribution,73,39.38,131972550.20000002,97.92,498,90.55,"Niche Gem (Low Rev, High Margin)"
PROD-0144,164,241,71121.05,54061.12,17059.93,9,8,23.99,5.49,4.88,Harpercollins Fiction Elite,Books,Fiction,Harpercollins,224.32,319.0,Global Book Importers,267,29.68,132043671.25000001,97.98,499,90.73,"Lagging (Low Rev, Low Margin)"
PROD-0546,116,165,70502.4,44243.1,26259.300000000003,4,7,37.25,3.45,6.03,Yonex Fitness Equipment Pro,Sports,Fitness Equipment,Yonex,268.14,459.0,Fitnation Logistics,431,41.58,132114173.65000002,98.03,500,90.91,"Niche Gem (Low Rev, High Margin)"
PROD-0104,158,229,69764.45,41897.840000000004,27866.61,10,9,39.94,6.33,5.7,Nivia Sports Apparel Max,Sports,Sports Apparel,Nivia,182.96,329.0,Olympus Gear,348,44.39,132183938.10000002,98.08,501,91.09,"Niche Gem (Low Rev, High Margin)"
PROD-0416,130,192,68807.45,40394.88,28412.57,6,10,41.29,4.62,7.69,Nykaa Skincare Max,Beauty,Skincare,Nykaa,210.39,379.0,Aura Personal Care,427,44.49,132252745.55000003,98.13,502,91.27,"Niche Gem (Low Rev, High Margin)"
PROD-0102,106,163,68786.8,31727.95,37058.85,2,9,53.87,1.89,8.49,Titan Bags & Backpacks Classic,Accessories,Bags & Backpacks,Titan,194.65,449.0,Optima Accessories,329,56.65,132321532.35000002,98.18,503,91.45,"Niche Gem (Low Rev, High Margin)"
PROD-0503,231,309,68664.7,28418.73,40245.97,9,15,58.61,3.9,6.49,Lakme Men'S Grooming Classic,Beauty,Men'S Grooming,Lakme,91.97,239.0,Divine Botanicals,168,61.52,132390197.05000003,98.23,504,91.64,"Niche Gem (Low Rev, High Margin)"
PROD-0163,242,337,68349.9,44133.520000000004,24216.38,12,11,35.43,4.96,4.55,Forest Essentials Haircare Premium,Beauty,Haircare,Forest Essentials,130.96,219.0,Pureglow Cosmetics,132,40.2,132458546.95000003,98.28,505,91.82,"Niche Gem (Low Rev, High Margin)"
PROD-0318,160,229,68250.05,62370.44,5879.61,5,6,8.61,3.12,3.75,Tata Sampann Breakfast & Dairy Classic,Grocery,Breakfast & Dairy,Tata Sampann,272.36,319.0,Farmfresh Agro Supplies,263,14.62,132526797.00000003,98.34,506,92.0,"Lagging (Low Rev, Low Margin)"
PROD-0488,152,235,68010.9,49458.1,18552.8,5,13,27.28,3.29,8.55,Rupa Publications Children'S Books Plus,Books,Children'S Books,Rupa Publications,210.46,309.0,National Book Depot,397,31.89,132594807.90000004,98.39,507,92.18,"Lagging (Low Rev, Low Margin)"
PROD-0060,124,178,67894.0,50101.66,17792.34,8,5,26.21,6.45,4.03,Harpercollins Fiction Series 5,Books,Fiction,Harpercollins,281.47,409.0,National Book Depot,195,31.18,132662701.90000004,98.44,508,92.36,"Lagging (Low Rev, Low Margin)"
PROD-0051,75,104,67313.7,49666.24,17647.46,3,3,26.22,4.0,4.0,Yonex Cycling Series 5,Sports,Cycling,Yonex,477.56,699.0,Olympus Gear,519,31.68,132730015.60000004,98.49,509,92.55,"Lagging (Low Rev, Low Margin)"
PROD-0222,123,179,66074.4,46257.18,19817.22,11,11,29.99,8.94,8.94,Prestige Cookware Prime,Home & Kitchen,Cookware,Prestige,258.42,399.0,Sterling Kitchenware,439,35.23,132796090.00000004,98.54,510,92.73,"Lagging (Low Rev, Low Margin)"
PROD-0440,142,201,65018.7,56503.11,8515.59,5,10,13.1,3.52,7.04,Haldiram'S Breakfast & Dairy Pro,Grocery,Breakfast & Dairy,Haldiram'S,281.11,349.0,Bharat Foodworks,19,19.45,132861108.70000005,98.58,511,92.91,"Lagging (Low Rev, Low Margin)"
PROD-0220,125,189,64925.55,44751.42,20174.13,8,3,31.07,6.4,2.4,Philips Bedding & Linen Elite,Home & Kitchen,Bedding & Linen,Philips,236.78,369.0,Homecraft Distributors,80,35.83,132926034.25000004,98.63,512,93.09,"Lagging (Low Rev, Low Margin)"
PROD-0125,208,314,63838.5,58711.72,5126.780000000001,5,12,8.03,2.4,5.77,Tata Sampann Breakfast & Dairy Classic,Grocery,Breakfast & Dairy,Tata Sampann,186.98,219.0,Farmfresh Agro Supplies,107,14.62,132989872.75000004,98.68,513,93.27,"Lagging (Low Rev, Low Margin)"
PROD-0496,150,232,63701.950000000004,41405.04,22296.91,9,8,35.0,6.0,5.33,Puma Sports Sports Apparel Ultra,Sports,Sports Apparel,Puma Sports,178.47,299.0,Fitnation Logistics,398,40.31,133053574.70000005,98.73,514,93.45,"Niche Gem (Low Rev, High Margin)"
PROD-0242,147,188,63449.55,40079.72,23369.83,14,16,36.83,9.52,10.88,Philips Storage & Org Max,Home & Kitchen,Storage & Org,Philips,213.19,369.0,Homecraft Distributors,435,42.22,133117024.25000004,98.77,515,93.64,"Niche Gem (Low Rev, High Margin)"
PROD-0232,167,250,62071.75,46832.5,15239.25,7,3,24.55,4.19,1.8,Harpercollins Fiction Premium,Books,Fiction,Harpercollins,187.33,269.0,National Book Depot,464,30.36,133179096.00000004,98.82,516,93.82,"Lagging (Low Rev, Low Margin)"
PROD-0063,118,168,62044.5,23674.559999999998,38369.94,9,8,61.84,7.63,6.78,Nykaa Haircare Premium,Beauty,Haircare,Nykaa,140.92,399.0,Aura Personal Care,316,64.68,133241140.50000004,98.87,517,94.0,"Niche Gem (Low Rev, High Margin)"
PROD-0225,133,185,61245.4,39236.65,22008.75,8,13,35.94,6.02,9.77,Titan Jewelry & Belts Pro,Accessories,Jewelry & Belts,Titan,212.09,359.0,Prism Lifestyle Supply,35,40.92,133302385.90000005,98.91,518,94.18,"Niche Gem (Low Rev, High Margin)"
PROD-0042,151,214,61243.8,45712.54,15531.26,9,11,25.36,5.96,7.28,Rupa Publications Children'S Books Classic,Books,Children'S Books,Rupa Publications,213.61,309.0,Scholar Press Logistics,320,30.87,133363629.70000005,98.96,519,94.36,"Lagging (Low Rev, Low Margin)"
PROD-0384,120,167,61150.8,34418.7,26732.1,11,5,43.72,9.17,4.17,Spaces Home Decor Ultra,Home & Kitchen,Home Decor,Spaces,206.1,389.0,Homecraft Distributors,78,47.02,133424780.50000004,99.0,520,94.55,"Niche Gem (Low Rev, High Margin)"
PROD-0195,152,211,60764.85,53646.75,7118.1,3,7,11.71,1.97,4.61,Tata Sampann Snacks & Beverages Pro,Grocery,Snacks & Beverages,Tata Sampann,254.25,309.0,Annapurna Fmcg Wholesale,386,17.72,133485545.35000004,99.05,521,94.73,"Lagging (Low Rev, Low Margin)"
PROD-0449,175,256,60631.9,56714.24,3917.6600000000003,5,10,6.46,2.86,5.71,Haldiram'S Organic Foods Classic,Grocery,Organic Foods,Haldiram'S,221.54,259.0,Annapurna Fmcg Wholesale,375,14.46,133546177.25000004,99.09,522,94.91,"Lagging (Low Rev, Low Margin)"
PROD-0497,150,206,58926.3,43035.46,15890.84,13,10,26.97,8.67,6.67,Decathlon Sports Apparel Prime,Sports,Sports Apparel,Decathlon,208.91,309.0,Action Sports Distribution,517,32.39,133605103.55000004,99.14,523,95.09,"Lagging (Low Rev, Low Margin)"
PROD-0366,167,252,58228.65,56012.04,2216.61,5,14,3.81,2.99,8.38,Catch Cooking Essentials Series 5,Grocery,Cooking Essentials,Catch,222.27,249.0,Bharat Foodworks,541,10.73,133663332.20000005,99.18,524,95.27,"Lagging (Low Rev, Low Margin)"
PROD-0116,181,248,57618.6,39439.44,18179.16,11,12,31.55,6.08,6.63,Oxford University Press Fiction Premium,Books,Fiction,Oxford University Press,159.03,249.0,National Book Depot,109,36.13,133720950.80000004,99.22,525,95.45,"Lagging (Low Rev, Low Margin)"
PROD-0075,155,230,55115.2,42391.3,12723.9,11,9,23.09,7.1,5.81,Rupa Publications Children'S Books Ultra,Books,Children'S Books,Rupa Publications,184.31,259.0,National Book Depot,282,28.84,133776066.00000004,99.26,526,95.64,"Lagging (Low Rev, Low Margin)"
PROD-0133,153,227,54234.6,41679.47,12555.13,5,12,23.15,3.27,7.84,Penguin Non-Fiction Prime,Books,Non-Fiction,Penguin,183.61,259.0,Scholar Press Logistics,349,29.11,133830300.60000004,99.3,527,95.82,"Lagging (Low Rev, Low Margin)"
PROD-0307,225,341,53268.8,44197.01,9071.79,10,4,17.03,4.44,1.78,Arihant Fiction Ultra,Books,Fiction,Arihant,129.61,169.0,Scholar Press Logistics,350,23.31,133883569.40000004,99.34,528,96.0,"Lagging (Low Rev, Low Margin)"
PROD-0276,155,214,52885.4,43195.9,9689.5,10,9,18.32,6.45,5.81,Harpercollins Academic & Test Prep Prime,Books,Academic & Test Prep,Harpercollins,201.85,269.0,National Book Depot,506,24.96,133936454.80000004,99.38,529,96.18,"Lagging (Low Rev, Low Margin)"
PROD-0371,162,230,50847.25,46745.200000000004,4102.05,5,3,8.07,3.09,1.85,Amul Cooking Essentials Ultra,Grocery,Cooking Essentials,Amul,203.24,239.0,Annapurna Fmcg Wholesale,150,14.96,133987302.05000004,99.42,530,96.36,"Lagging (Low Rev, Low Margin)"
PROD-0216,157,224,50142.2,40398.4,9743.8,10,7,19.43,6.37,4.46,Jaico Self-Help Prime,Books,Self-Help,Jaico,180.35,239.0,National Book Depot,274,24.54,134037444.25000004,99.46,531,96.55,"Lagging (Low Rev, Low Margin)"
PROD-0437,205,298,49699.35,40370.06,9329.29,8,16,18.77,3.9,7.8,Oxford University Press Fiction Elite,Books,Fiction,Oxford University Press,135.47,179.0,Global Book Importers,247,24.32,134087143.60000004,99.49,532,96.73,"Lagging (Low Rev, Low Margin)"
PROD-0535,219,304,48139.65,32822.88,15316.77,10,13,31.82,4.57,5.94,Penguin Fiction Series 5,Books,Fiction,Penguin,107.97,169.0,Global Book Importers,233,36.11,134135283.25000004,99.53,533,96.91,"Lagging (Low Rev, Low Margin)"
PROD-0299,223,318,44790.0,29831.58,14958.42,13,11,33.4,5.83,4.93,Oxford University Press Self-Help Elite,Books,Self-Help,Oxford University Press,93.81,150.0,Global Book Importers,363,37.46,134180073.25000004,99.56,534,97.09,"Lagging (Low Rev, Low Margin)"
PROD-0420,196,294,43995.3,34062.84,9932.46,9,11,22.58,4.59,5.61,Rupa Publications Self-Help Max,Books,Self-Help,Rupa Publications,115.86,159.0,Global Book Importers,581,27.13,134224068.55000004,99.59,535,97.27,"Lagging (Low Rev, Low Margin)"
PROD-0485,223,311,43387.5,30431.35,12956.15,7,12,29.86,3.14,5.38,Arihant Fiction Ultra,Books,Fiction,Arihant,97.85,150.0,Scholar Press Logistics,80,34.77,134267456.05000004,99.63,536,97.45,"Lagging (Low Rev, Low Margin)"
PROD-0398,261,361,39918.55,34045.91,5872.64,5,16,14.71,1.92,6.13,Dabur Breakfast & Dairy Series 5,Grocery,Breakfast & Dairy,Dabur,94.31,119.0,Annapurna Fmcg Wholesale,30,20.75,134307374.60000005,99.66,537,97.64,"Lagging (Low Rev, Low Margin)"
PROD-0234,175,240,39827.5,28562.4,11265.1,8,11,28.28,4.57,6.29,Penguin Self-Help Prime,Books,Self-Help,Penguin,119.01,179.0,National Book Depot,116,33.51,134347202.10000005,99.69,538,97.82,"Lagging (Low Rev, Low Margin)"
PROD-0259,191,267,39694.35,37257.18,2437.17,5,12,6.14,2.62,6.28,Aashirvaad Breakfast & Dairy Prime,Grocery,Breakfast & Dairy,Aashirvaad,139.54,159.0,Farmfresh Agro Supplies,503,12.24,134386896.45000005,99.72,539,98.0,"Lagging (Low Rev, Low Margin)"
PROD-0289,281,426,39030.75,37632.840000000004,1397.91,5,21,3.58,1.78,7.47,Fortune Cooking Essentials Essentials,Grocery,Cooking Essentials,Fortune,88.34,99.0,Farmfresh Agro Supplies,81,10.77,134425927.20000005,99.74,540,98.18,"Lagging (Low Rev, Low Margin)"
PROD-0159,257,379,38744.05,35713.17,3030.88,7,22,7.82,2.72,8.56,Aashirvaad Breakfast & Dairy Premium,Grocery,Breakfast & Dairy,Aashirvaad,94.23,109.0,Bharat Foodworks,371,13.55,134464671.25000006,99.77,541,98.36,"Lagging (Low Rev, Low Margin)"
PROD-0358,182,243,38202.45,36654.12,1548.33,8,12,4.05,4.4,6.59,Fortune Organic Foods Elite,Grocery,Organic Foods,Fortune,150.84,169.0,Farmfresh Agro Supplies,191,10.75,134502873.70000005,99.8,542,98.55,"Lagging (Low Rev, Low Margin)"
PROD-0130,245,366,36852.9,31168.559999999998,5684.34,7,16,15.42,2.86,6.53,Nestle Cooking Essentials Premium,Grocery,Cooking Essentials,Nestle,85.16,109.0,Bharat Foodworks,205,21.87,134539726.60000005,99.83,543,98.73,"Lagging (Low Rev, Low Margin)"
PROD-0107,240,356,36117.15,33563.68,2553.47,4,13,7.07,1.67,5.42,Aashirvaad Cooking Essentials Max,Grocery,Cooking Essentials,Aashirvaad,94.28,109.0,Bharat Foodworks,305,13.5,134575843.75000006,99.86,544,98.91,"Lagging (Low Rev, Low Margin)"
PROD-0238,324,476,35656.0,30092.72,5563.28,9,14,15.6,2.78,4.32,Amul Snacks & Beverages Premium,Grocery,Snacks & Beverages,Amul,63.22,80.0,Bharat Foodworks,131,20.98,134611499.75000006,99.88,545,99.09,"Lagging (Low Rev, Low Margin)"
PROD-0255,310,453,34136.0,32004.45,2131.5499999999997,8,19,6.24,2.58,6.13,Fortune Cooking Essentials Premium,Grocery,Cooking Essentials,Fortune,70.65,80.0,Farmfresh Agro Supplies,427,11.69,134645635.75000006,99.91,546,99.27,"Lagging (Low Rev, Low Margin)"
PROD-0010,261,357,32674.95,29056.23,3618.72,6,15,11.07,2.3,5.75,Haldiram'S Breakfast & Dairy Max,Grocery,Breakfast & Dairy,Haldiram'S,81.39,99.0,Farmfresh Agro Supplies,209,17.79,134678310.70000005,99.93,547,99.45,"Lagging (Low Rev, Low Margin)"
PROD-0183,314,485,31752.0,29473.45,2278.55,5,22,7.18,1.59,7.01,Fortune Cooking Essentials Ultra,Grocery,Cooking Essentials,Fortune,60.77,70.0,Annapurna Fmcg Wholesale,210,13.19,134710062.70000005,99.96,548,99.64,"Lagging (Low Rev, Low Margin)"
PROD-0470,330,462,30096.5,26671.26,3425.24,6,16,11.38,1.82,4.85,Haldiram'S Breakfast & Dairy Elite,Grocery,Breakfast & Dairy,Haldiram'S,57.73,70.0,Annapurna Fmcg Wholesale,289,17.53,134740159.20000005,99.98,549,99.82,"Lagging (Low Rev, Low Margin)"
PROD-0338,271,401,29980.0,25170.77,4809.2300000000005,12,13,16.04,4.43,4.8,Haldiram'S Breakfast & Dairy Classic,Grocery,Breakfast & Dairy,Haldiram'S,62.77,80.0,Bharat Foodworks,392,21.54,134770139.20000005,100.0,550,100.0,"Lagging (Low Rev, Low Margin)"
