return_id,order_id,return_date,return_reason,return_quantity,refund_amount
RET-000001,ORD-0000001,2024-07-03,Size Issue,1,2868.05
RET-000002,ORD-0000011,2023-10-17,Quality Issue,2,1052.3
RET-000003,ORD-0000043,2024-05-21,Quality Issue,1,607.05
RET-000004,ORD-0000065,2024-05-16,Size Issue,1,1403.1
RET-000005,ORD-0000133,2024-11-30,Quality Issue,2,448.2
RET-000006,ORD-0000141,2022-08-23,Quality Issue,1,449.65
RET-000007,ORD-0000182,2023-10-13,Late Delivery,1,471.2
RET-000008,ORD-0000215,2022-09-24,Damaged Product,1,16859.0
RET-000009,ORD-0000252,2024-01-12,Quality Issue,1,3339.0
RET-000010,ORD-0000253,2023-11-29,Size Issue,1,3968.1
RET-000011,ORD-0000261,2022-09-21,Size Issue,1,2979.0
RET-000012,ORD-0000262,2023-06-11,Size Issue,2,8818.0
RET-000013,ORD-0000275,2022-12-25,Damaged Product,2,1398.0
RET-000014,ORD-0000286,2023-11-10,Wrong Product,2,287.3
RET-000015,ORD-0000295,2024-05-16,Size Issue,1,483.55
RET-000016,ORD-0000303,2022-05-11,Quality Issue,1,1703.2
RET-000017,ORD-0000310,2024-03-10,Quality Issue,1,1599.0
RET-000018,ORD-0000312,2022-05-05,Damaged Product,1,616.55
RET-000019,ORD-0000333,2024-02-18,Changed Mind,1,293.55
RET-000020,ORD-0000334,2024-08-24,Quality Issue,1,1215.05
RET-000021,ORD-0000374,2023-01-18,Other,2,24622.1
RET-000022,ORD-0000394,2024-05-29,Quality Issue,2,23934.3
RET-000023,ORD-0000437,2024-11-10,Changed Mind,2,823.5
RET-000024,ORD-0000452,2024-04-22,Quality Issue,1,236.55
RET-000025,ORD-0000458,2024-09-17,Damaged Product,1,2459.55
RET-000026,ORD-0000481,2023-10-16,Damaged Product,1,7334.65
RET-000027,ORD-0000489,2024-11-02,Damaged Product,1,746.1
RET-000028,ORD-0000502,2024-04-22,Changed Mind,1,721.05
RET-000029,ORD-0000506,2023-10-16,Damaged Product,1,313.65
RET-000030,ORD-0000516,2024-01-02,Late Delivery,2,5387.3
RET-000031,ORD-0000545,2022-10-07,Damaged Product,5,7311.5
RET-000032,ORD-0000557,2024-10-17,Late Delivery,1,1961.1
RET-000033,ORD-0000561,2023-11-18,Size Issue,1,917.1
RET-000034,ORD-0000565,2023-06-23,Other,2,423.3
RET-000035,ORD-0000580,2022-05-06,Size Issue,1,1520.65
RET-000036,ORD-0000586,2022-10-28,Late Delivery,1,524.25
RET-000037,ORD-0000587,2024-09-07,Size Issue,1,3089.0
RET-000038,ORD-0000605,2024-07-06,Wrong Product,1,827.1
RET-000039,ORD-0000623,2024-03-21,Damaged Product,1,597.55
RET-000040,ORD-0000631,2022-10-16,Quality Issue,1,347.65
RET-000041,ORD-0000643,2024-07-20,Changed Mind,3,24567.0
RET-000042,ORD-0000645,2023-01-27,Damaged Product,1,319.0
RET-000043,ORD-0000649,2023-08-21,Size Issue,1,1449.0
RET-000044,ORD-0000684,2023-12-10,Quality Issue,1,566.1
RET-000045,ORD-0000685,2023-11-13,Wrong Product,1,530.1
RET-000046,ORD-0000691,2023-08-28,Size Issue,1,1481.05
RET-000047,ORD-0000699,2023-06-15,Quality Issue,1,1109.0
RET-000048,ORD-0000706,2023-05-01,Changed Mind,1,3894.05
RET-000049,ORD-0000752,2025-01-02,Size Issue,2,4578.0
RET-000050,ORD-0000797,2023-12-21,Size Issue,1,1807.2
RET-000051,ORD-0000826,2023-05-20,Changed Mind,1,569.0
RET-000052,ORD-0000827,2024-08-27,Damaged Product,1,1547.55
RET-000053,ORD-0000833,2022-05-05,Size Issue,2,2536.2
RET-000054,ORD-0000840,2024-04-20,Quality Issue,1,1059.0
RET-000055,ORD-0000845,2024-11-03,Damaged Product,1,919.0
RET-000056,ORD-0000846,2023-07-25,Damaged Product,1,616.55
RET-000057,ORD-0000872,2023-08-18,Wrong Product,1,2649.0
RET-000058,ORD-0000875,2023-04-14,Changed Mind,1,11659.0
RET-000059,ORD-0000901,2024-03-01,Size Issue,1,3527.2
RET-000060,ORD-0000907,2023-06-20,Changed Mind,1,3719.0
RET-000061,ORD-0000917,2024-09-05,Damaged Product,1,979.0
RET-000062,ORD-0000929,2024-01-11,Late Delivery,1,2959.0
RET-000063,ORD-0000965,2024-05-24,Quality Issue,1,539.0
RET-000064,ORD-0000985,2023-10-31,Quality Issue,1,5881.15
RET-000065,ORD-0000990,2023-01-24,Changed Mind,1,349.0
RET-000066,ORD-0001010,2024-08-25,Quality Issue,1,6809.0
RET-000067,ORD-0001047,2022-06-08,Quality Issue,1,1196.05
RET-000068,ORD-0001057,2024-08-04,Changed Mind,1,389.0
RET-000069,ORD-0001058,2022-06-23,Damaged Product,1,10031.05
RET-000070,ORD-0001059,2024-07-13,Damaged Product,1,1169.0
RET-000071,ORD-0001072,2023-10-23,Quality Issue,3,5436.9
RET-000072,ORD-0001085,2023-12-10,Quality Issue,1,749.0
RET-000073,ORD-0001097,2024-11-18,Quality Issue,1,464.25
RET-000074,ORD-0001125,2024-11-05,Damaged Product,1,764.1
RET-000075,ORD-0001133,2024-06-02,Size Issue,1,476.1
RET-000076,ORD-0001136,2022-08-10,Damaged Product,1,208.05
RET-000077,ORD-0001146,2023-10-05,Changed Mind,1,2529.0
RET-000078,ORD-0001165,2024-11-08,Size Issue,1,899.25
RET-000079,ORD-0001186,2022-03-22,Quality Issue,1,5786.1
RET-000080,ORD-0001220,2024-03-07,Wrong Product,1,1169.0
RET-000081,ORD-0001245,2023-04-01,Changed Mind,1,829.0
RET-000082,ORD-0001248,2024-11-12,Size Issue,1,441.15
RET-000083,ORD-0001275,2024-04-14,Size Issue,1,1376.55
RET-000084,ORD-0001284,2023-06-07,Quality Issue,2,3778.0
RET-000085,ORD-0001287,2024-06-16,Late Delivery,1,1249.0
RET-000086,ORD-0001291,2024-03-14,Damaged Product,1,5651.1
RET-000087,ORD-0001298,2023-04-07,Changed Mind,1,41619.0
RET-000088,ORD-0001299,2024-03-17,Other,1,15816.55
RET-000089,ORD-0001311,2023-06-24,Late Delivery,2,518.0
RET-000090,ORD-0001314,2023-01-30,Damaged Product,1,1025.05
RET-000091,ORD-0001324,2023-10-04,Damaged Product,1,1665.15
RET-000092,ORD-0001365,2024-07-16,Changed Mind,1,2529.0
RET-000093,ORD-0001401,2022-11-02,Quality Issue,1,296.65
RET-000094,ORD-0001413,2024-01-24,Changed Mind,1,900.15
RET-000095,ORD-0001438,2024-08-27,Quality Issue,1,816.05
RET-000096,ORD-0001441,2022-10-17,Wrong Product,2,287.3
RET-000097,ORD-0001447,2024-10-22,Size Issue,1,467.1
RET-000098,ORD-0001477,2023-07-20,Damaged Product,1,1279.0
RET-000099,ORD-0001532,2022-04-29,Late Delivery,4,5980.6
RET-000100,ORD-0001539,2023-12-18,Quality Issue,1,431.1
RET-000101,ORD-0001575,2024-10-03,Damaged Product,1,1139.0
RET-000102,ORD-0001584,2023-03-08,Other,1,3999.0
RET-000103,ORD-0001611,2024-12-29,Other,1,1007.2
RET-000104,ORD-0001616,2024-05-21,Size Issue,2,1694.4
RET-000105,ORD-0001636,2024-11-30,Quality Issue,1,602.65
RET-000106,ORD-0001648,2023-11-19,Size Issue,1,231.75
RET-000107,ORD-0001656,2024-12-03,Changed Mind,1,679.0
RET-000108,ORD-0001668,2023-05-20,Changed Mind,1,511.2
RET-000109,ORD-0001672,2024-05-29,Wrong Product,1,1756.55
RET-000110,ORD-0001674,2024-06-10,Size Issue,1,1325.15
RET-000111,ORD-0001698,2022-09-06,Size Issue,1,1025.05
RET-000112,ORD-0001705,2024-03-21,Size Issue,1,1909.0
RET-000113,ORD-0001733,2024-02-02,Damaged Product,1,492.15
RET-000114,ORD-0001739,2023-04-08,Changed Mind,1,2041.55
RET-000115,ORD-0001753,2024-04-01,Quality Issue,1,1439.1
RET-000116,ORD-0001760,2022-08-11,Damaged Product,1,1519.05
RET-000117,ORD-0001766,2024-03-31,Size Issue,1,639.0
RET-000118,ORD-0001819,2023-10-11,Damaged Product,1,1682.1
RET-000119,ORD-0001840,2023-07-26,Wrong Product,1,293.55
RET-000120,ORD-0001845,2023-05-30,Size Issue,1,1232.1
RET-000121,ORD-0001848,2024-12-20,Quality Issue,1,2402.55
RET-000122,ORD-0001859,2024-01-19,Quality Issue,2,858.0
RET-000123,ORD-0001861,2023-03-27,Quality Issue,2,6350.4
RET-000124,ORD-0001935,2022-10-15,Other,1,254.15
RET-000125,ORD-0001941,2024-10-11,Late Delivery,1,1699.0
RET-000126,ORD-0001950,2024-04-03,Quality Issue,1,219.0
RET-000127,ORD-0001965,2024-03-22,Damaged Product,1,329.0
RET-000128,ORD-0001976,2024-01-07,Quality Issue,1,10559.0
RET-000129,ORD-0001977,2023-10-22,Wrong Product,2,1636.2
RET-000130,ORD-0002008,2023-12-06,Damaged Product,1,2624.25
RET-000131,ORD-0002010,2024-06-22,Size Issue,1,2209.0
RET-000132,ORD-0002017,2022-10-04,Changed Mind,1,755.1
RET-000133,ORD-0002020,2022-08-14,Other,1,179.0
RET-000134,ORD-0002051,2023-05-09,Damaged Product,1,14891.15
RET-000135,ORD-0002082,2022-04-22,Quality Issue,1,2402.55
RET-000136,ORD-0002084,2023-12-29,Wrong Product,1,674.1
RET-000137,ORD-0002085,2024-03-09,Changed Mind,1,1409.0
RET-000138,ORD-0002111,2024-04-28,Damaged Product,1,150.0
RET-000139,ORD-0002115,2022-12-29,Damaged Product,1,3914.1
RET-000140,ORD-0002125,2023-06-20,Wrong Product,1,469.0
RET-000141,ORD-0002144,2022-11-29,Wrong Product,1,299.0
RET-000142,ORD-0002151,2024-04-20,Wrong Product,1,699.0
RET-000143,ORD-0002160,2023-10-21,Quality Issue,1,347.65
RET-000144,ORD-0002202,2022-11-20,Quality Issue,1,1599.0
RET-000145,ORD-0002205,2023-07-07,Damaged Product,1,1934.1
RET-000146,ORD-0002206,2024-12-04,Damaged Product,2,2038.0
RET-000147,ORD-0002241,2023-06-09,Changed Mind,1,246.05
RET-000148,ORD-0002242,2024-06-25,Quality Issue,1,309.0
RET-000149,ORD-0002247,2024-10-28,Size Issue,1,424.15
RET-000150,ORD-0002255,2023-10-16,Damaged Product,1,219.0
RET-000151,ORD-0002273,2023-11-01,Wrong Product,1,557.1
RET-000152,ORD-0002329,2024-11-29,Size Issue,1,455.2
RET-000153,ORD-0002335,2023-06-10,Size Issue,1,699.0
RET-000154,ORD-0002341,2023-08-14,Changed Mind,1,1133.1
RET-000155,ORD-0002342,2023-12-04,Damaged Product,1,1871.2
RET-000156,ORD-0002354,2024-07-11,Wrong Product,2,160.0
RET-000157,ORD-0002365,2023-11-27,Damaged Product,1,1844.1
RET-000158,ORD-0002375,2024-05-22,Changed Mind,2,1238.0
RET-000159,ORD-0002379,2023-10-03,Size Issue,1,825.55
RET-000160,ORD-0002380,2023-09-07,Changed Mind,1,1029.0
RET-000161,ORD-0002381,2023-09-21,Damaged Product,1,3079.0
RET-000162,ORD-0002388,2024-05-05,Quality Issue,1,2771.1
RET-000163,ORD-0002395,2024-01-27,Late Delivery,1,699.0
RET-000164,ORD-0002411,2022-02-24,Damaged Product,1,1025.05
RET-000165,ORD-0002417,2023-03-21,Quality Issue,2,798.0
RET-000166,ORD-0002434,2024-01-10,Quality Issue,1,815.2
RET-000167,ORD-0002467,2022-03-08,Wrong Product,2,3296.3
RET-000168,ORD-0002482,2024-11-04,Size Issue,1,1634.25
RET-000169,ORD-0002484,2024-11-16,Size Issue,1,509.0
RET-000170,ORD-0002502,2023-09-29,Quality Issue,1,539.0
RET-000171,ORD-0002511,2024-09-28,Quality Issue,1,409.0
RET-000172,ORD-0002520,2024-05-02,Quality Issue,1,1169.0
RET-000173,ORD-0002570,2023-07-10,Size Issue,2,11758.0
RET-000174,ORD-0002573,2022-07-20,Quality Issue,1,2940.15
RET-000175,ORD-0002578,2023-04-30,Quality Issue,1,749.0
RET-000176,ORD-0002580,2022-03-17,Changed Mind,1,9993.05
RET-000177,ORD-0002581,2023-09-24,Quality Issue,1,7059.0
RET-000178,ORD-0002583,2024-09-08,Changed Mind,1,239.0
RET-000179,ORD-0002617,2024-09-07,Size Issue,1,503.1
RET-000180,ORD-0002628,2024-10-08,Size Issue,2,3634.2
RET-000181,ORD-0002636,2023-01-14,Size Issue,1,1859.0
RET-000182,ORD-0002638,2023-09-01,Wrong Product,1,769.0
RET-000183,ORD-0002654,2024-02-10,Quality Issue,2,738.0
RET-000184,ORD-0002655,2024-12-15,Quality Issue,2,1038.0
RET-000185,ORD-0002659,2022-08-21,Changed Mind,1,350.55
RET-000186,ORD-0002662,2023-05-13,Changed Mind,1,1559.0
RET-000187,ORD-0002687,2023-07-10,Damaged Product,2,1154.3
RET-000188,ORD-0002709,2022-03-19,Wrong Product,3,717.6
RET-000189,ORD-0002712,2023-07-01,Quality Issue,1,917.1
RET-000190,ORD-0002724,2024-06-11,Quality Issue,1,2969.0
RET-000191,ORD-0002773,2022-11-18,Wrong Product,1,9187.65
RET-000192,ORD-0002777,2023-02-06,Other,1,20024.1
RET-000193,ORD-0002793,2022-11-15,Size Issue,1,519.2
RET-000194,ORD-0002805,2023-11-09,Size Issue,3,1145.25
RET-000195,ORD-0002828,2022-10-08,Changed Mind,1,917.1
RET-000196,ORD-0002843,2023-03-18,Damaged Product,1,150.0
RET-000197,ORD-0002896,2022-10-26,Late Delivery,1,859.0
RET-000198,ORD-0002901,2025-01-04,Size Issue,1,2231.2
RET-000199,ORD-0002902,2024-02-27,Damaged Product,1,917.1
RET-000200,ORD-0002905,2024-04-13,Damaged Product,1,269.1
RET-000201,ORD-0002925,2024-03-17,Wrong Product,1,487.2
RET-000202,ORD-0002946,2023-07-21,Size Issue,1,4198.05
RET-000203,ORD-0002963,2023-01-03,Quality Issue,1,80.0
RET-000204,ORD-0002973,2023-02-20,Size Issue,1,825.55
RET-000205,ORD-0002995,2024-11-02,Quality Issue,2,8379.3
RET-000206,ORD-0003004,2024-11-20,Damaged Product,3,695.25
RET-000207,ORD-0003006,2023-01-12,Size Issue,1,2189.0
RET-000208,ORD-0003013,2022-08-06,Quality Issue,1,265.05
RET-000209,ORD-0003032,2024-10-12,Damaged Product,1,1139.0
RET-000210,ORD-0003043,2024-11-30,Damaged Product,1,249.0
RET-000211,ORD-0003059,2024-01-08,Damaged Product,1,739.0
RET-000212,ORD-0003063,2024-10-15,Changed Mind,1,203.15
RET-000213,ORD-0003103,2024-05-23,Late Delivery,2,2525.1
RET-000214,ORD-0003113,2023-10-04,Damaged Product,1,1899.0
RET-000215,ORD-0003128,2024-03-06,Quality Issue,1,92.65
RET-000216,ORD-0003140,2022-08-23,Late Delivery,1,2820.55
RET-000217,ORD-0003162,2023-11-20,Size Issue,2,2028.6
RET-000218,ORD-0003170,2023-06-04,Size Issue,2,1058.0
RET-000219,ORD-0003192,2023-09-07,Size Issue,1,1949.0
RET-000220,ORD-0003248,2023-10-20,Quality Issue,2,484.2
RET-000221,ORD-0003256,2023-11-05,Changed Mind,1,692.1
RET-000222,ORD-0003277,2024-06-01,Size Issue,2,1689.1
RET-000223,ORD-0003282,2024-11-27,Wrong Product,1,1295.1
RET-000224,ORD-0003307,2024-05-20,Changed Mind,1,911.05
RET-000225,ORD-0003311,2022-11-17,Size Issue,1,3021.75
RET-000226,ORD-0003324,2022-09-20,Late Delivery,1,2089.0
RET-000227,ORD-0003334,2024-11-08,Late Delivery,1,551.65
RET-000228,ORD-0003345,2023-12-18,Other,1,249.0
RET-000229,ORD-0003377,2023-10-18,Size Issue,1,467.1
RET-000230,ORD-0003383,2024-11-22,Damaged Product,1,1789.0
RET-000231,ORD-0003396,2023-03-12,Size Issue,1,649.0
RET-000232,ORD-0003405,2023-06-26,Late Delivery,1,2098.55
RET-000233,ORD-0003406,2024-06-12,Quality Issue,3,507.0
RET-000234,ORD-0003413,2023-07-02,Other,1,3914.1
RET-000235,ORD-0003419,2024-05-19,Damaged Product,4,10128.6
RET-000236,ORD-0003454,2024-11-16,Changed Mind,1,584.1
RET-000237,ORD-0003463,2023-05-26,Quality Issue,1,279.0
RET-000238,ORD-0003479,2024-01-26,Quality Issue,1,3181.55
RET-000239,ORD-0003482,2023-07-25,Quality Issue,1,3369.0
RET-000240,ORD-0003507,2024-11-02,Quality Issue,1,1169.0
RET-000241,ORD-0003509,2022-11-21,Wrong Product,2,1243.5
RET-000242,ORD-0003518,2023-05-15,Quality Issue,1,161.1
RET-000243,ORD-0003544,2023-05-28,Size Issue,1,971.1
RET-000244,ORD-0003558,2024-07-31,Damaged Product,4,2116.0
RET-000245,ORD-0003574,2022-02-01,Changed Mind,1,2583.2
RET-000246,ORD-0003612,2023-12-12,Damaged Product,2,4958.0
RET-000247,ORD-0003617,2023-10-01,Wrong Product,1,649.0
RET-000248,ORD-0003635,2023-10-16,Quality Issue,1,3608.1
RET-000249,ORD-0003640,2022-11-22,Damaged Product,1,2829.0
RET-000250,ORD-0003647,2024-08-25,Quality Issue,1,1745.1
RET-000251,ORD-0003662,2022-10-06,Damaged Product,1,215.1
RET-000252,ORD-0003663,2024-07-02,Size Issue,1,2317.05
RET-000253,ORD-0003664,2024-09-03,Size Issue,1,3739.0
RET-000254,ORD-0003689,2022-04-14,Late Delivery,1,829.0
RET-000255,ORD-0003712,2022-08-11,Changed Mind,1,1279.0
RET-000256,ORD-0003737,2023-12-05,Wrong Product,1,2099.0
RET-000257,ORD-0003738,2024-07-19,Wrong Product,3,56217.0
RET-000258,ORD-0003743,2024-06-13,Changed Mind,1,2439.0
RET-000259,ORD-0003757,2024-02-01,Size Issue,1,1439.1
RET-000260,ORD-0003774,2022-12-06,Size Issue,2,2998.0
RET-000261,ORD-0003791,2023-12-11,Damaged Product,1,739.0
RET-000262,ORD-0003801,2024-06-16,Late Delivery,1,749.0
RET-000263,ORD-0003805,2022-11-12,Wrong Product,1,1610.1
RET-000264,ORD-0003823,2023-10-08,Late Delivery,1,535.2
RET-000265,ORD-0003825,2022-07-31,Quality Issue,1,5623.05
RET-000266,ORD-0003836,2024-11-08,Size Issue,1,2510.1
RET-000267,ORD-0003867,2022-12-14,Size Issue,1,2889.15
RET-000268,ORD-0003902,2024-12-01,Size Issue,1,1939.0
RET-000269,ORD-0003910,2024-08-20,Damaged Product,1,390.15
RET-000270,ORD-0003932,2024-12-06,Quality Issue,1,2226.75
RET-000271,ORD-0003933,2023-04-26,Late Delivery,1,332.1
RET-000272,ORD-0003940,2024-02-16,Changed Mind,2,1498.0
RET-000273,ORD-0003941,2025-01-09,Changed Mind,1,4929.0
RET-000274,ORD-0003946,2024-10-22,Changed Mind,2,8872.2
RET-000275,ORD-0003948,2024-01-07,Damaged Product,1,169.0
RET-000276,ORD-0003979,2022-07-12,Wrong Product,1,519.0
RET-000277,ORD-0003982,2022-05-31,Damaged Product,1,664.05
RET-000278,ORD-0003993,2024-06-04,Quality Issue,2,830.4
RET-000279,ORD-0004007,2023-12-19,Size Issue,2,1214.1
RET-000280,ORD-0004015,2024-08-22,Wrong Product,1,203.15
RET-000281,ORD-0004037,2024-01-20,Late Delivery,2,2848.1
RET-000282,ORD-0004050,2024-05-24,Changed Mind,1,239.0
RET-000283,ORD-0004051,2024-11-08,Quality Issue,1,26859.15
RET-000284,ORD-0004053,2023-07-20,Changed Mind,3,1347.0
RET-000285,ORD-0004081,2024-10-14,Changed Mind,1,1039.0
RET-000286,ORD-0004094,2022-06-16,Wrong Product,1,1179.0
RET-000287,ORD-0004122,2024-02-21,Quality Issue,1,3609.05
RET-000288,ORD-0004125,2023-10-02,Size Issue,1,869.0
RET-000289,ORD-0004159,2024-06-29,Changed Mind,2,478.0
RET-000290,ORD-0004163,2024-02-15,Size Issue,1,169.0
RET-000291,ORD-0004168,2023-07-22,Changed Mind,1,3939.0
RET-000292,ORD-0004169,2024-09-26,Quality Issue,1,579.0
RET-000293,ORD-0004177,2024-08-09,Size Issue,1,475.15
RET-000294,ORD-0004192,2024-02-15,Quality Issue,1,1851.55
RET-000295,ORD-0004211,2024-01-30,Late Delivery,1,529.0
RET-000296,ORD-0004216,2024-02-16,Wrong Product,1,350.55
RET-000297,ORD-0004218,2024-11-15,Late Delivery,1,2559.0
RET-000298,ORD-0004247,2023-10-16,Changed Mind,1,431.2
RET-000299,ORD-0004251,2024-08-27,Late Delivery,2,1442.1
RET-000300,ORD-0004280,2024-07-02,Wrong Product,1,80.0
RET-000301,ORD-0004292,2024-01-22,Damaged Product,1,1919.0
RET-000302,ORD-0004318,2023-06-10,Damaged Product,1,1329.0
RET-000303,ORD-0004331,2023-08-30,Size Issue,1,2402.55
RET-000304,ORD-0004333,2024-11-03,Size Issue,1,4215.15
RET-000305,ORD-0004342,2024-11-25,Wrong Product,1,1403.1
RET-000306,ORD-0004345,2023-12-07,Size Issue,1,1259.0
RET-000307,ORD-0004354,2023-04-30,Other,1,609.0
RET-000308,ORD-0004357,2024-06-22,Damaged Product,1,439.2
RET-000309,ORD-0004358,2023-12-05,Size Issue,1,68.0
RET-000310,ORD-0004385,2024-03-15,Wrong Product,1,787.55
RET-000311,ORD-0004419,2024-04-22,Damaged Product,1,109.0
RET-000312,ORD-0004463,2024-08-24,Wrong Product,1,3999.0
RET-000313,ORD-0004467,2023-09-06,Changed Mind,1,3669.0
RET-000314,ORD-0004468,2024-07-07,Size Issue,1,2611.55
RET-000315,ORD-0004475,2023-06-15,Damaged Product,1,559.55
RET-000316,ORD-0004476,2023-09-05,Size Issue,1,2070.05
RET-000317,ORD-0004493,2022-10-13,Damaged Product,1,7279.0
RET-000318,ORD-0004497,2024-01-23,Quality Issue,1,1559.0
RET-000319,ORD-0004500,2022-08-19,Changed Mind,1,4049.0
RET-000320,ORD-0004503,2024-05-21,Late Delivery,1,2959.0
RET-000321,ORD-0004548,2024-05-13,Damaged Product,1,332.1
RET-000322,ORD-0004581,2023-02-08,Late Delivery,3,1707.0
RET-000323,ORD-0004585,2023-06-22,Wrong Product,1,829.0
RET-000324,ORD-0004637,2022-10-16,Late Delivery,1,295.2
RET-000325,ORD-0004641,2024-06-22,Quality Issue,1,3399.15
RET-000326,ORD-0004643,2023-11-01,Changed Mind,1,2771.1
RET-000327,ORD-0004651,2024-02-19,Damaged Product,2,14115.1
RET-000328,ORD-0004657,2024-02-12,Damaged Product,1,21019.0
RET-000329,ORD-0004662,2024-10-09,Wrong Product,2,7214.4
RET-000330,ORD-0004664,2023-03-03,Quality Issue,1,1223.15
RET-000331,ORD-0004670,2024-01-19,Size Issue,1,977.55
RET-000332,ORD-0004673,2023-06-16,Late Delivery,1,369.55
RET-000333,ORD-0004681,2022-11-27,Damaged Product,1,207.2
RET-000334,ORD-0004684,2023-09-26,Size Issue,1,1019.0
RET-000335,ORD-0004699,2024-02-08,Size Issue,1,616.55
RET-000336,ORD-0004714,2023-09-04,Wrong Product,1,80.0
RET-000337,ORD-0004723,2022-01-13,Damaged Product,1,22399.0
RET-000338,ORD-0004733,2023-02-02,Wrong Product,1,70.0
RET-000339,ORD-0004737,2024-06-13,Quality Issue,1,949.0
RET-000340,ORD-0004741,2024-11-05,Wrong Product,1,1052.1
RET-000341,ORD-0004745,2024-09-08,Size Issue,1,1088.1
RET-000342,ORD-0004748,2024-06-12,Damaged Product,2,1678.0
RET-000343,ORD-0004772,2024-04-04,Damaged Product,5,144036.0
RET-000344,ORD-0004782,2024-11-08,Late Delivery,1,415.65
RET-000345,ORD-0004809,2023-12-09,Damaged Product,1,1775.65
RET-000346,ORD-0004811,2023-06-26,Damaged Product,1,579.0
RET-000347,ORD-0004840,2024-03-18,Damaged Product,1,1299.0
RET-000348,ORD-0004857,2023-11-13,Quality Issue,1,143.2
RET-000349,ORD-0004884,2024-06-02,Size Issue,1,1376.55
RET-000350,ORD-0004925,2022-08-04,Changed Mind,3,2590.65
RET-000351,ORD-0004944,2023-05-29,Quality Issue,1,1239.0
RET-000352,ORD-0004991,2023-05-22,Late Delivery,1,5623.05
RET-000353,ORD-0005006,2024-11-03,Quality Issue,1,929.25
RET-000354,ORD-0005013,2022-10-17,Damaged Product,1,3306.75
RET-000355,ORD-0005023,2023-02-01,Changed Mind,1,797.05
RET-000356,ORD-0005040,2022-06-04,Size Issue,1,467.1
RET-000357,ORD-0005045,2024-02-01,Wrong Product,1,150.0
RET-000358,ORD-0005060,2024-11-18,Size Issue,1,3545.1
RET-000359,ORD-0005065,2024-01-08,Quality Issue,1,3559.0
RET-000360,ORD-0005069,2023-03-17,Quality Issue,1,103.55
RET-000361,ORD-0005077,2024-05-27,Quality Issue,3,27297.0
RET-000362,ORD-0005100,2024-10-24,Changed Mind,1,3229.0
RET-000363,ORD-0005125,2024-04-11,Wrong Product,1,2829.0
RET-000364,ORD-0005135,2024-06-21,Changed Mind,1,645.05
RET-000365,ORD-0005183,2022-08-19,Quality Issue,1,3590.05
RET-000366,ORD-0005192,2023-06-19,Size Issue,2,3342.1
RET-000367,ORD-0005198,2023-10-22,Wrong Product,1,426.75
RET-000368,ORD-0005201,2023-01-13,Changed Mind,1,1299.0
RET-000369,ORD-0005234,2022-07-25,Quality Issue,1,579.0
RET-000370,ORD-0005248,2024-09-06,Other,2,558.0
RET-000371,ORD-0005293,2023-10-04,Size Issue,1,619.0
RET-000372,ORD-0005311,2024-10-14,Quality Issue,2,7648.2
RET-000373,ORD-0005322,2024-12-29,Changed Mind,1,1059.0
RET-000374,ORD-0005329,2023-04-14,Damaged Product,2,1258.2
RET-000375,ORD-0005331,2023-04-25,Quality Issue,1,699.0
RET-000376,ORD-0005348,2023-08-14,Quality Issue,1,436.05
RET-000377,ORD-0005384,2024-10-14,Size Issue,1,3626.1
RET-000378,ORD-0005406,2023-10-27,Damaged Product,1,1615.2
RET-000379,ORD-0005428,2023-06-26,Damaged Product,1,279.65
RET-000380,ORD-0005442,2023-10-13,Late Delivery,1,566.1
RET-000381,ORD-0005449,2024-03-22,Wrong Product,1,863.2
RET-000382,ORD-0005450,2024-01-18,Quality Issue,1,1766.05
RET-000383,ORD-0005457,2024-11-29,Quality Issue,1,500.65
RET-000384,ORD-0005475,2024-05-24,Damaged Product,1,10519.0
RET-000385,ORD-0005478,2024-10-13,Quality Issue,3,1197.0
RET-000386,ORD-0005480,2023-05-23,Wrong Product,1,179.0
RET-000387,ORD-0005481,2023-06-06,Size Issue,1,1215.05
RET-000388,ORD-0005488,2024-03-23,Size Issue,1,531.05
RET-000389,ORD-0005514,2023-04-09,Size Issue,1,1025.05
RET-000390,ORD-0005524,2024-10-11,Size Issue,1,4193.1
RET-000391,ORD-0005565,2024-04-10,Wrong Product,1,1956.05
RET-000392,ORD-0005583,2023-01-26,Quality Issue,1,369.55
RET-000393,ORD-0005584,2024-03-28,Damaged Product,1,755.1
RET-000394,ORD-0005596,2023-11-28,Size Issue,3,2419.95
RET-000395,ORD-0005620,2023-05-28,Damaged Product,1,969.0
RET-000396,ORD-0005648,2023-07-25,Quality Issue,1,2969.0
RET-000397,ORD-0005650,2023-05-02,Damaged Product,3,1131.3
RET-000398,ORD-0005675,2024-06-27,Damaged Product,1,1429.0
RET-000399,ORD-0005699,2023-05-31,Size Issue,1,7429.0
RET-000400,ORD-0005726,2023-08-27,Size Issue,1,1209.0
RET-000401,ORD-0005749,2022-11-30,Size Issue,2,8044.2
RET-000402,ORD-0005780,2022-04-08,Size Issue,1,1151.1
RET-000403,ORD-0005807,2024-04-23,Damaged Product,1,2717.1
RET-000404,ORD-0005808,2024-02-15,Late Delivery,1,329.0
RET-000405,ORD-0005835,2022-12-13,Size Issue,1,1903.2
RET-000406,ORD-0005847,2022-07-31,Damaged Product,1,160.55
RET-000407,ORD-0005865,2024-06-13,Wrong Product,1,1869.0
RET-000408,ORD-0005881,2022-12-18,Damaged Product,1,709.0
RET-000409,ORD-0005883,2024-04-26,Changed Mind,1,4436.1
RET-000410,ORD-0005888,2024-06-21,Changed Mind,1,3248.05
RET-000411,ORD-0005907,2023-05-12,Size Issue,3,1533.6
RET-000412,ORD-0005932,2024-01-03,Size Issue,1,2303.1
RET-000413,ORD-0005934,2024-06-20,Size Issue,2,2118.0
RET-000414,ORD-0005959,2023-03-09,Other,1,18079.0
RET-000415,ORD-0005997,2024-11-18,Quality Issue,1,4980.15
RET-000416,ORD-0006000,2024-11-29,Damaged Product,1,2625.65
RET-000417,ORD-0006009,2024-11-28,Wrong Product,1,539.1
RET-000418,ORD-0006035,2024-01-23,Size Issue,1,1369.0
RET-000419,ORD-0006037,2024-08-21,Changed Mind,1,749.55
RET-000420,ORD-0006045,2022-11-04,Damaged Product,1,1291.15
RET-000421,ORD-0006052,2024-08-03,Changed Mind,1,262.65
RET-000422,ORD-0006053,2024-04-07,Damaged Product,1,919.0
RET-000423,ORD-0006063,2024-05-01,Quality Issue,2,2118.0
RET-000424,ORD-0006069,2023-04-13,Wrong Product,1,823.65
RET-000425,ORD-0006076,2023-03-22,Quality Issue,2,1137.3
RET-000426,ORD-0006139,2023-12-12,Wrong Product,1,436.05
RET-000427,ORD-0006146,2023-11-27,Changed Mind,1,583.2
RET-000428,ORD-0006167,2023-05-12,Changed Mind,1,2199.0
RET-000429,ORD-0006172,2024-03-24,Damaged Product,1,629.1
RET-000430,ORD-0006191,2024-07-24,Wrong Product,1,1759.0
RET-000431,ORD-0006220,2024-12-15,Changed Mind,1,729.0
RET-000432,ORD-0006239,2024-04-13,Wrong Product,1,4321.55
RET-000433,ORD-0006245,2022-07-05,Damaged Product,2,11818.0
RET-000434,ORD-0006250,2022-06-03,Size Issue,1,2969.0
RET-000435,ORD-0006269,2023-10-09,Size Issue,1,396.75
RET-000436,ORD-0006281,2024-02-27,Size Issue,1,4036.55
RET-000437,ORD-0006294,2024-08-03,Changed Mind,1,647.1
RET-000438,ORD-0006300,2024-05-21,Size Issue,1,2679.2
RET-000439,ORD-0006345,2023-01-10,Late Delivery,1,1019.0
RET-000440,ORD-0006373,2024-02-01,Late Delivery,1,390.15
RET-000441,ORD-0006374,2023-09-15,Late Delivery,1,569.0
RET-000442,ORD-0006380,2023-03-02,Damaged Product,1,279.65
RET-000443,ORD-0006385,2023-04-26,Quality Issue,1,6314.65
RET-000444,ORD-0006390,2023-05-15,Damaged Product,1,3399.15
RET-000445,ORD-0006416,2024-11-25,Damaged Product,1,1634.25
RET-000446,ORD-0006425,2024-02-17,Size Issue,1,499.0
RET-000447,ORD-0006435,2024-04-11,Size Issue,1,1029.0
RET-000448,ORD-0006446,2024-01-10,Size Issue,1,540.55
RET-000449,ORD-0006447,2023-05-08,Quality Issue,1,319.0
RET-000450,ORD-0006471,2024-06-21,Wrong Product,1,1899.0
RET-000451,ORD-0006489,2023-03-12,Quality Issue,3,1377.0
RET-000452,ORD-0006496,2024-01-10,Size Issue,1,4245.55
RET-000453,ORD-0006509,2024-02-10,Changed Mind,1,4929.0
RET-000454,ORD-0006511,2024-08-24,Wrong Product,1,649.0
RET-000455,ORD-0006547,2022-08-08,Damaged Product,1,787.55
RET-000456,ORD-0006571,2022-04-13,Wrong Product,1,749.0
RET-000457,ORD-0006576,2024-07-01,Size Issue,1,825.55
RET-000458,ORD-0006595,2024-11-01,Changed Mind,1,2231.1
RET-000459,ORD-0006603,2023-03-05,Wrong Product,1,499.0
RET-000460,ORD-0006607,2024-06-04,Size Issue,1,649.0
RET-000461,ORD-0006642,2024-06-29,Size Issue,2,5812.3
RET-000462,ORD-0006653,2022-11-07,Changed Mind,1,309.0
RET-000463,ORD-0006666,2022-10-07,Wrong Product,2,358.0
RET-000464,ORD-0006672,2024-01-03,Damaged Product,1,749.0
RET-000465,ORD-0006702,2023-06-15,Wrong Product,1,349.0
RET-000466,ORD-0006722,2022-01-31,Wrong Product,1,1490.55
RET-000467,ORD-0006731,2022-01-12,Damaged Product,2,568.1
RET-000468,ORD-0006766,2024-11-19,Size Issue,1,2965.65
RET-000469,ORD-0006786,2022-03-28,Size Issue,2,559.3
RET-000470,ORD-0006806,2022-10-19,Late Delivery,1,519.2
RET-000471,ORD-0006812,2024-12-31,Damaged Product,1,2089.0
RET-000472,ORD-0006832,2023-11-20,Size Issue,1,449.1
RET-000473,ORD-0006857,2023-07-26,Wrong Product,2,638.0
RET-000474,ORD-0006864,2023-06-14,Size Issue,1,512.05
RET-000475,ORD-0006883,2023-07-04,Late Delivery,1,649.0
RET-000476,ORD-0006884,2024-05-29,Damaged Product,1,1279.0
RET-000477,ORD-0006891,2024-08-04,Changed Mind,1,4189.65
RET-000478,ORD-0006914,2023-08-03,Damaged Product,1,550.05
RET-000479,ORD-0006920,2023-10-06,Changed Mind,2,9098.0
RET-000480,ORD-0006939,2024-04-02,Quality Issue,1,239.0
RET-000481,ORD-0006965,2024-10-31,Changed Mind,1,279.65
RET-000482,ORD-0006970,2024-08-04,Size Issue,1,2149.65
RET-000483,ORD-0006997,2023-05-17,Changed Mind,1,279.0
RET-000484,ORD-0007013,2024-12-03,Changed Mind,1,407.2
RET-000485,ORD-0007017,2023-03-31,Late Delivery,1,797.05
RET-000486,ORD-0007020,2024-02-13,Quality Issue,1,636.65
RET-000487,ORD-0007063,2024-04-29,Size Issue,1,749.0
RET-000488,ORD-0007070,2024-09-12,Quality Issue,1,3559.0
RET-000489,ORD-0007088,2022-08-05,Size Issue,1,3169.0
RET-000490,ORD-0007095,2022-11-05,Changed Mind,1,1439.1
RET-000491,ORD-0007099,2024-04-23,Changed Mind,1,1079.0
RET-000492,ORD-0007104,2023-10-10,Changed Mind,1,1599.0
RET-000493,ORD-0007115,2023-05-28,Wrong Product,1,2979.0
RET-000494,ORD-0007138,2024-11-18,Late Delivery,1,3050.65
RET-000495,ORD-0007141,2024-12-08,Quality Issue,1,919.0
RET-000496,ORD-0007152,2023-03-13,Changed Mind,3,660.45
RET-000497,ORD-0007158,2023-10-31,Damaged Product,2,12118.0
RET-000498,ORD-0007176,2023-12-20,Quality Issue,1,679.0
RET-000499,ORD-0007183,2024-02-14,Wrong Product,1,2459.55
RET-000500,ORD-0007195,2024-03-25,Damaged Product,1,749.0
RET-000501,ORD-0007200,2023-10-23,Other,1,5095.3
RET-000502,ORD-0007209,2023-11-30,Size Issue,1,398.65
RET-000503,ORD-0007305,2023-08-12,Changed Mind,1,3314.55
RET-000504,ORD-0007319,2023-11-06,Size Issue,1,1996.65
RET-000505,ORD-0007337,2024-07-21,Quality Issue,2,2848.1
RET-000506,ORD-0007343,2023-03-20,Size Issue,1,1143.2
RET-000507,ORD-0007348,2024-04-07,Changed Mind,1,1741.65
RET-000508,ORD-0007364,2024-03-31,Damaged Product,1,3110.15
RET-000509,ORD-0007372,2024-05-10,Wrong Product,1,239.0
RET-000510,ORD-0007452,2024-05-09,Wrong Product,1,764.1
RET-000511,ORD-0007460,2024-07-01,Wrong Product,2,7438.0
RET-000512,ORD-0007469,2023-12-18,Changed Mind,1,647.1
RET-000513,ORD-0007493,2024-07-10,Size Issue,1,3428.1
RET-000514,ORD-0007532,2024-05-20,Changed Mind,3,27297.0
RET-000515,ORD-0007534,2024-05-20,Size Issue,1,3809.0
RET-000516,ORD-0007550,2024-05-08,Size Issue,1,1949.0
RET-000517,ORD-0007564,2023-07-28,Late Delivery,1,72.0
RET-000518,ORD-0007595,2024-11-04,Damaged Product,1,548.1
RET-000519,ORD-0007601,2023-11-06,Changed Mind,1,1019.0
RET-000520,ORD-0007602,2023-07-03,Size Issue,2,990.4
RET-000521,ORD-0007605,2024-01-19,Damaged Product,1,559.2
RET-000522,ORD-0007612,2023-06-29,Size Issue,1,1409.0
RET-000523,ORD-0007622,2023-12-19,Quality Issue,1,1079.0
RET-000524,ORD-0007634,2024-09-29,Changed Mind,2,538.0
RET-000525,ORD-0007645,2022-02-01,Size Issue,1,2529.0
RET-000526,ORD-0007667,2024-08-28,Size Issue,2,986.1
RET-000527,ORD-0007674,2023-11-18,Wrong Product,1,969.0
RET-000528,ORD-0007704,2023-11-14,Size Issue,1,772.65
RET-000529,ORD-0007709,2023-03-21,Damaged Product,3,5847.0
RET-000530,ORD-0007720,2022-08-10,Wrong Product,3,897.0
RET-000531,ORD-0007731,2023-02-14,Wrong Product,1,1376.55
RET-000532,ORD-0007745,2023-01-03,Changed Mind,1,152.1
RET-000533,ORD-0007758,2024-08-28,Late Delivery,2,2126.4
RET-000534,ORD-0007768,2023-11-24,Quality Issue,1,6119.0
RET-000535,ORD-0007802,2022-04-12,Damaged Product,1,619.0
RET-000536,ORD-0007921,2023-08-20,Wrong Product,1,152.1
RET-000537,ORD-0007931,2024-02-19,Changed Mind,2,1240.2
RET-000538,ORD-0007946,2023-10-27,Wrong Product,1,1063.2
RET-000539,ORD-0008022,2023-11-02,Size Issue,2,1063.5
RET-000540,ORD-0008030,2024-02-12,Quality Issue,1,341.1
RET-000541,ORD-0008033,2023-03-08,Quality Issue,2,6898.0
RET-000542,ORD-0008036,2023-11-27,Changed Mind,1,476.1
RET-000543,ORD-0008042,2022-09-18,Quality Issue,1,293.55
RET-000544,ORD-0008052,2022-11-13,Quality Issue,1,638.1
RET-000545,ORD-0008090,2024-11-30,Wrong Product,1,1817.1
RET-000546,ORD-0008115,2024-06-07,Quality Issue,1,1547.55
RET-000547,ORD-0008122,2024-10-21,Changed Mind,1,1639.65
RET-000548,ORD-0008123,2023-11-25,Size Issue,1,2175.15
RET-000549,ORD-0008126,2022-08-06,Changed Mind,1,227.05
RET-000550,ORD-0008163,2022-06-14,Quality Issue,1,719.0
RET-000551,ORD-0008171,2024-04-11,Other,2,1290.1
RET-000552,ORD-0008209,2024-06-20,Other,1,809.0
RET-000553,ORD-0008235,2024-01-03,Wrong Product,1,379.0
RET-000554,ORD-0008243,2022-11-23,Quality Issue,1,467.1
RET-000555,ORD-0008252,2024-10-08,Size Issue,1,458.15
RET-000556,ORD-0008258,2022-01-22,Size Issue,3,2037.0
RET-000557,ORD-0008262,2023-06-18,Late Delivery,1,1889.0
RET-000558,ORD-0008271,2024-10-27,Quality Issue,2,661.3
RET-000559,ORD-0008303,2022-04-15,Late Delivery,1,4549.0
RET-000560,ORD-0008309,2023-10-24,Size Issue,1,1919.25
RET-000561,ORD-0008326,2024-06-14,Damaged Product,1,278.1
RET-000562,ORD-0008343,2024-08-04,Wrong Product,2,1838.0
RET-000563,ORD-0008373,2024-05-04,Quality Issue,1,7059.0
RET-000564,ORD-0008378,2024-02-25,Changed Mind,1,262.65
RET-000565,ORD-0008392,2024-11-19,Size Issue,1,467.1
RET-000566,ORD-0008396,2024-04-14,Size Issue,1,5409.0
RET-000567,ORD-0008410,2024-07-09,Late Delivery,1,2906.1
RET-000568,ORD-0008414,2024-08-25,Wrong Product,1,179.0
RET-000569,ORD-0008422,2024-05-15,Quality Issue,1,2260.05
RET-000570,ORD-0008445,2024-05-03,Changed Mind,2,2677.1
RET-000571,ORD-0008453,2024-09-28,Wrong Product,2,1086.3
RET-000572,ORD-0008458,2024-10-25,Size Issue,3,1833.3
RET-000573,ORD-0008475,2023-10-22,Damaged Product,1,18044.1
RET-000574,ORD-0008509,2022-12-14,Quality Issue,2,3742.2
RET-000575,ORD-0008518,2024-10-11,Quality Issue,2,2572.2
RET-000576,ORD-0008542,2023-06-13,Quality Issue,1,540.55
RET-000577,ORD-0008546,2023-01-14,Size Issue,1,2209.0
RET-000578,ORD-0008570,2023-11-27,Late Delivery,1,485.1
RET-000579,ORD-0008574,2024-11-26,Damaged Product,1,764.1
RET-000580,ORD-0008587,2023-12-19,Size Issue,1,4549.0
RET-000581,ORD-0008594,2023-10-27,Damaged Product,1,594.3
RET-000582,ORD-0008603,2024-12-02,Damaged Product,1,629.0
RET-000583,ORD-0008621,2023-07-25,Late Delivery,1,309.0
RET-000584,ORD-0008624,2024-05-29,Damaged Product,2,2018.0
RET-000585,ORD-0008643,2022-12-03,Quality Issue,1,279.65
RET-000586,ORD-0008651,2024-10-15,Wrong Product,1,92.65
RET-000587,ORD-0008679,2024-02-09,Late Delivery,1,160.55
RET-000588,ORD-0008690,2024-07-19,Size Issue,2,1103.3
RET-000589,ORD-0008705,2024-03-25,Late Delivery,1,579.0
RET-000590,ORD-0008707,2024-07-03,Damaged Product,1,909.0
RET-000591,ORD-0008709,2023-02-20,Quality Issue,1,1308.15
RET-000592,ORD-0008733,2023-10-20,Damaged Product,1,10359.0
RET-000593,ORD-0008736,2023-12-07,Quality Issue,1,1559.0
RET-000594,ORD-0008742,2024-02-18,Quality Issue,1,3359.0
RET-000595,ORD-0008743,2024-04-08,Quality Issue,1,32840.55
RET-000596,ORD-0008746,2022-10-18,Damaged Product,1,2781.75
RET-000597,ORD-0008749,2022-05-29,Late Delivery,1,1259.0
RET-000598,ORD-0008752,2023-10-20,Size Issue,1,569.0
RET-000599,ORD-0008787,2022-03-17,Changed Mind,1,1939.0
RET-000600,ORD-0008800,2024-11-01,Size Issue,1,426.75
RET-000601,ORD-0008804,2023-05-14,Damaged Product,1,2431.05
RET-000602,ORD-0008805,2024-12-05,Damaged Product,1,580.3
RET-000603,ORD-0008825,2024-01-04,Damaged Product,1,3439.0
RET-000604,ORD-0008884,2024-05-26,Wrong Product,1,550.05
RET-000605,ORD-0008891,2023-08-08,Size Issue,1,711.55
RET-000606,ORD-0008895,2024-11-26,Changed Mind,1,3484.15
RET-000607,ORD-0008898,2023-04-02,Damaged Product,1,293.55
RET-000608,ORD-0008921,2024-12-06,Size Issue,1,749.0
RET-000609,ORD-0008927,2023-11-28,Size Issue,1,1313.1
RET-000610,ORD-0008931,2023-11-09,Changed Mind,1,483.65
RET-000611,ORD-0008936,2023-08-03,Damaged Product,1,2897.65
RET-000612,ORD-0008953,2023-06-16,Quality Issue,1,1277.1
RET-000613,ORD-0008955,2024-03-03,Size Issue,1,4238.1
RET-000614,ORD-0008963,2022-10-03,Changed Mind,2,2050.1
RET-000615,ORD-0008964,2023-01-18,Wrong Product,1,309.0
RET-000616,ORD-0008974,2024-03-22,Late Delivery,2,3532.1
RET-000617,ORD-0008975,2024-07-01,Damaged Product,1,3129.0
RET-000618,ORD-0008983,2023-01-11,Damaged Product,1,806.55
RET-000619,ORD-0009009,2022-10-29,Late Delivery,3,3858.3
RET-000620,ORD-0009015,2023-11-30,Damaged Product,1,80.0
RET-000621,ORD-0009020,2022-12-25,Damaged Product,1,12959.0
RET-000622,ORD-0009033,2024-11-11,Changed Mind,1,1289.25
RET-000623,ORD-0009039,2024-06-14,Quality Issue,1,242.1
RET-000624,ORD-0009044,2023-10-01,Changed Mind,1,3209.0
RET-000625,ORD-0009054,2024-06-11,Damaged Product,1,1759.0
RET-000626,ORD-0009058,2024-05-29,Changed Mind,1,64.0
RET-000627,ORD-0009062,2024-01-25,Size Issue,2,574.2
RET-000628,ORD-0009088,2023-12-15,Changed Mind,1,3058.05
RET-000629,ORD-0009096,2024-06-21,Wrong Product,1,599.0
RET-000630,ORD-0009118,2024-07-23,Size Issue,1,1070.15
RET-000631,ORD-0009121,2024-06-16,Size Issue,3,6267.0
RET-000632,ORD-0009131,2024-10-06,Damaged Product,1,549.0
RET-000633,ORD-0009159,2024-02-12,Quality Issue,1,2336.05
RET-000634,ORD-0009171,2024-01-29,Changed Mind,1,883.15
RET-000635,ORD-0009175,2024-11-21,Damaged Product,1,2617.15
RET-000636,ORD-0009188,2023-11-22,Damaged Product,1,4549.0
RET-000637,ORD-0009204,2025-01-03,Size Issue,1,579.0
RET-000638,ORD-0009230,2024-11-18,Damaged Product,1,539.1
RET-000639,ORD-0009237,2022-08-25,Damaged Product,1,1539.0
RET-000640,ORD-0009248,2024-04-28,Quality Issue,1,1459.0
RET-000641,ORD-0009255,2022-09-22,Damaged Product,1,143.65
RET-000642,ORD-0009274,2022-10-07,Size Issue,1,2439.0
RET-000643,ORD-0009285,2023-01-31,Quality Issue,1,2431.05
RET-000644,ORD-0009287,2022-03-25,Wrong Product,1,279.0
RET-000645,ORD-0009330,2024-02-22,Size Issue,1,649.0
RET-000646,ORD-0009339,2023-12-20,Size Issue,1,3485.55
RET-000647,ORD-0009373,2024-05-05,Size Issue,1,863.1
RET-000648,ORD-0009377,2023-10-31,Other,1,159.0
RET-000649,ORD-0009388,2024-09-24,Size Issue,1,1163.65
RET-000650,ORD-0009418,2023-11-02,Wrong Product,1,28969.0
RET-000651,ORD-0009463,2023-06-18,Damaged Product,1,2515.15
RET-000652,ORD-0009487,2024-05-19,Damaged Product,1,759.0
RET-000653,ORD-0009526,2022-03-21,Quality Issue,1,18391.05
RET-000654,ORD-0009548,2024-01-31,Size Issue,1,239.0
RET-000655,ORD-0009561,2022-02-17,Quality Issue,1,816.05
RET-000656,ORD-0009594,2023-06-18,Quality Issue,3,1677.0
RET-000657,ORD-0009598,2023-10-16,Changed Mind,1,695.2
RET-000658,ORD-0009609,2024-02-23,Damaged Product,1,1419.0
RET-000659,ORD-0009614,2024-12-25,Damaged Product,1,70.0
RET-000660,ORD-0009627,2024-05-23,Wrong Product,3,6909.3
RET-000661,ORD-0009632,2024-07-05,Size Issue,1,509.0
RET-000662,ORD-0009638,2022-11-25,Quality Issue,1,2672.1
RET-000663,ORD-0009640,2024-08-29,Quality Issue,1,239.0
RET-000664,ORD-0009641,2024-03-01,Size Issue,1,3248.05
RET-000665,ORD-0009655,2024-01-13,Quality Issue,1,1424.05
RET-000666,ORD-0009695,2023-12-04,Quality Issue,1,3696.75
RET-000667,ORD-0009696,2024-06-25,Other,1,519.0
RET-000668,ORD-0009707,2023-12-07,Changed Mind,3,1047.0
RET-000669,ORD-0009739,2023-08-31,Size Issue,1,3439.0
RET-000670,ORD-0009766,2024-12-21,Size Issue,1,1459.0
RET-000671,ORD-0009794,2024-06-24,Size Issue,1,4469.0
RET-000672,ORD-0009810,2024-09-27,Changed Mind,2,701.1
RET-000673,ORD-0009815,2023-09-17,Size Issue,1,909.0
RET-000674,ORD-0009816,2024-05-23,Size Issue,1,2379.0
RET-000675,ORD-0009825,2023-02-22,Size Issue,1,309.0
RET-000676,ORD-0009861,2024-05-15,Size Issue,1,584.1
RET-000677,ORD-0009869,2023-10-11,Other,1,2965.65
RET-000678,ORD-0009893,2022-11-21,Damaged Product,1,959.2
RET-000679,ORD-0009943,2022-02-02,Wrong Product,1,1754.1
RET-000680,ORD-0009948,2024-01-06,Quality Issue,1,169.0
RET-000681,ORD-0009953,2024-05-27,Quality Issue,1,1599.0
RET-000682,ORD-0009955,2023-06-11,Damaged Product,3,4158.15
RET-000683,ORD-0009965,2024-12-21,Changed Mind,1,815.2
RET-000684,ORD-0009989,2024-05-16,Size Issue,2,998.0
RET-000685,ORD-0010010,2024-04-21,Size Issue,1,2098.55
RET-000686,ORD-0010012,2022-02-17,Size Issue,1,2231.55
RET-000687,ORD-0010023,2023-10-25,Quality Issue,1,594.15
RET-000688,ORD-0010035,2023-01-19,Quality Issue,2,1238.0
RET-000689,ORD-0010059,2024-04-16,Size Issue,1,1232.1
RET-000690,ORD-0010062,2023-09-27,Wrong Product,1,511.2
RET-000691,ORD-0010074,2022-04-11,Size Issue,1,709.0
RET-000692,ORD-0010117,2022-02-08,Size Issue,2,1906.2
RET-000693,ORD-0010139,2024-05-26,Quality Issue,1,1135.2
RET-000694,ORD-0010148,2024-10-03,Other,1,4509.0
RET-000695,ORD-0010151,2024-10-23,Changed Mind,1,5095.3
RET-000696,ORD-0010163,2022-03-18,Damaged Product,1,709.0
RET-000697,ORD-0010168,2024-10-17,Damaged Product,1,1439.0
RET-000698,ORD-0010180,2024-02-21,Late Delivery,2,12408.3
RET-000699,ORD-0010196,2022-11-07,Wrong Product,1,2666.3
RET-000700,ORD-0010201,2023-09-15,Changed Mind,1,863.1
RET-000701,ORD-0010213,2022-12-26,Quality Issue,1,80.0
RET-000702,ORD-0010236,2022-07-03,Size Issue,1,584.1
RET-000703,ORD-0010239,2023-08-26,Damaged Product,1,259.0
RET-000704,ORD-0010274,2024-03-22,Damaged Product,1,749.0
RET-000705,ORD-0010275,2024-07-16,Changed Mind,2,3703.1
RET-000706,ORD-0010303,2023-08-14,Late Delivery,1,989.0
RET-000707,ORD-0010313,2023-10-03,Other,2,1718.0
RET-000708,ORD-0010321,2022-09-26,Late Delivery,1,1029.0
RET-000709,ORD-0010327,2023-12-06,Quality Issue,1,559.2
RET-000710,ORD-0010333,2023-03-03,Damaged Product,1,3019.0
RET-000711,ORD-0010341,2023-05-12,Late Delivery,1,548.1
RET-000712,ORD-0010364,2024-03-08,Size Issue,1,1754.1
RET-000713,ORD-0010367,2024-05-11,Damaged Product,1,331.55
RET-000714,ORD-0010369,2023-08-25,Damaged Product,1,99.0
RET-000715,ORD-0010375,2024-06-09,Wrong Product,1,3219.0
RET-000716,ORD-0010420,2024-06-24,Size Issue,1,1499.0
RET-000717,ORD-0010449,2023-10-18,Other,1,98.1
RET-000718,ORD-0010450,2024-08-01,Wrong Product,1,1443.05
RET-000719,ORD-0010458,2024-04-17,Quality Issue,1,4199.0
RET-000720,ORD-0010471,2023-12-08,Late Delivery,2,3551.1
RET-000721,ORD-0010473,2024-01-01,Size Issue,3,17727.0
RET-000722,ORD-0010477,2024-10-12,Wrong Product,1,72.0
RET-000723,ORD-0010489,2022-10-02,Size Issue,1,493.05
RET-000724,ORD-0010494,2024-08-02,Damaged Product,1,3572.1
RET-000725,ORD-0010538,2022-12-20,Late Delivery,1,579.0
RET-000726,ORD-0010553,2024-11-18,Changed Mind,1,539.0
RET-000727,ORD-0010560,2023-05-13,Size Issue,2,1418.0
RET-000728,ORD-0010571,2024-02-15,Wrong Product,1,539.0
RET-000729,ORD-0010580,2022-11-29,Late Delivery,1,359.2
RET-000730,ORD-0010583,2023-10-25,Size Issue,1,2791.2
RET-000731,ORD-0010593,2022-10-15,Late Delivery,1,629.1
RET-000732,ORD-0010600,2024-11-01,Changed Mind,1,1169.0
RET-000733,ORD-0010613,2024-03-07,Size Issue,2,2558.0
RET-000734,ORD-0010618,2023-01-19,Wrong Product,1,831.2
RET-000735,ORD-0010639,2024-12-30,Changed Mind,1,669.0
RET-000736,ORD-0010644,2024-10-24,Other,1,559.0
RET-000737,ORD-0010646,2024-03-14,Wrong Product,1,299.0
RET-000738,ORD-0010652,2024-07-16,Quality Issue,2,734.4
RET-000739,ORD-0010667,2024-01-17,Size Issue,1,2820.55
RET-000740,ORD-0010698,2024-01-09,Size Issue,1,1019.0
RET-000741,ORD-0010700,2022-09-05,Late Delivery,1,588.05
RET-000742,ORD-0010765,2022-10-17,Late Delivery,1,3713.65
RET-000743,ORD-0010807,2024-04-16,Wrong Product,1,2849.0
RET-000744,ORD-0010842,2024-03-24,Quality Issue,1,959.0
RET-000745,ORD-0010886,2024-04-02,Quality Issue,1,169.0
RET-000746,ORD-0010892,2023-02-09,Late Delivery,1,2022.55
RET-000747,ORD-0010897,2024-06-25,Changed Mind,1,219.0
RET-000748,ORD-0010957,2024-02-23,Damaged Product,1,445.55
RET-000749,ORD-0010958,2023-11-14,Size Issue,1,269.1
RET-000750,ORD-0010962,2022-12-25,Wrong Product,1,1386.05
RET-000751,ORD-0010979,2024-08-08,Wrong Product,1,1629.0
RET-000752,ORD-0010985,2023-12-23,Wrong Product,1,993.65
RET-000753,ORD-0010988,2023-07-29,Quality Issue,1,1459.0
RET-000754,ORD-0010992,2022-04-26,Size Issue,1,649.0
RET-000755,ORD-0011002,2024-02-21,Size Issue,1,3419.0
RET-000756,ORD-0011007,2023-01-22,Changed Mind,1,483.65
RET-000757,ORD-0011008,2023-10-07,Late Delivery,1,1384.65
RET-000758,ORD-0011013,2024-02-05,Quality Issue,1,730.15
RET-000759,ORD-0011016,2022-05-31,Quality Issue,1,1059.0
RET-000760,ORD-0011018,2023-05-09,Damaged Product,1,809.0
RET-000761,ORD-0011072,2024-06-02,Size Issue,1,649.0
RET-000762,ORD-0011076,2024-03-14,Wrong Product,1,1186.55
RET-000763,ORD-0011081,2024-11-10,Late Delivery,1,247.2
RET-000764,ORD-0011085,2023-01-15,Wrong Product,1,673.55
RET-000765,ORD-0011087,2023-06-12,Damaged Product,1,2671.2
RET-000766,ORD-0011114,2023-03-05,Damaged Product,1,1186.55
RET-000767,ORD-0011122,2024-08-21,Changed Mind,1,588.05
RET-000768,ORD-0011125,2022-08-19,Size Issue,1,529.0
RET-000769,ORD-0011149,2022-10-29,Damaged Product,1,350.1
RET-000770,ORD-0011155,2024-11-09,Changed Mind,2,10300.3
RET-000771,ORD-0011177,2024-08-25,Changed Mind,1,3140.1
RET-000772,ORD-0011195,2023-09-25,Quality Issue,2,3898.0
RET-000773,ORD-0011199,2024-07-19,Changed Mind,1,6353.1
RET-000774,ORD-0011223,2024-03-28,Wrong Product,2,321.1
RET-000775,ORD-0011236,2024-01-20,Changed Mind,3,11599.95
RET-000776,ORD-0011251,2022-12-14,Wrong Product,1,6059.0
RET-000777,ORD-0011290,2023-08-14,Damaged Product,1,943.2
RET-000778,ORD-0011307,2024-11-13,Quality Issue,1,174.3
RET-000779,ORD-0011309,2024-03-31,Size Issue,3,6828.3
RET-000780,ORD-0011311,2023-10-27,Other,1,432.65
RET-000781,ORD-0011318,2023-01-11,Quality Issue,1,1039.0
RET-000782,ORD-0011320,2024-07-01,Changed Mind,1,1019.0
RET-000783,ORD-0011336,2022-06-04,Late Delivery,1,3019.0
RET-000784,ORD-0011343,2024-04-24,Size Issue,1,639.0
RET-000785,ORD-0011345,2024-02-06,Wrong Product,1,559.55
RET-000786,ORD-0011346,2023-04-01,Size Issue,1,919.0
RET-000787,ORD-0011350,2024-06-26,Changed Mind,1,747.15
RET-000788,ORD-0011397,2024-11-30,Size Issue,1,5409.0
RET-000789,ORD-0011412,2023-02-08,Quality Issue,1,299.0
RET-000790,ORD-0011413,2023-08-07,Quality Issue,1,1656.65
RET-000791,ORD-0011414,2024-05-12,Late Delivery,1,1189.15
RET-000792,ORD-0011423,2024-05-15,Quality Issue,1,2532.15
RET-000793,ORD-0011460,2024-05-15,Size Issue,1,746.1
RET-000794,ORD-0011469,2024-01-10,Damaged Product,1,519.0
RET-000795,ORD-0011477,2022-07-16,Quality Issue,1,2829.0
RET-000796,ORD-0011486,2022-12-20,Damaged Product,1,1789.0
RET-000797,ORD-0011498,2024-11-21,Late Delivery,1,413.1
RET-000798,ORD-0011506,2024-06-02,Damaged Product,1,2317.05
RET-000799,ORD-0011514,2024-09-06,Damaged Product,1,835.05
RET-000800,ORD-0011531,2023-04-07,Wrong Product,1,269.0
RET-000801,ORD-0011547,2022-05-19,Changed Mind,1,259.0
RET-000802,ORD-0011551,2023-12-07,Quality Issue,2,338.0
RET-000803,ORD-0011559,2023-01-19,Quality Issue,2,9858.0
RET-000804,ORD-0011588,2022-12-19,Size Issue,1,699.0
RET-000805,ORD-0011589,2024-10-24,Quality Issue,3,7530.3
RET-000806,ORD-0011621,2024-04-28,Quality Issue,1,269.0
RET-000807,ORD-0011633,2023-04-08,Late Delivery,1,829.0
RET-000808,ORD-0011643,2024-10-15,Other,1,2671.2
RET-000809,ORD-0011659,2023-05-12,Damaged Product,1,208.05
RET-000810,ORD-0011670,2024-05-30,Size Issue,1,3095.1
RET-000811,ORD-0011699,2022-08-08,Quality Issue,2,1178.0
RET-000812,ORD-0011700,2023-04-16,Wrong Product,1,369.0
RET-000813,ORD-0011720,2023-05-06,Quality Issue,2,2715.1
RET-000814,ORD-0011735,2024-01-24,Wrong Product,2,4158.0
RET-000815,ORD-0011739,2023-06-26,Quality Issue,1,2051.05
RET-000816,ORD-0011765,2024-04-08,Wrong Product,1,424.15
RET-000817,ORD-0011779,2024-01-01,Wrong Product,1,1079.0
RET-000818,ORD-0011782,2023-10-12,Wrong Product,1,926.1
RET-000819,ORD-0011806,2022-06-17,Other,1,179.0
RET-000820,ORD-0011821,2024-10-29,Size Issue,1,447.3
RET-000821,ORD-0011831,2024-05-02,Wrong Product,1,1448.1
RET-000822,ORD-0011833,2024-07-14,Quality Issue,1,3709.0
RET-000823,ORD-0011864,2024-09-24,Damaged Product,1,9099.0
RET-000824,ORD-0011875,2022-12-13,Other,1,908.1
RET-000825,ORD-0011887,2024-03-05,Changed Mind,1,1429.0
RET-000826,ORD-0011888,2024-04-28,Other,1,769.0
RET-000827,ORD-0011903,2024-03-29,Damaged Product,1,459.0
RET-000828,ORD-0011904,2024-04-11,Other,1,2775.2
RET-000829,ORD-0011916,2023-09-29,Size Issue,4,2716.0
RET-000830,ORD-0011932,2023-09-08,Damaged Product,2,2518.0
RET-000831,ORD-0011948,2024-05-31,Size Issue,1,521.1
RET-000832,ORD-0011958,2024-10-25,Size Issue,1,1025.1
RET-000833,ORD-0012022,2024-11-08,Wrong Product,1,557.1
RET-000834,ORD-0012035,2024-04-25,Changed Mind,1,14679.0
RET-000835,ORD-0012043,2024-08-12,Size Issue,1,3609.05
RET-000836,ORD-0012049,2023-08-17,Changed Mind,1,863.55
RET-000837,ORD-0012079,2024-03-03,Wrong Product,1,759.0
RET-000838,ORD-0012088,2024-02-06,Late Delivery,1,459.0
RET-000839,ORD-0012100,2023-04-22,Damaged Product,1,309.0
RET-000840,ORD-0012113,2022-09-12,Size Issue,1,935.2
RET-000841,ORD-0012114,2024-05-04,Quality Issue,1,900.15
RET-000842,ORD-0012136,2022-10-08,Quality Issue,1,424.15
RET-000843,ORD-0012172,2024-03-16,Quality Issue,1,499.0
RET-000844,ORD-0012173,2024-07-15,Quality Issue,1,68.0
RET-000845,ORD-0012190,2024-06-18,Quality Issue,1,265.05
RET-000846,ORD-0012202,2024-11-13,Wrong Product,1,1087.15
RET-000847,ORD-0012215,2024-09-16,Wrong Product,1,2051.05
RET-000848,ORD-0012231,2023-10-29,Size Issue,1,993.65
RET-000849,ORD-0012240,2022-12-17,Wrong Product,1,1029.0
RET-000850,ORD-0012243,2024-11-05,Size Issue,1,638.1
RET-000851,ORD-0012252,2023-07-31,Quality Issue,1,409.0
RET-000852,ORD-0012300,2024-03-09,Size Issue,1,869.0
RET-000853,ORD-0012320,2024-08-29,Damaged Product,1,579.0
RET-000854,ORD-0012323,2024-04-24,Quality Issue,1,674.1
RET-000855,ORD-0012356,2022-04-20,Changed Mind,2,1258.0
RET-000856,ORD-0012368,2023-05-21,Wrong Product,1,2621.05
RET-000857,ORD-0012380,2023-04-19,Damaged Product,1,76.0
RET-000858,ORD-0012383,2024-03-01,Changed Mind,1,312.55
RET-000859,ORD-0012385,2024-08-04,Quality Issue,1,2529.0
RET-000860,ORD-0012390,2024-11-02,Quality Issue,1,2339.0
RET-000861,ORD-0012391,2024-02-03,Quality Issue,1,1025.05
RET-000862,ORD-0012430,2023-08-20,Wrong Product,1,1749.0
RET-000863,ORD-0012444,2024-08-09,Damaged Product,2,1078.0
RET-000864,ORD-0012477,2023-04-30,Quality Issue,1,609.0
RET-000865,ORD-0012485,2023-09-03,Quality Issue,1,5839.0
RET-000866,ORD-0012501,2023-11-23,Late Delivery,1,3799.0
RET-000867,ORD-0012535,2023-05-12,Wrong Product,3,11395.95
RET-000868,ORD-0012576,2023-12-30,Damaged Product,1,500.65
RET-000869,ORD-0012577,2024-05-03,Late Delivery,1,4589.0
RET-000870,ORD-0012583,2023-12-09,Late Delivery,2,3438.0
RET-000871,ORD-0012592,2024-06-21,Other,1,309.0
RET-000872,ORD-0012595,2024-09-01,Wrong Product,1,2213.1
RET-000873,ORD-0012621,2024-09-11,Other,1,1409.0
RET-000874,ORD-0012624,2024-10-20,Wrong Product,2,2412.3
RET-000875,ORD-0012634,2024-03-12,Size Issue,1,519.0
RET-000876,ORD-0012648,2024-04-03,Size Issue,1,519.2
RET-000877,ORD-0012651,2024-07-01,Size Issue,1,309.0
RET-000878,ORD-0012665,2024-05-29,Damaged Product,1,1129.55
RET-000879,ORD-0012694,2024-05-14,Quality Issue,1,227.05
RET-000880,ORD-0012700,2023-08-26,Changed Mind,1,379.05
RET-000881,ORD-0012701,2024-03-11,Wrong Product,1,579.0
RET-000882,ORD-0012737,2024-02-10,Wrong Product,1,2789.0
RET-000883,ORD-0012745,2022-11-03,Damaged Product,2,414.4
RET-000884,ORD-0012767,2024-01-19,Damaged Product,1,332.1
RET-000885,ORD-0012793,2023-05-05,Late Delivery,1,619.0
RET-000886,ORD-0012804,2024-06-30,Size Issue,2,3400.2
RET-000887,ORD-0012806,2024-01-13,Quality Issue,1,7487.65
RET-000888,ORD-0012812,2023-08-30,Size Issue,1,1429.0
RET-000889,ORD-0012827,2024-01-28,Size Issue,2,4418.0
RET-000890,ORD-0012829,2024-09-30,Damaged Product,1,1759.0
RET-000891,ORD-0012851,2022-11-11,Changed Mind,1,431.2
RET-000892,ORD-0012857,2023-11-18,Wrong Product,1,831.75
RET-000893,ORD-0012870,2023-06-23,Damaged Product,1,649.0
RET-000894,ORD-0012883,2023-05-15,Wrong Product,1,1129.55
RET-000895,ORD-0012888,2023-02-13,Quality Issue,1,502.55
RET-000896,ORD-0012898,2024-03-23,Damaged Product,1,16016.05
RET-000897,ORD-0012902,2022-08-17,Late Delivery,1,312.55
RET-000898,ORD-0012922,2024-09-03,Changed Mind,1,616.55
RET-000899,ORD-0012951,2024-02-04,Late Delivery,1,839.0
RET-000900,ORD-0012959,2024-05-28,Changed Mind,1,259.0
RET-000901,ORD-0012971,2023-04-25,Wrong Product,1,2925.05
RET-000902,ORD-0012987,2023-07-25,Damaged Product,1,1569.0
RET-000903,ORD-0013002,2024-01-08,Quality Issue,3,507.0
RET-000904,ORD-0013004,2023-04-19,Wrong Product,1,2213.1
RET-000905,ORD-0013014,2023-05-12,Other,1,1918.05
RET-000906,ORD-0013016,2023-11-15,Changed Mind,1,3967.2
RET-000907,ORD-0013081,2023-07-05,Quality Issue,1,1849.0
RET-000908,ORD-0013083,2024-11-13,Quality Issue,1,559.2
RET-000909,ORD-0013099,2023-06-20,Damaged Product,1,279.65
RET-000910,ORD-0013102,2023-10-18,Quality Issue,1,619.0
RET-000911,ORD-0013110,2022-06-11,Size Issue,2,1338.0
RET-000912,ORD-0013112,2024-10-15,Damaged Product,1,526.15
RET-000913,ORD-0013117,2024-09-25,Quality Issue,2,2126.4
RET-000914,ORD-0013122,2023-03-27,Damaged Product,1,309.0
RET-000915,ORD-0013129,2024-07-04,Quality Issue,1,150.0
RET-000916,ORD-0013143,2023-09-26,Changed Mind,1,949.0
RET-000917,ORD-0013160,2023-11-08,Wrong Product,1,519.0
RET-000918,ORD-0013168,2024-01-11,Wrong Product,1,639.0
RET-000919,ORD-0013173,2024-07-13,Quality Issue,1,1538.05
RET-000920,ORD-0013183,2022-12-25,Wrong Product,1,709.0
RET-000921,ORD-0013202,2023-05-31,Wrong Product,1,309.0
RET-000922,ORD-0013218,2023-09-30,Late Delivery,1,1647.2
RET-000923,ORD-0013230,2022-08-23,Size Issue,1,3799.0
RET-000924,ORD-0013252,2024-04-21,Quality Issue,1,989.0
RET-000925,ORD-0013262,2023-07-22,Changed Mind,1,969.0
RET-000926,ORD-0013263,2024-06-06,Damaged Product,1,619.0
RET-000927,ORD-0013292,2022-11-21,Damaged Product,1,2693.65
RET-000928,ORD-0013296,2024-12-24,Size Issue,1,649.0
RET-000929,ORD-0013307,2024-12-05,Size Issue,1,781.15
RET-000930,ORD-0013312,2023-10-24,Size Issue,1,584.1
RET-000931,ORD-0013330,2024-04-07,Wrong Product,1,463.2
RET-000932,ORD-0013336,2022-08-21,Quality Issue,1,699.0
RET-000933,ORD-0013337,2023-10-02,Changed Mind,1,142.5
RET-000934,ORD-0013338,2024-09-16,Changed Mind,1,989.1
RET-000935,ORD-0013353,2024-10-08,Changed Mind,1,1196.1
RET-000936,ORD-0013369,2023-11-02,Quality Issue,1,299.25
RET-000937,ORD-0013410,2024-10-06,Quality Issue,1,17041.65
RET-000938,ORD-0013415,2024-09-14,Size Issue,1,4009.0
RET-000939,ORD-0013417,2024-12-08,Wrong Product,1,191.2
RET-000940,ORD-0013425,2023-12-06,Changed Mind,1,135.15
RET-000941,ORD-0013433,2022-06-23,Size Issue,1,968.05
RET-000942,ORD-0013436,2023-10-06,Size Issue,1,1086.75
RET-000943,ORD-0013458,2024-06-29,Damaged Product,1,436.05
RET-000944,ORD-0013468,2024-01-26,Wrong Product,1,1443.05
RET-000945,ORD-0013469,2024-12-18,Changed Mind,1,284.05
RET-000946,ORD-0013480,2023-10-18,Quality Issue,1,242.1
RET-000947,ORD-0013504,2024-04-01,Changed Mind,1,769.0
RET-000948,ORD-0013515,2024-10-08,Quality Issue,1,10275.3
RET-000949,ORD-0013526,2022-08-09,Wrong Product,1,1023.2
RET-000950,ORD-0013543,2024-11-09,Damaged Product,1,3519.0
RET-000951,ORD-0013546,2023-06-26,Size Issue,1,829.0
RET-000952,ORD-0013556,2023-07-01,Size Issue,1,431.2
RET-000953,ORD-0013560,2024-10-11,Damaged Product,1,1449.0
RET-000954,ORD-0013564,2024-06-22,Damaged Product,1,20979.0
RET-000955,ORD-0013592,2023-12-22,Quality Issue,1,739.0
RET-000956,ORD-0013606,2023-06-15,Changed Mind,2,2974.4
RET-000957,ORD-0013608,2023-10-23,Changed Mind,1,3207.2
RET-000958,ORD-0013643,2024-12-14,Size Issue,1,3399.0
RET-000959,ORD-0013666,2024-06-17,Quality Issue,4,2476.0
RET-000960,ORD-0013677,2024-06-18,Size Issue,1,1199.0
RET-000961,ORD-0013731,2024-08-14,Wrong Product,1,512.05
RET-000962,ORD-0013756,2024-02-18,Damaged Product,1,1281.55
RET-000963,ORD-0013758,2024-03-08,Size Issue,1,569.0
RET-000964,ORD-0013769,2024-11-29,Size Issue,1,1599.0
RET-000965,ORD-0013774,2024-01-23,Quality Issue,1,889.0
RET-000966,ORD-0013788,2023-01-21,Wrong Product,1,669.0
RET-000967,ORD-0013792,2023-10-12,Changed Mind,1,636.65
RET-000968,ORD-0013819,2023-12-06,Damaged Product,1,239.25
RET-000969,ORD-0013858,2024-04-07,Damaged Product,1,436.05
RET-000970,ORD-0013860,2024-01-23,Wrong Product,1,534.65
RET-000971,ORD-0013867,2024-04-14,Changed Mind,1,989.1
RET-000972,ORD-0013877,2023-03-07,Quality Issue,1,1169.0
RET-000973,ORD-0013880,2024-01-17,Wrong Product,1,329.0
RET-000974,ORD-0013898,2022-10-25,Changed Mind,1,2523.65
RET-000975,ORD-0013959,2022-06-13,Quality Issue,1,1569.0
RET-000976,ORD-0013993,2024-06-21,Damaged Product,1,969.0
RET-000977,ORD-0014003,2024-01-27,Changed Mind,1,368.1
RET-000978,ORD-0014007,2023-05-16,Damaged Product,1,3089.0
RET-000979,ORD-0014031,2024-08-13,Late Delivery,1,1859.0
RET-000980,ORD-0014033,2023-10-01,Quality Issue,1,70.0
RET-000981,ORD-0014041,2024-04-29,Damaged Product,1,1979.1
RET-000982,ORD-0014060,2023-11-16,Wrong Product,1,695.2
RET-000983,ORD-0014061,2023-12-07,Size Issue,1,919.0
RET-000984,ORD-0014063,2022-11-29,Quality Issue,1,87.2
RET-000985,ORD-0014067,2023-10-19,Damaged Product,2,1018.0
RET-000986,ORD-0014080,2024-09-06,Wrong Product,1,647.2
RET-000987,ORD-0014136,2024-09-24,Quality Issue,2,6356.3
RET-000988,ORD-0014141,2024-11-28,Wrong Product,1,611.1
RET-000989,ORD-0014146,2023-01-31,Quality Issue,1,6919.0
RET-000990,ORD-0014147,2022-11-13,Damaged Product,2,950.6
RET-000991,ORD-0014153,2023-05-08,Damaged Product,1,589.0
RET-000992,ORD-0014174,2024-02-01,Wrong Product,1,246.05
RET-000993,ORD-0014196,2024-03-23,Damaged Product,1,349.0
RET-000994,ORD-0014199,2024-05-17,Wrong Product,1,639.0
RET-000995,ORD-0014267,2024-12-06,Damaged Product,1,219.0
RET-000996,ORD-0014271,2024-03-27,Size Issue,1,1151.2
RET-000997,ORD-0014288,2024-12-09,Changed Mind,1,709.0
RET-000998,ORD-0014293,2024-03-24,Size Issue,1,669.0
RET-000999,ORD-0014295,2024-05-04,Quality Issue,1,1196.05
RET-001000,ORD-0014323,2024-05-13,Quality Issue,1,1813.55
RET-001001,ORD-0014333,2022-07-07,Quality Issue,1,809.0
RET-001002,ORD-0014349,2024-05-26,Quality Issue,1,239.0
RET-001003,ORD-0014352,2024-06-07,Late Delivery,1,1629.0
RET-001004,ORD-0014354,2024-03-08,Late Delivery,1,475.15
RET-001005,ORD-0014376,2023-12-16,Size Issue,1,2789.1
RET-001006,ORD-0014379,2022-08-08,Changed Mind,2,9418.0
RET-001007,ORD-0014395,2023-07-05,Damaged Product,1,1099.0
RET-001008,ORD-0014404,2023-08-22,Size Issue,1,1079.0
RET-001009,ORD-0014426,2023-08-26,Size Issue,2,3721.3
RET-001010,ORD-0014427,2024-01-08,Size Issue,1,1519.05
RET-001011,ORD-0014435,2024-02-15,Late Delivery,1,549.0
RET-001012,ORD-0014448,2024-02-18,Quality Issue,1,773.1
RET-001013,ORD-0014468,2023-10-31,Quality Issue,1,2751.75
RET-001014,ORD-0014469,2023-01-22,Wrong Product,1,309.0
RET-001015,ORD-0014481,2024-12-23,Late Delivery,1,479.2
RET-001016,ORD-0014522,2024-09-09,Damaged Product,1,1949.0
RET-001017,ORD-0014523,2024-07-15,Damaged Product,1,889.0
RET-001018,ORD-0014527,2023-08-03,Size Issue,1,1279.0
RET-001019,ORD-0014533,2023-07-21,Changed Mind,2,1879.1
RET-001020,ORD-0014549,2024-01-14,Late Delivery,1,458.15
RET-001021,ORD-0014550,2024-11-30,Damaged Product,1,60.0
RET-001022,ORD-0014564,2023-06-24,Size Issue,2,3038.1
RET-001023,ORD-0014567,2023-10-15,Size Issue,1,458.1
RET-001024,ORD-0014571,2024-05-07,Late Delivery,1,1299.0
RET-001025,ORD-0014586,2023-10-13,Damaged Product,2,1647.3
RET-001026,ORD-0014604,2022-10-11,Quality Issue,1,1325.15
RET-001027,ORD-0014619,2024-10-10,Late Delivery,1,76.3
RET-001028,ORD-0014631,2024-02-03,Quality Issue,2,6038.0
RET-001029,ORD-0014639,2024-09-08,Quality Issue,1,787.55
RET-001030,ORD-0014644,2022-11-20,Other,1,191.2
RET-001031,ORD-0014665,2023-07-19,Changed Mind,1,293.55
RET-001032,ORD-0014686,2024-10-09,Wrong Product,1,569.25
RET-001033,ORD-0014695,2023-09-19,Size Issue,1,1851.55
RET-001034,ORD-0014706,2023-11-21,Late Delivery,1,28439.1
RET-001035,ORD-0014710,2024-03-08,Size Issue,1,3077.1
RET-001036,ORD-0014711,2024-10-11,Size Issue,2,2174.3
RET-001037,ORD-0014737,2023-09-01,Wrong Product,1,59.5
RET-001038,ORD-0014740,2024-08-25,Damaged Product,1,579.0
RET-001039,ORD-0014755,2023-07-06,Size Issue,1,1551.2
RET-001040,ORD-0014758,2024-09-05,Quality Issue,2,287.3
RET-001041,ORD-0014770,2023-09-24,Quality Issue,1,422.1
RET-001042,ORD-0014787,2023-10-13,Quality Issue,1,23501.65
RET-001043,ORD-0014822,2022-08-21,Quality Issue,1,854.1
RET-001044,ORD-0014845,2024-04-19,Damaged Product,1,269.0
RET-001045,ORD-0014848,2023-12-01,Damaged Product,1,3375.2
RET-001046,ORD-0014855,2023-10-27,Quality Issue,1,364.65
RET-001047,ORD-0014859,2023-08-22,Size Issue,1,2829.0
RET-001048,ORD-0014866,2023-10-07,Late Delivery,2,898.2
RET-001049,ORD-0014889,2024-11-04,Damaged Product,1,483.65
RET-001050,ORD-0014913,2023-01-25,Late Delivery,1,293.55
RET-001051,ORD-0014930,2023-10-07,Changed Mind,1,431.2
RET-001052,ORD-0014959,2023-10-09,Changed Mind,1,989.1
RET-001053,ORD-0014977,2022-08-27,Late Delivery,1,94.05
RET-001054,ORD-0014999,2024-09-18,Wrong Product,1,1199.0
RET-001055,ORD-0015022,2024-01-16,Damaged Product,3,1935.15
RET-001056,ORD-0015065,2024-05-15,Quality Issue,1,2965.65
RET-001057,ORD-0015067,2024-09-03,Changed Mind,1,377.1
RET-001058,ORD-0015085,2023-09-28,Wrong Product,1,247.2
RET-001059,ORD-0015124,2023-10-03,Size Issue,1,1849.0
RET-001060,ORD-0015132,2023-11-04,Quality Issue,1,6889.0
RET-001061,ORD-0015137,2022-07-25,Wrong Product,2,286.4
RET-001062,ORD-0015141,2022-12-23,Wrong Product,1,3349.0
RET-001063,ORD-0015146,2024-11-22,Damaged Product,1,5786.1
RET-001064,ORD-0015170,2023-06-25,Damaged Product,1,5879.0
RET-001065,ORD-0015176,2023-08-02,Changed Mind,1,296.1
RET-001066,ORD-0015180,2022-03-21,Quality Issue,2,7618.0
RET-001067,ORD-0015194,2024-04-13,Changed Mind,1,413.1
RET-001068,ORD-0015199,2023-05-17,Wrong Product,2,2525.1
RET-001069,ORD-0015207,2022-07-14,Damaged Product,1,1409.0
RET-001070,ORD-0015243,2022-09-11,Damaged Product,2,6038.0
RET-001071,ORD-0015252,2024-08-26,Other,2,4881.1
RET-001072,ORD-0015271,2023-09-04,Damaged Product,1,549.0
RET-001073,ORD-0015277,2024-09-22,Late Delivery,1,5379.0
RET-001074,ORD-0015284,2022-12-02,Damaged Product,1,344.25
RET-001075,ORD-0015287,2024-12-20,Damaged Product,1,2589.0
RET-001076,ORD-0015302,2024-04-16,Quality Issue,1,807.2
RET-001077,ORD-0015310,2022-10-22,Size Issue,1,363.3
RET-001078,ORD-0015314,2024-09-18,Wrong Product,1,199.2
RET-001079,ORD-0015315,2023-08-20,Damaged Product,1,2019.0
RET-001080,ORD-0015335,2024-08-13,Size Issue,1,2022.55
RET-001081,ORD-0015336,2024-11-12,Changed Mind,1,959.25
RET-001082,ORD-0015354,2024-12-24,Damaged Product,1,839.0
RET-001083,ORD-0015360,2024-10-31,Size Issue,2,9098.0
RET-001084,ORD-0015392,2022-12-28,Changed Mind,1,23057.1
RET-001085,ORD-0015412,2024-10-12,Damaged Product,5,3905.75
RET-001086,ORD-0015427,2024-03-31,Damaged Product,1,3019.0
RET-001087,ORD-0015456,2023-10-13,Quality Issue,1,953.1
RET-001088,ORD-0015460,2024-04-06,Quality Issue,1,1399.2
RET-001089,ORD-0015499,2024-06-19,Size Issue,2,2248.2
RET-001090,ORD-0015513,2023-09-10,Size Issue,2,663.1
RET-001091,ORD-0015516,2023-09-06,Other,2,6334.2
RET-001092,ORD-0015522,2023-01-20,Damaged Product,1,4029.0
RET-001093,ORD-0015534,2024-03-04,Size Issue,1,619.0
RET-001094,ORD-0015536,2024-05-18,Quality Issue,1,179.0
RET-001095,ORD-0015537,2024-06-17,Quality Issue,1,2146.05
RET-001096,ORD-0015538,2023-11-17,Size Issue,1,5022.65
RET-001097,ORD-0015542,2022-09-20,Changed Mind,1,407.2
RET-001098,ORD-0015571,2024-03-13,Changed Mind,1,3050.65
RET-001099,ORD-0015578,2023-10-15,Wrong Product,1,3611.3
RET-001100,ORD-0015589,2023-07-22,Quality Issue,1,279.0
RET-001101,ORD-0015601,2024-02-15,Late Delivery,1,989.1
RET-001102,ORD-0015602,2023-09-04,Damaged Product,1,769.0
RET-001103,ORD-0015603,2023-02-02,Damaged Product,1,4407.05
RET-001104,ORD-0015614,2024-05-03,Changed Mind,4,2196.0
RET-001105,ORD-0015662,2022-09-03,Size Issue,1,3514.05
RET-001106,ORD-0015697,2023-03-21,Damaged Product,1,1215.05
RET-001107,ORD-0015718,2024-10-18,Other,1,1367.65
RET-001108,ORD-0015720,2022-11-30,Quality Issue,1,384.3
RET-001109,ORD-0015721,2024-10-14,Damaged Product,2,2803.5
RET-001110,ORD-0015731,2023-07-24,Damaged Product,1,709.0
RET-001111,ORD-0015732,2023-10-23,Late Delivery,1,1199.2
RET-001112,ORD-0015747,2023-01-18,Damaged Product,1,749.0
RET-001113,ORD-0015761,2024-01-18,Size Issue,1,2659.0
RET-001114,ORD-0015800,2023-05-19,Other,1,3747.65
RET-001115,ORD-0015810,2022-09-24,Size Issue,2,1498.0
RET-001116,ORD-0015824,2024-06-20,Late Delivery,1,3469.0
RET-001117,ORD-0015837,2023-11-22,Changed Mind,1,3495.2
RET-001118,ORD-0015850,2023-06-01,Quality Issue,2,558.0
RET-001119,ORD-0015852,2024-04-12,Wrong Product,1,407.2
RET-001120,ORD-0015857,2023-04-13,Changed Mind,1,1376.55
RET-001121,ORD-0015858,2024-09-15,Damaged Product,1,636.65
RET-001122,ORD-0015866,2023-11-06,Size Issue,4,14446.6
RET-001123,ORD-0015870,2024-11-07,Size Issue,1,476.1
RET-001124,ORD-0015882,2024-05-22,Late Delivery,4,1036.0
RET-001125,ORD-0015923,2023-06-22,Late Delivery,1,521.55
RET-001126,ORD-0015956,2023-05-11,Size Issue,1,3181.55
RET-001127,ORD-0015976,2024-07-01,Size Issue,1,5409.0
RET-001128,ORD-0015989,2023-01-31,Damaged Product,1,2070.05
RET-001129,ORD-0016003,2023-02-15,Size Issue,1,3238.55
RET-001130,ORD-0016014,2023-07-06,Damaged Product,1,2041.55
RET-001131,ORD-0016019,2023-01-10,Damaged Product,1,299.0
RET-001132,ORD-0016026,2022-12-04,Size Issue,1,3399.2
RET-001133,ORD-0016028,2024-06-17,Changed Mind,2,3836.1
RET-001134,ORD-0016052,2024-05-23,Changed Mind,1,1179.0
RET-001135,ORD-0016060,2024-06-22,Size Issue,1,749.0
RET-001136,ORD-0016074,2024-08-22,Changed Mind,2,1689.1
RET-001137,ORD-0016082,2024-10-09,Other,1,3338.1
RET-001138,ORD-0016097,2023-06-15,Quality Issue,1,3669.0
RET-001139,ORD-0016114,2024-05-03,Quality Issue,1,170.05
RET-001140,ORD-0016118,2024-10-18,Damaged Product,2,1001.3
RET-001141,ORD-0016119,2022-08-10,Other,2,942.4
RET-001142,ORD-0016122,2023-08-22,Damaged Product,1,3219.0
RET-001143,ORD-0016127,2022-03-31,Quality Issue,3,1995.3
RET-001144,ORD-0016148,2024-07-02,Damaged Product,1,730.55
RET-001145,ORD-0016160,2023-10-27,Quality Issue,3,1017.45
RET-001146,ORD-0016163,2024-12-07,Damaged Product,1,2816.1
RET-001147,ORD-0016166,2024-11-02,Changed Mind,1,1869.15
RET-001148,ORD-0016169,2024-09-13,Other,1,1129.65
RET-001149,ORD-0016173,2022-04-19,Late Delivery,1,1749.0
RET-001150,ORD-0016185,2023-10-26,Size Issue,1,2852.1
RET-001151,ORD-0016186,2024-02-19,Wrong Product,2,778.0
RET-001152,ORD-0016203,2022-03-05,Late Delivery,1,755.1
RET-001153,ORD-0016225,2023-12-24,Size Issue,2,6604.2
RET-001154,ORD-0016245,2023-10-10,Quality Issue,1,4868.1
RET-001155,ORD-0016265,2023-08-04,Changed Mind,1,1179.0
RET-001156,ORD-0016272,2024-09-24,Size Issue,2,5584.1
RET-001157,ORD-0016275,2023-10-08,Size Issue,2,866.6
RET-001158,ORD-0016303,2024-11-01,Damaged Product,1,68.0
RET-001159,ORD-0016344,2023-06-10,Quality Issue,1,314.1
RET-001160,ORD-0016354,2022-03-31,Damaged Product,1,531.05
RET-001161,ORD-0016378,2024-07-11,Wrong Product,1,3599.1
RET-001162,ORD-0016404,2023-10-08,Damaged Product,1,159.0
RET-001163,ORD-0016410,2023-12-24,Late Delivery,1,889.0
RET-001164,ORD-0016419,2024-01-03,Quality Issue,1,1549.0
RET-001165,ORD-0016432,2023-03-18,Quality Issue,1,619.0
RET-001166,ORD-0016433,2024-11-02,Quality Issue,2,8379.3
RET-001167,ORD-0016435,2024-02-21,Late Delivery,1,1754.1
RET-001168,ORD-0016465,2023-11-20,Damaged Product,2,478.5
RET-001169,ORD-0016466,2024-12-16,Quality Issue,1,1279.0
RET-001170,ORD-0016476,2024-01-12,Wrong Product,2,826.2
RET-001171,ORD-0016477,2023-02-05,Quality Issue,1,869.0
RET-001172,ORD-0016502,2023-04-15,Changed Mind,1,2820.55
RET-001173,ORD-0016519,2024-02-27,Size Issue,1,2559.0
RET-001174,ORD-0016526,2023-06-02,Damaged Product,1,483.65
RET-001175,ORD-0016537,2024-09-30,Changed Mind,1,849.0
RET-001176,ORD-0016570,2024-03-08,Size Issue,1,2259.0
RET-001177,ORD-0016618,2022-06-13,Wrong Product,1,807.2
RET-001178,ORD-0016628,2022-12-17,Late Delivery,1,917.1
RET-001179,ORD-0016671,2024-07-29,Size Issue,1,649.0
RET-001180,ORD-0016685,2024-05-18,Size Issue,1,2070.05
RET-001181,ORD-0016696,2023-02-11,Damaged Product,1,493.05
RET-001182,ORD-0016707,2022-11-13,Quality Issue,1,917.1
RET-001183,ORD-0016713,2022-01-18,Other,1,119.0
RET-001184,ORD-0016738,2023-10-12,Damaged Product,1,1023.2
RET-001185,ORD-0016742,2024-01-28,Changed Mind,1,4099.0
RET-001186,ORD-0016746,2024-01-04,Size Issue,1,649.0
RET-001187,ORD-0016757,2024-10-21,Damaged Product,1,1109.0
RET-001188,ORD-0016761,2023-11-19,Quality Issue,1,879.2
RET-001189,ORD-0016784,2023-10-25,Other,1,339.15
RET-001190,ORD-0016806,2022-10-28,Wrong Product,1,526.15
RET-001191,ORD-0016815,2024-09-13,Damaged Product,1,806.55
RET-001192,ORD-0016860,2024-01-17,Quality Issue,1,5319.0
RET-001193,ORD-0016874,2023-03-26,Damaged Product,1,919.0
RET-001194,ORD-0016910,2024-09-16,Wrong Product,1,3479.2
RET-001195,ORD-0016913,2023-09-16,Wrong Product,3,777.0
RET-001196,ORD-0016940,2024-03-14,Quality Issue,1,1169.0
RET-001197,ORD-0016945,2022-08-15,Quality Issue,1,3960.15
RET-001198,ORD-0016946,2023-11-07,Changed Mind,1,561.75
RET-001199,ORD-0016955,2022-09-16,Damaged Product,1,1439.0
RET-001200,ORD-0016962,2024-02-27,Size Issue,3,10317.0
RET-001201,ORD-0016969,2024-06-23,Quality Issue,1,1399.2
RET-001202,ORD-0016983,2024-05-09,Damaged Product,1,7646.55
RET-001203,ORD-0016999,2022-08-25,Wrong Product,1,993.65
RET-001204,ORD-0017016,2024-10-19,Quality Issue,1,602.65
RET-001205,ORD-0017038,2024-04-10,Quality Issue,1,312.55
RET-001206,ORD-0017053,2024-07-02,Size Issue,1,369.0
RET-001207,ORD-0017056,2024-05-25,Quality Issue,1,3230.1
RET-001208,ORD-0017059,2022-11-21,Size Issue,1,663.2
RET-001209,ORD-0017087,2022-11-23,Size Issue,1,2510.1
RET-001210,ORD-0017094,2024-05-27,Changed Mind,2,1078.2
RET-001211,ORD-0017097,2024-05-20,Damaged Product,1,2849.0
RET-001212,ORD-0017117,2024-01-16,Size Issue,1,709.0
RET-001213,ORD-0017146,2024-11-21,Wrong Product,1,1070.15
RET-001214,ORD-0017153,2024-04-24,Size Issue,3,3858.3
RET-001215,ORD-0017166,2023-10-30,Quality Issue,4,1756.8
RET-001216,ORD-0017177,2023-12-04,Quality Issue,1,6889.0
RET-001217,ORD-0017194,2023-02-20,Damaged Product,1,969.0
RET-001218,ORD-0017206,2024-10-20,Quality Issue,1,559.2
RET-001219,ORD-0017219,2023-03-06,Damaged Product,1,1842.05
RET-001220,ORD-0017240,2023-04-07,Size Issue,1,847.2
RET-001221,ORD-0017259,2023-01-01,Other,1,2566.15
RET-001222,ORD-0017266,2024-04-25,Damaged Product,2,35604.1
RET-001223,ORD-0017286,2024-01-13,Wrong Product,1,219.0
RET-001224,ORD-0017288,2022-03-16,Wrong Product,1,567.2
RET-001225,ORD-0017292,2024-01-14,Changed Mind,1,409.0
RET-001226,ORD-0017307,2023-06-17,Quality Issue,1,4321.55
RET-001227,ORD-0017313,2022-10-18,Late Delivery,2,826.2
RET-001228,ORD-0017318,2024-12-08,Quality Issue,1,602.1
RET-001229,ORD-0017325,2023-09-10,Quality Issue,2,6458.0
RET-001230,ORD-0017328,2024-05-04,Changed Mind,1,1609.0
RET-001231,ORD-0017331,2023-10-24,Size Issue,1,1929.0
RET-001232,ORD-0017332,2023-11-27,Size Issue,1,3608.1
RET-001233,ORD-0017370,2024-07-29,Size Issue,1,649.0
RET-001234,ORD-0017380,2023-07-12,Damaged Product,2,12558.0
RET-001235,ORD-0017394,2023-04-13,Damaged Product,1,1299.0
RET-001236,ORD-0017492,2024-03-29,Wrong Product,1,2739.0
RET-001237,ORD-0017517,2024-05-08,Changed Mind,1,589.0
RET-001238,ORD-0017526,2023-04-06,Changed Mind,1,1234.05
RET-001239,ORD-0017530,2022-11-26,Damaged Product,1,359.2
RET-001240,ORD-0017537,2022-08-28,Size Issue,1,539.0
RET-001241,ORD-0017540,2022-11-19,Wrong Product,2,4214.3
RET-001242,ORD-0017547,2024-11-03,Damaged Product,1,895.3
RET-001243,ORD-0017554,2024-04-25,Other,1,80.0
RET-001244,ORD-0017560,2023-06-12,Size Issue,1,1899.0
RET-001245,ORD-0017601,2024-10-10,Quality Issue,1,1196.1
RET-001246,ORD-0017603,2024-01-08,Wrong Product,1,1179.0
RET-001247,ORD-0017614,2022-11-03,Changed Mind,1,2078.3
RET-001248,ORD-0017626,2024-11-12,Changed Mind,1,440.1
RET-001249,ORD-0017627,2024-05-09,Quality Issue,1,1615.2
RET-001250,ORD-0017634,2024-09-20,Changed Mind,1,968.05
RET-001251,ORD-0017661,2022-10-28,Quality Issue,1,1099.0
RET-001252,ORD-0017662,2023-11-16,Size Issue,1,1852.15
RET-001253,ORD-0017677,2022-11-02,Damaged Product,1,5855.65
RET-001254,ORD-0017681,2024-01-30,Size Issue,1,5859.0
RET-001255,ORD-0017686,2023-04-06,Changed Mind,1,3122.1
RET-001256,ORD-0017694,2024-02-21,Quality Issue,1,269.0
RET-001257,ORD-0017697,2024-02-29,Changed Mind,1,3267.05
RET-001258,ORD-0017699,2022-12-17,Late Delivery,1,866.15
RET-001259,ORD-0017745,2024-07-09,Size Issue,1,4469.0
RET-001260,ORD-0017763,2023-07-29,Damaged Product,1,689.0
RET-001261,ORD-0017771,2024-05-24,Quality Issue,1,1749.0
RET-001262,ORD-0017820,2024-09-18,Size Issue,1,278.1
RET-001263,ORD-0017858,2024-03-01,Damaged Product,1,3626.1
RET-001264,ORD-0017859,2022-12-21,Size Issue,1,787.55
RET-001265,ORD-0017860,2024-12-04,Late Delivery,1,1716.15
RET-001266,ORD-0017873,2024-05-14,Quality Issue,2,9098.0
RET-001267,ORD-0017879,2023-08-24,Damaged Product,1,1499.0
RET-001268,ORD-0017886,2023-08-13,Quality Issue,1,589.0
RET-001269,ORD-0017887,2022-05-09,Late Delivery,1,197.1
RET-001270,ORD-0017926,2023-09-01,Changed Mind,2,4044.3
RET-001271,ORD-0017931,2022-07-09,Damaged Product,2,16098.0
RET-001272,ORD-0017949,2023-09-26,Other,1,521.55
RET-001273,ORD-0017976,2024-03-23,Late Delivery,1,9209.0
RET-001274,ORD-0018011,2024-07-02,Damaged Product,2,1298.0
RET-001275,ORD-0018020,2022-12-18,Changed Mind,1,649.0
RET-001276,ORD-0018023,2024-12-09,Late Delivery,2,5298.0
RET-001277,ORD-0018032,2024-08-20,Quality Issue,2,2050.1
RET-001278,ORD-0018033,2024-10-08,Damaged Product,1,1988.15
RET-001279,ORD-0018101,2024-03-11,Wrong Product,2,473.1
RET-001280,ORD-0018102,2024-06-13,Changed Mind,1,242.1
RET-001281,ORD-0018104,2024-10-21,Damaged Product,1,773.1
RET-001282,ORD-0018139,2024-05-25,Damaged Product,1,303.05
RET-001283,ORD-0018160,2023-10-29,Damaged Product,1,1634.25
RET-001284,ORD-0018168,2022-08-12,Damaged Product,1,2659.0
RET-001285,ORD-0018202,2022-12-31,Damaged Product,1,2019.0
RET-001286,ORD-0018243,2023-03-17,Other,1,419.0
RET-001287,ORD-0018262,2024-05-31,Size Issue,1,639.0
RET-001288,ORD-0018297,2024-09-02,Damaged Product,1,1329.0
RET-001289,ORD-0018316,2024-08-02,Changed Mind,1,1079.0
RET-001290,ORD-0018330,2023-10-20,Wrong Product,1,4219.0
RET-001291,ORD-0018370,2023-12-23,Size Issue,1,709.0
RET-001292,ORD-0018387,2023-04-08,Changed Mind,1,239.0
RET-001293,ORD-0018389,2023-07-05,Quality Issue,1,17519.0
RET-001294,ORD-0018395,2024-11-27,Size Issue,1,381.75
RET-001295,ORD-0018401,2024-12-14,Damaged Product,1,2649.55
RET-001296,ORD-0018418,2024-09-21,Wrong Product,1,1597.15
RET-001297,ORD-0018458,2024-09-08,Size Issue,2,862.4
RET-001298,ORD-0018480,2024-10-11,Late Delivery,1,1061.65
RET-001299,ORD-0018484,2023-10-12,Size Issue,1,4009.0
RET-001300,ORD-0018513,2023-03-23,Quality Issue,1,1583.1
RET-001301,ORD-0018521,2024-05-04,Wrong Product,5,1480.5
RET-001302,ORD-0018544,2023-10-14,Changed Mind,1,431.2
RET-001303,ORD-0018603,2023-12-20,Late Delivery,1,4327.2
RET-001304,ORD-0018611,2024-08-25,Damaged Product,2,918.0
RET-001305,ORD-0018619,2023-06-18,Changed Mind,1,331.55
RET-001306,ORD-0018622,2022-10-27,Changed Mind,1,1844.25
RET-001307,ORD-0018627,2024-11-22,Changed Mind,1,557.1
RET-001308,ORD-0018632,2023-07-14,Quality Issue,1,1699.0
RET-001309,ORD-0018664,2024-09-14,Quality Issue,1,441.15
RET-001310,ORD-0018666,2024-03-01,Damaged Product,1,2829.0
RET-001311,ORD-0018691,2023-07-09,Size Issue,3,2607.0
RET-001312,ORD-0018704,2022-11-06,Damaged Product,1,72.0
RET-001313,ORD-0018710,2023-03-20,Quality Issue,2,1278.0
RET-001314,ORD-0018726,2024-11-22,Quality Issue,1,755.1
RET-001315,ORD-0018729,2024-10-30,Size Issue,2,992.6
RET-001316,ORD-0018757,2023-11-28,Late Delivery,1,3696.65
RET-001317,ORD-0018783,2023-09-08,Wrong Product,1,559.0
RET-001318,ORD-0018788,2023-12-20,Changed Mind,1,4188.55
RET-001319,ORD-0018790,2024-10-31,Damaged Product,2,2446.3
RET-001320,ORD-0018796,2024-03-11,Quality Issue,1,169.0
RET-001321,ORD-0018818,2023-11-20,Quality Issue,1,539.0
RET-001322,ORD-0018820,2024-06-08,Late Delivery,1,399.0
RET-001323,ORD-0018822,2024-11-29,Damaged Product,1,219.0
RET-001324,ORD-0018850,2023-01-23,Quality Issue,1,1079.0
RET-001325,ORD-0018860,2023-05-01,Damaged Product,1,609.0
RET-001326,ORD-0018868,2023-11-01,Wrong Product,2,5058.0
RET-001327,ORD-0018902,2024-07-24,Quality Issue,1,825.55
RET-001328,ORD-0018906,2024-03-10,Quality Issue,1,247.2
RET-001329,ORD-0018913,2023-10-08,Quality Issue,3,4857.0
RET-001330,ORD-0018916,2023-03-16,Damaged Product,1,649.0
RET-001331,ORD-0018933,2023-12-02,Damaged Product,1,111.3
RET-001332,ORD-0018961,2022-06-06,Damaged Product,1,4578.05
RET-001333,ORD-0018983,2023-06-11,Damaged Product,2,984.3
RET-001334,ORD-0018984,2024-04-19,Wrong Product,1,494.1
RET-001335,ORD-0018997,2024-11-25,Damaged Product,1,1754.1
RET-001336,ORD-0019001,2022-05-10,Quality Issue,1,8368.55
RET-001337,ORD-0019019,2023-03-22,Quality Issue,1,989.1
RET-001338,ORD-0019021,2023-05-13,Quality Issue,1,485.1
RET-001339,ORD-0019029,2024-06-20,Changed Mind,1,6501.65
RET-001340,ORD-0019059,2023-11-08,Damaged Product,1,179.25
RET-001341,ORD-0019094,2023-07-18,Quality Issue,1,5031.15
RET-001342,ORD-0019107,2024-06-18,Damaged Product,1,721.05
RET-001343,ORD-0019116,2023-12-01,Late Delivery,1,3419.0
RET-001344,ORD-0019126,2023-03-27,Size Issue,1,3343.05
RET-001345,ORD-0019130,2022-11-01,Wrong Product,1,872.1
RET-001346,ORD-0019131,2024-10-31,Changed Mind,1,620.1
RET-001347,ORD-0019147,2024-08-09,Quality Issue,1,2060.1
RET-001348,ORD-0019151,2024-11-12,Changed Mind,1,5647.2
RET-001349,ORD-0019187,2023-05-09,Size Issue,1,499.0
RET-001350,ORD-0019199,2022-06-26,Damaged Product,2,1118.0
RET-001351,ORD-0019205,2024-02-03,Quality Issue,1,293.55
RET-001352,ORD-0019209,2023-11-26,Size Issue,1,1605.65
RET-001353,ORD-0019223,2024-07-30,Size Issue,1,3767.2
RET-001354,ORD-0019237,2024-09-23,Changed Mind,1,1329.0
RET-001355,ORD-0019263,2024-07-13,Quality Issue,1,1929.0
RET-001356,ORD-0019264,2024-08-25,Wrong Product,1,959.0
RET-001357,ORD-0019272,2023-08-27,Damaged Product,1,789.0
RET-001358,ORD-0019298,2023-04-21,Damaged Product,1,489.0
RET-001359,ORD-0019300,2022-08-26,Late Delivery,1,2934.55
RET-001360,ORD-0019314,2023-11-25,Damaged Product,1,607.2
RET-001361,ORD-0019328,2023-06-12,Damaged Product,1,1994.05
RET-001362,ORD-0019332,2023-10-19,Changed Mind,1,501.75
RET-001363,ORD-0019348,2024-11-09,Quality Issue,1,228.65
RET-001364,ORD-0019353,2022-10-22,Late Delivery,1,4419.0
RET-001365,ORD-0019367,2023-07-20,Changed Mind,1,1025.05
RET-001366,ORD-0019369,2022-02-15,Quality Issue,1,749.0
RET-001367,ORD-0019392,2023-09-22,Quality Issue,3,6694.65
RET-001368,ORD-0019394,2024-11-18,Quality Issue,1,879.2
RET-001369,ORD-0019399,2022-03-24,Quality Issue,1,679.0
RET-001370,ORD-0019408,2024-03-23,Size Issue,2,3166.2
RET-001371,ORD-0019409,2024-11-23,Quality Issue,1,1457.1
RET-001372,ORD-0019430,2023-10-12,Size Issue,1,3059.1
RET-001373,ORD-0019449,2024-10-18,Quality Issue,1,254.15
RET-001374,ORD-0019474,2024-01-09,Damaged Product,1,1239.2
RET-001375,ORD-0019484,2024-12-29,Damaged Product,1,519.0
RET-001376,ORD-0019492,2023-11-02,Wrong Product,1,1223.15
RET-001377,ORD-0019516,2022-11-16,Late Delivery,2,1818.0
RET-001378,ORD-0019527,2024-01-07,Damaged Product,1,1052.1
RET-001379,ORD-0019548,2023-01-24,Quality Issue,1,2022.15
RET-001380,ORD-0019581,2023-10-25,Damaged Product,1,269.0
RET-001381,ORD-0019608,2024-05-14,Quality Issue,1,2546.1
RET-001382,ORD-0019622,2024-07-28,Size Issue,3,3777.0
RET-001383,ORD-0019641,2023-08-14,Quality Issue,1,441.15
RET-001384,ORD-0019654,2024-09-30,Size Issue,1,1889.0
RET-001385,ORD-0019659,2023-09-12,Wrong Product,1,8288.1
RET-001386,ORD-0019667,2022-09-29,Damaged Product,1,2019.0
RET-001387,ORD-0019679,2024-10-16,Damaged Product,1,255.2
RET-001388,ORD-0019684,2024-09-02,Damaged Product,1,2566.15
RET-001389,ORD-0019690,2023-05-29,Wrong Product,1,911.05
RET-001390,ORD-0019691,2024-03-30,Damaged Product,1,569.05
RET-001391,ORD-0019716,2022-12-03,Quality Issue,1,1743.2
RET-001392,ORD-0019732,2024-10-26,Damaged Product,1,5090.65
RET-001393,ORD-0019764,2022-06-12,Size Issue,1,1754.1
RET-001394,ORD-0019787,2023-10-27,Late Delivery,1,233.1
RET-001395,ORD-0019795,2024-02-26,Late Delivery,1,228.65
RET-001396,ORD-0019817,2023-03-01,Size Issue,1,1386.05
RET-001397,ORD-0019821,2023-11-05,Wrong Product,1,524.25
RET-001398,ORD-0019860,2022-10-22,Quality Issue,1,3122.1
RET-001399,ORD-0019920,2023-10-25,Wrong Product,1,381.65
RET-001400,ORD-0019930,2023-12-12,Size Issue,1,2393.1
RET-001401,ORD-0019936,2022-12-20,Quality Issue,1,359.1
RET-001402,ORD-0019940,2023-05-02,Quality Issue,1,95.2
RET-001403,ORD-0019941,2024-06-16,Size Issue,1,825.55
RET-001404,ORD-0019953,2023-11-10,Quality Issue,1,2948.65
RET-001405,ORD-0019957,2022-06-26,Quality Issue,1,971.1
RET-001406,ORD-0020029,2023-07-03,Wrong Product,1,271.15
RET-001407,ORD-0020039,2024-04-26,Quality Issue,1,3229.15
RET-001408,ORD-0020049,2022-05-27,Changed Mind,1,3489.0
RET-001409,ORD-0020058,2024-01-05,Size Issue,1,649.0
RET-001410,ORD-0020090,2024-04-15,Other,1,8017.05
RET-001411,ORD-0020124,2024-04-10,Damaged Product,1,3059.0
RET-001412,ORD-0020129,2024-04-01,Quality Issue,1,679.0
RET-001413,ORD-0020157,2024-12-30,Size Issue,1,543.2
RET-001414,ORD-0020172,2022-06-24,Wrong Product,1,3409.0
RET-001415,ORD-0020176,2024-03-19,Wrong Product,1,5201.15
RET-001416,ORD-0020202,2024-08-22,Other,1,521.1
RET-001417,ORD-0020226,2024-01-11,Quality Issue,2,3198.0
RET-001418,ORD-0020257,2024-10-07,Damaged Product,2,3838.0
RET-001419,ORD-0020260,2023-01-21,Quality Issue,1,269.0
RET-001420,ORD-0020267,2024-11-09,Quality Issue,1,734.25
RET-001421,ORD-0020277,2022-02-18,Damaged Product,1,1199.0
RET-001422,ORD-0020291,2023-10-12,Size Issue,1,476.1
RET-001423,ORD-0020315,2023-10-23,Size Issue,1,993.65
RET-001424,ORD-0020318,2024-09-12,Damaged Product,1,309.0
RET-001425,ORD-0020327,2022-05-07,Wrong Product,2,4843.3
RET-001426,ORD-0020344,2024-06-09,Damaged Product,1,959.0
RET-001427,ORD-0020355,2023-05-06,Wrong Product,1,379.05
RET-001428,ORD-0020377,2023-08-14,Damaged Product,1,711.55
RET-001429,ORD-0020378,2024-02-14,Damaged Product,1,949.0
RET-001430,ORD-0020387,2023-08-17,Damaged Product,1,52588.65
RET-001431,ORD-0020399,2024-07-15,Changed Mind,1,246.05
RET-001432,ORD-0020412,2024-09-04,Damaged Product,1,2089.0
RET-001433,ORD-0020414,2023-10-29,Size Issue,2,5318.0
RET-001434,ORD-0020415,2024-02-24,Changed Mind,3,3987.0
RET-001435,ORD-0020419,2023-08-05,Size Issue,1,3535.2
RET-001436,ORD-0020432,2023-12-19,Size Issue,1,519.0
RET-001437,ORD-0020446,2022-06-21,Size Issue,1,649.0
RET-001438,ORD-0020465,2023-08-22,Changed Mind,1,656.1
RET-001439,ORD-0020477,2024-10-22,Wrong Product,1,364.65
RET-001440,ORD-0020489,2022-02-01,Damaged Product,1,611.1
RET-001441,ORD-0020499,2024-06-28,Damaged Product,1,3099.0
RET-001442,ORD-0020507,2024-04-30,Damaged Product,1,399.0
RET-001443,ORD-0020524,2024-02-10,Size Issue,1,649.0
RET-001444,ORD-0020525,2024-08-03,Changed Mind,1,512.1
RET-001445,ORD-0020529,2023-04-15,Changed Mind,1,3999.0
RET-001446,ORD-0020544,2024-10-02,Size Issue,1,3248.05
RET-001447,ORD-0020552,2023-06-04,Changed Mind,1,584.1
RET-001448,ORD-0020561,2024-04-27,Wrong Product,2,938.0
RET-001449,ORD-0020580,2024-12-04,Size Issue,1,8744.25
RET-001450,ORD-0020584,2024-01-07,Wrong Product,1,483.65
RET-001451,ORD-0020588,2024-04-10,Size Issue,1,3314.55
RET-001452,ORD-0020590,2024-01-29,Damaged Product,1,36009.0
RET-001453,ORD-0020593,2022-10-05,Quality Issue,4,436.0
RET-001454,ORD-0020598,2023-05-15,Quality Issue,1,519.0
RET-001455,ORD-0020642,2023-10-26,Quality Issue,1,159.0
RET-001456,ORD-0020643,2024-03-19,Damaged Product,1,679.0
RET-001457,ORD-0020644,2023-12-03,Late Delivery,1,1580.15
RET-001458,ORD-0020662,2022-11-16,Changed Mind,1,3569.0
RET-001459,ORD-0020697,2024-01-19,Late Delivery,1,1599.0
RET-001460,ORD-0020702,2023-05-04,Changed Mind,1,889.0
RET-001461,ORD-0020714,2024-04-02,Size Issue,1,3611.65
RET-001462,ORD-0020721,2023-09-18,Wrong Product,1,949.0
RET-001463,ORD-0020723,2024-07-08,Size Issue,1,674.1
RET-001464,ORD-0020733,2024-02-03,Quality Issue,1,1519.05
RET-001465,ORD-0020739,2024-01-23,Damaged Product,1,2526.05
RET-001466,ORD-0020758,2022-01-13,Changed Mind,1,616.55
RET-001467,ORD-0020787,2023-09-08,Damaged Product,1,359.1
RET-001468,ORD-0020807,2024-10-09,Damaged Product,1,2789.1
RET-001469,ORD-0020824,2024-04-01,Quality Issue,1,493.05
RET-001470,ORD-0020825,2024-08-18,Changed Mind,1,1179.0
RET-001471,ORD-0020840,2023-02-25,Quality Issue,2,826.2
RET-001472,ORD-0020841,2024-03-16,Damaged Product,1,150.0
RET-001473,ORD-0020848,2023-09-07,Quality Issue,1,1939.0
RET-001474,ORD-0020851,2023-03-09,Quality Issue,1,1259.0
RET-001475,ORD-0020855,2023-01-30,Damaged Product,1,80.0
RET-001476,ORD-0020876,2023-12-11,Damaged Product,1,8629.0
RET-001477,ORD-0020896,2024-01-01,Damaged Product,1,769.0
RET-001478,ORD-0020913,2024-02-24,Size Issue,1,569.0
RET-001479,ORD-0020921,2023-04-24,Late Delivery,2,530.1
RET-001480,ORD-0020924,2024-04-08,Wrong Product,1,309.0
RET-001481,ORD-0020950,2023-11-02,Quality Issue,2,1198.4
RET-001482,ORD-0020987,2024-05-15,Size Issue,4,5962.2
RET-001483,ORD-0020997,2024-08-19,Wrong Product,1,689.0
RET-001484,ORD-0021000,2024-03-27,Size Issue,1,2098.55
RET-001485,ORD-0021020,2024-06-26,Damaged Product,1,466.65
RET-001486,ORD-0021026,2023-05-12,Late Delivery,1,341.05
RET-001487,ORD-0021035,2024-04-13,Wrong Product,1,1274.15
RET-001488,ORD-0021045,2022-06-28,Late Delivery,1,1444.15
RET-001489,ORD-0021057,2024-10-26,Damaged Product,1,98.1
RET-001490,ORD-0021083,2024-11-30,Quality Issue,1,1214.1
RET-001491,ORD-0021109,2022-12-03,Quality Issue,1,1499.0
RET-001492,ORD-0021126,2024-08-29,Damaged Product,1,2589.0
RET-001493,ORD-0021129,2024-02-03,Changed Mind,1,901.55
RET-001494,ORD-0021159,2024-10-01,Quality Issue,2,1157.1
RET-001495,ORD-0021161,2023-10-17,Quality Issue,2,1174.6
RET-001496,ORD-0021172,2023-12-10,Changed Mind,1,159.0
RET-001497,ORD-0021179,2022-09-12,Damaged Product,3,2967.0
RET-001498,ORD-0021188,2024-06-08,Damaged Product,1,1299.0
RET-001499,ORD-0021191,2022-01-15,Changed Mind,1,679.0
RET-001500,ORD-0021224,2022-08-14,Quality Issue,1,1079.0
RET-001501,ORD-0021232,2023-08-12,Quality Issue,3,3237.0
RET-001502,ORD-0021235,2023-10-22,Quality Issue,1,17679.0
RET-001503,ORD-0021243,2023-09-04,Size Issue,1,413.1
RET-001504,ORD-0021260,2024-05-11,Quality Issue,1,1804.05
RET-001505,ORD-0021272,2024-09-29,Changed Mind,2,8058.0
RET-001506,ORD-0021279,2024-07-02,Size Issue,1,649.0
RET-001507,ORD-0021290,2022-10-21,Quality Issue,1,1291.15
RET-001508,ORD-0021308,2024-04-10,Damaged Product,1,236.55
RET-001509,ORD-0021347,2024-04-04,Other,1,539.0
RET-001510,ORD-0021357,2023-09-29,Late Delivery,1,389.0
RET-001511,ORD-0021383,2024-01-28,Size Issue,1,711.55
RET-001512,ORD-0021388,2024-10-17,Changed Mind,1,386.1
RET-001513,ORD-0021391,2024-05-02,Damaged Product,1,669.0
RET-001514,ORD-0021400,2023-11-11,Other,1,1025.1
RET-001515,ORD-0021408,2023-08-28,Other,1,2546.1
RET-001516,ORD-0021417,2022-08-31,Size Issue,1,711.55
RET-001517,ORD-0021419,2023-02-08,Damaged Product,2,1042.2
RET-001518,ORD-0021441,2022-10-24,Quality Issue,1,2330.1
RET-001519,ORD-0021442,2023-11-01,Damaged Product,1,557.1
RET-001520,ORD-0021467,2023-06-25,Quality Issue,2,682.1
RET-001521,ORD-0021501,2024-01-18,Size Issue,2,1058.0
RET-001522,ORD-0021514,2024-04-06,Quality Issue,1,4509.0
RET-001523,ORD-0021525,2024-12-22,Size Issue,1,584.1
RET-001524,ORD-0021564,2024-06-17,Quality Issue,1,1059.0
RET-001525,ORD-0021573,2024-12-24,Wrong Product,1,2049.0
RET-001526,ORD-0021605,2023-08-05,Size Issue,1,5409.0
RET-001527,ORD-0021628,2022-07-11,Damaged Product,1,806.55
RET-001528,ORD-0021673,2023-02-04,Damaged Product,1,309.0
RET-001529,ORD-0021674,2023-06-14,Wrong Product,1,368.1
RET-001530,ORD-0021689,2023-08-22,Size Issue,1,521.1
RET-001531,ORD-0021698,2023-12-08,Size Issue,1,2634.15
RET-001532,ORD-0021713,2023-10-23,Quality Issue,1,935.2
RET-001533,ORD-0021747,2023-01-24,Size Issue,1,3439.0
RET-001534,ORD-0021752,2022-07-02,Size Issue,1,863.55
RET-001535,ORD-0021771,2024-05-20,Damaged Product,1,579.0
RET-001536,ORD-0021827,2022-11-03,Late Delivery,1,2483.1
RET-001537,ORD-0021841,2022-06-01,Changed Mind,5,18895.5
RET-001538,ORD-0021861,2023-12-06,Damaged Product,1,3519.0
RET-001539,ORD-0021862,2024-06-02,Damaged Product,1,1719.0
RET-001540,ORD-0021875,2023-11-03,Quality Issue,1,3719.0
RET-001541,ORD-0021880,2024-03-27,Quality Issue,4,3164.4
RET-001542,ORD-0021881,2023-11-15,Changed Mind,1,74.25
RET-001543,ORD-0021884,2024-02-09,Size Issue,1,529.0
RET-001544,ORD-0021895,2024-06-11,Wrong Product,1,7646.55
RET-001545,ORD-0021899,2022-11-01,Size Issue,1,1124.25
RET-001546,ORD-0021945,2024-11-30,Damaged Product,1,261.75
RET-001547,ORD-0021953,2024-01-17,Changed Mind,1,1359.15
RET-001548,ORD-0021955,2024-03-12,Changed Mind,2,1081.1
RET-001549,ORD-0021968,2023-02-11,Damaged Product,1,2231.1
RET-001550,ORD-0021971,2024-04-05,Quality Issue,1,269.0
RET-001551,ORD-0021975,2024-05-04,Size Issue,1,474.05
RET-001552,ORD-0021989,2023-01-11,Size Issue,1,1025.05
RET-001553,ORD-0022028,2023-07-25,Quality Issue,1,3039.05
RET-001554,ORD-0022030,2023-11-29,Size Issue,1,135.0
RET-001555,ORD-0022046,2024-03-14,Damaged Product,1,3019.0
RET-001556,ORD-0022054,2024-07-04,Quality Issue,1,616.55
RET-001557,ORD-0022059,2023-04-01,Damaged Product,1,1511.2
RET-001558,ORD-0022062,2023-10-20,Quality Issue,1,367.2
RET-001559,ORD-0022071,2023-01-16,Other,1,530.1
RET-001560,ORD-0022075,2022-06-04,Size Issue,1,249.0
RET-001561,ORD-0022092,2023-10-28,Late Delivery,1,463.2
RET-001562,ORD-0022107,2022-07-05,Late Delivery,1,466.65
RET-001563,ORD-0022115,2023-03-14,Quality Issue,1,839.0
RET-001564,ORD-0022124,2023-12-01,Wrong Product,1,278.1
RET-001565,ORD-0022141,2023-08-25,Changed Mind,2,1958.0
RET-001566,ORD-0022147,2022-09-06,Late Delivery,2,438.0
RET-001567,ORD-0022158,2022-11-02,Quality Issue,1,883.15
RET-001568,ORD-0022169,2022-07-06,Late Delivery,1,1528.55
RET-001569,ORD-0022177,2024-04-04,Quality Issue,2,2943.1
RET-001570,ORD-0022178,2023-12-06,Size Issue,1,5409.0
RET-001571,ORD-0022192,2024-06-06,Size Issue,1,1087.15
RET-001572,ORD-0022216,2022-11-30,Quality Issue,1,2939.0
RET-001573,ORD-0022231,2024-07-09,Damaged Product,1,246.05
RET-001574,ORD-0022242,2023-08-03,Quality Issue,1,246.05
RET-001575,ORD-0022269,2024-09-26,Size Issue,1,239.0
RET-001576,ORD-0022285,2022-07-27,Late Delivery,1,1789.0
RET-001577,ORD-0022287,2023-04-11,Changed Mind,1,31400.1
RET-001578,ORD-0022292,2024-05-11,Damaged Product,1,519.2
RET-001579,ORD-0022306,2024-04-17,Other,1,540.55
RET-001580,ORD-0022315,2023-12-10,Size Issue,1,674.1
RET-001581,ORD-0022346,2024-02-13,Wrong Product,1,509.0
RET-001582,ORD-0022361,2024-05-23,Changed Mind,1,1234.05
RET-001583,ORD-0022375,2023-11-24,Size Issue,1,1454.25
RET-001584,ORD-0022381,2024-09-23,Damaged Product,1,569.0
RET-001585,ORD-0022384,2024-05-22,Wrong Product,1,3219.0
RET-001586,ORD-0022389,2023-07-11,Quality Issue,1,424.15
RET-001587,ORD-0022394,2024-12-02,Changed Mind,1,14891.15
RET-001588,ORD-0022414,2022-07-05,Quality Issue,1,713.15
RET-001589,ORD-0022417,2024-02-21,Quality Issue,1,499.0
RET-001590,ORD-0022441,2023-10-24,Changed Mind,1,1647.2
RET-001591,ORD-0022443,2023-07-04,Changed Mind,1,645.05
RET-001592,ORD-0022445,2023-12-09,Size Issue,1,458.1
RET-001593,ORD-0022459,2024-12-10,Changed Mind,1,3569.15
RET-001594,ORD-0022469,2023-11-17,Quality Issue,1,1115.1
RET-001595,ORD-0022470,2023-03-16,Late Delivery,1,262.65
RET-001596,ORD-0022492,2024-05-12,Damaged Product,1,489.0
RET-001597,ORD-0022495,2024-03-16,Changed Mind,3,12714.3
RET-001598,ORD-0022497,2023-12-06,Changed Mind,2,1423.1
RET-001599,ORD-0022506,2024-12-05,Wrong Product,1,203.15
RET-001600,ORD-0022516,2024-09-22,Late Delivery,1,375.2
RET-001601,ORD-0022521,2022-05-14,Size Issue,1,1599.0
RET-001602,ORD-0022524,2024-11-27,Quality Issue,1,262.65
RET-001603,ORD-0022537,2023-09-07,Quality Issue,1,987.05
RET-001604,ORD-0022557,2024-06-20,Quality Issue,1,649.0
RET-001605,ORD-0022581,2024-08-16,Size Issue,1,2349.0
RET-001606,ORD-0022607,2024-09-09,Wrong Product,1,4841.1
RET-001607,ORD-0022625,2024-10-11,Size Issue,1,529.0
RET-001608,ORD-0022627,2024-05-24,Damaged Product,2,4606.2
RET-001609,ORD-0022641,2023-11-07,Size Issue,1,645.15
RET-001610,ORD-0022646,2024-01-14,Wrong Product,1,262.65
RET-001611,ORD-0022696,2024-01-30,Changed Mind,1,873.05
RET-001612,ORD-0022717,2023-06-22,Changed Mind,1,299.0
RET-001613,ORD-0022721,2024-04-21,Size Issue,1,2129.0
RET-001614,ORD-0022765,2022-08-12,Quality Issue,1,2474.1
RET-001615,ORD-0022777,2023-12-07,Size Issue,1,551.65
RET-001616,ORD-0022792,2024-01-28,Quality Issue,2,1358.0
RET-001617,ORD-0022794,2023-11-20,Changed Mind,1,1770.3
RET-001618,ORD-0022805,2023-08-23,Changed Mind,2,1698.0
RET-001619,ORD-0022829,2024-03-03,Quality Issue,1,399.0
RET-001620,ORD-0022830,2024-11-02,Changed Mind,2,2176.2
RET-001621,ORD-0022889,2024-05-14,Quality Issue,1,7725.65
RET-001622,ORD-0022890,2024-12-11,Size Issue,1,3099.0
RET-001623,ORD-0022903,2024-10-06,Wrong Product,1,1434.3
RET-001624,ORD-0022950,2024-03-03,Late Delivery,1,535.2
RET-001625,ORD-0022960,2023-11-15,Wrong Product,1,3019.0
RET-001626,ORD-0022987,2024-08-13,Size Issue,1,569.0
RET-001627,ORD-0022999,2023-10-12,Late Delivery,1,323.1
RET-001628,ORD-0023000,2022-08-30,Quality Issue,3,6867.0
RET-001629,ORD-0023050,2024-10-22,Size Issue,1,330.65
RET-001630,ORD-0023098,2022-11-17,Quality Issue,1,6686.1
RET-001631,ORD-0023138,2024-09-09,Late Delivery,1,1006.05
RET-001632,ORD-0023141,2024-05-26,Quality Issue,1,939.55
RET-001633,ORD-0023145,2023-03-05,Size Issue,1,458.1
RET-001634,ORD-0023170,2024-03-18,Other,1,2149.0
RET-001635,ORD-0023189,2022-03-08,Quality Issue,1,1817.1
RET-001636,ORD-0023196,2024-08-20,Size Issue,1,639.0
RET-001637,ORD-0023200,2024-09-05,Quality Issue,1,689.0
RET-001638,ORD-0023210,2024-10-25,Late Delivery,1,6059.0
RET-001639,ORD-0023218,2022-11-16,Damaged Product,2,5778.3
RET-001640,ORD-0023224,2024-10-18,Size Issue,1,2727.65
RET-001641,ORD-0023241,2022-10-25,Changed Mind,4,13796.0
RET-001642,ORD-0023242,2023-07-04,Quality Issue,1,749.0
RET-001643,ORD-0023262,2022-11-29,Size Issue,1,1861.3
RET-001644,ORD-0023268,2023-11-19,Damaged Product,1,917.15
RET-001645,ORD-0023278,2024-03-09,Changed Mind,1,1109.0
RET-001646,ORD-0023279,2024-07-06,Damaged Product,2,4012.2
RET-001647,ORD-0023283,2024-06-20,Quality Issue,1,509.0
RET-001648,ORD-0023301,2024-02-17,Wrong Product,1,930.05
RET-001649,ORD-0023313,2023-05-24,Size Issue,1,746.1
RET-001650,ORD-0023318,2023-12-02,Late Delivery,1,329.0
RET-001651,ORD-0023324,2024-07-11,Quality Issue,1,656.1
RET-001652,ORD-0023335,2024-01-11,Late Delivery,1,735.2
RET-001653,ORD-0023352,2024-10-05,Wrong Product,1,329.0
RET-001654,ORD-0023353,2023-08-29,Changed Mind,1,969.0
RET-001655,ORD-0023385,2024-09-01,Damaged Product,1,1449.0
RET-001656,ORD-0023428,2023-05-16,Size Issue,1,2276.1
RET-001657,ORD-0023512,2024-04-13,Size Issue,2,948.1
RET-001658,ORD-0023514,2022-12-30,Late Delivery,1,5566.05
RET-001659,ORD-0023521,2023-08-02,Size Issue,1,1095.2
RET-001660,ORD-0023526,2024-05-18,Late Delivery,4,1836.0
RET-001661,ORD-0023528,2022-12-16,Other,3,10827.15
RET-001662,ORD-0023538,2023-08-21,Wrong Product,1,567.2
RET-001663,ORD-0023541,2023-06-07,Quality Issue,2,484.2
RET-001664,ORD-0023566,2024-10-20,Wrong Product,1,359.1
RET-001665,ORD-0023572,2024-04-07,Changed Mind,1,599.0
RET-001666,ORD-0023589,2024-02-06,Damaged Product,1,519.2
RET-001667,ORD-0023599,2023-02-14,Other,2,6648.1
RET-001668,ORD-0023602,2023-06-17,Changed Mind,1,1409.0
RET-001669,ORD-0023609,2023-01-05,Changed Mind,1,1369.0
RET-001670,ORD-0023622,2022-09-27,Size Issue,1,2259.0
RET-001671,ORD-0023624,2024-03-01,Quality Issue,2,1168.2
RET-001672,ORD-0023653,2024-11-21,Changed Mind,2,5342.4
RET-001673,ORD-0023666,2024-05-07,Wrong Product,1,919.0
RET-001674,ORD-0023670,2023-12-08,Damaged Product,1,10493.1
RET-001675,ORD-0023673,2024-05-11,Size Issue,1,2231.55
RET-001676,ORD-0023690,2022-12-05,Size Issue,2,4390.2
RET-001677,ORD-0023691,2023-04-14,Quality Issue,1,968.05
RET-001678,ORD-0023694,2024-02-03,Quality Issue,1,296.1
RET-001679,ORD-0023712,2023-05-14,Size Issue,1,959.2
RET-001680,ORD-0023724,2023-10-16,Size Issue,1,3589.0
RET-001681,ORD-0023729,2024-12-22,Damaged Product,2,1358.0
RET-001682,ORD-0023733,2024-10-26,Other,1,512.1
RET-001683,ORD-0023736,2024-01-06,Wrong Product,1,609.0
RET-001684,ORD-0023745,2024-01-12,Wrong Product,1,7646.55
RET-001685,ORD-0023775,2023-03-29,Size Issue,1,1124.1
RET-001686,ORD-0023784,2024-02-03,Changed Mind,1,2529.0
RET-001687,ORD-0023809,2022-01-17,Quality Issue,1,1718.1
RET-001688,ORD-0023835,2024-09-22,Changed Mind,1,1859.0
RET-001689,ORD-0023843,2023-03-13,Quality Issue,1,1059.0
RET-001690,ORD-0023848,2024-11-19,Size Issue,1,602.1
RET-001691,ORD-0023881,2024-11-27,Wrong Product,1,818.1
RET-001692,ORD-0023882,2024-04-07,Damaged Product,1,227.05
RET-001693,ORD-0023887,2024-07-09,Damaged Product,4,3100.8
RET-001694,ORD-0023894,2023-05-08,Size Issue,1,3449.0
RET-001695,ORD-0023899,2024-12-22,Size Issue,1,584.1
RET-001696,ORD-0023900,2023-04-15,Size Issue,1,664.05
RET-001697,ORD-0023901,2023-02-07,Wrong Product,1,436.05
RET-001698,ORD-0023919,2023-04-20,Damaged Product,1,639.0
RET-001699,ORD-0023920,2022-12-17,Changed Mind,1,664.05
RET-001700,ORD-0023922,2023-11-10,Damaged Product,3,1450.95
RET-001701,ORD-0023932,2024-05-13,Damaged Product,1,3689.1
RET-001702,ORD-0023940,2024-05-23,Late Delivery,1,436.05
RET-001703,ORD-0023941,2024-07-01,Quality Issue,1,236.55
RET-001704,ORD-0023976,2024-01-12,Quality Issue,1,2330.1
RET-001705,ORD-0023988,2024-02-24,Wrong Product,2,302.1
RET-001706,ORD-0024037,2023-10-13,Size Issue,1,483.65
RET-001707,ORD-0024038,2024-03-23,Size Issue,1,1559.0
RET-001708,ORD-0024055,2024-07-10,Size Issue,1,1338.55
RET-001709,ORD-0024063,2024-08-10,Quality Issue,1,2379.0
RET-001710,ORD-0024092,2024-11-30,Size Issue,1,2465.1
RET-001711,ORD-0024093,2023-09-17,Quality Issue,1,3419.0
RET-001712,ORD-0024106,2024-11-03,Wrong Product,1,1151.2
RET-001713,ORD-0024114,2022-12-24,Quality Issue,1,3229.0
RET-001714,ORD-0024118,2023-12-17,Wrong Product,1,223.2
RET-001715,ORD-0024120,2024-12-20,Quality Issue,1,1099.0
RET-001716,ORD-0024127,2024-05-06,Late Delivery,1,1019.0
RET-001717,ORD-0024133,2024-05-29,Wrong Product,3,4918.95
RET-001718,ORD-0024143,2023-07-18,Late Delivery,1,999.0
RET-001719,ORD-0024179,2023-12-31,Size Issue,1,711.55
RET-001720,ORD-0024195,2024-06-21,Quality Issue,1,971.1
RET-001721,ORD-0024229,2024-12-05,Quality Issue,1,3489.0
RET-001722,ORD-0024233,2024-03-07,Changed Mind,1,699.0
RET-001723,ORD-0024238,2024-05-26,Changed Mind,1,4939.0
RET-001724,ORD-0024271,2023-01-14,Quality Issue,2,7598.1
RET-001725,ORD-0024283,2023-10-23,Damaged Product,1,3689.1
RET-001726,ORD-0024287,2023-07-31,Quality Issue,1,919.0
RET-001727,ORD-0024305,2024-04-11,Size Issue,1,3181.55
RET-001728,ORD-0024317,2024-03-05,Size Issue,1,869.0
RET-001729,ORD-0024345,2024-11-27,Wrong Product,2,926.4
RET-001730,ORD-0024350,2024-04-12,Damaged Product,1,359.1
RET-001731,ORD-0024357,2023-11-04,Quality Issue,1,1459.0
RET-001732,ORD-0024359,2024-11-25,Damaged Product,1,303.2
RET-001733,ORD-0024417,2024-11-19,Wrong Product,1,1503.2
RET-001734,ORD-0024420,2024-11-29,Size Issue,1,1333.65
RET-001735,ORD-0024443,2024-11-12,Damaged Product,1,56.0
RET-001736,ORD-0024472,2024-04-17,Other,1,1609.0
RET-001737,ORD-0024492,2023-03-22,Damaged Product,1,831.2
RET-001738,ORD-0024494,2023-09-12,Damaged Product,1,494.1
RET-001739,ORD-0024495,2024-01-28,Wrong Product,1,233.1
RET-001740,ORD-0024503,2022-12-05,Damaged Product,1,840.65
RET-001741,ORD-0024507,2024-03-22,Wrong Product,1,424.15
RET-001742,ORD-0024538,2024-05-14,Quality Issue,1,679.0
RET-001743,ORD-0024548,2023-04-14,Quality Issue,3,2305.65
RET-001744,ORD-0024554,2023-05-05,Wrong Product,1,1970.1
RET-001745,ORD-0024574,2023-08-23,Damaged Product,1,3727.2
RET-001746,ORD-0024607,2024-06-27,Size Issue,1,815.15
RET-001747,ORD-0024610,2023-07-10,Wrong Product,1,1329.0
RET-001748,ORD-0024620,2024-06-11,Changed Mind,1,309.0
RET-001749,ORD-0024624,2023-01-31,Other,1,16890.05
RET-001750,ORD-0024649,2022-04-06,Damaged Product,1,3067.55
RET-001751,ORD-0024650,2022-11-18,Size Issue,1,524.3
RET-001752,ORD-0024652,2023-08-25,Size Issue,3,3741.6
RET-001753,ORD-0024653,2023-06-06,Size Issue,1,1449.0
RET-001754,ORD-0024672,2024-12-04,Damaged Product,3,4317.0
RET-001755,ORD-0024673,2023-01-10,Damaged Product,3,3645.15
RET-001756,ORD-0024689,2024-03-05,Wrong Product,1,909.0
RET-001757,ORD-0024693,2024-09-07,Quality Issue,1,616.55
RET-001758,ORD-0024705,2024-03-20,Late Delivery,1,296.1
RET-001759,ORD-0024710,2024-03-13,Quality Issue,1,329.0
RET-001760,ORD-0024714,2024-09-08,Quality Issue,4,7680.6
RET-001761,ORD-0024744,2023-08-24,Changed Mind,1,2231.2
RET-001762,ORD-0024745,2024-09-17,Quality Issue,2,6158.0
RET-001763,ORD-0024755,2024-10-26,Quality Issue,1,494.1
RET-001764,ORD-0024762,2024-04-23,Late Delivery,1,1751.2
RET-001765,ORD-0024766,2024-02-27,Quality Issue,1,8629.0
RET-001766,ORD-0024794,2023-03-01,Quality Issue,2,2878.2
RET-001767,ORD-0024823,2024-10-26,Size Issue,1,557.1
RET-001768,ORD-0024833,2022-12-10,Quality Issue,1,3399.15
RET-001769,ORD-0024839,2023-03-16,Damaged Product,1,331.55
RET-001770,ORD-0024873,2024-12-26,Size Issue,1,669.0
RET-001771,ORD-0024881,2023-03-06,Changed Mind,1,1449.0
RET-001772,ORD-0024896,2023-08-23,Damaged Product,1,151.05
RET-001773,ORD-0024945,2023-09-01,Damaged Product,3,738.15
RET-001774,ORD-0024951,2022-01-12,Size Issue,1,584.1
RET-001775,ORD-0024952,2023-11-04,Quality Issue,1,767.2
RET-001776,ORD-0024957,2024-10-18,Size Issue,1,492.15
RET-001777,ORD-0024996,2023-08-27,Size Issue,1,584.1
RET-001778,ORD-0025006,2022-12-07,Damaged Product,1,4469.0
RET-001779,ORD-0025036,2024-11-21,Late Delivery,1,909.0
RET-001780,ORD-0025057,2024-02-15,Changed Mind,1,673.55
RET-001781,ORD-0025061,2024-06-04,Wrong Product,1,1384.65
RET-001782,ORD-0025073,2023-10-21,Damaged Product,1,7766.1
RET-001783,ORD-0025079,2024-07-26,Quality Issue,1,521.1
RET-001784,ORD-0025093,2023-01-26,Damaged Product,1,835.05
RET-001785,ORD-0025099,2024-08-10,Damaged Product,1,3365.1
RET-001786,ORD-0025101,2022-12-17,Damaged Product,1,839.0
RET-001787,ORD-0025106,2022-02-21,Size Issue,1,645.05
RET-001788,ORD-0025107,2023-11-23,Size Issue,1,381.75
RET-001789,ORD-0025135,2022-07-10,Changed Mind,1,1569.0
RET-001790,ORD-0025141,2023-08-24,Wrong Product,3,7530.3
RET-001791,ORD-0025162,2023-12-30,Wrong Product,1,3968.1
RET-001792,ORD-0025197,2023-03-21,Damaged Product,1,619.0
RET-001793,ORD-0025204,2024-12-31,Quality Issue,1,3399.0
RET-001794,ORD-0025208,2024-01-12,Other,1,3229.0
RET-001795,ORD-0025213,2024-07-23,Quality Issue,4,1544.4
RET-001796,ORD-0025250,2023-10-31,Damaged Product,1,367.2
RET-001797,ORD-0025264,2023-11-25,Damaged Product,1,329.0
RET-001798,ORD-0025273,2022-09-11,Wrong Product,1,1879.0
RET-001799,ORD-0025284,2023-09-10,Damaged Product,1,2199.0
RET-001800,ORD-0025287,2023-10-20,Wrong Product,1,1349.1
RET-001801,ORD-0025310,2022-12-16,Size Issue,1,679.0
RET-001802,ORD-0025312,2024-09-03,Wrong Product,1,8629.0
RET-001803,ORD-0025324,2024-06-19,Quality Issue,1,4198.05
RET-001804,ORD-0025330,2023-07-07,Quality Issue,1,1929.0
RET-001805,ORD-0025338,2024-01-07,Quality Issue,3,2805.3
RET-001806,ORD-0025352,2024-09-17,Wrong Product,1,806.55
RET-001807,ORD-0025356,2024-02-14,Damaged Product,2,826.2
RET-001808,ORD-0025386,2022-06-17,Quality Issue,1,683.05
RET-001809,ORD-0025403,2023-02-09,Quality Issue,1,1599.0
RET-001810,ORD-0025407,2024-10-23,Other,1,1329.0
RET-001811,ORD-0025424,2023-07-16,Changed Mind,1,80.0
RET-001812,ORD-0025452,2023-05-24,Damaged Product,1,987.05
RET-001813,ORD-0025515,2023-12-18,Quality Issue,1,550.05
RET-001814,ORD-0025519,2024-07-07,Other,1,309.0
RET-001815,ORD-0025539,2024-01-01,Wrong Product,1,3149.1
RET-001816,ORD-0025556,2024-10-27,Damaged Product,1,16859.0
RET-001817,ORD-0025558,2023-09-27,Other,1,459.0
RET-001818,ORD-0025574,2023-06-28,Size Issue,1,539.0
RET-001819,ORD-0025598,2024-02-02,Other,1,3005.1
RET-001820,ORD-0025618,2023-12-11,Quality Issue,1,503.2
RET-001821,ORD-0025641,2024-06-17,Damaged Product,1,689.0
RET-001822,ORD-0025655,2024-07-03,Wrong Product,3,1917.0
RET-001823,ORD-0025661,2024-12-18,Damaged Product,1,161.1
RET-001824,ORD-0025681,2023-09-18,Quality Issue,1,1569.0
RET-001825,ORD-0025684,2023-06-08,Damaged Product,1,5273.1
RET-001826,ORD-0025689,2022-05-08,Size Issue,1,1961.1
RET-001827,ORD-0025692,2024-12-30,Quality Issue,1,4758.55
RET-001828,ORD-0025698,2024-05-01,Wrong Product,1,839.0
RET-001829,ORD-0025709,2023-11-04,Quality Issue,2,10948.5
RET-001830,ORD-0025711,2023-05-11,Quality Issue,1,246.05
RET-001831,ORD-0025717,2022-02-22,Damaged Product,1,1443.05
RET-001832,ORD-0025730,2022-08-28,Damaged Product,1,1804.05
RET-001833,ORD-0025761,2023-08-22,Wrong Product,1,579.0
RET-001834,ORD-0025817,2024-10-14,Wrong Product,1,2383.2
RET-001835,ORD-0025851,2024-03-21,Wrong Product,1,709.0
RET-001836,ORD-0025852,2024-03-15,Size Issue,2,1138.0
RET-001837,ORD-0025854,2023-08-30,Late Delivery,1,1029.0
RET-001838,ORD-0025865,2024-05-12,Size Issue,1,1449.0
RET-001839,ORD-0025883,2022-08-12,Size Issue,1,1169.0
RET-001840,ORD-0025902,2022-03-13,Wrong Product,1,5965.05
RET-001841,ORD-0025914,2024-10-30,Late Delivery,1,126.75
RET-001842,ORD-0025920,2023-11-17,Damaged Product,1,271.15
RET-001843,ORD-0025949,2024-11-08,Size Issue,1,3439.0
RET-001844,ORD-0025993,2024-02-25,Wrong Product,1,390.15
RET-001845,ORD-0026001,2023-10-23,Wrong Product,2,1438.5
RET-001846,ORD-0026020,2024-10-13,Wrong Product,1,890.1
RET-001847,ORD-0026058,2024-04-22,Changed Mind,1,399.0
RET-001848,ORD-0026068,2022-11-01,Damaged Product,1,2979.0
RET-001849,ORD-0026079,2024-07-30,Changed Mind,1,409.0
RET-001850,ORD-0026082,2023-09-08,Wrong Product,1,7879.0
RET-001851,ORD-0026090,2024-02-18,Changed Mind,3,3507.0
RET-001852,ORD-0026093,2024-09-23,Quality Issue,1,509.0
RET-001853,ORD-0026095,2024-01-30,Other,1,1547.55
RET-001854,ORD-0026097,2023-02-27,Wrong Product,1,939.55
RET-001855,ORD-0026098,2022-12-12,Wrong Product,1,483.55
RET-001856,ORD-0026099,2024-03-28,Size Issue,1,1099.0
RET-001857,ORD-0026102,2024-10-11,Size Issue,1,1861.3
RET-001858,ORD-0026106,2023-04-19,Damaged Product,1,5864.15
RET-001859,ORD-0026171,2024-02-12,Wrong Product,2,8814.1
RET-001860,ORD-0026229,2023-03-05,Late Delivery,2,1168.2
RET-001861,ORD-0026232,2023-02-07,Size Issue,1,3409.0
RET-001862,ORD-0026233,2023-04-12,Quality Issue,1,2829.0
RET-001863,ORD-0026257,2024-03-22,Other,1,179.0
RET-001864,ORD-0026258,2023-08-31,Changed Mind,1,4255.2
RET-001865,ORD-0026271,2024-04-12,Wrong Product,1,699.0
RET-001866,ORD-0026315,2024-08-06,Size Issue,1,293.55
RET-001867,ORD-0026327,2023-11-27,Damaged Product,1,70.0
RET-001868,ORD-0026330,2023-05-09,Size Issue,1,3209.0
RET-001869,ORD-0026337,2023-06-21,Late Delivery,2,1298.0
RET-001870,ORD-0026378,2024-10-15,Wrong Product,1,2569.0
RET-001871,ORD-0026399,2024-03-08,Damaged Product,1,1671.05
RET-001872,ORD-0026402,2023-07-26,Size Issue,1,1099.0
RET-001873,ORD-0026430,2024-01-04,Damaged Product,1,237.15
RET-001874,ORD-0026439,2024-03-23,Late Delivery,1,764.1
RET-001875,ORD-0026450,2022-06-09,Size Issue,1,749.0
RET-001876,ORD-0026483,2024-09-25,Changed Mind,1,269.0
RET-001877,ORD-0026491,2022-07-21,Quality Issue,1,512.05
RET-001878,ORD-0026493,2024-12-06,Size Issue,1,1664.1
RET-001879,ORD-0026496,2024-01-11,Other,2,1218.0
RET-001880,ORD-0026506,2024-07-20,Other,4,97352.2
RET-001881,ORD-0026509,2022-06-12,Quality Issue,1,1019.0
RET-001882,ORD-0026514,2024-02-18,Damaged Product,2,4038.0
RET-001883,ORD-0026531,2024-07-27,Other,1,70.0
RET-001884,ORD-0026534,2024-12-24,Quality Issue,1,519.0
RET-001885,ORD-0026535,2023-10-25,Wrong Product,2,2824.2
RET-001886,ORD-0026555,2022-01-10,Changed Mind,4,58716.0
RET-001887,ORD-0026579,2023-06-17,Quality Issue,1,409.0
RET-001888,ORD-0026589,2023-06-26,Changed Mind,1,649.0
RET-001889,ORD-0026601,2023-11-30,Damaged Product,1,2649.0
RET-001890,ORD-0026603,2022-04-13,Quality Issue,1,2940.15
RET-001891,ORD-0026616,2022-10-08,Changed Mind,1,422.1
RET-001892,ORD-0026620,2023-12-14,Wrong Product,2,1438.0
RET-001893,ORD-0026632,2023-09-30,Damaged Product,1,649.0
RET-001894,ORD-0026639,2024-09-22,Damaged Product,2,60038.1
RET-001895,ORD-0026647,2024-12-16,Damaged Product,1,7299.0
RET-001896,ORD-0026656,2024-09-16,Damaged Product,1,1619.0
RET-001897,ORD-0026670,2024-10-24,Quality Issue,1,1349.1
RET-001898,ORD-0026688,2024-02-22,Size Issue,1,919.0
RET-001899,ORD-0026698,2024-11-08,Size Issue,1,439.2
RET-001900,ORD-0026730,2023-05-21,Wrong Product,1,2879.1
RET-001901,ORD-0026737,2022-12-26,Damaged Product,1,3129.0
RET-001902,ORD-0026739,2022-12-25,Wrong Product,2,1658.0
RET-001903,ORD-0026747,2023-02-18,Damaged Product,1,349.0
RET-001904,ORD-0026770,2024-08-08,Changed Mind,1,3485.55
RET-001905,ORD-0026781,2024-11-14,Size Issue,1,738.65
RET-001906,ORD-0026787,2023-12-08,Damaged Product,1,1529.1
RET-001907,ORD-0026807,2023-12-27,Damaged Product,1,620.1
RET-001908,ORD-0026809,2023-12-31,Damaged Product,1,711.55
RET-001909,ORD-0026822,2024-05-23,Damaged Product,1,426.55
RET-001910,ORD-0026828,2023-04-20,Changed Mind,1,949.0
RET-001911,ORD-0026842,2023-03-15,Size Issue,1,649.0
RET-001912,ORD-0026877,2024-06-12,Changed Mind,1,2459.55
RET-001913,ORD-0026897,2022-12-14,Quality Issue,2,2718.3
RET-001914,ORD-0026900,2023-04-27,Changed Mind,1,889.0
RET-001915,ORD-0026908,2023-09-17,Quality Issue,1,540.55
RET-001916,ORD-0026918,2022-01-22,Quality Issue,1,332.1
RET-001917,ORD-0026928,2022-04-02,Other,1,649.0
RET-001918,ORD-0026964,2024-10-02,Other,1,9099.0
RET-001919,ORD-0026968,2024-02-27,Changed Mind,2,1062.1
RET-001920,ORD-0027010,2024-09-08,Quality Issue,1,5989.0
RET-001921,ORD-0027033,2022-08-16,Wrong Product,3,766.65
RET-001922,ORD-0027069,2023-01-09,Late Delivery,1,1766.05
RET-001923,ORD-0027070,2023-07-18,Quality Issue,1,369.55
RET-001924,ORD-0027103,2023-12-01,Changed Mind,1,559.0
RET-001925,ORD-0027106,2024-02-13,Damaged Product,1,881.1
RET-001926,ORD-0027122,2024-05-02,Size Issue,2,7598.0
RET-001927,ORD-0027128,2023-03-01,Wrong Product,1,259.0
RET-001928,ORD-0027137,2023-03-07,Changed Mind,1,489.0
RET-001929,ORD-0027147,2024-04-07,Changed Mind,1,636.65
RET-001930,ORD-0027157,2023-05-29,Wrong Product,1,3019.0
RET-001931,ORD-0027163,2024-12-27,Damaged Product,1,873.05
RET-001932,ORD-0027165,2023-09-22,Damaged Product,1,7334.65
RET-001933,ORD-0027170,2023-05-07,Late Delivery,1,2510.1
RET-001934,ORD-0027180,2023-10-24,Quality Issue,1,2303.1
RET-001935,ORD-0027185,2024-04-11,Quality Issue,2,898.0
RET-001936,ORD-0027192,2022-12-02,Quality Issue,1,539.1
RET-001937,ORD-0027248,2024-01-23,Size Issue,3,1563.3
RET-001938,ORD-0027251,2022-11-09,Quality Issue,1,29559.0
RET-001939,ORD-0027256,2024-05-28,Changed Mind,1,369.0
RET-001940,ORD-0027260,2024-03-12,Changed Mind,1,4597.65
RET-001941,ORD-0027296,2024-04-23,Damaged Product,1,4058.1
RET-001942,ORD-0027301,2024-04-24,Size Issue,1,540.55
RET-001943,ORD-0027302,2024-11-05,Size Issue,1,569.0
RET-001944,ORD-0027329,2024-08-20,Damaged Product,3,9057.0
RET-001945,ORD-0027333,2023-07-06,Changed Mind,1,3519.0
RET-001946,ORD-0027338,2023-07-27,Quality Issue,1,539.0
RET-001947,ORD-0027346,2024-09-29,Size Issue,1,1809.65
RET-001948,ORD-0027371,2023-05-17,Wrong Product,1,1279.0
RET-001949,ORD-0027388,2022-11-24,Wrong Product,1,295.2
RET-001950,ORD-0027400,2023-11-10,Late Delivery,1,98.1
RET-001951,ORD-0027407,2022-10-01,Changed Mind,1,699.0
RET-001952,ORD-0027415,2023-11-11,Damaged Product,1,2727.65
RET-001953,ORD-0027419,2024-06-08,Size Issue,1,1259.0
RET-001954,ORD-0027428,2024-01-09,Other,2,144.0
RET-001955,ORD-0027483,2024-11-30,Size Issue,1,521.1
RET-001956,ORD-0027488,2023-01-24,Late Delivery,2,754.2
RET-001957,ORD-0027557,2023-05-28,Wrong Product,1,829.0
RET-001958,ORD-0027558,2023-11-03,Size Issue,1,1163.65
RET-001959,ORD-0027573,2022-10-18,Damaged Product,1,2234.25
RET-001960,ORD-0027599,2023-09-30,Changed Mind,1,259.0
RET-001961,ORD-0027621,2023-04-28,Size Issue,1,1559.0
RET-001962,ORD-0027632,2024-01-18,Size Issue,2,2176.2
RET-001963,ORD-0027644,2024-07-13,Changed Mind,1,579.0
RET-001964,ORD-0027646,2023-02-05,Other,1,1169.0
RET-001965,ORD-0027683,2024-04-17,Wrong Product,1,3969.0
RET-001966,ORD-0027688,2023-11-20,Changed Mind,1,6227.1
RET-001967,ORD-0027713,2024-03-26,Damaged Product,1,1199.0
RET-001968,ORD-0027748,2023-07-09,Damaged Product,1,2906.1
RET-001969,ORD-0027772,2024-10-16,Quality Issue,1,471.75
RET-001970,ORD-0027824,2024-07-12,Damaged Product,2,1290.3
RET-001971,ORD-0027832,2024-03-06,Quality Issue,1,429.0
RET-001972,ORD-0027847,2024-02-25,Size Issue,1,649.0
RET-001973,ORD-0027854,2022-06-14,Wrong Product,4,636.0
RET-001974,ORD-0027864,2023-07-17,Quality Issue,1,2939.0
RET-001975,ORD-0027871,2024-10-22,Wrong Product,1,1279.2
RET-001976,ORD-0027872,2023-01-26,Damaged Product,1,469.0
RET-001977,ORD-0027891,2024-06-28,Wrong Product,1,312.55
RET-001978,ORD-0027903,2022-09-22,Damaged Product,1,464.55
RET-001979,ORD-0027905,2023-10-16,Damaged Product,2,5502.4
RET-001980,ORD-0027919,2023-11-29,Damaged Product,3,10120.95
RET-001981,ORD-0027926,2023-06-20,Wrong Product,1,459.0
RET-001982,ORD-0027957,2023-04-05,Changed Mind,1,635.55
RET-001983,ORD-0027958,2023-12-16,Quality Issue,1,436.05
RET-001984,ORD-0028040,2024-11-14,Late Delivery,1,186.75
RET-001985,ORD-0028063,2024-05-25,Changed Mind,1,1457.1
RET-001986,ORD-0028143,2024-02-06,Size Issue,1,1349.1
RET-001987,ORD-0028205,2024-05-30,Wrong Product,1,2060.1
RET-001988,ORD-0028224,2024-02-28,Size Issue,1,499.0
RET-001989,ORD-0028235,2023-10-22,Changed Mind,1,356.15
RET-001990,ORD-0028254,2024-05-23,Damaged Product,1,1299.0
RET-001991,ORD-0028256,2024-05-06,Quality Issue,1,1110.55
RET-001992,ORD-0028258,2022-06-23,Wrong Product,1,584.1
RET-001993,ORD-0028260,2023-10-28,Wrong Product,2,119.0
RET-001994,ORD-0028264,2024-08-13,Quality Issue,1,160.55
RET-001995,ORD-0028274,2024-06-08,Late Delivery,4,600.0
RET-001996,ORD-0028289,2024-01-17,Late Delivery,1,969.0
RET-001997,ORD-0028300,2024-07-29,Wrong Product,2,1498.0
RET-001998,ORD-0028304,2024-03-02,Wrong Product,1,6479.0
RET-001999,ORD-0028310,2024-12-20,Changed Mind,1,4002.65
RET-002000,ORD-0028318,2024-10-20,Damaged Product,2,35664.3
RET-002001,ORD-0028328,2024-05-14,Damaged Product,1,142.5
RET-002002,ORD-0028340,2023-01-25,Wrong Product,1,911.05
RET-002003,ORD-0028343,2023-10-18,Quality Issue,1,519.2
RET-002004,ORD-0028344,2023-08-30,Damaged Product,1,645.05
RET-002005,ORD-0028358,2023-01-25,Changed Mind,1,331.55
RET-002006,ORD-0028374,2024-03-29,Wrong Product,1,399.0
RET-002007,ORD-0028407,2024-03-08,Size Issue,1,3659.0
RET-002008,ORD-0028420,2022-06-11,Changed Mind,2,2536.2
RET-002009,ORD-0028421,2023-04-14,Quality Issue,1,1785.05
RET-002010,ORD-0028444,2024-05-06,Size Issue,1,3079.0
RET-002011,ORD-0028458,2022-11-05,Damaged Product,1,847.2
RET-002012,ORD-0028466,2022-01-26,Wrong Product,1,709.0
RET-002013,ORD-0028479,2022-07-17,Damaged Product,1,4175.1
RET-002014,ORD-0028489,2024-06-26,Damaged Product,1,2829.0
RET-002015,ORD-0028521,2023-11-30,Damaged Product,1,87.2
RET-002016,ORD-0028536,2024-04-26,Size Issue,1,1671.05
RET-002017,ORD-0028556,2022-07-24,Changed Mind,1,543.2
RET-002018,ORD-0028565,2023-12-01,Damaged Product,1,441.15
RET-002019,ORD-0028569,2024-04-10,Late Delivery,1,2276.1
RET-002020,ORD-0028723,2024-04-17,Quality Issue,1,1499.0
RET-002021,ORD-0028727,2022-04-24,Wrong Product,1,534.65
RET-002022,ORD-0028744,2024-01-15,Quality Issue,1,4009.0
RET-002023,ORD-0028768,2023-05-08,Size Issue,1,509.0
RET-002024,ORD-0028773,2023-05-08,Damaged Product,1,829.0
RET-002025,ORD-0028782,2022-11-19,Wrong Product,2,1205.3
RET-002026,ORD-0028796,2024-11-19,Quality Issue,1,839.0
RET-002027,ORD-0028810,2024-11-17,Quality Issue,3,2630.25
RET-002028,ORD-0028832,2023-10-15,Size Issue,1,959.0
RET-002029,ORD-0028845,2023-01-26,Quality Issue,1,575.1
RET-002030,ORD-0028854,2023-07-26,Damaged Product,1,3339.0
RET-002031,ORD-0028893,2024-05-29,Size Issue,1,616.55
RET-002032,ORD-0028894,2023-07-04,Size Issue,1,219.0
RET-002033,ORD-0028911,2024-06-30,Size Issue,1,854.1
RET-002034,ORD-0028915,2024-08-13,Damaged Product,2,1114.2
RET-002035,ORD-0028919,2024-10-22,Changed Mind,1,1259.1
RET-002036,ORD-0028927,2024-04-04,Wrong Product,1,483.55
RET-002037,ORD-0028947,2023-12-23,Damaged Product,1,711.55
RET-002038,ORD-0028959,2022-11-05,Late Delivery,2,5092.2
RET-002039,ORD-0028960,2024-05-18,Quality Issue,2,492.1
RET-002040,ORD-0028963,2024-10-18,Wrong Product,1,359.1
RET-002041,ORD-0028976,2024-10-01,Wrong Product,2,3398.0
RET-002042,ORD-0028987,2024-02-23,Damaged Product,1,150.0
RET-002043,ORD-0029018,2024-04-04,Damaged Product,1,3424.65
RET-002044,ORD-0029039,2024-11-11,Size Issue,2,1052.3
RET-002045,ORD-0029059,2023-07-28,Damaged Product,1,94.05
RET-002046,ORD-0029060,2024-03-06,Changed Mind,1,559.0
RET-002047,ORD-0029085,2024-06-09,Changed Mind,2,8301.1
RET-002048,ORD-0029095,2022-04-20,Wrong Product,2,5047.3
RET-002049,ORD-0029105,2023-03-04,Quality Issue,1,1580.15
RET-002050,ORD-0029116,2024-08-19,Damaged Product,1,390.15
RET-002051,ORD-0029117,2024-05-06,Quality Issue,1,399.0
RET-002052,ORD-0029118,2023-10-12,Changed Mind,2,3634.2
RET-002053,ORD-0029143,2023-07-13,Quality Issue,1,879.0
RET-002054,ORD-0029152,2023-02-24,Damaged Product,1,1419.0
RET-002055,ORD-0029185,2023-08-20,Damaged Product,1,3599.1
RET-002056,ORD-0029219,2024-02-24,Wrong Product,1,3359.0
RET-002057,ORD-0029235,2022-06-03,Changed Mind,2,6604.2
RET-002058,ORD-0029248,2022-06-15,Size Issue,1,1481.05
RET-002059,ORD-0029249,2024-04-16,Other,1,509.0
RET-002060,ORD-0029254,2023-03-15,Size Issue,1,540.55
RET-002061,ORD-0029258,2023-10-17,Wrong Product,1,263.2
RET-002062,ORD-0029288,2023-10-31,Damaged Product,1,645.15
RET-002063,ORD-0029292,2024-02-15,Damaged Product,1,2089.0
RET-002064,ORD-0029296,2024-04-07,Changed Mind,4,5962.2
RET-002065,ORD-0029301,2024-06-10,Wrong Product,1,17779.0
RET-002066,ORD-0029325,2023-03-14,Wrong Product,1,919.0
RET-002067,ORD-0029345,2024-10-05,Size Issue,1,674.1
RET-002068,ORD-0029354,2023-04-17,Quality Issue,1,160.55
RET-002069,ORD-0029386,2023-03-17,Quality Issue,1,1079.0
RET-002070,ORD-0029388,2024-12-02,Quality Issue,2,4552.2
RET-002071,ORD-0029424,2024-10-31,Size Issue,1,1610.1
RET-002072,ORD-0029452,2023-06-11,Late Delivery,1,540.55
RET-002073,ORD-0029455,2023-11-29,Damaged Product,1,2309.25
RET-002074,ORD-0029470,2024-11-05,Wrong Product,1,8189.1
RET-002075,ORD-0029490,2023-10-05,Other,1,3572.1
RET-002076,ORD-0029511,2023-10-14,Late Delivery,1,377.1
RET-002077,ORD-0029513,2022-10-21,Other,1,17933.3
RET-002078,ORD-0029550,2024-11-15,Changed Mind,1,390.15
RET-002079,ORD-0029569,2023-06-12,Other,1,436.05
RET-002080,ORD-0029582,2023-08-05,Wrong Product,3,1080.15
RET-002081,ORD-0029593,2022-06-16,Wrong Product,2,9098.0
RET-002082,ORD-0029613,2023-10-12,Damaged Product,1,889.0
RET-002083,ORD-0029615,2024-09-16,Wrong Product,1,4509.0
RET-002084,ORD-0029632,2022-11-02,Late Delivery,2,238.0
RET-002085,ORD-0029636,2023-08-13,Changed Mind,1,6429.0
RET-002086,ORD-0029646,2024-05-19,Quality Issue,1,2059.0
RET-002087,ORD-0029656,2024-09-21,Other,1,519.0
RET-002088,ORD-0029660,2024-12-09,Size Issue,1,1842.05
RET-002089,ORD-0029681,2022-11-02,Damaged Product,2,1470.4
RET-002090,ORD-0029688,2022-06-19,Damaged Product,1,279.0
RET-002091,ORD-0029710,2024-04-17,Damaged Product,1,4469.0
RET-002092,ORD-0029742,2023-06-23,Wrong Product,2,4672.1
RET-002093,ORD-0029752,2023-03-09,Size Issue,2,3818.0
RET-002094,ORD-0029765,2024-12-26,Damaged Product,1,3095.1
RET-002095,ORD-0029772,2024-04-19,Wrong Product,1,829.0
RET-002096,ORD-0029816,2024-03-02,Quality Issue,1,789.0
RET-002097,ORD-0029818,2024-11-13,Changed Mind,1,191.2
RET-002098,ORD-0029838,2023-10-10,Quality Issue,1,1439.0
RET-002099,ORD-0029839,2024-02-26,Quality Issue,1,309.0
RET-002100,ORD-0029858,2024-07-13,Size Issue,4,4316.4
RET-002101,ORD-0029877,2024-06-08,Size Issue,1,3519.0
RET-002102,ORD-0029887,2022-07-07,Size Issue,1,499.0
RET-002103,ORD-0029922,2022-10-18,Size Issue,2,4282.2
RET-002104,ORD-0029947,2022-06-04,Size Issue,2,2038.0
RET-002105,ORD-0029949,2023-02-23,Wrong Product,1,3286.05
RET-002106,ORD-0029957,2024-12-05,Size Issue,1,458.15
RET-002107,ORD-0029964,2024-05-24,Quality Issue,1,869.0
RET-002108,ORD-0029968,2023-07-20,Wrong Product,1,1519.0
RET-002109,ORD-0029976,2023-07-04,Wrong Product,1,649.0
RET-002110,ORD-0029994,2023-01-20,Wrong Product,4,6436.0
RET-002111,ORD-0029996,2024-11-15,Changed Mind,1,254.15
RET-002112,ORD-0029998,2023-10-13,Size Issue,1,458.15
RET-002113,ORD-0030029,2024-02-16,Quality Issue,1,3533.05
RET-002114,ORD-0030032,2023-04-23,Wrong Product,1,424.15
RET-002115,ORD-0030033,2022-02-19,Quality Issue,5,312450.25
RET-002116,ORD-0030056,2024-05-21,Late Delivery,1,2099.0
RET-002117,ORD-0030057,2022-01-09,Late Delivery,1,467.1
RET-002118,ORD-0030068,2023-05-20,Wrong Product,2,2753.1
RET-002119,ORD-0030070,2024-03-25,Damaged Product,1,228.65
RET-002120,ORD-0030094,2024-04-26,Size Issue,1,1279.0
RET-002121,ORD-0030124,2024-02-03,Quality Issue,1,1946.55
RET-002122,ORD-0030138,2023-01-30,Size Issue,1,3589.0
RET-002123,ORD-0030163,2024-02-09,Quality Issue,1,1110.55
RET-002124,ORD-0030167,2023-09-23,Changed Mind,1,169.0
RET-002125,ORD-0030174,2024-03-10,Damaged Product,1,1949.0
RET-002126,ORD-0030205,2022-08-22,Wrong Product,1,769.0
RET-002127,ORD-0030224,2024-09-20,Late Delivery,1,679.0
RET-002128,ORD-0030225,2023-05-31,Wrong Product,1,399.0
RET-002129,ORD-0030238,2024-09-22,Damaged Product,1,4036.55
RET-002130,ORD-0030243,2024-08-07,Damaged Product,1,3608.1
RET-002131,ORD-0030252,2023-05-30,Damaged Product,2,492.1
RET-002132,ORD-0030273,2024-02-07,Size Issue,2,1276.2
RET-002133,ORD-0030283,2024-05-11,Late Delivery,2,8498.0
RET-002134,ORD-0030290,2023-11-13,Other,1,1656.75
RET-002135,ORD-0030301,2022-11-15,Quality Issue,1,483.65
RET-002136,ORD-0030302,2024-12-22,Size Issue,1,3079.0
RET-002137,ORD-0030310,2023-12-02,Damaged Product,2,3372.6
RET-002138,ORD-0030314,2024-11-28,Quality Issue,1,314.3
RET-002139,ORD-0030320,2023-10-29,Quality Issue,1,669.0
RET-002140,ORD-0030338,2023-12-12,Size Issue,3,8376.15
RET-002141,ORD-0030377,2022-01-26,Damaged Product,1,332.1
RET-002142,ORD-0030381,2023-01-31,Size Issue,1,649.0
RET-002143,ORD-0030382,2024-03-31,Late Delivery,1,1215.05
RET-002144,ORD-0030392,2023-04-07,Wrong Product,2,780.3
RET-002145,ORD-0030455,2024-06-05,Damaged Product,1,429.0
RET-002146,ORD-0030476,2024-04-23,Changed Mind,1,1249.0
RET-002147,ORD-0030477,2022-12-02,Changed Mind,1,926.1
RET-002148,ORD-0030488,2024-04-03,Damaged Product,1,849.0
RET-002149,ORD-0030505,2024-06-25,Size Issue,1,749.0
RET-002150,ORD-0030527,2022-08-01,Changed Mind,2,1636.2
RET-002151,ORD-0030560,2023-10-25,Quality Issue,1,228.65
RET-002152,ORD-0030564,2023-08-16,Damaged Product,1,284.05
RET-002153,ORD-0030584,2023-10-18,Size Issue,1,3699.0
RET-002154,ORD-0030586,2024-07-15,Size Issue,1,569.0
RET-002155,ORD-0030597,2024-03-31,Size Issue,1,863.2
RET-002156,ORD-0030602,2023-03-24,Damaged Product,1,3969.0
RET-002157,ORD-0030605,2022-09-28,Late Delivery,1,1349.0
RET-002158,ORD-0030614,2024-06-05,Quality Issue,1,509.0
RET-002159,ORD-0030621,2023-11-23,Wrong Product,2,830.4
RET-002160,ORD-0030651,2023-09-19,Size Issue,1,239.0
RET-002161,ORD-0030664,2023-05-28,Other,1,312.55
RET-002162,ORD-0030689,2024-11-30,Damaged Product,1,203.15
RET-002163,ORD-0030697,2024-06-18,Changed Mind,1,1869.0
RET-002164,ORD-0030707,2022-09-10,Size Issue,2,1477.3
RET-002165,ORD-0030725,2024-12-10,Size Issue,1,539.0
RET-002166,ORD-0030738,2024-06-01,Wrong Product,1,359.0
RET-002167,ORD-0030748,2024-05-23,Wrong Product,1,3302.1
RET-002168,ORD-0030749,2023-07-23,Size Issue,1,616.55
RET-002169,ORD-0030750,2024-06-10,Size Issue,1,569.0
RET-002170,ORD-0030781,2023-09-10,Wrong Product,2,7180.1
RET-002171,ORD-0030806,2024-12-03,Late Delivery,1,1539.0
RET-002172,ORD-0030816,2024-07-30,Damaged Product,1,142.5
RET-002173,ORD-0030820,2023-10-08,Quality Issue,1,458.15
RET-002174,ORD-0030840,2023-05-05,Size Issue,1,5855.65
RET-002175,ORD-0030842,2024-01-22,Size Issue,1,3428.1
RET-002176,ORD-0030847,2023-12-22,Damaged Product,1,649.0
RET-002177,ORD-0030854,2023-10-04,Quality Issue,1,2055.2
RET-002178,ORD-0030863,2023-11-02,Wrong Product,1,390.15
RET-002179,ORD-0030901,2023-08-21,Damaged Product,1,1039.0
RET-002180,ORD-0030923,2023-04-26,Size Issue,1,2529.0
RET-002181,ORD-0030929,2024-12-12,Damaged Product,1,998.1
RET-002182,ORD-0030936,2023-03-24,Quality Issue,1,179.0
RET-002183,ORD-0030950,2024-09-25,Wrong Product,1,639.0
RET-002184,ORD-0030975,2023-09-08,Other,1,142.5
RET-002185,ORD-0030976,2024-10-10,Damaged Product,1,917.15
RET-002186,ORD-0030987,2023-12-30,Wrong Product,1,2645.1
RET-002187,ORD-0031000,2024-08-09,Size Issue,1,2129.0
RET-002188,ORD-0031001,2024-03-22,Damaged Product,1,4008.05
RET-002189,ORD-0031013,2023-01-15,Quality Issue,1,1949.0
RET-002190,ORD-0031030,2023-01-06,Quality Issue,1,467.1
RET-002191,ORD-0031048,2023-08-19,Quality Issue,1,1133.1
RET-002192,ORD-0031058,2024-07-15,Damaged Product,1,350.55
RET-002193,ORD-0031063,2024-01-18,Damaged Product,1,459.0
RET-002194,ORD-0031082,2024-10-17,Wrong Product,1,2999.25
RET-002195,ORD-0031097,2024-01-07,Quality Issue,1,1009.0
RET-002196,ORD-0031106,2024-05-05,Other,2,984.3
RET-002197,ORD-0031124,2024-11-26,Size Issue,1,611.1
RET-002198,ORD-0031131,2022-03-10,Quality Issue,1,2459.0
RET-002199,ORD-0031133,2023-01-06,Other,1,1299.0
RET-002200,ORD-0031165,2023-10-03,Size Issue,1,1849.0
RET-002201,ORD-0031180,2022-05-12,Changed Mind,1,309.0
RET-002202,ORD-0031210,2023-11-09,Quality Issue,1,407.2
RET-002203,ORD-0031233,2024-11-10,Wrong Product,1,431.2
RET-002204,ORD-0031243,2024-04-02,Late Delivery,1,540.55
RET-002205,ORD-0031291,2024-09-28,Late Delivery,2,558.0
RET-002206,ORD-0031294,2024-04-10,Damaged Product,1,521.55
RET-002207,ORD-0031297,2024-05-13,Late Delivery,1,849.0
RET-002208,ORD-0031303,2023-03-16,Other,1,1736.1
RET-002209,ORD-0031318,2022-03-01,Size Issue,1,2129.0
RET-002210,ORD-0031328,2024-03-19,Damaged Product,1,782.1
RET-002211,ORD-0031330,2024-01-29,Changed Mind,1,2019.0
RET-002212,ORD-0031341,2023-08-30,Damaged Product,1,459.0
RET-002213,ORD-0031358,2024-07-27,Size Issue,1,493.05
RET-002214,ORD-0031367,2023-12-23,Damaged Product,1,2939.0
RET-002215,ORD-0031373,2023-07-31,Quality Issue,1,2789.1
RET-002216,ORD-0031377,2024-04-16,Wrong Product,3,1347.0
RET-002217,ORD-0031391,2024-10-18,Damaged Product,1,6919.0
RET-002218,ORD-0031417,2023-08-29,Size Issue,1,369.0
RET-002219,ORD-0031437,2023-04-24,Wrong Product,1,512.1
RET-002220,ORD-0031459,2022-12-05,Size Issue,1,1756.55
RET-002221,ORD-0031468,2024-07-14,Damaged Product,1,5919.0
RET-002222,ORD-0031470,2023-01-23,Changed Mind,1,160.55
RET-002223,ORD-0031479,2022-06-05,Wrong Product,1,1079.0
RET-002224,ORD-0031533,2023-08-24,Wrong Product,2,198.0
RET-002225,ORD-0031544,2024-06-27,Wrong Product,1,203.15
RET-002226,ORD-0031566,2023-10-05,Changed Mind,1,738.65
RET-002227,ORD-0031635,2024-07-28,Quality Issue,2,1138.0
RET-002228,ORD-0031644,2024-07-30,Changed Mind,3,11907.0
RET-002229,ORD-0031687,2024-08-21,Damaged Product,1,559.0
RET-002230,ORD-0031692,2023-11-11,Quality Issue,1,3923.1
RET-002231,ORD-0031711,2023-12-05,Wrong Product,2,10638.0
RET-002232,ORD-0031733,2024-02-03,Changed Mind,1,1599.0
RET-002233,ORD-0031754,2024-08-05,Quality Issue,2,1103.3
RET-002234,ORD-0031768,2024-06-25,Quality Issue,1,550.05
RET-002235,ORD-0031785,2023-08-13,Damaged Product,1,4349.0
RET-002236,ORD-0031807,2023-12-24,Changed Mind,1,3167.1
RET-002237,ORD-0031813,2024-02-19,Late Delivery,1,602.65
RET-002238,ORD-0031830,2024-06-30,Changed Mind,1,350.55
RET-002239,ORD-0031834,2024-11-01,Wrong Product,1,3439.0
RET-002240,ORD-0031850,2023-12-07,Size Issue,1,1859.0
RET-002241,ORD-0031851,2024-03-06,Wrong Product,1,599.0
RET-002242,ORD-0031872,2023-04-12,Wrong Product,1,1519.05
RET-002243,ORD-0031904,2024-11-21,Other,1,239.2
RET-002244,ORD-0031962,2025-01-02,Changed Mind,1,1249.0
RET-002245,ORD-0031968,2023-11-19,Size Issue,1,818.1
RET-002246,ORD-0031978,2023-12-20,Changed Mind,1,415.65
RET-002247,ORD-0031979,2024-01-31,Size Issue,1,4659.0
RET-002248,ORD-0032003,2023-11-02,Damaged Product,1,398.3
RET-002249,ORD-0032030,2024-11-08,Wrong Product,1,4895.2
RET-002250,ORD-0032046,2024-02-19,Quality Issue,1,1139.0
RET-002251,ORD-0032089,2023-10-12,Quality Issue,1,7487.65
RET-002252,ORD-0032105,2023-12-08,Quality Issue,4,24476.0
RET-002253,ORD-0032110,2024-01-25,Wrong Product,1,692.1
RET-002254,ORD-0032120,2024-10-28,Damaged Product,1,829.0
RET-002255,ORD-0032140,2023-01-24,Changed Mind,2,2038.0
RET-002256,ORD-0032178,2024-08-03,Damaged Product,1,2744.1
RET-002257,ORD-0032203,2024-12-31,Wrong Product,1,709.0
RET-002258,ORD-0032214,2023-08-12,Other,1,602.1
RET-002259,ORD-0032226,2024-02-15,Quality Issue,1,2569.0
RET-002260,ORD-0032228,2024-02-02,Quality Issue,1,1148.55
RET-002261,ORD-0032231,2022-12-04,Quality Issue,1,1889.0
RET-002262,ORD-0032247,2024-02-04,Quality Issue,1,360.05
RET-002263,ORD-0032261,2024-12-27,Changed Mind,2,2558.0
RET-002264,ORD-0032303,2024-11-09,Wrong Product,1,974.25
RET-002265,ORD-0032312,2024-02-18,Size Issue,1,1909.0
RET-002266,ORD-0032316,2024-03-18,Wrong Product,4,2596.0
RET-002267,ORD-0032325,2023-05-20,Size Issue,1,1599.0
RET-002268,ORD-0032362,2024-04-16,Quality Issue,1,1466.1
RET-002269,ORD-0032363,2024-06-06,Size Issue,1,1232.1
RET-002270,ORD-0032379,2024-01-18,Quality Issue,1,5859.0
RET-002271,ORD-0032387,2023-11-19,Wrong Product,1,359.25
RET-002272,ORD-0032388,2023-06-22,Damaged Product,1,629.0
RET-002273,ORD-0032404,2024-11-13,Size Issue,1,1019.0
RET-002274,ORD-0032407,2023-10-15,Size Issue,1,1240.15
RET-002275,ORD-0032419,2024-04-18,Late Delivery,1,449.1
RET-002276,ORD-0032436,2022-11-21,Quality Issue,1,1610.1
RET-002277,ORD-0032443,2024-06-11,Quality Issue,1,1325.15
RET-002278,ORD-0032458,2023-08-07,Size Issue,1,711.55
RET-002279,ORD-0032476,2022-08-15,Size Issue,1,1124.1
RET-002280,ORD-0032499,2024-04-05,Changed Mind,1,1349.1
RET-002281,ORD-0032504,2022-10-10,Damaged Product,1,1439.0
RET-002282,ORD-0032553,2023-02-27,Changed Mind,1,559.0
RET-002283,ORD-0032596,2022-08-06,Size Issue,1,1019.0
RET-002284,ORD-0032609,2023-10-05,Late Delivery,1,550.05
RET-002285,ORD-0032643,2024-06-20,Size Issue,1,1409.0
RET-002286,ORD-0032645,2024-10-08,Quality Issue,1,203.15
RET-002287,ORD-0032652,2023-04-23,Damaged Product,1,2744.1
RET-002288,ORD-0032658,2024-08-27,Late Delivery,1,4094.1
RET-002289,ORD-0032676,2024-04-10,Changed Mind,1,80.0
RET-002290,ORD-0032682,2024-06-18,Damaged Product,1,28290.05
RET-002291,ORD-0032686,2022-09-05,Size Issue,1,1300.55
RET-002292,ORD-0032689,2023-12-06,Size Issue,1,4959.0
RET-002293,ORD-0032723,2022-09-11,Changed Mind,1,6479.0
RET-002294,ORD-0032733,2023-06-07,Damaged Product,2,198.0
RET-002295,ORD-0032740,2023-12-03,Size Issue,1,1877.65
RET-002296,ORD-0032741,2022-11-11,Quality Issue,2,844.2
RET-002297,ORD-0032747,2024-05-20,Other,1,539.0
RET-002298,ORD-0032749,2023-07-26,Quality Issue,1,279.65
RET-002299,ORD-0032750,2024-01-19,Late Delivery,1,2559.0
RET-002300,ORD-0032755,2023-12-01,Quality Issue,1,535.2
RET-002301,ORD-0032758,2022-07-11,Quality Issue,3,5754.15
RET-002302,ORD-0032770,2024-05-04,Quality Issue,1,926.1
RET-002303,ORD-0032771,2022-06-11,Size Issue,1,1499.0
RET-002304,ORD-0032772,2024-01-03,Size Issue,1,639.0
RET-002305,ORD-0032773,2022-12-06,Size Issue,1,493.05
RET-002306,ORD-0032846,2023-01-10,Damaged Product,1,759.0
RET-002307,ORD-0032853,2023-10-29,Size Issue,1,1333.65
RET-002308,ORD-0032897,2024-11-04,Damaged Product,1,5337.15
RET-002309,ORD-0032938,2022-06-04,Changed Mind,1,493.05
RET-002310,ORD-0032958,2023-01-16,Damaged Product,1,312.55
RET-002311,ORD-0032971,2023-09-01,Damaged Product,1,169.0
RET-002312,ORD-0033002,2024-12-29,Damaged Product,1,567.2
RET-002313,ORD-0033006,2024-07-22,Damaged Product,1,854.05
RET-002314,ORD-0033018,2024-05-19,Damaged Product,1,377.1
RET-002315,ORD-0033024,2024-12-14,Damaged Product,1,616.55
RET-002316,ORD-0033026,2024-02-15,Late Delivery,1,1583.1
RET-002317,ORD-0033032,2022-11-28,Late Delivery,1,1169.0
RET-002318,ORD-0033035,2024-07-27,Damaged Product,1,987.05
RET-002319,ORD-0033041,2022-06-09,Wrong Product,1,1299.0
RET-002320,ORD-0033051,2024-08-03,Wrong Product,1,1419.0
RET-002321,ORD-0033067,2024-08-24,Damaged Product,1,99.0
RET-002322,ORD-0033080,2022-08-14,Quality Issue,1,1299.0
RET-002323,ORD-0033105,2022-12-02,Damaged Product,1,1691.1
RET-002324,ORD-0033111,2024-01-18,Quality Issue,1,3302.1
RET-002325,ORD-0033127,2024-02-13,Size Issue,1,599.2
RET-002326,ORD-0033152,2023-07-27,Size Issue,1,1262.55
RET-002327,ORD-0033169,2022-04-26,Quality Issue,1,509.15
RET-002328,ORD-0033177,2022-05-23,Damaged Product,1,80.0
RET-002329,ORD-0033185,2024-11-25,Size Issue,1,1274.15
RET-002330,ORD-0033235,2024-05-17,Wrong Product,1,3049.0
RET-002331,ORD-0033240,2024-01-14,Changed Mind,3,3075.15
RET-002332,ORD-0033250,2023-12-19,Quality Issue,1,2935.2
RET-002333,ORD-0033315,2024-05-20,Wrong Product,1,3129.0
RET-002334,ORD-0033320,2022-05-30,Damaged Product,1,9993.05
RET-002335,ORD-0033355,2024-03-15,Wrong Product,2,492.1
RET-002336,ORD-0033367,2024-05-18,Late Delivery,1,2906.15
RET-002337,ORD-0033409,2023-06-12,Late Delivery,1,255.55
RET-002338,ORD-0033426,2022-10-20,Size Issue,2,9918.0
RET-002339,ORD-0033441,2022-05-21,Wrong Product,1,1909.0
RET-002340,ORD-0033469,2022-08-19,Quality Issue,4,636.0
RET-002341,ORD-0033474,2023-02-06,Size Issue,2,1838.0
RET-002342,ORD-0033481,2023-11-14,Late Delivery,1,2510.1
RET-002343,ORD-0033488,2024-03-07,Wrong Product,4,3356.0
RET-002344,ORD-0033536,2022-07-26,Wrong Product,1,349.0
RET-002345,ORD-0033568,2023-04-23,Size Issue,1,483.55
RET-002346,ORD-0033574,2024-07-07,Damaged Product,1,599.0
RET-002347,ORD-0033577,2024-11-26,Late Delivery,2,484.2
RET-002348,ORD-0033612,2024-10-27,Quality Issue,1,68.0
RET-002349,ORD-0033617,2023-06-25,Damaged Product,1,30019.05
RET-002350,ORD-0033620,2022-11-22,Damaged Product,1,704.65
RET-002351,ORD-0033626,2022-10-30,Changed Mind,1,459.0
RET-002352,ORD-0033660,2023-03-06,Quality Issue,1,399.0
RET-002353,ORD-0033670,2024-06-12,Damaged Product,1,379.0
RET-002354,ORD-0033681,2024-08-02,Changed Mind,1,1169.0
RET-002355,ORD-0033685,2024-05-31,Wrong Product,3,427.5
RET-002356,ORD-0033687,2023-02-04,Size Issue,1,1110.55
RET-002357,ORD-0033691,2024-04-19,Damaged Product,2,638.0
RET-002358,ORD-0033693,2023-01-02,Damaged Product,1,3719.0
RET-002359,ORD-0033704,2023-12-21,Damaged Product,1,749.55
RET-002360,ORD-0033755,2024-12-06,Quality Issue,1,2259.0
RET-002361,ORD-0033759,2022-05-15,Late Delivery,1,3671.1
RET-002362,ORD-0033811,2023-10-28,Quality Issue,1,1525.3
RET-002363,ORD-0033816,2024-01-21,Quality Issue,2,1138.0
RET-002364,ORD-0033834,2023-04-19,Damaged Product,1,649.0
RET-002365,ORD-0033855,2023-01-30,Damaged Product,1,466.65
RET-002366,ORD-0033862,2024-11-16,Changed Mind,1,471.2
RET-002367,ORD-0033881,2024-11-13,Damaged Product,1,296.1
RET-002368,ORD-0033888,2024-09-10,Damaged Product,1,255.55
RET-002369,ORD-0033891,2024-11-22,Late Delivery,2,4210.2
RET-002370,ORD-0033915,2024-09-06,Size Issue,1,2141.1
RET-002371,ORD-0033925,2024-05-31,Late Delivery,1,1316.65
RET-002372,ORD-0033947,2023-10-18,Size Issue,1,2789.1
RET-002373,ORD-0033961,2024-07-09,Late Delivery,1,649.0
RET-002374,ORD-0033997,2023-10-29,Damaged Product,1,629.1
RET-002375,ORD-0034013,2023-04-25,Late Delivery,1,629.0
RET-002376,ORD-0034016,2024-08-12,Other,2,1338.0
RET-002377,ORD-0034028,2024-04-28,Size Issue,1,1079.0
RET-002378,ORD-0034033,2023-03-25,Size Issue,1,1490.55
RET-002379,ORD-0034055,2024-09-27,Changed Mind,1,673.55
RET-002380,ORD-0034069,2024-05-07,Quality Issue,1,413.1
RET-002381,ORD-0034075,2024-01-17,Late Delivery,1,459.0
RET-002382,ORD-0034079,2024-01-16,Damaged Product,1,509.15
RET-002383,ORD-0034100,2023-10-30,Damaged Product,1,60.0
RET-002384,ORD-0034116,2022-06-10,Size Issue,1,3409.0
RET-002385,ORD-0034118,2024-06-02,Changed Mind,1,259.0
RET-002386,ORD-0034135,2024-11-08,Size Issue,1,611.1
RET-002387,ORD-0034144,2024-10-22,Size Issue,1,2459.0
RET-002388,ORD-0034190,2023-11-07,Other,2,5344.2
RET-002389,ORD-0034204,2023-07-04,Changed Mind,1,3519.0
RET-002390,ORD-0034219,2024-09-24,Size Issue,2,1727.1
RET-002391,ORD-0034235,2024-05-01,Quality Issue,1,1386.05
RET-002392,ORD-0034240,2024-06-17,Size Issue,1,699.0
RET-002393,ORD-0034252,2024-05-27,Damaged Product,3,3237.0
RET-002394,ORD-0034259,2024-01-01,Changed Mind,1,1006.05
RET-002395,ORD-0034272,2022-12-11,Late Delivery,1,22239.0
RET-002396,ORD-0034281,2022-12-25,Wrong Product,1,142.5
RET-002397,ORD-0034293,2023-05-03,Changed Mind,1,8629.0
RET-002398,ORD-0034297,2024-03-23,Size Issue,4,6076.2
RET-002399,ORD-0034310,2024-09-06,Quality Issue,3,2007.0
RET-002400,ORD-0034317,2022-08-12,Size Issue,1,1571.65
RET-002401,ORD-0034319,2024-04-15,Size Issue,1,2179.0
RET-002402,ORD-0034323,2023-06-09,Damaged Product,1,2136.55
RET-002403,ORD-0034328,2024-05-16,Quality Issue,1,584.1
RET-002404,ORD-0034331,2022-11-10,Quality Issue,1,422.1
RET-002405,ORD-0034333,2024-06-21,Quality Issue,1,1599.0
RET-002406,ORD-0034368,2022-11-12,Size Issue,1,906.75
RET-002407,ORD-0034386,2023-09-05,Changed Mind,1,1286.1
RET-002408,ORD-0034412,2024-03-16,Other,1,404.1
RET-002409,ORD-0034416,2023-03-10,Changed Mind,1,1061.1
RET-002410,ORD-0034462,2024-08-29,Damaged Product,1,1039.0
RET-002411,ORD-0034474,2022-05-12,Size Issue,2,1103.3
RET-002412,ORD-0034479,2022-10-28,Damaged Product,1,14330.15
RET-002413,ORD-0034507,2024-03-26,Changed Mind,1,920.55
RET-002414,ORD-0034511,2024-04-17,Wrong Product,1,1399.0
RET-002415,ORD-0034517,2024-08-03,Size Issue,1,2303.1
RET-002416,ORD-0034529,2024-02-06,Changed Mind,1,2792.05
RET-002417,ORD-0034533,2024-05-24,Late Delivery,2,9798.0
RET-002418,ORD-0034534,2024-03-14,Other,1,619.0
RET-002419,ORD-0034541,2024-07-08,Quality Issue,1,531.05
RET-002420,ORD-0034548,2022-12-14,Quality Issue,1,399.0
RET-002421,ORD-0034555,2022-04-05,Late Delivery,1,1148.55
RET-002422,ORD-0034564,2023-08-05,Quality Issue,2,598.0
RET-002423,ORD-0034569,2023-04-25,Size Issue,2,1470.4
RET-002424,ORD-0034595,2023-10-01,Other,2,4918.0
RET-002425,ORD-0034614,2023-10-18,Damaged Product,2,403.5
RET-002426,ORD-0034626,2023-04-29,Quality Issue,1,255.55
RET-002427,ORD-0034628,2024-04-11,Late Delivery,1,1785.05
RET-002428,ORD-0034635,2024-08-23,Quality Issue,1,559.0
RET-002429,ORD-0034642,2023-08-14,Quality Issue,1,569.0
RET-002430,ORD-0034660,2023-11-13,Other,1,866.15
RET-002431,ORD-0034666,2023-04-19,Quality Issue,1,1499.0
RET-002432,ORD-0034674,2023-12-17,Changed Mind,1,1599.0
RET-002433,ORD-0034687,2023-10-08,Changed Mind,1,63.0
RET-002434,ORD-0034692,2024-07-05,Quality Issue,1,1984.55
RET-002435,ORD-0034699,2023-12-15,Quality Issue,1,636.65
RET-002436,ORD-0034719,2023-11-14,Quality Issue,1,2303.1
RET-002437,ORD-0034723,2022-06-08,Wrong Product,1,1255.2
RET-002438,ORD-0034732,2024-03-07,Wrong Product,1,4349.0
RET-002439,ORD-0034741,2024-11-14,Damaged Product,1,1988.1
RET-002440,ORD-0034751,2024-02-18,Changed Mind,1,1832.55
RET-002441,ORD-0034757,2023-02-18,Damaged Product,1,399.0
RET-002442,ORD-0034772,2024-11-11,Damaged Product,1,557.1
RET-002443,ORD-0034794,2024-11-24,Other,1,1499.0
RET-002444,ORD-0034829,2024-05-25,Damaged Product,1,4819.0
RET-002445,ORD-0034839,2024-06-13,Quality Issue,1,2369.0
RET-002446,ORD-0034854,2023-09-14,Changed Mind,1,4473.55
RET-002447,ORD-0034865,2023-01-12,Changed Mind,1,109.0
RET-002448,ORD-0034871,2024-05-21,Late Delivery,1,669.0
RET-002449,ORD-0034883,2023-11-29,Late Delivery,1,1970.1
RET-002450,ORD-0034884,2023-10-10,Quality Issue,2,3551.3
RET-002451,ORD-0034888,2024-10-20,Size Issue,1,476.1
RET-002452,ORD-0034890,2024-11-29,Size Issue,1,2897.65
RET-002453,ORD-0034895,2024-07-14,Quality Issue,1,849.0
RET-002454,ORD-0034902,2024-06-18,Other,1,1929.0
RET-002455,ORD-0034911,2022-01-12,Changed Mind,1,509.0
RET-002456,ORD-0034915,2023-10-19,Late Delivery,1,367.2
RET-002457,ORD-0034942,2023-01-16,Late Delivery,1,296.1
RET-002458,ORD-0034959,2023-10-17,Quality Issue,1,906.75
RET-002459,ORD-0034962,2023-08-23,Quality Issue,1,531.05
RET-002460,ORD-0034972,2023-03-22,Wrong Product,2,718.0
RET-002461,ORD-0034976,2022-06-19,Changed Mind,1,669.0
RET-002462,ORD-0034988,2024-01-12,Size Issue,1,186.15
RET-002463,ORD-0035002,2024-07-25,Quality Issue,1,3263.2
RET-002464,ORD-0035031,2024-04-25,Wrong Product,1,1039.0
RET-002465,ORD-0035034,2023-08-25,Wrong Product,2,4318.0
RET-002466,ORD-0035035,2023-05-17,Size Issue,1,1199.0
RET-002467,ORD-0035060,2024-04-14,Damaged Product,1,1120.05
RET-002468,ORD-0035109,2024-09-05,Size Issue,1,61869.0
RET-002469,ORD-0035117,2023-07-14,Quality Issue,3,2907.0
RET-002470,ORD-0035134,2023-11-29,Other,1,2367.2
RET-002471,ORD-0035145,2023-07-23,Late Delivery,1,549.0
RET-002472,ORD-0035146,2022-09-09,Size Issue,1,3010.55
RET-002473,ORD-0035149,2024-10-12,Quality Issue,1,909.0
RET-002474,ORD-0035181,2024-06-10,Late Delivery,1,7646.55
RET-002475,ORD-0035186,2024-04-12,Damaged Product,1,2222.05
RET-002476,ORD-0035212,2024-07-10,Damaged Product,3,20667.0
RET-002477,ORD-0035250,2023-12-04,Wrong Product,2,61215.3
RET-002478,ORD-0035284,2022-03-02,Size Issue,2,1138.0
RET-002479,ORD-0035293,2024-01-10,Size Issue,1,2529.0
RET-002480,ORD-0035300,2023-11-06,Size Issue,1,485.1
RET-002481,ORD-0035323,2023-11-07,Damaged Product,1,738.65
RET-002482,ORD-0035336,2024-12-26,Damaged Product,1,6884.1
RET-002483,ORD-0035338,2024-04-07,Damaged Product,1,1019.0
RET-002484,ORD-0035357,2022-07-21,Changed Mind,1,699.0
RET-002485,ORD-0035368,2024-05-03,Size Issue,1,509.0
RET-002486,ORD-0035370,2024-07-01,Quality Issue,1,2129.0
RET-002487,ORD-0035392,2024-10-20,Changed Mind,2,4624.2
RET-002488,ORD-0035446,2023-10-26,Quality Issue,2,1438.4
RET-002489,ORD-0035452,2024-11-26,Wrong Product,1,727.2
RET-002490,ORD-0035494,2024-06-12,Changed Mind,1,649.0
RET-002491,ORD-0035522,2023-09-10,Size Issue,1,2510.1
RET-002492,ORD-0035548,2024-08-24,Quality Issue,2,6856.2
RET-002493,ORD-0035550,2024-11-18,Changed Mind,1,119.0
RET-002494,ORD-0035566,2022-10-22,Quality Issue,1,579.0
RET-002495,ORD-0035577,2024-06-02,Size Issue,1,1699.0
RET-002496,ORD-0035581,2024-10-05,Damaged Product,1,689.0
RET-002497,ORD-0035592,2022-07-19,Changed Mind,1,1079.1
RET-002498,ORD-0035597,2024-05-23,Quality Issue,1,599.0
RET-002499,ORD-0035599,2024-04-21,Size Issue,1,919.0
RET-002500,ORD-0035624,2023-11-12,Damaged Product,1,152.15
RET-002501,ORD-0035629,2024-07-29,Size Issue,1,1019.0
RET-002502,ORD-0035631,2024-05-09,Quality Issue,1,255.55
RET-002503,ORD-0035636,2024-04-30,Damaged Product,3,5583.15
RET-002504,ORD-0035653,2024-05-02,Damaged Product,1,889.0
RET-002505,ORD-0035658,2024-11-06,Size Issue,1,1052.1
RET-002506,ORD-0035670,2022-12-22,Size Issue,1,2906.15
RET-002507,ORD-0035680,2023-01-03,Size Issue,1,711.55
RET-002508,ORD-0035681,2024-01-18,Quality Issue,2,185.3
RET-002509,ORD-0035698,2024-06-20,Damaged Product,3,4377.0
RET-002510,ORD-0035703,2022-07-26,Quality Issue,1,2099.0
RET-002511,ORD-0035719,2024-06-23,Quality Issue,2,2536.2
RET-002512,ORD-0035722,2022-12-26,Damaged Product,1,749.0
RET-002513,ORD-0035726,2024-12-02,Quality Issue,1,415.2
RET-002514,ORD-0035746,2024-10-25,Changed Mind,1,216.3
RET-002515,ORD-0035753,2022-11-05,Damaged Product,1,699.0
RET-002516,ORD-0035797,2024-07-10,Damaged Product,1,649.0
RET-002517,ORD-0035824,2024-09-10,Damaged Product,1,3339.0
RET-002518,ORD-0035842,2024-03-04,Quality Issue,1,569.0
RET-002519,ORD-0035857,2024-01-02,Changed Mind,1,3611.65
RET-002520,ORD-0035877,2024-02-23,Damaged Product,1,629.0
RET-002521,ORD-0035886,2023-11-04,Other,2,1063.5
RET-002522,ORD-0035899,2023-08-28,Wrong Product,1,4329.0
RET-002523,ORD-0035919,2022-08-04,Quality Issue,1,2459.0
RET-002524,ORD-0035922,2023-03-22,Wrong Product,1,531.05
RET-002525,ORD-0035928,2024-02-26,Wrong Product,1,5150.15
RET-002526,ORD-0035934,2023-07-31,Damaged Product,4,1476.0
RET-002527,ORD-0035955,2024-08-19,Damaged Product,1,689.0
RET-002528,ORD-0035959,2023-09-06,Quality Issue,1,2189.0
RET-002529,ORD-0035966,2024-01-12,Wrong Product,1,2049.0
RET-002530,ORD-0035982,2023-09-12,Quality Issue,1,329.0
RET-002531,ORD-0035985,2023-06-24,Quality Issue,1,607.05
RET-002532,ORD-0036001,2024-07-30,Changed Mind,1,6573.05
RET-002533,ORD-0036010,2023-03-13,Damaged Product,1,255.55
RET-002534,ORD-0036013,2024-04-01,Wrong Product,1,1229.0
RET-002535,ORD-0036027,2022-10-23,Changed Mind,1,749.0
RET-002536,ORD-0036033,2024-03-28,Changed Mind,1,2649.0
RET-002537,ORD-0036049,2024-08-02,Changed Mind,1,764.1
RET-002538,ORD-0036065,2022-05-23,Damaged Product,1,1099.0
RET-002539,ORD-0036069,2022-02-24,Quality Issue,1,309.0
RET-002540,ORD-0036075,2023-05-05,Size Issue,1,539.0
RET-002541,ORD-0036095,2022-06-22,Quality Issue,1,4682.55
RET-002542,ORD-0036129,2023-06-05,Size Issue,1,1949.0
RET-002543,ORD-0036135,2024-11-13,Other,1,1412.1
RET-002544,ORD-0036138,2022-03-05,Quality Issue,1,2811.05
RET-002545,ORD-0036168,2023-10-30,Size Issue,1,3411.75
RET-002546,ORD-0036183,2024-04-12,Damaged Product,1,3347.1
RET-002547,ORD-0036199,2023-10-22,Wrong Product,1,4337.1
RET-002548,ORD-0036211,2023-11-23,Quality Issue,1,749.0
RET-002549,ORD-0036216,2024-02-01,Size Issue,1,1877.65
RET-002550,ORD-0036219,2023-03-18,Size Issue,1,2349.0
RET-002551,ORD-0036228,2024-05-27,Late Delivery,1,6544.55
RET-002552,ORD-0036246,2024-09-28,Wrong Product,1,2136.55
RET-002553,ORD-0036267,2023-11-24,Late Delivery,1,971.1
RET-002554,ORD-0036277,2024-07-31,Quality Issue,1,849.0
RET-002555,ORD-0036278,2023-06-24,Changed Mind,1,246.05
RET-002556,ORD-0036280,2023-10-10,Size Issue,1,1196.1
RET-002557,ORD-0036335,2023-09-16,Changed Mind,1,594.15
RET-002558,ORD-0036348,2022-10-14,Quality Issue,1,439.2
RET-002559,ORD-0036376,2022-04-09,Quality Issue,1,9099.0
RET-002560,ORD-0036380,2023-11-25,Damaged Product,1,4819.0
RET-002561,ORD-0036383,2023-08-26,Wrong Product,1,772.65
RET-002562,ORD-0036387,2022-06-20,Damaged Product,1,2439.0
RET-002563,ORD-0036389,2024-11-19,Size Issue,1,2639.25
RET-002564,ORD-0036403,2024-07-10,Size Issue,1,1063.2
RET-002565,ORD-0036415,2022-11-02,Other,1,749.0
RET-002566,ORD-0036418,2023-06-19,Damaged Product,1,645.05
RET-002567,ORD-0036449,2023-10-09,Damaged Product,1,775.2
RET-002568,ORD-0036450,2023-10-23,Damaged Product,1,459.0
RET-002569,ORD-0036468,2023-01-19,Size Issue,1,475.15
RET-002570,ORD-0036469,2024-08-06,Quality Issue,1,2129.0
RET-002571,ORD-0036476,2024-05-14,Changed Mind,1,449.0
RET-002572,ORD-0036484,2022-03-16,Late Delivery,1,1665.15
RET-002573,ORD-0036522,2024-03-30,Size Issue,1,1599.0
RET-002574,ORD-0036564,2024-07-08,Damaged Product,2,3118.0
RET-002575,ORD-0036629,2024-12-25,Size Issue,1,2209.0
RET-002576,ORD-0036673,2024-12-26,Late Delivery,1,1129.0
RET-002577,ORD-0036689,2024-10-02,Quality Issue,1,207.2
RET-002578,ORD-0036700,2023-10-16,Quality Issue,2,934.2
RET-002579,ORD-0036703,2024-04-27,Damaged Product,2,287.3
RET-002580,ORD-0036713,2023-03-12,Quality Issue,1,303.05
RET-002581,ORD-0036721,2022-09-24,Size Issue,1,1079.1
RET-002582,ORD-0036743,2024-03-27,Late Delivery,1,2868.05
RET-002583,ORD-0036779,2023-11-16,Wrong Product,1,3039.2
RET-002584,ORD-0036795,2024-05-25,Quality Issue,1,21399.0
RET-002585,ORD-0036808,2023-11-04,Size Issue,1,4709.0
RET-002586,ORD-0036821,2024-07-01,Wrong Product,1,3209.0
RET-002587,ORD-0036829,2023-12-25,Damaged Product,1,3229.05
RET-002588,ORD-0036834,2022-11-06,Quality Issue,2,3993.3
RET-002589,ORD-0036868,2024-03-06,Quality Issue,1,3295.55
RET-002590,ORD-0036881,2022-09-11,Damaged Product,1,839.0
RET-002591,ORD-0036890,2024-06-02,Late Delivery,2,6135.1
RET-002592,ORD-0036901,2022-03-01,Other,1,3969.0
RET-002593,ORD-0036913,2024-02-22,Late Delivery,1,649.0
RET-002594,ORD-0036915,2024-11-29,Changed Mind,1,584.1
RET-002595,ORD-0036926,2024-06-01,Wrong Product,1,16649.0
RET-002596,ORD-0036942,2024-05-13,Damaged Product,1,738.65
RET-002597,ORD-0036970,2022-04-27,Damaged Product,1,721.05
RET-002598,ORD-0036977,2023-03-01,Wrong Product,2,526.4
RET-002599,ORD-0036980,2022-10-21,Size Issue,1,2735.2
RET-002600,ORD-0036993,2024-04-30,Wrong Product,1,1835.15
RET-002601,ORD-0036997,2024-01-25,Late Delivery,1,1209.0
RET-002602,ORD-0036999,2024-02-03,Damaged Product,1,2179.0
RET-002603,ORD-0037000,2022-10-24,Changed Mind,1,599.2
RET-002604,ORD-0037001,2024-11-11,Quality Issue,2,9754.2
RET-002605,ORD-0037002,2024-07-02,Wrong Product,1,1949.0
RET-002606,ORD-0037055,2023-06-12,Changed Mind,1,1754.1
RET-002607,ORD-0037061,2024-10-18,Wrong Product,3,660.45
RET-002608,ORD-0037068,2024-02-04,Wrong Product,1,5390.1
RET-002609,ORD-0037089,2024-01-16,Wrong Product,2,3778.0
RET-002610,ORD-0037093,2022-06-16,Damaged Product,1,399.0
RET-002611,ORD-0037122,2022-08-13,Size Issue,1,2189.0
RET-002612,ORD-0037144,2023-11-08,Size Issue,1,854.1
RET-002613,ORD-0037155,2023-02-04,Damaged Product,1,259.0
RET-002614,ORD-0037173,2022-11-20,Quality Issue,1,374.25
RET-002615,ORD-0037180,2023-03-31,Damaged Product,1,4131.55
RET-002616,ORD-0037202,2023-04-09,Damaged Product,1,159.0
RET-002617,ORD-0037210,2023-10-30,Damaged Product,1,127.2
RET-002618,ORD-0037211,2023-08-17,Quality Issue,1,557.1
RET-002619,ORD-0037222,2023-07-07,Wrong Product,1,239.0
RET-002620,ORD-0037234,2023-11-05,Quality Issue,1,1023.2
RET-002621,ORD-0037267,2023-11-20,Quality Issue,3,3720.45
RET-002622,ORD-0037273,2024-11-02,Other,1,2498.3
RET-002623,ORD-0037298,2024-01-21,Damaged Product,1,1756.55
RET-002624,ORD-0037306,2022-04-15,Changed Mind,1,1859.0
RET-002625,ORD-0037309,2024-11-03,Quality Issue,1,2717.1
RET-002626,ORD-0037326,2023-01-12,Size Issue,2,7655.1
RET-002627,ORD-0037369,2022-02-27,Size Issue,1,540.55
RET-002628,ORD-0037370,2022-06-24,Wrong Product,2,558.0
RET-002629,ORD-0037371,2022-12-15,Damaged Product,2,8698.0
RET-002630,ORD-0037376,2023-06-07,Other,1,759.0
RET-002631,ORD-0037385,2024-11-07,Size Issue,1,3140.1
RET-002632,ORD-0037390,2023-12-12,Other,1,616.55
RET-002633,ORD-0037395,2023-02-16,Size Issue,1,4188.55
RET-002634,ORD-0037408,2023-11-07,Quality Issue,1,377.3
RET-002635,ORD-0037414,2024-02-14,Size Issue,1,749.0
RET-002636,ORD-0037439,2024-05-16,Size Issue,1,854.1
RET-002637,ORD-0037467,2023-12-04,Damaged Product,1,594.15
RET-002638,ORD-0037503,2023-10-11,Size Issue,1,2129.0
RET-002639,ORD-0037511,2023-12-04,Size Issue,1,512.1
RET-002640,ORD-0037546,2023-12-30,Changed Mind,1,1629.0
RET-002641,ORD-0037556,2024-12-08,Size Issue,3,11599.95
RET-002642,ORD-0037564,2024-10-31,Damaged Product,2,2582.3
RET-002643,ORD-0037572,2023-07-22,Quality Issue,1,775.2
RET-002644,ORD-0037573,2023-05-19,Wrong Product,1,549.0
RET-002645,ORD-0037578,2024-10-27,Changed Mind,1,653.65
RET-002646,ORD-0037594,2023-02-12,Changed Mind,1,1580.15
RET-002647,ORD-0037595,2024-01-01,Size Issue,1,649.0
RET-002648,ORD-0037628,2022-08-31,Damaged Product,1,28969.0
RET-002649,ORD-0037637,2024-11-13,Quality Issue,1,1019.0
RET-002650,ORD-0037641,2022-02-18,Damaged Product,1,2939.0
RET-002651,ORD-0037653,2024-07-10,Damaged Product,1,2059.0
RET-002652,ORD-0037658,2023-11-24,Quality Issue,1,3269.25
RET-002653,ORD-0037660,2024-11-13,Changed Mind,1,2113.3
RET-002654,ORD-0037666,2024-10-19,Changed Mind,1,1495.2
RET-002655,ORD-0037674,2024-12-17,Quality Issue,1,4099.0
RET-002656,ORD-0037685,2023-12-21,Late Delivery,1,526.15
RET-002657,ORD-0037691,2024-10-25,Size Issue,1,1852.15
RET-002658,ORD-0037702,2024-10-15,Late Delivery,2,942.4
RET-002659,ORD-0037717,2023-06-19,Quality Issue,1,669.0
RET-002660,ORD-0037741,2024-06-24,Changed Mind,1,638.1
RET-002661,ORD-0037764,2022-10-15,Quality Issue,1,1104.15
RET-002662,ORD-0037772,2024-06-01,Damaged Product,1,934.15
RET-002663,ORD-0037784,2023-06-12,Size Issue,1,699.0
RET-002664,ORD-0037823,2022-06-24,Quality Issue,1,2559.0
RET-002665,ORD-0037828,2024-10-29,Quality Issue,2,1366.2
RET-002666,ORD-0037831,2024-11-27,Changed Mind,1,150.0
RET-002667,ORD-0037835,2022-10-26,Size Issue,2,4520.3
RET-002668,ORD-0037836,2024-01-22,Quality Issue,1,1268.1
RET-002669,ORD-0037892,2022-12-13,Damaged Product,1,2421.65
RET-002670,ORD-0037894,2024-03-25,Quality Issue,1,889.0
RET-002671,ORD-0037929,2024-03-11,Late Delivery,1,1449.0
RET-002672,ORD-0037941,2022-10-08,Wrong Product,1,237.15
RET-002673,ORD-0037973,2023-03-20,Size Issue,4,2954.6
RET-002674,ORD-0037976,2022-08-24,Quality Issue,1,1559.0
RET-002675,ORD-0038003,2024-10-07,Damaged Product,1,809.0
RET-002676,ORD-0038007,2023-08-03,Size Issue,1,2174.55
RET-002677,ORD-0038012,2024-07-05,Other,1,689.0
RET-002678,ORD-0038020,2024-11-17,Size Issue,1,2789.1
RET-002679,ORD-0038033,2023-07-13,Size Issue,1,5879.0
RET-002680,ORD-0038090,2023-11-13,Changed Mind,2,1654.2
RET-002681,ORD-0038095,2023-11-10,Changed Mind,3,492.75
RET-002682,ORD-0038122,2024-07-28,Size Issue,1,1262.55
RET-002683,ORD-0038123,2023-10-15,Damaged Product,1,619.65
RET-002684,ORD-0038154,2023-05-23,Other,1,2846.65
RET-002685,ORD-0038166,2023-01-03,Size Issue,1,5291.1
RET-002686,ORD-0038173,2023-12-30,Late Delivery,1,1169.0
RET-002687,ORD-0038184,2024-08-13,Damaged Product,1,4099.0
RET-002688,ORD-0038189,2024-03-08,Size Issue,1,519.2
RET-002689,ORD-0038220,2022-12-10,Changed Mind,1,909.0
RET-002690,ORD-0038224,2024-07-11,Damaged Product,1,3059.0
RET-002691,ORD-0038242,2024-08-18,Size Issue,1,2789.1
RET-002692,ORD-0038252,2024-01-11,Damaged Product,4,12796.0
RET-002693,ORD-0038256,2024-05-21,Size Issue,2,2174.3
RET-002694,ORD-0038265,2023-03-02,Quality Issue,1,1279.0
RET-002695,ORD-0038267,2024-02-22,Size Issue,1,23647.2
RET-002696,ORD-0038271,2023-04-22,Late Delivery,1,521.1
RET-002697,ORD-0038280,2024-11-21,Quality Issue,1,656.1
RET-002698,ORD-0038286,2023-05-01,Size Issue,1,1939.0
RET-002699,ORD-0038288,2023-09-05,Wrong Product,1,535.2
RET-002700,ORD-0038297,2023-05-28,Damaged Product,1,649.0
RET-002701,ORD-0038316,2024-04-14,Wrong Product,1,849.0
RET-002702,ORD-0038319,2024-04-03,Size Issue,2,9318.0
RET-002703,ORD-0038328,2023-06-23,Changed Mind,1,3349.0
RET-002704,ORD-0038339,2023-01-03,Size Issue,1,2183.65
RET-002705,ORD-0038346,2023-03-22,Other,1,549.0
RET-002706,ORD-0038347,2023-09-21,Late Delivery,1,1599.0
RET-002707,ORD-0038359,2024-05-04,Damaged Product,1,441.15
RET-002708,ORD-0038364,2023-07-08,Wrong Product,1,866.15
RET-002709,ORD-0038367,2022-12-30,Quality Issue,1,2023.2
RET-002710,ORD-0038393,2022-11-10,Changed Mind,1,730.15
RET-002711,ORD-0038419,2024-11-25,Damaged Product,1,364.65
RET-002712,ORD-0038436,2023-03-04,Size Issue,2,3518.0
RET-002713,ORD-0038437,2024-04-13,Quality Issue,2,8658.0
RET-002714,ORD-0038448,2023-10-23,Damaged Product,1,2175.15
RET-002715,ORD-0038480,2022-12-14,Damaged Product,1,1196.05
RET-002716,ORD-0038531,2023-03-18,Changed Mind,2,4018.0
RET-002717,ORD-0038532,2023-05-15,Size Issue,1,639.0
RET-002718,ORD-0038551,2024-07-10,Quality Issue,1,589.0
RET-002719,ORD-0038571,2023-05-09,Damaged Product,1,1633.05
RET-002720,ORD-0038602,2024-08-19,Other,1,279.65
RET-002721,ORD-0038617,2023-05-17,Quality Issue,1,1939.0
RET-002722,ORD-0038621,2024-02-24,Wrong Product,1,559.0
RET-002723,ORD-0038684,2023-11-09,Size Issue,1,467.1
RET-002724,ORD-0038690,2024-01-11,Damaged Product,1,247.2
RET-002725,ORD-0038702,2024-09-07,Quality Issue,1,749.0
RET-002726,ORD-0038725,2024-10-17,Damaged Product,2,6523.5
RET-002727,ORD-0038735,2022-04-26,Changed Mind,3,106216.65
RET-002728,ORD-0038736,2024-03-04,Damaged Product,1,191.2
RET-002729,ORD-0038739,2024-12-11,Size Issue,1,2379.0
RET-002730,ORD-0038740,2024-12-08,Damaged Product,1,499.0
RET-002731,ORD-0038745,2024-11-19,Wrong Product,1,87.2
RET-002732,ORD-0038750,2022-07-06,Quality Issue,1,9327.2
RET-002733,ORD-0038752,2023-05-19,Size Issue,1,579.0
RET-002734,ORD-0038755,2024-01-01,Size Issue,1,150.0
RET-002735,ORD-0038756,2024-12-05,Damaged Product,1,305.15
RET-002736,ORD-0038760,2024-02-16,Quality Issue,1,649.0
RET-002737,ORD-0038776,2024-05-24,Changed Mind,1,3229.0
RET-002738,ORD-0038782,2022-12-21,Size Issue,2,4197.1
RET-002739,ORD-0038792,2024-03-22,Size Issue,1,959.0
RET-002740,ORD-0038811,2023-05-23,Damaged Product,1,1072.55
RET-002741,ORD-0038834,2022-05-14,Wrong Product,2,1918.0
RET-002742,ORD-0038841,2023-05-08,Damaged Product,1,639.0
RET-002743,ORD-0038852,2024-09-03,Changed Mind,1,2199.0
RET-002744,ORD-0038860,2022-06-24,Quality Issue,1,1599.0
RET-002745,ORD-0038879,2024-11-10,Quality Issue,1,9269.0
RET-002746,ORD-0038884,2024-02-07,Changed Mind,1,1459.0
RET-002747,ORD-0038889,2022-12-29,Damaged Product,1,559.55
RET-002748,ORD-0038894,2024-08-07,Wrong Product,1,413.1
RET-002749,ORD-0038911,2022-06-05,Damaged Product,1,14079.0
RET-002750,ORD-0038936,2024-06-15,Quality Issue,1,485.1
RET-002751,ORD-0038942,2024-03-12,Size Issue,1,3419.0
RET-002752,ORD-0038955,2022-12-08,Late Delivery,1,1945.65
RET-002753,ORD-0038962,2022-08-13,Late Delivery,1,312.55
RET-002754,ORD-0038971,2022-06-21,Quality Issue,1,669.0
RET-002755,ORD-0038980,2023-12-27,Damaged Product,1,809.1
RET-002756,ORD-0039009,2024-10-09,Size Issue,1,1700.1
RET-002757,ORD-0039044,2023-02-15,Other,1,262.65
RET-002758,ORD-0039046,2024-12-01,Damaged Product,1,3832.65
RET-002759,ORD-0039062,2022-10-05,Size Issue,1,787.55
RET-002760,ORD-0039063,2023-12-21,Size Issue,1,1718.1
RET-002761,ORD-0039088,2024-05-25,Quality Issue,1,422.1
RET-002762,ORD-0039110,2024-11-20,Changed Mind,1,1637.3
RET-002763,ORD-0039116,2023-08-23,Other,1,711.55
RET-002764,ORD-0039142,2023-04-28,Size Issue,1,455.2
RET-002765,ORD-0039147,2024-04-16,Size Issue,2,2878.2
RET-002766,ORD-0039151,2024-01-14,Quality Issue,1,429.0
RET-002767,ORD-0039173,2024-04-09,Changed Mind,1,664.05
RET-002768,ORD-0039186,2024-09-19,Quality Issue,1,459.0
RET-002769,ORD-0039194,2022-05-07,Late Delivery,1,689.0
RET-002770,ORD-0039208,2023-08-01,Size Issue,1,673.55
RET-002771,ORD-0039218,2024-03-13,Late Delivery,1,4198.05
RET-002772,ORD-0039226,2024-03-08,Damaged Product,1,1929.0
RET-002773,ORD-0039294,2024-11-01,Wrong Product,1,2693.65
RET-002774,ORD-0039308,2024-09-20,Wrong Product,1,879.0
RET-002775,ORD-0039350,2023-09-23,Quality Issue,1,1599.0
RET-002776,ORD-0039374,2024-04-13,Damaged Product,1,2816.1
RET-002777,ORD-0039416,2024-01-16,Damaged Product,1,899.0
RET-002778,ORD-0039458,2024-06-18,Late Delivery,1,2159.0
RET-002779,ORD-0039460,2024-10-18,Size Issue,3,11181.6
RET-002780,ORD-0039463,2023-11-26,Quality Issue,1,467.1
RET-002781,ORD-0039475,2022-08-29,Quality Issue,1,409.0
RET-002782,ORD-0039482,2022-03-21,Late Delivery,1,519.0
RET-002783,ORD-0039484,2022-11-05,Quality Issue,1,494.1
RET-002784,ORD-0039489,2023-02-13,Changed Mind,2,6629.1
RET-002785,ORD-0039527,2024-03-19,Wrong Product,1,2672.1
RET-002786,ORD-0039574,2023-05-27,Changed Mind,1,589.0
RET-002787,ORD-0039581,2024-09-05,Quality Issue,1,673.55
RET-002788,ORD-0039600,2024-09-22,Size Issue,1,1569.0
RET-002789,ORD-0039605,2024-10-22,Changed Mind,1,1759.0
RET-002790,ORD-0039615,2023-10-18,Size Issue,1,1259.0
RET-002791,ORD-0039624,2023-02-16,Late Delivery,1,99.0
RET-002792,ORD-0039625,2022-04-04,Size Issue,1,607.05
RET-002793,ORD-0039639,2022-06-02,Wrong Product,1,549.0
RET-002794,ORD-0039659,2024-06-05,Damaged Product,1,1006.05
RET-002795,ORD-0039665,2023-11-12,Quality Issue,1,476.1
RET-002796,ORD-0039666,2024-11-04,Size Issue,1,1059.0
RET-002797,ORD-0039703,2023-05-19,Damaged Product,1,1349.0
RET-002798,ORD-0039704,2023-12-30,Changed Mind,2,2525.1
RET-002799,ORD-0039710,2023-07-22,Wrong Product,3,2007.0
RET-002800,ORD-0039735,2024-10-13,Size Issue,1,1571.65
RET-002801,ORD-0039782,2024-11-22,Late Delivery,2,1613.3
RET-002802,ORD-0039789,2024-02-24,Late Delivery,1,4247.1
RET-002803,ORD-0039824,2024-03-09,Changed Mind,1,2259.0
RET-002804,ORD-0039850,2023-12-04,Quality Issue,4,1236.0
RET-002805,ORD-0039851,2024-11-20,Size Issue,1,1718.1
RET-002806,ORD-0039860,2023-12-17,Damaged Product,1,711.55
RET-002807,ORD-0039875,2024-12-16,Size Issue,1,735.2
RET-002808,ORD-0039903,2024-03-30,Quality Issue,1,1754.1
RET-002809,ORD-0039907,2024-05-30,Quality Issue,1,1039.0
RET-002810,ORD-0039915,2022-11-02,Size Issue,1,1196.1
RET-002811,ORD-0039918,2023-01-02,Quality Issue,2,3098.0
RET-002812,ORD-0039941,2023-11-10,Changed Mind,2,1204.2
RET-002813,ORD-0039951,2023-09-07,Changed Mind,2,3095.1
RET-002814,ORD-0039953,2024-02-17,Wrong Product,1,4929.0
RET-002815,ORD-0039961,2023-08-26,Size Issue,1,1079.0
RET-002816,ORD-0039962,2024-07-27,Quality Issue,1,1099.0
RET-002817,ORD-0039977,2024-01-14,Size Issue,1,5339.0
RET-002818,ORD-0040008,2024-01-20,Damaged Product,2,3818.0
RET-002819,ORD-0040029,2023-10-21,Wrong Product,1,143.2
RET-002820,ORD-0040062,2024-10-11,Size Issue,1,1359.15
RET-002821,ORD-0040065,2024-04-11,Changed Mind,2,1096.2
RET-002822,ORD-0040067,2024-08-15,Wrong Product,1,199.2
RET-002823,ORD-0040085,2024-11-14,Damaged Product,1,492.15
RET-002824,ORD-0040086,2023-12-31,Wrong Product,1,919.0
RET-002825,ORD-0040089,2024-01-09,Late Delivery,1,616.55
RET-002826,ORD-0040092,2023-04-05,Quality Issue,1,1169.1
RET-002827,ORD-0040093,2023-11-25,Quality Issue,1,1169.0
RET-002828,ORD-0040097,2024-06-09,Quality Issue,1,1199.0
RET-002829,ORD-0040144,2024-08-15,Other,1,519.0
RET-002830,ORD-0040161,2024-03-22,Quality Issue,1,2349.0
RET-002831,ORD-0040183,2024-10-27,Changed Mind,1,413.1
RET-002832,ORD-0040186,2024-11-09,Late Delivery,1,2991.15
RET-002833,ORD-0040198,2023-05-17,Damaged Product,1,616.55
RET-002834,ORD-0040234,2024-03-02,Damaged Product,1,436.05
RET-002835,ORD-0040253,2023-10-06,Damaged Product,1,645.05
RET-002836,ORD-0040262,2023-12-08,Quality Issue,2,967.1
RET-002837,ORD-0040275,2023-12-07,Quality Issue,1,152.1
RET-002838,ORD-0040279,2024-08-04,Quality Issue,1,3428.1
RET-002839,ORD-0040282,2024-06-14,Late Delivery,1,3499.0
RET-002840,ORD-0040291,2023-11-08,Quality Issue,1,2312.1
RET-002841,ORD-0040301,2024-08-17,Damaged Product,1,594.15
RET-002842,ORD-0040330,2023-04-10,Other,1,15911.1
RET-002843,ORD-0040334,2024-04-20,Changed Mind,1,1376.55
RET-002844,ORD-0040335,2023-12-08,Wrong Product,1,7415.2
RET-002845,ORD-0040336,2023-09-22,Size Issue,1,483.65
RET-002846,ORD-0040346,2024-10-26,Size Issue,1,2406.75
RET-002847,ORD-0040381,2023-09-07,Size Issue,1,649.0
RET-002848,ORD-0040410,2024-03-23,Late Delivery,1,5150.15
RET-002849,ORD-0040432,2023-06-18,Size Issue,1,1399.0
RET-002850,ORD-0040479,2024-08-26,Size Issue,1,1736.1
RET-002851,ORD-0040506,2023-10-07,Late Delivery,1,644.25
RET-002852,ORD-0040508,2023-01-14,Changed Mind,1,727.2
RET-002853,ORD-0040526,2023-08-01,Quality Issue,2,4758.0
RET-002854,ORD-0040535,2024-10-08,Late Delivery,1,772.65
RET-002855,ORD-0040552,2023-05-24,Damaged Product,2,123678.0
RET-002856,ORD-0040553,2022-06-21,Changed Mind,1,404.1
RET-002857,ORD-0040566,2024-10-24,Quality Issue,1,534.65
RET-002858,ORD-0040572,2022-10-05,Quality Issue,1,567.2
RET-002859,ORD-0040590,2024-07-03,Changed Mind,1,920.55
RET-002860,ORD-0040593,2023-11-04,Size Issue,1,2959.2
RET-002861,ORD-0040603,2024-04-12,Late Delivery,1,3005.1
RET-002862,ORD-0040615,2023-09-20,Quality Issue,1,4639.0
RET-002863,ORD-0040624,2024-12-10,Late Delivery,1,1079.1
RET-002864,ORD-0040647,2022-11-04,Damaged Product,1,311.2
RET-002865,ORD-0040669,2023-12-23,Wrong Product,1,721.05
RET-002866,ORD-0040701,2024-02-03,Damaged Product,1,1079.0
RET-002867,ORD-0040716,2023-06-27,Quality Issue,1,309.0
RET-002868,ORD-0040727,2023-06-02,Quality Issue,1,2780.1
RET-002869,ORD-0040743,2024-11-23,Damaged Product,2,1042.2
RET-002870,ORD-0040780,2024-04-07,Damaged Product,1,926.1
RET-002871,ORD-0040816,2024-06-01,Damaged Product,2,10674.3
RET-002872,ORD-0040834,2023-12-02,Wrong Product,1,866.15
RET-002873,ORD-0040844,2023-05-09,Quality Issue,1,879.0
RET-002874,ORD-0040848,2024-04-03,Quality Issue,1,227.05
RET-002875,ORD-0040859,2024-10-30,Quality Issue,1,619.65
RET-002876,ORD-0040860,2023-08-12,Damaged Product,1,849.0
RET-002877,ORD-0040865,2023-10-14,Size Issue,1,485.1
RET-002878,ORD-0040877,2022-11-27,Size Issue,1,699.0
RET-002879,ORD-0040879,2024-05-18,Other,2,2818.0
RET-002880,ORD-0040907,2023-08-27,Quality Issue,2,2338.0
RET-002881,ORD-0040923,2024-12-03,Wrong Product,1,391.2
RET-002882,ORD-0040952,2023-09-18,Wrong Product,1,549.0
RET-002883,ORD-0040970,2024-09-08,Quality Issue,2,1398.0
RET-002884,ORD-0040974,2023-06-30,Size Issue,1,493.05
RET-002885,ORD-0040975,2023-05-11,Damaged Product,1,1699.0
RET-002886,ORD-0040984,2024-04-05,Size Issue,2,5850.1
RET-002887,ORD-0041002,2023-08-25,Quality Issue,1,1169.0
RET-002888,ORD-0041024,2024-04-13,Damaged Product,1,623.2
RET-002889,ORD-0041030,2023-10-09,Wrong Product,3,885.6
RET-002890,ORD-0041032,2023-08-08,Size Issue,1,499.0
RET-002891,ORD-0041042,2023-06-08,Wrong Product,1,20015.1
RET-002892,ORD-0041044,2022-10-02,Other,1,3989.05
RET-002893,ORD-0041065,2023-05-04,Size Issue,2,1222.2
RET-002894,ORD-0041079,2023-07-01,Size Issue,1,7059.0
RET-002895,ORD-0041088,2024-04-18,Quality Issue,1,569.0
RET-002896,ORD-0041090,2023-06-21,Changed Mind,1,1376.55
RET-002897,ORD-0041102,2023-06-06,Size Issue,1,540.55
RET-002898,ORD-0041110,2024-12-02,Damaged Product,1,4349.0
RET-002899,ORD-0041120,2024-05-18,Size Issue,1,1736.1
RET-002900,ORD-0041159,2024-03-26,Damaged Product,1,150.0
RET-002901,ORD-0041170,2024-05-05,Wrong Product,3,3559.65
RET-002902,ORD-0041176,2024-11-14,Size Issue,1,479.25
RET-002903,ORD-0041200,2023-12-06,Size Issue,2,7338.0
RET-002904,ORD-0041203,2024-06-30,Size Issue,1,863.1
RET-002905,ORD-0041225,2024-06-17,Damaged Product,1,3019.0
RET-002906,ORD-0041232,2023-03-05,Size Issue,1,1860.65
RET-002907,ORD-0041244,2023-12-29,Damaged Product,1,3343.05
RET-002908,ORD-0041254,2024-09-08,Size Issue,1,239.0
RET-002909,ORD-0041261,2022-06-24,Late Delivery,1,1009.0
RET-002910,ORD-0041287,2022-03-13,Size Issue,1,2259.0
RET-002911,ORD-0041293,2022-06-14,Quality Issue,1,2979.0
RET-002912,ORD-0041317,2023-06-29,Quality Issue,1,1671.05
RET-002913,ORD-0041340,2024-02-18,Quality Issue,4,828.8
RET-002914,ORD-0041415,2023-04-07,Size Issue,2,2518.0
RET-002915,ORD-0041436,2024-10-14,Damaged Product,1,689.25
RET-002916,ORD-0041449,2023-09-13,Size Issue,2,1278.0
RET-002917,ORD-0041462,2024-01-13,Size Issue,1,873.05
RET-002918,ORD-0041478,2024-04-17,Quality Issue,1,1369.0
RET-002919,ORD-0041497,2023-04-08,Wrong Product,1,6706.05
RET-002920,ORD-0041501,2022-08-13,Damaged Product,3,1857.0
RET-002921,ORD-0041513,2023-09-15,Size Issue,1,502.55
RET-002922,ORD-0041533,2023-07-12,Size Issue,1,2129.0
RET-002923,ORD-0041536,2024-04-01,Size Issue,1,619.0
RET-002924,ORD-0041550,2023-10-01,Wrong Product,1,459.0
RET-002925,ORD-0041566,2024-12-05,Quality Issue,1,19358.1
RET-002926,ORD-0041581,2023-10-21,Quality Issue,1,859.0
RET-002927,ORD-0041598,2024-12-29,Wrong Product,1,2229.0
RET-002928,ORD-0041620,2023-05-20,Quality Issue,1,664.05
RET-002929,ORD-0041651,2023-08-11,Other,1,262.65
RET-002930,ORD-0041655,2023-10-15,Size Issue,1,415.2
RET-002931,ORD-0041670,2024-01-26,Other,1,339.15
RET-002932,ORD-0041682,2022-11-07,Late Delivery,1,730.15
RET-002933,ORD-0041687,2024-06-30,Size Issue,1,551.65
RET-002934,ORD-0041700,2024-05-03,Wrong Product,3,3804.3
RET-002935,ORD-0041727,2024-12-02,Size Issue,1,1615.2
RET-002936,ORD-0041744,2023-06-30,Size Issue,1,2276.1
RET-002937,ORD-0041753,2024-11-06,Quality Issue,1,2218.3
RET-002938,ORD-0041755,2023-06-07,Damaged Product,1,1559.0
RET-002939,ORD-0041769,2024-01-09,Wrong Product,3,3897.0
RET-002940,ORD-0041779,2024-11-18,Wrong Product,1,449.1
RET-002941,ORD-0041784,2022-08-15,Size Issue,1,919.0
RET-002942,ORD-0041793,2023-05-23,Other,1,459.0
RET-002943,ORD-0041807,2024-10-13,Quality Issue,1,279.3
RET-002944,ORD-0041855,2024-03-08,Late Delivery,1,3058.05
RET-002945,ORD-0041858,2023-12-26,Size Issue,1,503.2
RET-002946,ORD-0041870,2024-12-01,Size Issue,1,1027.65
RET-002947,ORD-0041881,2024-05-13,Size Issue,4,2580.2
RET-002948,ORD-0041888,2024-02-14,Damaged Product,1,1169.1
RET-002949,ORD-0041892,2024-03-01,Size Issue,1,526.15
RET-002950,ORD-0041900,2022-06-12,Quality Issue,1,1109.0
RET-002951,ORD-0041914,2023-11-16,Quality Issue,1,3866.65
RET-002952,ORD-0041919,2022-10-31,Wrong Product,1,72.0
RET-002953,ORD-0041930,2024-04-01,Wrong Product,1,150.0
RET-002954,ORD-0041961,2024-01-23,Damaged Product,1,1869.0
RET-002955,ORD-0042028,2024-07-17,Quality Issue,1,797.05
RET-002956,ORD-0042030,2023-07-18,Quality Issue,1,616.55
RET-002957,ORD-0042033,2023-05-26,Late Delivery,1,4939.0
RET-002958,ORD-0042046,2024-05-15,Quality Issue,1,569.0
RET-002959,ORD-0042085,2024-06-12,Size Issue,2,2430.1
RET-002960,ORD-0042098,2023-05-14,Late Delivery,1,869.0
RET-002961,ORD-0042099,2023-12-12,Size Issue,1,1349.1
RET-002962,ORD-0042118,2023-03-03,Damaged Product,1,602.1
RET-002963,ORD-0042154,2024-10-19,Changed Mind,1,426.3
RET-002964,ORD-0042218,2023-10-07,Damaged Product,1,647.1
RET-002965,ORD-0042222,2023-08-16,Changed Mind,2,3918.0
RET-002966,ORD-0042235,2024-03-03,Wrong Product,4,4784.4
RET-002967,ORD-0042240,2023-11-18,Size Issue,1,3809.0
RET-002968,ORD-0042247,2023-02-25,Changed Mind,1,2317.05
RET-002969,ORD-0042251,2023-02-22,Changed Mind,1,1019.0
RET-002970,ORD-0042257,2024-08-13,Late Delivery,1,611.1
RET-002971,ORD-0042262,2024-06-11,Late Delivery,1,654.55
RET-002972,ORD-0042265,2024-04-18,Changed Mind,1,3399.0
RET-002973,ORD-0042266,2024-04-24,Quality Issue,2,430.4
RET-002974,ORD-0042302,2024-06-03,Size Issue,1,1756.55
RET-002975,ORD-0042340,2024-06-17,Size Issue,1,569.0
RET-002976,ORD-0042341,2023-11-28,Quality Issue,1,299.0
RET-002977,ORD-0042458,2024-01-28,Wrong Product,1,1249.0
RET-002978,ORD-0042463,2024-04-21,Wrong Product,1,227.05
RET-002979,ORD-0042464,2024-10-28,Changed Mind,2,542.3
RET-002980,ORD-0042466,2024-12-28,Damaged Product,1,585.65
RET-002981,ORD-0042476,2023-09-02,Late Delivery,1,797.05
RET-002982,ORD-0042477,2023-09-03,Quality Issue,1,19968.05
RET-002983,ORD-0042487,2023-10-17,Damaged Product,1,233.1
RET-002984,ORD-0042505,2024-03-21,Damaged Product,3,852.15
RET-002985,ORD-0042510,2024-07-21,Size Issue,1,869.0
RET-002986,ORD-0042594,2024-07-21,Changed Mind,1,679.0
RET-002987,ORD-0042648,2023-09-02,Damaged Product,1,823.2
RET-002988,ORD-0042655,2022-07-28,Damaged Product,1,1234.05
RET-002989,ORD-0042687,2023-10-07,Size Issue,1,2849.25
RET-002990,ORD-0042710,2024-02-20,Size Issue,1,1079.0
RET-002991,ORD-0042728,2022-11-21,Size Issue,1,246.75
RET-002992,ORD-0042730,2024-08-25,Late Delivery,1,551.2
RET-002993,ORD-0042732,2022-03-27,Quality Issue,1,849.0
RET-002994,ORD-0042750,2022-08-16,Damaged Product,1,279.0
RET-002995,ORD-0042752,2023-11-18,Damaged Product,1,99.0
RET-002996,ORD-0042755,2024-07-14,Quality Issue,1,84.15
RET-002997,ORD-0042760,2022-02-06,Quality Issue,1,309.0
RET-002998,ORD-0042775,2023-05-26,Other,1,369.0
RET-002999,ORD-0042788,2024-07-30,Size Issue,1,2431.05
RET-003000,ORD-0042797,2023-09-18,Changed Mind,2,718.0
RET-003001,ORD-0042852,2023-10-13,Late Delivery,1,746.1
RET-003002,ORD-0042862,2024-02-12,Quality Issue,1,379.05
RET-003003,ORD-0042874,2024-12-07,Damaged Product,1,179.0
RET-003004,ORD-0042886,2023-07-16,Quality Issue,1,1569.0
RET-003005,ORD-0042901,2023-10-14,Damaged Product,1,1894.65
RET-003006,ORD-0042920,2022-11-12,Size Issue,1,649.0
RET-003007,ORD-0042930,2023-08-14,Wrong Product,1,18079.0
RET-003008,ORD-0042931,2022-10-20,Changed Mind,1,3968.1
RET-003009,ORD-0042986,2023-10-11,Wrong Product,2,18394.2
RET-003010,ORD-0043002,2023-10-01,Quality Issue,1,5879.0
RET-003011,ORD-0043016,2023-11-08,Quality Issue,2,2128.5
RET-003012,ORD-0043019,2023-10-25,Wrong Product,1,2649.0
RET-003013,ORD-0043031,2022-09-25,Wrong Product,1,4899.0
RET-003014,ORD-0043047,2023-11-25,Quality Issue,1,2127.2
RET-003015,ORD-0043056,2023-11-02,Changed Mind,1,319.2
RET-003016,ORD-0043059,2022-02-02,Damaged Product,1,911.05
RET-003017,ORD-0043095,2022-11-21,Size Issue,1,1605.65
RET-003018,ORD-0043106,2024-11-17,Quality Issue,1,381.65
RET-003019,ORD-0043140,2024-05-22,Damaged Product,1,94.05
RET-003020,ORD-0043163,2024-10-06,Quality Issue,1,526.15
RET-003021,ORD-0043186,2024-08-31,Damaged Product,1,66.5
RET-003022,ORD-0043193,2024-10-03,Damaged Product,2,2230.2
RET-003023,ORD-0043196,2022-04-11,Late Delivery,1,3140.1
RET-003024,ORD-0043217,2025-01-01,Size Issue,2,6798.0
RET-003025,ORD-0043238,2024-04-11,Quality Issue,1,309.0
RET-003026,ORD-0043249,2024-05-20,Quality Issue,2,818.0
RET-003027,ORD-0043272,2022-07-07,Quality Issue,1,971.1
RET-003028,ORD-0043274,2023-10-24,Late Delivery,2,3143.3
RET-003029,ORD-0043281,2022-09-07,Size Issue,2,2038.0
RET-003030,ORD-0043284,2024-08-22,Size Issue,1,3099.0
RET-003031,ORD-0043297,2023-07-12,Damaged Product,1,1079.1
RET-003032,ORD-0043311,2023-03-20,Quality Issue,1,775.2
RET-003033,ORD-0043317,2024-12-01,Size Issue,2,3118.4
RET-003034,ORD-0043335,2025-01-04,Wrong Product,3,8547.0
RET-003035,ORD-0043351,2024-12-17,Size Issue,1,1209.0
RET-003036,ORD-0043386,2024-12-21,Quality Issue,1,3079.0
RET-003037,ORD-0043392,2024-07-29,Damaged Product,1,407.2
RET-003038,ORD-0043402,2024-12-06,Quality Issue,1,1009.0
RET-003039,ORD-0043405,2023-11-01,Damaged Product,1,464.25
RET-003040,ORD-0043411,2023-04-10,Quality Issue,2,898.0
RET-003041,ORD-0043440,2023-07-15,Wrong Product,1,584.1
RET-003042,ORD-0043444,2022-10-22,Late Delivery,1,1466.1
RET-003043,ORD-0043445,2022-10-11,Changed Mind,1,594.15
RET-003044,ORD-0043449,2024-11-12,Quality Issue,1,279.65
RET-003045,ORD-0043462,2024-05-21,Changed Mind,2,218.0
RET-003046,ORD-0043480,2023-05-14,Quality Issue,1,426.55
RET-003047,ORD-0043494,2024-05-10,Wrong Product,4,8204.2
RET-003048,ORD-0043502,2024-11-08,Damaged Product,1,339.15
RET-003049,ORD-0043508,2024-01-16,Changed Mind,1,549.0
RET-003050,ORD-0043543,2024-01-11,Changed Mind,1,331.55
RET-003051,ORD-0043557,2023-10-30,Changed Mind,1,602.65
RET-003052,ORD-0043566,2024-04-02,Damaged Product,2,2878.0
RET-003053,ORD-0043571,2024-10-28,Quality Issue,1,389.0
RET-003054,ORD-0043572,2022-10-25,Changed Mind,1,575.1
RET-003055,ORD-0043574,2023-09-23,Quality Issue,1,521.1
RET-003056,ORD-0043577,2022-06-01,Size Issue,1,415.2
RET-003057,ORD-0043582,2023-02-14,Damaged Product,2,2772.1
RET-003058,ORD-0043584,2024-12-09,Damaged Product,3,2907.0
RET-003059,ORD-0043591,2024-03-20,Changed Mind,1,109.0
RET-003060,ORD-0043636,2024-03-18,Damaged Product,1,2529.0
RET-003061,ORD-0043641,2024-02-08,Wrong Product,1,4009.0
RET-003062,ORD-0043661,2023-11-20,Wrong Product,1,423.2
RET-003063,ORD-0043667,2023-01-01,Changed Mind,1,233.1
RET-003064,ORD-0043670,2024-11-08,Changed Mind,1,551.65
RET-003065,ORD-0043686,2023-08-25,Wrong Product,1,577.15
RET-003066,ORD-0043689,2023-12-30,Size Issue,2,4038.0
RET-003067,ORD-0043724,2023-06-12,Wrong Product,1,669.0
RET-003068,ORD-0043751,2024-10-04,Damaged Product,1,4819.0
RET-003069,ORD-0043754,2024-11-15,Damaged Product,2,4462.4
RET-003070,ORD-0043760,2023-07-28,Changed Mind,1,559.0
RET-003071,ORD-0043762,2022-12-19,Late Delivery,1,1189.0
RET-003072,ORD-0043768,2023-11-27,Quality Issue,1,447.3
RET-003073,ORD-0043789,2024-11-22,Damaged Product,2,20718.0
RET-003074,ORD-0043813,2024-01-25,Quality Issue,1,2402.55
RET-003075,ORD-0043837,2024-06-23,Damaged Product,1,2829.0
RET-003076,ORD-0043850,2024-06-05,Changed Mind,4,4858.6
RET-003077,ORD-0043854,2023-09-07,Changed Mind,1,2222.05
RET-003078,ORD-0043885,2024-02-26,Quality Issue,1,23743.2
RET-003079,ORD-0043900,2023-09-20,Quality Issue,1,2179.0
RET-003080,ORD-0043901,2024-03-12,Quality Issue,1,2440.55
RET-003081,ORD-0043902,2022-11-22,Quality Issue,1,959.0
RET-003082,ORD-0043957,2024-07-07,Size Issue,1,687.2
RET-003083,ORD-0043984,2024-03-21,Changed Mind,1,1059.0
RET-003084,ORD-0043991,2022-10-18,Size Issue,1,2409.0
RET-003085,ORD-0044001,2023-06-02,Changed Mind,1,594.15
RET-003086,ORD-0044012,2024-10-14,Quality Issue,1,687.2
RET-003087,ORD-0044048,2023-11-07,Wrong Product,1,1949.0
RET-003088,ORD-0044074,2024-10-31,Size Issue,1,926.1
RET-003089,ORD-0044103,2024-01-06,Damaged Product,1,160.55
RET-003090,ORD-0044110,2023-11-16,Damaged Product,1,2991.15
RET-003091,ORD-0044113,2024-04-28,Quality Issue,1,2906.05
RET-003092,ORD-0044129,2024-02-20,Size Issue,1,2195.1
RET-003093,ORD-0044130,2023-03-22,Late Delivery,2,1222.2
RET-003094,ORD-0044155,2024-04-08,Size Issue,1,749.0
RET-003095,ORD-0044158,2024-05-26,Quality Issue,1,2339.0
RET-003096,ORD-0044198,2023-10-24,Changed Mind,1,1274.15
RET-003097,ORD-0044222,2024-09-16,Late Delivery,1,1869.0
RET-003098,ORD-0044225,2022-10-25,Other,1,4379.25
RET-003099,ORD-0044228,2024-02-26,Quality Issue,1,3047.2
RET-003100,ORD-0044245,2024-10-04,Damaged Product,1,419.0
RET-003101,ORD-0044247,2023-07-16,Size Issue,1,3424.65
RET-003102,ORD-0044259,2024-03-10,Late Delivery,1,519.0
RET-003103,ORD-0044269,2024-07-19,Size Issue,1,1754.1
RET-003104,ORD-0044270,2024-06-27,Size Issue,1,3079.0
RET-003105,ORD-0044284,2024-10-13,Damaged Product,1,1115.1
RET-003106,ORD-0044316,2024-01-28,Size Issue,1,639.0
RET-003107,ORD-0044330,2024-06-03,Quality Issue,1,3519.0
RET-003108,ORD-0044355,2024-01-28,Size Issue,1,313.65
RET-003109,ORD-0044378,2024-11-16,Late Delivery,1,396.75
RET-003110,ORD-0044379,2024-11-12,Quality Issue,1,254.15
RET-003111,ORD-0044381,2023-10-16,Wrong Product,1,211.65
RET-003112,ORD-0044382,2024-11-12,Other,1,2264.25
RET-003113,ORD-0044404,2024-04-12,Size Issue,1,4419.0
RET-003114,ORD-0044411,2024-06-14,Size Issue,1,854.1
RET-003115,ORD-0044446,2022-12-27,Quality Issue,1,2789.0
RET-003116,ORD-0044448,2022-01-24,Size Issue,1,512.05
RET-003117,ORD-0044453,2024-06-18,Other,1,872.1
RET-003118,ORD-0044454,2024-07-01,Damaged Product,3,4827.0
RET-003119,ORD-0044470,2024-07-19,Other,1,551.2
RET-003120,ORD-0044472,2022-08-14,Quality Issue,1,369.0
RET-003121,ORD-0044497,2024-01-15,Quality Issue,1,1749.0
RET-003122,ORD-0044507,2023-04-18,Damaged Product,1,10519.0
RET-003123,ORD-0044515,2024-05-20,Size Issue,1,1059.0
RET-003124,ORD-0044521,2024-05-31,Size Issue,2,2494.4
RET-003125,ORD-0044529,2023-08-29,Quality Issue,1,526.15
RET-003126,ORD-0044558,2024-01-25,Quality Issue,1,2925.05
RET-003127,ORD-0044569,2022-11-21,Late Delivery,4,5277.0
RET-003128,ORD-0044589,2023-03-27,Changed Mind,2,1347.1
RET-003129,ORD-0044620,2023-09-13,Damaged Product,1,1279.0
RET-003130,ORD-0044624,2024-04-18,Wrong Product,1,585.65
RET-003131,ORD-0044659,2024-08-21,Damaged Product,2,970.2
RET-003132,ORD-0044662,2024-08-13,Size Issue,2,10838.0
RET-003133,ORD-0044666,2023-07-06,Late Delivery,2,1575.1
RET-003134,ORD-0044669,2024-11-16,Damaged Product,1,1358.1
RET-003135,ORD-0044677,2022-05-12,Late Delivery,2,300.0
RET-003136,ORD-0044680,2024-09-20,Wrong Product,1,1215.05
RET-003137,ORD-0044689,2024-05-16,Quality Issue,1,2019.0
RET-003138,ORD-0044709,2024-09-06,Other,1,466.65
RET-003139,ORD-0044793,2022-12-23,Size Issue,1,616.55
RET-003140,ORD-0044811,2024-04-02,Damaged Product,1,14984.1
RET-003141,ORD-0044815,2023-09-01,Damaged Product,1,3178.15
RET-003142,ORD-0044816,2024-08-11,Changed Mind,1,519.0
RET-003143,ORD-0044833,2023-10-07,Damaged Product,1,3229.05
RET-003144,ORD-0044842,2024-04-21,Wrong Product,2,498.0
RET-003145,ORD-0044859,2023-03-11,Quality Issue,1,329.0
RET-003146,ORD-0044860,2023-09-28,Wrong Product,1,809.0
RET-003147,ORD-0044877,2024-10-10,Size Issue,1,919.0
RET-003148,ORD-0044888,2023-10-10,Quality Issue,1,269.0
RET-003149,ORD-0044900,2022-08-05,Quality Issue,1,3144.15
RET-003150,ORD-0044917,2024-11-22,Quality Issue,1,332.1
RET-003151,ORD-0044921,2023-09-17,Size Issue,2,2878.2
RET-003152,ORD-0044931,2024-07-30,Changed Mind,1,4426.05
RET-003153,ORD-0044944,2022-04-20,Size Issue,2,6819.1
RET-003154,ORD-0044948,2024-03-01,Size Issue,1,2379.0
RET-003155,ORD-0044953,2024-10-18,Quality Issue,2,1748.6
RET-003156,ORD-0044954,2024-06-18,Quality Issue,1,512.05
RET-003157,ORD-0044962,2022-11-17,Damaged Product,1,3572.1
RET-003158,ORD-0044994,2022-08-06,Changed Mind,1,1052.1
RET-003159,ORD-0045011,2023-12-28,Damaged Product,1,2649.0
RET-003160,ORD-0045044,2023-11-23,Size Issue,1,519.0
RET-003161,ORD-0045073,2024-08-08,Size Issue,1,3229.05
RET-003162,ORD-0045077,2023-04-17,Size Issue,1,551.65
RET-003163,ORD-0045078,2024-12-28,Size Issue,4,7436.0
RET-003164,ORD-0045093,2023-09-03,Quality Issue,1,874.65
RET-003165,ORD-0045095,2024-11-05,Size Issue,1,381.65
RET-003166,ORD-0045099,2022-03-31,Damaged Product,1,3005.1
RET-003167,ORD-0045111,2024-10-18,Size Issue,1,1364.3
RET-003168,ORD-0045116,2024-04-27,Wrong Product,2,3513.1
RET-003169,ORD-0045118,2024-07-02,Late Delivery,1,287.2
RET-003170,ORD-0045120,2023-11-09,Damaged Product,2,1042.2
RET-003171,ORD-0045121,2024-03-12,Damaged Product,1,2006.1
RET-003172,ORD-0045129,2023-05-11,Quality Issue,1,493.05
RET-003173,ORD-0045138,2024-06-17,Damaged Product,1,4189.65
RET-003174,ORD-0045159,2023-07-13,Quality Issue,1,619.0
RET-003175,ORD-0045161,2024-03-28,Size Issue,1,649.0
RET-003176,ORD-0045162,2023-10-09,Quality Issue,1,3939.0
RET-003177,ORD-0045193,2023-04-02,Late Delivery,1,3827.55
RET-003178,ORD-0045198,2024-09-25,Quality Issue,1,1920.15
RET-003179,ORD-0045224,2024-09-02,Late Delivery,1,1671.05
RET-003180,ORD-0045228,2023-10-17,Quality Issue,1,647.2
RET-003181,ORD-0045254,2024-04-26,Size Issue,1,1199.0
RET-003182,ORD-0045276,2023-11-18,Quality Issue,3,813.45
RET-003183,ORD-0045288,2024-08-19,Size Issue,1,749.0
RET-003184,ORD-0045292,2023-08-11,Damaged Product,1,1759.0
RET-003185,ORD-0045309,2023-11-26,Quality Issue,2,2398.4
RET-003186,ORD-0045313,2023-12-19,Changed Mind,1,278.1
RET-003187,ORD-0045329,2024-04-09,Changed Mind,3,2590.65
RET-003188,ORD-0045331,2024-08-20,Late Delivery,1,367.2
RET-003189,ORD-0045343,2023-10-13,Damaged Product,1,2771.1
RET-003190,ORD-0045345,2024-05-02,Late Delivery,1,839.0
RET-003191,ORD-0045359,2024-02-01,Size Issue,1,1087.15
RET-003192,ORD-0045361,2024-03-17,Wrong Product,1,989.0
RET-003193,ORD-0045368,2023-11-10,Damaged Product,1,313.65
RET-003194,ORD-0045369,2023-06-05,Damaged Product,1,559.55
RET-003195,ORD-0045389,2024-01-28,Size Issue,1,869.0
RET-003196,ORD-0045396,2024-09-10,Changed Mind,1,1279.0
RET-003197,ORD-0045406,2024-04-18,Size Issue,1,2022.55
RET-003198,ORD-0045434,2023-07-16,Changed Mind,1,4131.55
RET-003199,ORD-0045456,2024-06-04,Size Issue,1,4709.0
RET-003200,ORD-0045478,2023-02-10,Size Issue,1,3169.0
RET-003201,ORD-0045482,2023-12-02,Other,1,3079.0
RET-003202,ORD-0045497,2024-09-01,Quality Issue,1,494.1
RET-003203,ORD-0045516,2023-09-03,Size Issue,1,4094.1
RET-003204,ORD-0045523,2024-10-28,Other,1,135.15
RET-003205,ORD-0045547,2024-03-31,Damaged Product,5,15290.25
RET-003206,ORD-0045564,2024-07-21,Size Issue,1,673.55
RET-003207,ORD-0045592,2024-08-26,Changed Mind,2,43018.0
RET-003208,ORD-0045606,2023-01-16,Damaged Product,5,2650.5
RET-003209,ORD-0045624,2024-11-28,Quality Issue,1,135.0
RET-003210,ORD-0045625,2024-10-19,Wrong Product,1,566.1
RET-003211,ORD-0045630,2023-10-08,Quality Issue,1,815.15
RET-003212,ORD-0045636,2024-12-28,Damaged Product,1,1490.55
RET-003213,ORD-0045637,2024-10-19,Damaged Product,1,1700.1
RET-003214,ORD-0045642,2024-03-14,Size Issue,3,3331.65
RET-003215,ORD-0045663,2023-01-16,Wrong Product,1,645.05
RET-003216,ORD-0045683,2024-06-12,Damaged Product,1,20024.1
RET-003217,ORD-0045694,2022-03-03,Quality Issue,1,1749.0
RET-003218,ORD-0045708,2023-11-14,Size Issue,1,228.65
RET-003219,ORD-0045714,2023-03-13,Damaged Product,1,568.65
RET-003220,ORD-0045720,2023-03-11,Quality Issue,1,919.0
RET-003221,ORD-0045730,2023-02-20,Quality Issue,1,1279.0
RET-003222,ORD-0045740,2023-04-17,Size Issue,1,749.0
RET-003223,ORD-0045746,2024-04-05,Quality Issue,1,409.0
RET-003224,ORD-0045810,2023-11-27,Damaged Product,1,2906.1
RET-003225,ORD-0045842,2024-05-19,Other,1,559.2
RET-003226,ORD-0045855,2024-02-13,Quality Issue,1,818.1
RET-003227,ORD-0045903,2024-04-13,Size Issue,1,926.1
RET-003228,ORD-0045915,2024-06-03,Quality Issue,1,1934.1
RET-003229,ORD-0045916,2024-10-23,Size Issue,1,1091.3
RET-003230,ORD-0045930,2022-05-29,Late Delivery,1,559.0
RET-003231,ORD-0045939,2023-03-03,Wrong Product,1,215.1
RET-003232,ORD-0045961,2024-05-09,Wrong Product,1,459.0
RET-003233,ORD-0046026,2023-12-30,Size Issue,1,825.55
RET-003234,ORD-0046046,2023-07-31,Damaged Product,1,3409.0
RET-003235,ORD-0046103,2024-08-16,Damaged Product,1,2811.05
RET-003236,ORD-0046109,2023-08-12,Size Issue,1,529.0
RET-003237,ORD-0046110,2022-07-28,Wrong Product,1,1079.1
RET-003238,ORD-0046114,2023-06-28,Damaged Product,1,349.0
RET-003239,ORD-0046121,2024-02-25,Changed Mind,1,1199.0
RET-003240,ORD-0046144,2023-07-25,Damaged Product,1,839.0
RET-003241,ORD-0046176,2024-11-30,Quality Issue,2,2463.3
RET-003242,ORD-0046178,2023-12-02,Late Delivery,1,327.2
RET-003243,ORD-0046190,2024-08-07,Wrong Product,2,2338.2
RET-003244,ORD-0046192,2024-08-30,Damaged Product,1,4538.15
RET-003245,ORD-0046197,2024-08-31,Size Issue,1,638.1
RET-003246,ORD-0046198,2023-11-29,Quality Issue,1,823.2
RET-003247,ORD-0046213,2024-10-14,Late Delivery,1,1934.1
RET-003248,ORD-0046215,2023-03-21,Quality Issue,1,1394.1
RET-003249,ORD-0046246,2024-03-01,Changed Mind,1,2736.15
RET-003250,ORD-0046247,2024-06-06,Changed Mind,1,1099.0
RET-003251,ORD-0046298,2024-07-12,Damaged Product,2,558.0
RET-003252,ORD-0046316,2023-11-30,Quality Issue,1,3099.0
RET-003253,ORD-0046327,2023-12-29,Other,1,2149.0
RET-003254,ORD-0046330,2024-06-26,Other,1,789.0
RET-003255,ORD-0046335,2023-08-17,Damaged Product,1,103.55
RET-003256,ORD-0046354,2024-11-02,Changed Mind,1,475.3
RET-003257,ORD-0046395,2022-09-25,Other,1,1699.0
RET-003258,ORD-0046398,2023-12-03,Late Delivery,1,619.0
RET-003259,ORD-0046424,2022-05-20,Size Issue,1,611.1
RET-003260,ORD-0046479,2024-01-23,Quality Issue,1,800.1
RET-003261,ORD-0046518,2024-02-06,Size Issue,1,863.1
RET-003262,ORD-0046521,2024-05-20,Damaged Product,1,237.15
RET-003263,ORD-0046573,2024-11-04,Wrong Product,1,857.65
RET-003264,ORD-0046574,2024-02-03,Changed Mind,1,1949.0
RET-003265,ORD-0046619,2023-06-22,Quality Issue,3,17727.0
RET-003266,ORD-0046658,2023-10-15,Wrong Product,1,7766.1
RET-003267,ORD-0046672,2023-09-16,Size Issue,1,3048.55
RET-003268,ORD-0046680,2024-10-06,Size Issue,1,1359.15
RET-003269,ORD-0046687,2023-07-22,Changed Mind,1,3167.1
RET-003270,ORD-0046693,2022-02-19,Damaged Product,1,2089.0
RET-003271,ORD-0046738,2023-09-29,Late Delivery,1,719.0
RET-003272,ORD-0046760,2024-10-23,Changed Mind,2,1678.0
RET-003273,ORD-0046768,2023-08-14,Other,1,1384.65
RET-003274,ORD-0046801,2023-04-14,Wrong Product,1,2649.0
RET-003275,ORD-0046805,2022-10-19,Wrong Product,1,390.15
RET-003276,ORD-0046831,2023-12-05,Damaged Product,1,1959.0
RET-003277,ORD-0046837,2022-10-22,Wrong Product,1,276.75
RET-003278,ORD-0046852,2023-09-23,Quality Issue,1,3067.55
RET-003279,ORD-0046857,2023-11-17,Quality Issue,1,3489.0
RET-003280,ORD-0046862,2022-11-15,Damaged Product,1,791.2
RET-003281,ORD-0046872,2024-06-19,Quality Issue,1,1325.15
RET-003282,ORD-0046901,2024-09-12,Damaged Product,2,6678.0
RET-003283,ORD-0046906,2022-01-17,Late Delivery,1,1859.0
RET-003284,ORD-0046909,2023-04-19,Size Issue,3,1348.95
RET-003285,ORD-0046918,2024-06-30,Wrong Product,1,569.05
RET-003286,ORD-0046926,2024-02-17,Damaged Product,1,6479.0
RET-003287,ORD-0046928,2024-07-22,Quality Issue,1,749.0
RET-003288,ORD-0046934,2023-04-29,Quality Issue,1,1481.05
RET-003289,ORD-0046945,2024-06-02,Wrong Product,1,2735.2
RET-003290,ORD-0046965,2023-10-05,Changed Mind,1,1547.1
RET-003291,ORD-0046977,2023-09-20,Wrong Product,1,1549.0
RET-003292,ORD-0046984,2024-02-03,Size Issue,1,2402.55
RET-003293,ORD-0047016,2024-09-14,Size Issue,1,1909.0
RET-003294,ORD-0047056,2024-08-13,Size Issue,1,512.1
RET-003295,ORD-0047114,2024-11-14,Changed Mind,1,577.15
RET-003296,ORD-0047122,2024-11-28,Size Issue,1,1349.1
RET-003297,ORD-0047141,2023-02-16,Quality Issue,1,413.1
RET-003298,ORD-0047145,2023-12-11,Changed Mind,1,977.55
RET-003299,ORD-0047168,2023-02-05,Size Issue,1,1766.05
RET-003300,ORD-0047219,2024-11-29,Changed Mind,1,1199.2
RET-003301,ORD-0047237,2023-11-18,Quality Issue,1,615.2
RET-003302,ORD-0047238,2022-12-29,Size Issue,1,739.0
RET-003303,ORD-0047242,2024-10-04,Damaged Product,1,1719.0
RET-003304,ORD-0047248,2024-05-26,Quality Issue,1,854.1
RET-003305,ORD-0047256,2024-11-15,Quality Issue,1,1403.1
RET-003306,ORD-0047258,2024-07-24,Wrong Product,2,8770.3
RET-003307,ORD-0047263,2024-12-09,Wrong Product,1,702.05
RET-003308,ORD-0047269,2023-01-13,Damaged Product,2,1478.0
RET-003309,ORD-0047276,2023-02-15,Damaged Product,1,1599.0
RET-003310,ORD-0047324,2024-10-20,Damaged Product,1,1023.2
RET-003311,ORD-0047340,2023-04-23,Quality Issue,1,539.0
RET-003312,ORD-0047370,2024-03-18,Wrong Product,2,4634.1
RET-003313,ORD-0047404,2024-10-14,Size Issue,1,4009.0
RET-003314,ORD-0047407,2024-03-30,Damaged Product,1,419.0
RET-003315,ORD-0047411,2024-05-04,Changed Mind,1,152.1
RET-003316,ORD-0047437,2024-01-10,Wrong Product,1,1750.15
RET-003317,ORD-0047439,2022-09-13,Size Issue,1,5919.0
RET-003318,ORD-0047449,2023-05-18,Quality Issue,1,227.05
RET-003319,ORD-0047450,2023-01-14,Size Issue,1,594.15
RET-003320,ORD-0047456,2024-06-27,Damaged Product,1,543.2
RET-003321,ORD-0047459,2024-03-19,Quality Issue,1,1918.05
RET-003322,ORD-0047476,2023-10-18,Changed Mind,1,219.0
RET-003323,ORD-0047497,2024-05-20,Changed Mind,1,1949.0
RET-003324,ORD-0047500,2023-04-12,Size Issue,1,1079.0
RET-003325,ORD-0047512,2023-04-20,Damaged Product,1,530.1
RET-003326,ORD-0047525,2022-10-03,Damaged Product,1,1495.2
RET-003327,ORD-0047529,2022-12-23,Changed Mind,1,1262.55
RET-003328,ORD-0047542,2024-08-13,Damaged Product,1,1656.65
RET-003329,ORD-0047543,2023-11-11,Quality Issue,1,191.2
RET-003330,ORD-0047547,2023-09-22,Wrong Product,1,519.0
RET-003331,ORD-0047550,2024-03-05,Changed Mind,1,1189.0
RET-003332,ORD-0047553,2023-07-30,Damaged Product,1,429.0
RET-003333,ORD-0047556,2023-10-06,Wrong Product,1,265.05
RET-003334,ORD-0047576,2023-08-28,Wrong Product,2,618.0
RET-003335,ORD-0047599,2022-05-15,Damaged Product,1,399.0
RET-003336,ORD-0047631,2022-11-07,Quality Issue,1,831.2
RET-003337,ORD-0047632,2022-10-30,Changed Mind,1,335.2
RET-003338,ORD-0047647,2023-11-02,Late Delivery,1,174.3
RET-003339,ORD-0047664,2024-09-19,Damaged Product,2,33590.1
RET-003340,ORD-0047666,2024-09-15,Damaged Product,1,969.0
RET-003341,ORD-0047669,2024-06-12,Damaged Product,1,2339.0
RET-003342,ORD-0047687,2024-11-05,Size Issue,1,649.0
RET-003343,ORD-0047722,2023-05-10,Size Issue,2,7484.1
RET-003344,ORD-0047727,2023-04-28,Late Delivery,1,413.1
RET-003345,ORD-0047736,2024-08-18,Damaged Product,1,1869.0
RET-003346,ORD-0047741,2022-06-19,Size Issue,1,2259.0
RET-003347,ORD-0047742,2024-03-02,Wrong Product,1,619.0
RET-003348,ORD-0047755,2024-06-26,Size Issue,1,579.0
RET-003349,ORD-0047760,2023-10-02,Size Issue,1,2925.05
RET-003350,ORD-0047778,2024-07-20,Changed Mind,1,1279.2
RET-003351,ORD-0047789,2024-08-05,Size Issue,3,8973.45
RET-003352,ORD-0047814,2022-03-06,Changed Mind,1,664.05
RET-003353,ORD-0047830,2024-11-18,Wrong Product,1,3186.75
RET-003354,ORD-0047837,2022-02-12,Quality Issue,1,4549.0
RET-003355,ORD-0047846,2023-09-13,Changed Mind,1,2934.55
RET-003356,ORD-0047877,2022-09-19,Late Delivery,1,2830.05
RET-003357,ORD-0047878,2023-09-23,Size Issue,1,529.0
RET-003358,ORD-0047897,2023-12-04,Quality Issue,1,4096.15
RET-003359,ORD-0047937,2024-08-04,Late Delivery,2,1043.1
RET-003360,ORD-0047939,2022-11-21,Damaged Product,1,39096.75
RET-003361,ORD-0047953,2023-10-07,Damaged Product,1,543.15
RET-003362,ORD-0047955,2022-11-03,Wrong Product,1,4709.0
RET-003363,ORD-0047964,2025-01-04,Late Delivery,1,2303.1
RET-003364,ORD-0047968,2023-10-31,Changed Mind,1,721.65
RET-003365,ORD-0047973,2024-03-02,Changed Mind,1,589.0
RET-003366,ORD-0047976,2023-04-17,Late Delivery,1,519.0
RET-003367,ORD-0047977,2022-07-07,Size Issue,1,639.0
RET-003368,ORD-0047992,2022-04-19,Quality Issue,1,2060.1
RET-003369,ORD-0048016,2024-11-17,Wrong Product,2,1035.3
RET-003370,ORD-0048066,2023-10-28,Damaged Product,1,1716.15
RET-003371,ORD-0048118,2023-10-01,Size Issue,1,669.0
RET-003372,ORD-0048124,2024-10-22,Size Issue,1,651.75
RET-003373,ORD-0048137,2024-10-31,Wrong Product,4,10385.2
RET-003374,ORD-0048156,2023-07-14,Quality Issue,2,2164.1
RET-003375,ORD-0048184,2024-11-18,Quality Issue,1,919.0
RET-003376,ORD-0048207,2023-09-25,Wrong Product,1,1785.05
RET-003377,ORD-0048229,2023-11-26,Damaged Product,1,521.1
RET-003378,ORD-0048232,2023-04-11,Damaged Product,3,777.0
RET-003379,ORD-0048235,2023-08-23,Size Issue,1,1025.05
RET-003380,ORD-0048271,2024-11-10,Late Delivery,1,3359.2
RET-003381,ORD-0048289,2024-10-05,Size Issue,1,2259.0
RET-003382,ORD-0048308,2024-01-29,Changed Mind,2,1936.1
RET-003383,ORD-0048316,2024-10-31,Quality Issue,1,254.15
RET-003384,ORD-0048336,2023-08-24,Size Issue,1,3809.0
RET-003385,ORD-0048340,2024-09-22,Late Delivery,1,2516.55
RET-003386,ORD-0048398,2023-11-27,Size Issue,1,2559.0
RET-003387,ORD-0048403,2023-09-19,Size Issue,1,1599.0
RET-003388,ORD-0048416,2023-12-18,Size Issue,2,7090.2
RET-003389,ORD-0048419,2022-08-06,Changed Mind,1,1916.1
RET-003390,ORD-0048423,2024-07-16,Changed Mind,1,669.0
RET-003391,ORD-0048432,2024-05-06,Other,1,475.15
RET-003392,ORD-0048467,2024-11-09,Quality Issue,2,2038.0
RET-003393,ORD-0048497,2022-08-15,Damaged Product,1,459.0
RET-003394,ORD-0048535,2023-12-08,Size Issue,1,1409.0
RET-003395,ORD-0048542,2024-02-29,Damaged Product,1,2868.05
RET-003396,ORD-0048551,2023-04-04,Wrong Product,1,70.0
RET-003397,ORD-0048569,2024-06-11,Quality Issue,1,458.1
RET-003398,ORD-0048576,2024-07-03,Damaged Product,1,3343.05
RET-003399,ORD-0048596,2024-02-01,Wrong Product,2,16098.0
RET-003400,ORD-0048618,2023-12-27,Changed Mind,2,2050.1
RET-003401,ORD-0048621,2022-05-31,Wrong Product,1,17802.05
RET-003402,ORD-0048661,2023-01-14,Changed Mind,1,1262.55
RET-003403,ORD-0048672,2024-03-08,Wrong Product,1,1754.1
RET-003404,ORD-0048679,2024-01-02,Size Issue,1,483.55
RET-003405,ORD-0048682,2023-02-22,Wrong Product,1,1409.0
RET-003406,ORD-0048699,2024-05-08,Changed Mind,1,219.0
RET-003407,ORD-0048710,2024-10-22,Wrong Product,1,4094.1
RET-003408,ORD-0048738,2023-08-27,Quality Issue,1,901.55
RET-003409,ORD-0048754,2023-08-04,Other,1,702.05
RET-003410,ORD-0048755,2024-08-03,Quality Issue,1,577.15
RET-003411,ORD-0048771,2024-06-14,Damaged Product,1,350.55
RET-003412,ORD-0048773,2024-05-03,Damaged Product,1,3552.05
RET-003413,ORD-0048778,2022-12-27,Damaged Product,1,616.55
RET-003414,ORD-0048785,2023-09-22,Size Issue,3,9366.3
RET-003415,ORD-0048812,2022-12-29,Damaged Product,1,825.55
RET-003416,ORD-0048813,2024-12-09,Changed Mind,2,6198.0
RET-003417,ORD-0048855,2024-04-27,Size Issue,1,3079.0
RET-003418,ORD-0048858,2024-10-17,Quality Issue,2,6638.0
RET-003419,ORD-0048879,2022-12-11,Size Issue,1,1569.0
RET-003420,ORD-0048899,2023-11-18,Wrong Product,1,347.65
RET-003421,ORD-0048918,2024-07-07,Damaged Product,1,568.65
RET-003422,ORD-0048932,2022-07-22,Quality Issue,1,519.0
RET-003423,ORD-0048934,2023-12-01,Damaged Product,2,8958.0
RET-003424,ORD-0048941,2023-10-25,Wrong Product,1,629.0
RET-003425,ORD-0048953,2023-11-09,Damaged Product,2,430.2
RET-003426,ORD-0048968,2024-04-02,Quality Issue,1,3489.0
RET-003427,ORD-0048975,2024-01-11,Late Delivery,1,1009.0
RET-003428,ORD-0048985,2022-10-01,Quality Issue,1,920.55
RET-003429,ORD-0048986,2022-10-30,Damaged Product,1,259.0
RET-003430,ORD-0048996,2023-01-27,Quality Issue,1,584.1
RET-003431,ORD-0048999,2024-06-17,Quality Issue,1,2199.0
RET-003432,ORD-0049002,2024-10-09,Size Issue,1,665.1
RET-003433,ORD-0049023,2024-04-04,Size Issue,1,467.1
RET-003434,ORD-0049047,2023-06-01,Wrong Product,1,863.55
RET-003435,ORD-0049059,2023-12-31,Wrong Product,2,4350.3
RET-003436,ORD-0049065,2024-05-17,Quality Issue,1,1961.1
RET-003437,ORD-0049071,2022-12-20,Quality Issue,1,689.0
RET-003438,ORD-0049076,2024-05-08,Damaged Product,1,599.0
RET-003439,ORD-0049103,2022-03-01,Wrong Product,1,312.55
RET-003440,ORD-0049113,2024-03-04,Other,1,259.0
RET-003441,ORD-0049114,2023-06-01,Wrong Product,1,3079.0
RET-003442,ORD-0049138,2022-01-10,Changed Mind,1,616.55
RET-003443,ORD-0049163,2024-11-23,Changed Mind,1,1063.2
RET-003444,ORD-0049166,2023-06-02,Wrong Product,1,669.0
RET-003445,ORD-0049190,2024-03-13,Changed Mind,1,467.1
RET-003446,ORD-0049196,2023-07-28,Changed Mind,2,160.0
RET-003447,ORD-0049204,2023-12-15,Damaged Product,1,19968.05
RET-003448,ORD-0049220,2023-01-19,Wrong Product,1,1459.0
RET-003449,ORD-0049230,2024-06-20,Changed Mind,1,4436.1
RET-003450,ORD-0049237,2023-08-05,Size Issue,1,1348.05
RET-003451,ORD-0049244,2024-04-08,Late Delivery,1,1412.1
RET-003452,ORD-0049246,2023-07-19,Wrong Product,1,5110.05
RET-003453,ORD-0049258,2023-05-27,Changed Mind,1,1794.55
RET-003454,ORD-0049262,2023-10-14,Quality Issue,1,1169.1
RET-003455,ORD-0049267,2022-12-28,Damaged Product,1,247.2
RET-003456,ORD-0049289,2023-01-18,Size Issue,1,467.1
RET-003457,ORD-0049300,2024-06-29,Wrong Product,1,549.0
RET-003458,ORD-0049330,2024-05-23,Quality Issue,1,3489.0
RET-003459,ORD-0049332,2022-02-17,Late Delivery,1,61839.0
RET-003460,ORD-0049338,2023-05-23,Damaged Product,1,2789.0
RET-003461,ORD-0049344,2024-10-29,Changed Mind,2,934.2
RET-003462,ORD-0049352,2023-05-14,Changed Mind,1,175.2
RET-003463,ORD-0049356,2023-07-05,Size Issue,1,3099.0
RET-003464,ORD-0049386,2024-06-30,Wrong Product,1,296.1
RET-003465,ORD-0049431,2024-10-09,Size Issue,1,503.1
RET-003466,ORD-0049445,2024-11-12,Wrong Product,1,5189.25
RET-003467,ORD-0049450,2024-06-16,Quality Issue,1,11659.0
RET-003468,ORD-0049454,2024-12-15,Wrong Product,1,669.0
RET-003469,ORD-0049505,2024-09-28,Damaged Product,1,219.0
RET-003470,ORD-0049515,2022-07-04,Damaged Product,1,1759.0
RET-003471,ORD-0049522,2025-01-03,Late Delivery,1,2672.1
RET-003472,ORD-0049560,2022-02-12,Quality Issue,3,6909.3
RET-003473,ORD-0049570,2024-03-23,Changed Mind,1,679.0
RET-003474,ORD-0049593,2024-07-07,Wrong Product,1,369.0
RET-003475,ORD-0049597,2024-04-29,Quality Issue,1,3409.0
RET-003476,ORD-0049611,2023-05-20,Damaged Product,1,309.0
RET-003477,ORD-0049625,2024-01-09,Size Issue,1,809.0
RET-003478,ORD-0049631,2023-09-25,Size Issue,1,679.0
RET-003479,ORD-0049647,2024-05-03,Quality Issue,1,3809.0
RET-003480,ORD-0049652,2024-08-25,Damaged Product,1,279.0
RET-003481,ORD-0049664,2024-10-30,Quality Issue,1,887.2
RET-003482,ORD-0049667,2024-04-17,Wrong Product,1,436.05
RET-003483,ORD-0049692,2023-11-20,Size Issue,1,4031.1
RET-003484,ORD-0049698,2022-08-09,Damaged Product,2,318.0
RET-003485,ORD-0049703,2022-10-02,Wrong Product,1,1949.0
RET-003486,ORD-0049706,2025-01-05,Quality Issue,1,579.0
RET-003487,ORD-0049712,2024-08-04,Changed Mind,1,2559.0
RET-003488,ORD-0049724,2023-01-24,Quality Issue,1,749.0
RET-003489,ORD-0049741,2024-06-16,Size Issue,1,2868.05
RET-003490,ORD-0049746,2023-12-14,Damaged Product,1,449.65
RET-003491,ORD-0049751,2022-11-28,Damaged Product,1,935.2
RET-003492,ORD-0049804,2022-08-28,Changed Mind,1,2129.0
RET-003493,ORD-0049825,2022-05-30,Wrong Product,1,239.0
RET-003494,ORD-0049827,2024-11-04,Size Issue,1,449.65
RET-003495,ORD-0049852,2024-04-02,Wrong Product,1,227.05
RET-003496,ORD-0049863,2024-05-27,Size Issue,1,1329.0
RET-003497,ORD-0049865,2024-12-25,Other,1,1349.0
RET-003498,ORD-0049874,2023-06-02,Size Issue,1,509.0
RET-003499,ORD-0049895,2024-06-21,Quality Issue,1,309.0
RET-003500,ORD-0049907,2023-05-23,Size Issue,1,818.1
RET-003501,ORD-0049935,2024-12-06,Quality Issue,2,2918.0
RET-003502,ORD-0049981,2024-01-06,Late Delivery,1,329.0
RET-003503,ORD-0049984,2023-05-30,Late Delivery,1,636.65
RET-003504,ORD-0049995,2023-01-18,Quality Issue,1,246.05
RET-003505,ORD-0049999,2022-04-20,Size Issue,1,3118.65
RET-003506,ORD-0050007,2024-01-14,Late Delivery,1,1629.0
RET-003507,ORD-0050016,2023-09-25,Changed Mind,1,220.15
RET-003508,ORD-0050017,2023-04-08,Quality Issue,1,749.0
RET-003509,ORD-0050027,2024-04-23,Changed Mind,1,312.55
RET-003510,ORD-0050031,2024-09-13,Quality Issue,2,338.0
RET-003511,ORD-0050050,2024-12-03,Changed Mind,1,638.1
RET-003512,ORD-0050071,2023-08-13,Wrong Product,1,989.0
RET-003513,ORD-0050127,2022-04-09,Damaged Product,1,3969.0
RET-003514,ORD-0050146,2024-09-06,Size Issue,3,3087.0
RET-003515,ORD-0050149,2024-11-22,Changed Mind,1,4847.2
RET-003516,ORD-0050163,2023-02-20,Late Delivery,1,702.05
RET-003517,ORD-0050164,2024-08-16,Changed Mind,1,485.1
RET-003518,ORD-0050189,2024-10-29,Quality Issue,1,1707.65
RET-003519,ORD-0050209,2023-07-31,Damaged Product,2,1114.2
RET-003520,ORD-0050232,2022-08-28,Damaged Product,1,679.0
RET-003521,ORD-0050238,2024-02-04,Quality Issue,1,259.0
RET-003522,ORD-0050239,2024-02-21,Size Issue,1,1718.1
RET-003523,ORD-0050263,2022-11-17,Quality Issue,1,5409.0
RET-003524,ORD-0050266,2023-10-07,Other,1,7334.65
RET-003525,ORD-0050296,2022-08-13,Late Delivery,1,259.0
RET-003526,ORD-0050303,2024-11-01,Quality Issue,1,1029.0
RET-003527,ORD-0050309,2023-08-22,Damaged Product,1,483.55
RET-003528,ORD-0050310,2024-05-22,Size Issue,1,1386.05
RET-003529,ORD-0050326,2023-11-29,Wrong Product,1,262.65
RET-003530,ORD-0050335,2023-12-26,Late Delivery,1,649.0
RET-003531,ORD-0050348,2024-12-05,Other,1,16783.2
RET-003532,ORD-0050391,2024-12-16,Quality Issue,1,1449.0
RET-003533,ORD-0050406,2023-03-02,Quality Issue,1,829.0
RET-003534,ORD-0050413,2023-12-05,Wrong Product,1,539.0
RET-003535,ORD-0050425,2023-12-03,Size Issue,1,2213.1
RET-003536,ORD-0050448,2022-11-30,Quality Issue,2,6414.4
RET-003537,ORD-0050450,2023-05-06,Other,2,6178.0
RET-003538,ORD-0050481,2024-11-14,Damaged Product,1,899.0
RET-003539,ORD-0050482,2023-07-25,Quality Issue,2,13108.1
RET-003540,ORD-0050498,2022-12-20,Changed Mind,1,809.0
RET-003541,ORD-0050545,2023-05-09,Wrong Product,1,649.0
RET-003542,ORD-0050550,2022-12-09,Damaged Product,1,543.15
RET-003543,ORD-0050556,2022-11-19,Damaged Product,1,2132.1
RET-003544,ORD-0050565,2024-07-22,Changed Mind,1,107.1
RET-003545,ORD-0050566,2022-11-09,Size Issue,1,2639.25
RET-003546,ORD-0050575,2024-04-04,Damaged Product,1,329.0
RET-003547,ORD-0050597,2024-06-02,Late Delivery,1,262.65
RET-003548,ORD-0050601,2022-10-23,Changed Mind,1,2906.15
RET-003549,ORD-0050609,2024-12-04,Damaged Product,2,3454.2
RET-003550,ORD-0050626,2024-10-02,Wrong Product,1,588.05
RET-003551,ORD-0050663,2024-05-24,Size Issue,1,1197.65
RET-003552,ORD-0050666,2023-06-29,Size Issue,1,909.0
RET-003553,ORD-0050677,2023-12-01,Damaged Product,1,509.15
RET-003554,ORD-0050678,2024-05-30,Damaged Product,1,80.0
RET-003555,ORD-0050693,2022-12-24,Wrong Product,1,664.05
RET-003556,ORD-0050696,2024-05-01,Quality Issue,1,775.2
RET-003557,ORD-0050726,2024-06-10,Damaged Product,1,247.2
RET-003558,ORD-0050766,2023-06-17,Size Issue,1,669.0
RET-003559,ORD-0050791,2023-02-09,Damaged Product,1,332.1
RET-003560,ORD-0050801,2022-08-06,Changed Mind,1,409.0
RET-003561,ORD-0050810,2023-06-29,Size Issue,1,911.05
RET-003562,ORD-0050812,2024-05-29,Damaged Product,5,2445.0
RET-003563,ORD-0050815,2023-09-23,Late Delivery,1,749.0
RET-003564,ORD-0050817,2022-08-10,Changed Mind,1,2789.0
RET-003565,ORD-0050818,2024-10-06,Size Issue,1,2820.55
RET-003566,ORD-0050847,2023-07-11,Wrong Product,1,1359.15
RET-003567,ORD-0050858,2024-09-22,Damaged Product,2,2338.0
RET-003568,ORD-0050860,2023-08-20,Wrong Product,1,255.55
RET-003569,ORD-0050873,2024-01-30,Wrong Product,1,569.0
RET-003570,ORD-0050899,2024-02-25,Late Delivery,1,911.05
RET-003571,ORD-0050903,2024-09-09,Wrong Product,1,519.2
RET-003572,ORD-0050913,2022-11-01,Quality Issue,1,4521.15
RET-003573,ORD-0050928,2024-09-10,Changed Mind,2,926.4
RET-003574,ORD-0050943,2023-09-17,Other,1,953.1
RET-003575,ORD-0050967,2024-05-23,Size Issue,1,2672.1
RET-003576,ORD-0050969,2024-02-07,Damaged Product,1,2174.55
RET-003577,ORD-0050970,2024-05-26,Damaged Product,1,602.1
RET-003578,ORD-0050988,2024-01-21,Quality Issue,3,327.0
RET-003579,ORD-0051005,2024-01-30,Damaged Product,1,1539.0
RET-003580,ORD-0051008,2024-04-26,Damaged Product,2,11718.0
RET-003581,ORD-0051016,2024-06-24,Damaged Product,1,3607.2
RET-003582,ORD-0051019,2024-10-07,Size Issue,1,874.65
RET-003583,ORD-0051020,2023-09-04,Changed Mind,1,2639.0
RET-003584,ORD-0051049,2024-05-10,Size Issue,1,939.55
RET-003585,ORD-0051050,2023-11-01,Damaged Product,1,521.1
RET-003586,ORD-0051082,2024-10-29,Late Delivery,1,381.75
RET-003587,ORD-0051084,2023-05-10,Late Delivery,2,3718.0
RET-003588,ORD-0051141,2024-03-18,Size Issue,4,2676.0
RET-003589,ORD-0051150,2024-05-15,Damaged Product,1,350.55
RET-003590,ORD-0051157,2023-04-21,Damaged Product,1,569.0
RET-003591,ORD-0051169,2022-04-14,Changed Mind,1,559.0
RET-003592,ORD-0051171,2023-05-28,Wrong Product,2,898.0
RET-003593,ORD-0051176,2022-02-15,Other,1,1599.0
RET-003594,ORD-0051195,2023-11-24,Changed Mind,1,203.15
RET-003595,ORD-0051206,2024-07-10,Other,2,8643.1
RET-003596,ORD-0051211,2024-11-30,Wrong Product,1,228.65
RET-003597,ORD-0051227,2025-01-01,Damaged Product,1,479.2
RET-003598,ORD-0051264,2024-07-28,Quality Issue,1,926.1
RET-003599,ORD-0051311,2024-09-17,Size Issue,2,2738.0
RET-003600,ORD-0051312,2024-02-15,Wrong Product,1,429.0
RET-003601,ORD-0051316,2024-01-12,Wrong Product,1,2573.1
RET-003602,ORD-0051331,2024-07-12,Quality Issue,1,1079.0
RET-003603,ORD-0051333,2024-04-02,Changed Mind,1,314.1
RET-003604,ORD-0051350,2023-12-28,Quality Issue,1,702.05
RET-003605,ORD-0051358,2023-01-16,Size Issue,1,3169.0
RET-003606,ORD-0051373,2023-12-08,Damaged Product,2,13618.0
RET-003607,ORD-0051376,2023-03-10,Damaged Product,1,3039.05
RET-003608,ORD-0051378,2024-01-15,Size Issue,1,1559.0
RET-003609,ORD-0051399,2024-06-18,Size Issue,1,1169.0
RET-003610,ORD-0051419,2023-07-26,Changed Mind,1,1869.0
RET-003611,ORD-0051426,2024-03-12,Quality Issue,1,76.0
RET-003612,ORD-0051459,2023-06-26,Damaged Product,1,797.05
RET-003613,ORD-0051460,2023-07-17,Wrong Product,1,768.55
RET-003614,ORD-0051465,2024-10-15,Damaged Product,1,1231.2
RET-003615,ORD-0051489,2023-07-22,Wrong Product,1,76.0
RET-003616,ORD-0051490,2023-10-18,Size Issue,2,4066.2
RET-003617,ORD-0051497,2022-10-26,Size Issue,1,1059.0
RET-003618,ORD-0051499,2024-04-03,Size Issue,2,430.2
RET-003619,ORD-0051507,2022-07-27,Late Delivery,2,933.3
RET-003620,ORD-0051513,2024-09-16,Wrong Product,1,3129.0
RET-003621,ORD-0051526,2024-07-19,Quality Issue,1,969.0
RET-003622,ORD-0051531,2023-10-19,Late Delivery,1,3866.65
RET-003623,ORD-0051534,2024-01-02,Late Delivery,1,1039.0
RET-003624,ORD-0051535,2024-04-07,Size Issue,1,3739.0
RET-003625,ORD-0051542,2023-01-28,Late Delivery,1,469.0
RET-003626,ORD-0051563,2024-11-23,Late Delivery,1,551.65
RET-003627,ORD-0051620,2023-09-06,Quality Issue,1,519.0
RET-003628,ORD-0051622,2023-12-26,Size Issue,1,1059.0
RET-003629,ORD-0051651,2024-10-30,Wrong Product,1,1869.15
RET-003630,ORD-0051661,2024-09-19,Size Issue,1,767.2
RET-003631,ORD-0051672,2022-03-25,Changed Mind,2,5251.3
RET-003632,ORD-0051750,2024-10-27,Other,1,726.75
RET-003633,ORD-0051755,2023-03-20,Changed Mind,1,809.0
RET-003634,ORD-0051756,2022-07-13,Size Issue,1,909.0
RET-003635,ORD-0051759,2024-11-17,Damaged Product,1,713.15
RET-003636,ORD-0051788,2024-06-15,Changed Mind,1,5689.55
RET-003637,ORD-0051811,2024-12-10,Damaged Product,1,664.05
RET-003638,ORD-0051855,2024-06-22,Wrong Product,1,551.65
RET-003639,ORD-0051918,2024-08-24,Size Issue,2,2818.0
RET-003640,ORD-0051924,2023-11-10,Changed Mind,2,6043.5
RET-003641,ORD-0051933,2024-10-18,Quality Issue,1,629.0
RET-003642,ORD-0051971,2024-12-22,Late Delivery,1,475.15
RET-003643,ORD-0051977,2024-01-31,Late Delivery,1,242.1
RET-003644,ORD-0052004,2024-12-01,Damaged Product,2,1243.5
RET-003645,ORD-0052011,2022-11-09,Quality Issue,1,45665.1
RET-003646,ORD-0052012,2023-10-26,Size Issue,1,699.0
RET-003647,ORD-0052015,2024-03-14,Damaged Product,1,1759.0
RET-003648,ORD-0052043,2024-06-16,Damaged Product,2,8698.0
RET-003649,ORD-0052069,2023-11-21,Damaged Product,1,1656.65
RET-003650,ORD-0052073,2023-11-15,Late Delivery,1,492.15
RET-003651,ORD-0052082,2023-01-04,Quality Issue,1,2751.2
RET-003652,ORD-0052112,2024-07-07,Other,1,509.0
RET-003653,ORD-0052126,2023-09-05,Damaged Product,1,530.1
RET-003654,ORD-0052146,2023-09-27,Size Issue,1,2829.0
RET-003655,ORD-0052157,2023-12-28,Damaged Product,1,2033.1
RET-003656,ORD-0052176,2024-04-29,Quality Issue,1,1559.0
RET-003657,ORD-0052199,2024-03-01,Quality Issue,1,2526.05
RET-003658,ORD-0052201,2023-04-15,Damaged Product,3,5949.6
RET-003659,ORD-0052204,2023-07-19,Quality Issue,1,5318.1
RET-003660,ORD-0052206,2024-10-07,Size Issue,1,1466.1
RET-003661,ORD-0052241,2024-08-27,Late Delivery,2,4463.1
RET-003662,ORD-0052245,2022-06-13,Quality Issue,1,63.0
RET-003663,ORD-0052269,2024-01-08,Size Issue,1,1547.55
RET-003664,ORD-0052295,2022-12-27,Wrong Product,2,4198.0
RET-003665,ORD-0052296,2024-12-28,Wrong Product,1,409.0
RET-003666,ORD-0052315,2024-10-30,Damaged Product,1,636.65
RET-003667,ORD-0052321,2022-04-21,Damaged Product,1,279.0
RET-003668,ORD-0052337,2024-06-03,Damaged Product,1,739.0
RET-003669,ORD-0052376,2023-02-12,Quality Issue,1,2231.55
RET-003670,ORD-0052387,2024-07-05,Late Delivery,1,11689.0
RET-003671,ORD-0052440,2023-12-02,Quality Issue,1,6195.65
RET-003672,ORD-0052442,2024-03-02,Size Issue,1,493.05
RET-003673,ORD-0052446,2023-03-30,Damaged Product,1,1399.0
RET-003674,ORD-0052449,2024-06-02,Changed Mind,1,233.1
RET-003675,ORD-0052473,2024-05-07,Damaged Product,1,1279.0
RET-003676,ORD-0052484,2023-02-12,Damaged Product,1,2006.1
