customer_id,customer_name,gender,age,city,state,region,signup_date,customer_segment
CUST-00001,Manish Malhotra,Male,20,Delhi,Delhi,North,2021-02-21,Loyal Customer
CUST-00002,Ayaan Patel,Male,36,Patna,Bihar,East,2021-10-13,Loyal Customer
CUST-00003,Swati Dutta,Female,26,Delhi,Delhi,North,2024-01-22,Regular Customer
CUST-00004,Kabir Verma,Male,27,Kolkata,West Bengal,East,2021-03-03,Regular Customer
CUST-00005,Ayaan Iyengar,Male,41,Delhi,Delhi,North,2024-05-17,Regular Customer
CUST-00006,Reyansh Das,Male,18,Hyderabad,Telangana,South,2024-01-22,Regular Customer
CUST-00007,Rohan Banerjee,Male,26,Kolkata,West Bengal,East,2022-07-24,Loyal Customer
CUST-00008,Saanvi Choudhury,Female,39,Mumbai,Maharashtra,West,2021-11-23,Loyal Customer
CUST-00009,Meera Shah,Female,26,Mumbai,Maharashtra,West,2021-11-15,Regular Customer
CUST-00010,Sunita Reddy,Female,43,Chennai,Tamil Nadu,South,2021-07-29,Regular Customer
CUST-00011,Vihaan Rao,Male,27,Coimbatore,Tamil Nadu,South,2022-12-06,Loyal Customer
CUST-00012,Kunal Verma,Male,32,Jaipur,Rajasthan,North,2023-07-30,Regular Customer
CUST-00013,Varun Nair,Male,63,Delhi,Delhi,North,2021-06-11,Loyal Customer
CUST-00014,Deepa Singh,Female,46,Indore,Madhya Pradesh,Central,2024-06-20,VIP Customer
CUST-00015,Navya Banerjee,Female,35,Surat,Gujarat,West,2022-01-29,Loyal Customer
CUST-00016,Vivaan Kaur,Male,42,Delhi,Delhi,North,2022-04-12,Loyal Customer
CUST-00017,Aditya Yadav,Male,21,Bengaluru,Karnataka,South,2022-04-22,VIP Customer
CUST-00018,Pari Shah,Female,18,Hyderabad,Telangana,South,2023-07-18,Loyal Customer
CUST-00019,Atharv Saxena,Male,20,Bhopal,Madhya Pradesh,Central,2023-01-29,Regular Customer
CUST-00020,Rajesh Shah,Male,34,,Andhra Pradesh,South,2021-05-27,Loyal Customer
CUST-00021,Diya Chatterjee,Female,39,Chandigarh,Punjab,North,2022-05-17,Regular Customer
CUST-00022,Pari Shah,Female,42,Mumbai,Maharashtra,West,2024-02-15,Regular Customer
CUST-00023,Shaurya Pandey,Male,18,Mumbai,Maharashtra,West,2021-04-25,Regular Customer
CUST-00024,Vivaan Mishra,Male,45,BENGALURU,Karnataka,South,2022-10-09,Regular Customer
CUST-00025,Aadhya Mehta,Female,42,Chennai,Tamil Nadu,South,2024-03-07,VIP Customer
CUST-00026,Shaurya Mehta,Male,36,Lucknow,Uttar Pradesh,North,2023-10-20,Regular Customer
CUST-00027,Pallavi Singh,Female,49,Kolkata,West Bengal,East,2023-07-29,Regular Customer
CUST-00028,Ananya Patel,Female,36,Chennai,Tamil Nadu,South,2024-02-24,Regular Customer
CUST-00029,Anand Banerjee,Male,18,Kolkata,West Bengal,East,2023-05-28,VIP Customer
CUST-00030,Pari Rao,Female,44,BENGALURU,Karnataka,South,2022-03-26,VIP Customer
CUST-00031,Arjun Iyengar,Male,24,Mumbai,Maharashtra,West,2023-10-08,Regular Customer
CUST-00032,Vivaan Yadav,Male,41,Delhi,Delhi,North,2021-08-13,Regular Customer
CUST-00033,Diya Mishra,Female,38,Bhubaneswar,Odisha,East,2023-05-15,Loyal Customer
CUST-00034,Pari Nair,Female,45,Delhi   ,Delhi,North,2024-05-05,VIP Customer
CUST-00035,Pooja Shah,Female,48,Coimbatore,Tamil Nadu,South,2024-02-08,VIP Customer
CUST-00036,Aarav Kaur,Male,34,Mumbai,Maharashtra,West,2021-08-23,Loyal Customer
CUST-00037,Vikram Choudhury,Male,47,Patna,Bihar,East,2022-07-01,Loyal Customer
CUST-00038,Shaurya Malhotra,Male,999,Kolkata,West Bengal,East,2022-08-25,Regular Customer
CUST-00039,Rohan Sharma,Male,28,Hyderabad,Telangana,South,2022-06-24,VIP Customer
CUST-00040,Sunita Saxena,Female,29,Bengaluru,Karnataka,South,2023-11-06,VIP Customer
CUST-00041,Rekha Singh,Female,22,Visakhapatnam,Andhra Pradesh,South,2022-09-04,Loyal Customer
CUST-00042,Pooja Mukherjee,Female,48,Bengaluru,Karnataka,South,2022-02-12,Regular Customer
CUST-00043,Nikhil Saxena,Male,21,Mumbai,Maharashtra,West,2024-01-10,VIP Customer
CUST-00044,Pallavi Iyengar,Female,22,Kolkata,West Bengal,East,2021-01-02,Loyal Customer
CUST-00045,Rahul Sharma,Male,38,Bengaluru,Karnataka,South,2021-08-18,VIP Customer
CUST-00046,Pranav Pandey,Male,30,Kolkata,West Bengal,East,2022-09-22,Regular Customer
CUST-00047,Ayaan Tripathi,Other,41,Indore,Madhya Pradesh,Central,2024-03-07,VIP Customer
CUST-00048,Aditya Dutta,Male,20,Chandigarh,Punjab,North,2023-09-23,Loyal Customer
CUST-00049,Nikhil Chatterjee,Male,48,Pune,Maharashtra,West,2021-09-15,Regular Customer
CUST-00050,Rahul Chatterjee,Male,48,Kochi,Kerala,South,2021-12-05,Regular Customer
CUST-00051,Gaurav Mukherjee,Male,51,Mumbai,Maharashtra,West,2023-05-17,VIP Customer
CUST-00052,Pallavi Chatterjee,Female,42,Delhi,Delhi,North,2022-02-16,Loyal Customer
CUST-00053,Pari Kaur,Female,38,Hyderabad,Telangana,South,2023-02-04,Regular Customer
CUST-00054,Pooja Menon,Female,22,Delhi,Delhi,North,2021-09-05,Regular Customer
CUST-00055,Aditya Reddy,Male,29,Jaipur,Rajasthan,North,2021-02-13,Loyal Customer
CUST-00056,Isha Banerjee,Female,39,Pune,Maharashtra,West,2022-03-28,Regular Customer
CUST-00057,Shreya Singh,Female,29,Coimbatore,Tamil Nadu,South,2021-05-01,Regular Customer
CUST-00058,Nandini Verma,Female,30,Ahmedabad,Gujarat,West,2022-11-08,Regular Customer
CUST-00059,Ayaan Shah,Male,47,Coimbatore,Tamil Nadu,South,2023-09-22,Regular Customer
CUST-00060,Ananya Dutta,Female,23,Indore,Madhya Pradesh,Central,2024-03-15,Loyal Customer
CUST-00061,Isha Mishra,Female,35,Mumbai,Maharashtra,West,2023-08-27,Loyal Customer
CUST-00062,Reyansh Malhotra,Male,42,Jaipur,Rajasthan,North,2021-07-18,Loyal Customer
CUST-00063,Atharv Pillai,Male,34,Lucknow,Uttar Pradesh,North,2023-04-22,Regular Customer
CUST-00064,Tanvi Verma,Female,19,Delhi,Delhi,North,2021-07-21,Regular Customer
CUST-00065,Tanvi Reddy,Female,24,Chandigarh,Punjab,North,2021-08-12,Regular Customer
CUST-00066,Gauri Chatterjee,Female,20,PATNA,Bihar,East,2023-07-08,Regular Customer
CUST-00067,Diya Shah,Female,23,Hyderabad,Telangana,South,2023-08-06,Regular Customer
CUST-00068,Varun Gupta,Male,34,Bengaluru,Karnataka,South,2023-06-27,Loyal Customer
CUST-00069,Rekha Chatterjee,Female,42,Ahmedabad,Gujarat,West,2021-07-20,Regular Customer
CUST-00070,Anjali Pandey,Female,30,Kolkata,West Bengal,East,2021-01-31,VIP Customer
CUST-00071,Pallavi Choudhury,Female,18,Lucknow,Uttar Pradesh,North,2022-04-30,Regular Customer
CUST-00072,Rahul Iyer,Male,32,Mumbai,Maharashtra,West,2022-03-14,VIP Customer
CUST-00073,Nandini Verma,Female,31,Nagpur,Maharashtra,West,2021-12-04,Regular Customer
CUST-00074,Pari Shah,Female,41,Patna,Bihar,East,2023-07-21,Regular Customer
CUST-00075,Deepak Dutta,Male,44,Bengaluru,Karnataka,South,2024-02-13,Loyal Customer
CUST-00076,Rahul Bhatia,Male,29,Pune,Maharashtra,West,2022-01-24,Regular Customer
CUST-00077,Aanya Banerjee,Female,39,Mumbai,Maharashtra,West,2024-01-16,Regular Customer
CUST-00078,Meera Verma,Female,52,Visakhapatnam,Andhra Pradesh,South,2021-04-13,Loyal Customer
CUST-00079,Amit Agarwal,Male,44,Chandigarh,Punjab,North,2023-12-24,Regular Customer
CUST-00080,Pooja Gupta,Female,33,lucknow,Uttar Pradesh,North,2022-01-16,Regular Customer
CUST-00081,Aditya Kaur,Male,42,Bhopal,Madhya Pradesh,Central,2022-04-27,Regular Customer
CUST-00082,Nandini Banerjee,Female,26,Coimbatore,Tamil Nadu,South,2022-05-20,Loyal Customer
CUST-00083,Aanya Mukherjee,Female,48,Jaipur,Rajasthan,North,2021-06-17,Regular Customer
CUST-00084,Priyanka Banerjee,Female,33,Bhopal,Madhya Pradesh,Central,2023-12-07,Regular Customer
CUST-00085,Kavya Mehta,Female,20,Mumbai,Maharashtra,West,2022-10-06,Regular Customer
CUST-00086,Pari Bhatia,Female,18,Mumbai,Maharashtra,West,2022-09-07,Regular Customer
CUST-00087,Varun Choudhury,Male,18,Pune,Maharashtra,West,2021-05-29,Regular Customer
CUST-00088,Ramesh Banerjee,Male,36,Mumbai,Maharashtra,West,2021-07-24,Regular Customer
CUST-00089,Gauri Iyengar,Female,23,Kolkata,West Bengal,East,2022-06-28,Regular Customer
CUST-00090,Navya Tripathi,Female,29,Delhi,Delhi,North,2021-05-21,VIP Customer
CUST-00091,Navya Joshi,Female,59,Ahmedabad,Gujarat,West,2021-11-20,Regular Customer
CUST-00092,Anjali Das,Female,53,Visakhapatnam,Andhra Pradesh,South,2022-09-12,Loyal Customer
CUST-00093,Anita Singh,Female,44,Bengaluru,Karnataka,South,2023-12-20,Regular Customer
CUST-00094,Siddharth Chatterjee,Male,26,Mumbai,Maharashtra,West,2022-09-06,VIP Customer
CUST-00095,Vihaan Tripathi,Male,24,Delhi,Delhi,North,2021-10-03,Regular Customer
CUST-00096,Pranav Malhotra,Male,51,Bengaluru,Karnataka,South,2024-02-08,Regular Customer
CUST-00097,Khushi Mukherjee,Female,43,Bengaluru,Karnataka,South,2022-03-08,Loyal Customer
CUST-00098,Gauri Kaur,Female,46,Chandigarh,Punjab,North,2022-06-25,Regular Customer
CUST-00099,Kavya Tripathi,Female,18,Bengaluru,Karnataka,South,2021-04-15,Regular Customer
CUST-00100,Kabir Pandey,Male,53,Indore,Madhya Pradesh,Central,2022-07-21,Regular Customer
CUST-00101,Shaurya Choudhury,Male,30,Mumbai,Maharashtra,West,2021-09-25,Loyal Customer
CUST-00102,Krishna Saxena,Male,53,Chennai,Tamil Nadu,South,2023-06-24,Loyal Customer
CUST-00103,Kabir Chatterjee,Male,999,Ahmedabad,Gujarat,West,2021-01-20,Regular Customer
CUST-00104,Nandini Das,Female,18,Mumbai,Maharashtra,West,2021-11-02,Regular Customer
CUST-00105,Siddharth Rao,Male,33,Patna,Bihar,East,2024-04-07,Loyal Customer
CUST-00106,Prisha Bhatia,Female,58,Delhi,Delhi,North,2021-03-27,Regular Customer
CUST-00107,Pranav Agarwal,Male,30,Pune,Maharashtra,West,2021-03-23,VIP Customer
CUST-00108,Gauri Kaur,Female,33,Pune,Maharashtra,West,2022-05-27,Loyal Customer
CUST-00109,Atharv Choudhury,Male,26,Pune,Maharashtra,West,2024-02-21,VIP Customer
CUST-00110,Prisha Mukherjee,Female,56,Hyderabad,Telangana,South,2021-11-13,VIP Customer
CUST-00111,Isha Yadav,Female,27,Bengaluru,Karnataka,South,2021-11-29,VIP Customer
CUST-00112,Anita Saxena,Female,35,Mumbai,Maharashtra,West,2023-04-25,Regular Customer
CUST-00113,Tanvi Agarwal,Female,26,Lucknow,Uttar Pradesh,North,2022-11-12,Loyal Customer
CUST-00114,Prisha Mishra,Female,29,Bhubaneswar,Odisha,East,2022-05-24,Regular Customer
CUST-00115,Anita Das,Female,26,Delhi,Delhi,North,2021-08-10,Regular Customer
CUST-00116,Aanya Yadav,Female,42,Bhopal,Madhya Pradesh,Central,2023-08-22,Regular Customer
CUST-00117,Siddharth Agarwal,Other,18,Indore,Madhya Pradesh,Central,2023-08-01,Regular Customer
CUST-00118,Siddharth Mishra,Male,19,Surat,Gujarat,West,2022-04-12,Regular Customer
CUST-00119,Swati Mehta,Female,50,Indore,Madhya Pradesh,Central,2023-03-28,Regular Customer
CUST-00120,Gaurav Gupta,Male,28,Coimbatore,Tamil Nadu,South,2022-07-26,Regular Customer
CUST-00121,Amit Nair,Male,27,Coimbatore,Tamil Nadu,South,2024-01-04,Regular Customer
CUST-00122,Aarav Malhotra,Male,43,Mumbai,Maharashtra,West,2022-06-19,Regular Customer
CUST-00123,Kavya Verma,Female,30,Surat,Gujarat,West,2021-08-11,Loyal Customer
CUST-00124,Navya Dutta,Female,26,Pune,Maharashtra,West,2022-10-05,Regular Customer
CUST-00125,Pooja Malhotra,Female,18,Hyderabad,Telangana,South,2023-02-28,VIP Customer
CUST-00126,Gauri Shah,Female,28,Chandigarh,Punjab,North,2021-04-01,Loyal Customer
CUST-00127,Saanvi Iyengar,Female,25,Pune,Maharashtra,West,2024-01-08,Loyal Customer
CUST-00128,Anand Dutta,Male,32,Bhubaneswar,Odisha,East,2022-02-08,Regular Customer
CUST-00129,Aditya Kaur,Male,39,Mumbai,Maharashtra,West,2022-11-08,Loyal Customer
CUST-00130,Rajesh Yadav,Male,47,Lucknow,Uttar Pradesh,North,2021-09-13,Loyal Customer
CUST-00131,Ishaan Iyengar,Male,39,Mumbai,Maharashtra,West,2022-09-26,Loyal Customer
CUST-00132,Shaurya Nair,Male,42,Visakhapatnam,Andhra Pradesh,South,2022-08-29,Loyal Customer
CUST-00133,Reyansh Pillai,Male,45,surat,Gujarat,West,2023-02-16,Loyal Customer
CUST-00134,Pranav Saxena,Other,27,Indore,Madhya Pradesh,Central,2024-06-14,Loyal Customer
CUST-00135,Dhruv Chatterjee,Male,18,Coimbatore,Tamil Nadu,South,2021-01-01,Regular Customer
CUST-00136,Reyansh Pillai,Male,50,Kolkata,West Bengal,East,2024-04-02,Loyal Customer
CUST-00137,Shaurya Menon,Male,25,Delhi,Delhi,North,2023-06-24,Regular Customer
CUST-00138,Reyansh Iyengar,Male,32,Jaipur,Rajasthan,North,2023-08-28,Loyal Customer
CUST-00139,Anita Dutta,Female,38,Hyderabad,Telangana,South,2021-12-14,Loyal Customer
CUST-00140,Ishaan Iyengar,Male,33,Patna,Bihar,East,2024-06-22,Regular Customer
CUST-00141,Siddharth Choudhury,Male,33,Guwahati,Assam,East,2022-04-27,Loyal Customer
CUST-00142,Ayaan Mishra,Male,43,Pune,Maharashtra,West,2022-02-12,Regular Customer
CUST-00143,Aanya Patel,Female,58,Lucknow,Uttar Pradesh,North,2023-09-01,Loyal Customer
CUST-00144,Nikhil Gupta,Male,37,Ahmedabad,Gujarat,West,2023-07-22,Regular Customer
CUST-00145,Divya Banerjee,Female,31,Ahmedabad,Gujarat,West,2022-02-03,Loyal Customer
CUST-00146,Dhruv Iyer,Male,43,Delhi,Delhi,North,2023-03-30,Regular Customer
CUST-00147,Manish Das,Male,44,Mumbai,Maharashtra,West,2021-01-12,VIP Customer
CUST-00148,Rekha Choudhury,Female,18,Visakhapatnam,Andhra Pradesh,South,2021-08-07,Loyal Customer
CUST-00149,Isha Saxena,Female,18,Kochi,Kerala,South,2023-11-27,Regular Customer
CUST-00150,Anjali Patel,Female,36,Delhi,Delhi,North,2021-09-06,Regular Customer
CUST-00151,Anita Menon,Female,41,Chennai,Tamil Nadu,South,2023-12-24,VIP Customer
CUST-00152,Neha Reddy,Female,49,PATNA,Bihar,East,2023-06-26,Loyal Customer
CUST-00153,Anand Tripathi,Male,32,Bhopal,Madhya Pradesh,Central,2023-10-31,Regular Customer
CUST-00154,Varun Chatterjee,Other,29,Delhi,Delhi,North,2023-07-03,VIP Customer
CUST-00155,Tanvi Yadav,Female,36,Patna,Bihar,East,2023-08-31,Regular Customer
CUST-00156,Sunita Patel,Female,32,Chennai,Tamil Nadu,South,2022-07-22,Loyal Customer
CUST-00157,Amit Iyer,Male,31,Patna,Bihar,East,2022-05-05,Regular Customer
CUST-00158,Aadhya Das,Female,32,Guwahati,Assam,East,2022-08-09,Regular Customer
CUST-00159,Shaurya Reddy,Other,49,Surat,Gujarat,West,2024-01-12,Regular Customer
CUST-00160,Ananya Patel,Female,36,Bengaluru,Karnataka,South,2023-02-24,Loyal Customer
CUST-00161,Deepak Mehta,Male,18,Jaipur,Rajasthan,North,2021-05-12,Regular Customer
CUST-00162,Meera Chatterjee,Female,38,Hyderabad,Telangana,South,2023-08-13,Regular Customer
CUST-00163,Reyansh Pandey,Male,35,Indore,Madhya Pradesh,Central,2023-05-11,Regular Customer
CUST-00164,Sunita Banerjee,Female,55,Patna,Bihar,East,2021-02-10,VIP Customer
CUST-00165,Sunita Banerjee,Female,44,Hyderabad,Telangana,South,2023-02-19,Regular Customer
CUST-00166,Atharv Joshi,Male,34,Mumbai,Maharashtra,West,2023-03-10,VIP Customer
CUST-00167,Deepa Pillai,Female,49,Delhi,Delhi,North,2024-01-08,Loyal Customer
CUST-00168,Vikram Mishra,Male,42,Mumbai,Maharashtra,West,2024-05-20,VIP Customer
CUST-00169,Rahul Patel,Male,18,CHENNAI,Tamil Nadu,South,2022-07-13,Regular Customer
CUST-00170,Saanvi Nair,Female,48,Hyderabad,Telangana,South,2022-11-20,Loyal Customer
CUST-00171,Anita Nair,Female,27,Ahmedabad,Gujarat,West,2021-12-05,Loyal Customer
CUST-00172,Pallavi Bhatia,Female,47,Surat,Gujarat,West,2024-06-28,Regular Customer
CUST-00173,Varun Nair,Male,32,Bengaluru,Karnataka,South,2024-04-27,Loyal Customer
CUST-00174,Aarav Gupta,Male,41,Visakhapatnam,Andhra Pradesh,South,2023-05-28,Regular Customer
CUST-00175,Rohan Saxena,Male,45,Bengaluru,Karnataka,South,2021-04-13,Regular Customer
CUST-00176,Shaurya Mehta,Male,18,Delhi,Delhi,North,2023-07-21,Regular Customer
CUST-00177,Nikhil Tripathi,Male,20,Hyderabad,Telangana,South,2023-02-16,Regular Customer
CUST-00178,Deepa Pillai,Female,38,Chennai,Tamil Nadu,South,2022-06-01,Loyal Customer
CUST-00179,Sneha Sharma,Female,28,Mumbai,Maharashtra,West,2024-01-10,Regular Customer
CUST-00180,Atharv Patel,Male,27,Bengaluru,Karnataka,South,2021-05-21,Loyal Customer
CUST-00181,Manish Verma,Male,18,Hyderabad,Telangana,South,2021-03-05,VIP Customer
CUST-00182,Reyansh Pandey,Male,30,Lucknow,Uttar Pradesh,North,2021-02-11,Loyal Customer
CUST-00183,Ayaan Bhatia,Male,38,Mumbai,Maharashtra,West,2023-08-28,Loyal Customer
CUST-00184,Priyanka Mehta,Female,46,Surat,Gujarat,West,2023-08-11,Loyal Customer
CUST-00185,Nikhil Rao,Male,42,Chandigarh,Punjab,North,2021-12-10,Loyal Customer
CUST-00186,Anand Das,Male,26,Delhi,Delhi,North,2021-08-23,Loyal Customer
CUST-00187,Sai Joshi,Male,59,Hyderabad,Telangana,South,2021-08-10,Loyal Customer
CUST-00188,Varun Joshi,Male,29,Chandigarh,Punjab,North,2024-03-25,Loyal Customer
CUST-00189,Dhruv Nair,Male,42,Coimbatore,Tamil Nadu,South,2022-02-11,Regular Customer
CUST-00190,Shreya Pandey,Female,22,Kolkata,West Bengal,East,2022-05-13,Regular Customer
CUST-00191,Nikhil Joshi,Male,49,Bengaluru,Karnataka,South,2024-05-14,Loyal Customer
CUST-00192,Kunal Banerjee,Male,18,Hyderabad,Telangana,South,2021-03-26,Regular Customer
CUST-00193,Kabir Kaur,Male,21,Hyderabad,Telangana,South,2023-01-29,Regular Customer
CUST-00194,Manish Reddy,Male,25,Bhubaneswar,Odisha,East,2021-01-26,Loyal Customer
CUST-00195,Deepa Iyer,Female,44,Kolkata,West Bengal,East,2021-08-05,Regular Customer
CUST-00196,Atharv Singh,Male,40,Pune,Maharashtra,West,2023-07-31,Loyal Customer
CUST-00197,Prisha Saxena,Female,28,Delhi,Delhi,North,2023-12-05,VIP Customer
CUST-00198,Krishna Mukherjee,Male,50,Hyderabad,Telangana,South,2024-01-08,Loyal Customer
CUST-00199,Riya Pillai,Female,18,Visakhapatnam,Andhra Pradesh,South,2024-04-28,Regular Customer
CUST-00200,Rekha Patel,Female,43,Bengaluru,Karnataka,South,2021-06-27,Regular Customer
CUST-00201,Rohan Patel,Male,27,Delhi,Delhi,North,2023-08-10,Loyal Customer
CUST-00202,Rajesh Nair,Male,26,Bengaluru,Karnataka,South,2022-11-20,Regular Customer
CUST-00203,Gaurav Reddy,Male,18,Visakhapatnam,Andhra Pradesh,South,2022-01-08,Regular Customer
CUST-00204,Atharv Mishra,Male,40,Hyderabad,Telangana,South,2022-06-14,Regular Customer
CUST-00205,Nandini Mukherjee,Female,35,Bengaluru,Karnataka,South,2022-07-20,Loyal Customer
CUST-00206,Amit Mehta,Male,36,Jaipur,Rajasthan,North,2021-06-25,Regular Customer
CUST-00207,Prisha Iyer,Female,55,Bengaluru,Karnataka,South,2024-02-12,Loyal Customer
CUST-00208,Shreya Iyer,Female,50,Delhi,Delhi,North,2023-10-03,Regular Customer
CUST-00209,Aarav Gupta,Male,36,Bengaluru,Karnataka,South,2022-08-26,Regular Customer
CUST-00210,Deepak Patel,Male,18,Ahmedabad,Gujarat,West,2022-09-20,Loyal Customer
CUST-00211,Atharv Iyer,Male,20,Kolkata,West Bengal,East,2024-02-08,Regular Customer
CUST-00212,Prisha Dutta,Female,35,Mumbai,Maharashtra,West,2024-02-02,Regular Customer
CUST-00213,Deepak Menon,Male,26,Jaipur,Rajasthan,North,2022-07-09,Regular Customer
CUST-00214,Isha Malhotra,Female,41,Ahmedabad,Gujarat,West,2022-01-30,Regular Customer
CUST-00215,Anand Chatterjee,Male,18,Surat,Gujarat,West,2022-01-15,Regular Customer
CUST-00216,Tanvi Iyer,Female,21,Nagpur,Maharashtra,West,2022-07-21,Loyal Customer
CUST-00217,Nikhil Iyengar,Male,34,Delhi,Delhi,North,2024-05-07,Regular Customer
CUST-00218,Vihaan Pandey,Male,33,Chandigarh,Punjab,North,2022-02-02,Regular Customer
CUST-00219,Navya Saxena,Female,31,Bhopal,Madhya Pradesh,Central,2022-09-12,Regular Customer
CUST-00220,Vikram Bhatia,Male,34,Delhi,Delhi,North,2022-07-16,Regular Customer
CUST-00221,Vivaan Chatterjee,Male,38,Kolkata,West Bengal,East,2022-08-22,Loyal Customer
CUST-00222,Arjun Singh,Male,44,Bhubaneswar,Odisha,East,2023-10-03,Regular Customer
CUST-00223,Aarav Banerjee,Male,30,Hyderabad,Telangana,South,2022-08-06,Regular Customer
CUST-00224,Rohan Reddy,Male,47,Bengaluru,Karnataka,South,2022-01-13,VIP Customer
CUST-00225,Kavya Yadav,Female,18,Coimbatore,Tamil Nadu,South,2023-09-06,Regular Customer
CUST-00226,Aditya Nair,Male,33,Pune,Maharashtra,West,2023-10-05,Regular Customer
CUST-00227,Divya Kaur,Female,23,Surat,Gujarat,West,2021-04-20,Regular Customer
CUST-00228,Anita Banerjee,Female,36,hyderabad,Telangana,South,2022-09-15,Regular Customer
CUST-00229,Ayaan Malhotra,Male,38,Kolkata,West Bengal,East,2024-02-17,Loyal Customer
CUST-00230,Neha Mukherjee,Female,46,Bhopal,Madhya Pradesh,Central,2024-06-20,Regular Customer
CUST-00231,Amit Nair,Male,20,Chandigarh,Punjab,North,2023-07-12,VIP Customer
CUST-00232,Ishaan Yadav,Male,24,Pune,Maharashtra,West,2024-04-20,VIP Customer
CUST-00233,Khushi Banerjee,Female,29,Kochi,Kerala,South,2024-06-25,Regular Customer
CUST-00234,Anand Malhotra,Male,42,Patna,Bihar,East,2022-03-02,Loyal Customer
CUST-00235,Krishna Kaur,Male,47,Delhi,Delhi,North,2021-06-16,Regular Customer
CUST-00236,Sai Chatterjee,Male,28,Lucknow,Uttar Pradesh,North,2021-06-03,Regular Customer
CUST-00237,Prisha Menon,Female,48,Pune,Maharashtra,West,2024-05-01,Regular Customer
CUST-00238,Vivaan Patel,Male,44,Hyderabad,Telangana,South,2022-08-14,Loyal Customer
CUST-00239,Deepak Yadav,Male,34,Hyderabad,Telangana,South,2023-07-19,Regular Customer
CUST-00240,Ayaan Agarwal,Male,42,Surat,Gujarat,West,2022-06-26,Loyal Customer
CUST-00241,Manish Banerjee,Male,34,  Ahmedabad ,Gujarat,West,2022-02-10,Regular Customer
CUST-00242,Vikram Patel,Male,62,Bhubaneswar,Odisha,East,2021-11-02,VIP Customer
CUST-00243,Deepa Bhatia,Female,52,Surat,Gujarat,West,2021-05-27,Regular Customer
CUST-00244,Anita Joshi,Female,39,Delhi,Delhi,North,2024-05-03,Loyal Customer
CUST-00245,Priyanka Agarwal,Female,18,,Punjab,North,2022-08-15,Regular Customer
CUST-00246,Riya Das,Female,53,Surat,Gujarat,West,2022-09-15,Loyal Customer
CUST-00247,Krishna Iyengar,Male,60,Hyderabad,Telangana,South,2024-01-11,Regular Customer
CUST-00248,Aditya Mukherjee,Male,38,Hyderabad,Telangana,South,2021-03-23,VIP Customer
CUST-00249,Tanvi Reddy,Female,42,Coimbatore,Tamil Nadu,South,2024-05-21,Regular Customer
CUST-00250,Aditya Patel,Male,18,Hyderabad,Telangana,South,2024-03-24,Loyal Customer
CUST-00251,Saanvi Choudhury,Female,18,Chennai,Tamil Nadu,South,2022-07-06,Loyal Customer
CUST-00252,Nikhil Choudhury,Male,30,Delhi,Delhi,North,2021-12-25,Regular Customer
CUST-00253,Manish Menon,Male,41,Hyderabad,Telangana,South,2022-07-24,Regular Customer
CUST-00254,Priyanka Pillai,Female,31,Ahmedabad,Gujarat,West,2023-10-05,VIP Customer
CUST-00255,Rahul Rao,Male,21,Nagpur,Maharashtra,West,2023-04-17,Regular Customer
CUST-00256,Rajesh Malhotra,Male,38,Chennai,Tamil Nadu,South,2021-11-26,Regular Customer
CUST-00257,Deepak Iyer,Male,33,Ahmedabad,Gujarat,West,2022-08-14,Loyal Customer
CUST-00258,Dhruv Pandey,Male,34,Chandigarh,Punjab,North,2024-02-01,Regular Customer
CUST-00259,Aditya Reddy,Male,31,Delhi,Delhi,North,2022-06-01,Regular Customer
CUST-00260,Nikhil Nair,Male,34,Chennai,Tamil Nadu,South,2023-11-20,Loyal Customer
CUST-00261,Saanvi Kaur,Female,48,Chennai,Tamil Nadu,South,2024-01-17,Regular Customer
CUST-00262,Vivaan Mehta,Male,18,Pune,Maharashtra,West,2023-11-28,Regular Customer
CUST-00263,Nikhil Iyer,Male,36,Surat,Gujarat,West,2023-06-25,Loyal Customer
CUST-00264,Reyansh Shah,Male,30,Bengaluru,Karnataka,South,2024-01-30,Regular Customer
CUST-00265,Khushi Menon,Female,29,Delhi,Delhi,North,2023-09-20,Regular Customer
CUST-00266,Divya Mukherjee,Female,32,Jaipur,Rajasthan,North,2022-05-06,Loyal Customer
CUST-00267,Ishaan Chatterjee,Male,25,Jaipur,Rajasthan,North,2021-01-29,Loyal Customer
CUST-00268,Aditya Patel,Male,24,Mumbai,Maharashtra,West,2021-08-21,Regular Customer
CUST-00269,Aarohi Singh,Female,38,Bengaluru,Karnataka,South,2021-11-12,Regular Customer
CUST-00270,Deepak Joshi,Male,21,Bengaluru,Karnataka,South,2023-11-09,Loyal Customer
CUST-00271,Prisha Pandey,Female,35,Hyderabad,Telangana,South,2023-09-16,VIP Customer
CUST-00272,Isha Menon,Female,35,Delhi,Delhi,North,2024-02-03,Regular Customer
CUST-00273,Reyansh Agarwal,Male,18,Coimbatore,Tamil Nadu,South,2024-05-12,Regular Customer
CUST-00274,Nandini Bhatia,Female,52,Hyderabad,Telangana,South,2021-05-23,Regular Customer
CUST-00275,Kunal Yadav,Male,47,Bengaluru,Karnataka,South,2023-04-30,Regular Customer
CUST-00276,Anita Iyengar,Female,18,Chennai,Tamil Nadu,South,2022-07-02,Loyal Customer
CUST-00277,Khushi Dutta,Female,18,Surat,Gujarat,West,2022-09-04,Loyal Customer
CUST-00278,Priyanka Kaur,Female,27,Delhi,Delhi,North,2023-09-30,VIP Customer
CUST-00279,Riya Chatterjee,Female,43,Bhopal,Madhya Pradesh,Central,2023-09-19,Regular Customer
CUST-00280,Vikram Choudhury,Male,32,Mumbai   ,Maharashtra,West,2024-01-18,Regular Customer
CUST-00281,Varun Reddy,Male,56,Bengaluru,Karnataka,South,2022-01-22,VIP Customer
CUST-00282,Ayaan Banerjee,Male,40,Kochi,Kerala,South,2023-02-24,Regular Customer
CUST-00283,Nikhil Pillai,Other,18,Bengaluru,Karnataka,South,2021-03-31,Regular Customer
CUST-00284,Rahul Das,Male,34,Coimbatore,Tamil Nadu,South,2023-02-20,Regular Customer
CUST-00285,Rajesh Mishra,Male,18,Pune,Maharashtra,West,2021-11-08,Regular Customer
CUST-00286,Aanya Bhatia,Female,39,Kochi,Kerala,South,2023-10-26,VIP Customer
CUST-00287,Shaurya Yadav,Male,50,Jaipur,Rajasthan,North,2021-07-25,VIP Customer
CUST-00288,Rohan Malhotra,Male,50,Coimbatore,Tamil Nadu,South,2023-12-14,VIP Customer
CUST-00289,Aarav Dutta,Male,37,Mumbai,Maharashtra,West,2021-10-23,Regular Customer
CUST-00290,Manish Bhatia,Male,18,Chandigarh,Punjab,North,2021-06-03,Regular Customer
CUST-00291,Krishna Reddy,Male,18,Hyderabad,Telangana,South,2024-06-30,Loyal Customer
CUST-00292,Manish Gupta,Male,39,Hyderabad,Telangana,South,2022-11-04,VIP Customer
CUST-00293,Rekha Chatterjee,Female,39,Kolkata,West Bengal,East,2023-02-18,VIP Customer
CUST-00294,Divya Das,Female,18,Surat,Gujarat,West,2023-09-27,VIP Customer
CUST-00295,Aanya Mukherjee,Female,39,Mumbai,Maharashtra,West,2021-05-21,Regular Customer
CUST-00296,Rajesh Agarwal,Male,18,Ahmedabad,Gujarat,West,2022-08-12,VIP Customer
CUST-00297,Anand Gupta,Male,29,Mumbai,Maharashtra,West,2023-06-08,VIP Customer
CUST-00298,Sunita Singh,Female,35,Kolkata,West Bengal,East,2021-07-25,Regular Customer
CUST-00299,Shreya Joshi,Female,18,Kochi,Kerala,South,2021-03-01,Regular Customer
CUST-00300,Anita Verma,Female,28,Lucknow,Uttar Pradesh,North,2022-08-24,Regular Customer
CUST-00301,Kabir Bhatia,Male,18,Mumbai,Maharashtra,West,2022-05-16,Regular Customer
CUST-00302,Priyanka Kaur,Female,45,Delhi,Delhi,North,2022-01-04,Regular Customer
CUST-00303,Aadhya Mukherjee,Female,18,Pune,Maharashtra,West,2023-02-23,Loyal Customer
CUST-00304,Isha Iyer,Female,30,Chandigarh,Punjab,North,2024-04-09,Regular Customer
CUST-00305,Riya Singh,Female,47,Patna,Bihar,East,2022-06-05,Regular Customer
CUST-00306,Rajesh Sharma,Male,44,Kolkata,West Bengal,East,2023-08-11,VIP Customer
CUST-00307,Rajesh Chatterjee,Male,42,Mumbai,Maharashtra,West,2021-11-20,Regular Customer
CUST-00308,Navya Banerjee,Female,34,Bengaluru,Karnataka,South,2022-09-05,Loyal Customer
CUST-00309,Prisha Das,Female,45,Patna,Bihar,East,2022-05-28,Regular Customer
CUST-00310,Ishaan Mehta,Male,32,Kochi,Kerala,South,2023-02-27,VIP Customer
CUST-00311,Vihaan Patel,Male,18,Delhi,Delhi,North,2023-02-21,Loyal Customer
CUST-00312,Suresh Joshi,Male,38,Lucknow,Uttar Pradesh,North,2022-08-28,Regular Customer
CUST-00313,Siddharth Kaur,Male,30,Bengaluru,Karnataka,South,2023-03-22,Regular Customer
CUST-00314,Priyanka Yadav,Female,34,Bhopal,Madhya Pradesh,Central,2021-04-11,VIP Customer
CUST-00315,Anand Iyer,Male,42,Ahmedabad,Gujarat,West,2022-08-10,Loyal Customer
CUST-00316,Ayaan Mukherjee,Male,36,Mumbai,Maharashtra,West,2022-12-23,Regular Customer
CUST-00317,Gauri Mukherjee,Female,40,Bhopal,Madhya Pradesh,Central,2022-05-29,Loyal Customer
CUST-00318,Anand Choudhury,Other,33,Hyderabad,Telangana,South,2021-10-08,Loyal Customer
CUST-00319,Nandini Singh,Female,27,Ahmedabad,Gujarat,West,2021-03-22,Regular Customer
CUST-00320,Riya Verma,Female,18,Visakhapatnam,Andhra Pradesh,South,2024-04-01,Regular Customer
CUST-00321,Ananya Gupta,Female,18,Chandigarh,Punjab,North,2022-08-28,Regular Customer
CUST-00322,Kabir Saxena,Male,18,Mumbai,Maharashtra,West,2022-02-16,Regular Customer
CUST-00323,Vikram Tripathi,Male,21,Bengaluru,Karnataka,South,2023-01-20,Regular Customer
CUST-00324,Varun Shah,Male,21,Mumbai,Maharashtra,West,2021-12-03,Regular Customer
CUST-00325,Siddharth Iyer,Other,18,Jaipur,Rajasthan,North,2022-08-28,Loyal Customer
CUST-00326,Shaurya Mishra,Male,19,Surat,Gujarat,West,2021-08-24,Regular Customer
CUST-00327,Aadhya Bhatia,Female,31,Bhubaneswar,Odisha,East,2022-04-08,VIP Customer
CUST-00328,Tanvi Kaur,Female,23,Chennai,Tamil Nadu,South,2023-03-25,VIP Customer
CUST-00329,Anita Chatterjee,Female,45,Kolkata,West Bengal,East,2023-01-20,Regular Customer
CUST-00330,Dhruv Sharma,Male,50,Delhi,Delhi,North,2022-06-26,Regular Customer
CUST-00331,Rohan Rao,Male,39,Hyderabad,Telangana,South,2022-06-21,Loyal Customer
CUST-00332,Siddharth Singh,Male,26,Nagpur,Maharashtra,West,2023-01-31,Regular Customer
CUST-00333,Isha Iyer,Female,28,Indore,Madhya Pradesh,Central,2021-02-21,Loyal Customer
CUST-00334,Anjali Reddy,Female,20,Delhi,Delhi,North,2024-06-03,Regular Customer
CUST-00335,Aadhya Singh,Female,25,Pune,Maharashtra,West,2023-08-09,VIP Customer
CUST-00336,Khushi Singh,Female,25,Pune,Maharashtra,West,2023-04-17,Regular Customer
CUST-00337,Vivaan Verma,Male,29,Delhi,Delhi,North,2022-09-16,VIP Customer
CUST-00338,Aarohi Malhotra,Female,39,Nagpur,Maharashtra,West,2022-04-26,VIP Customer
CUST-00339,Ananya Nair,Female,38,Pune,Maharashtra,West,2023-07-19,Regular Customer
CUST-00340,Anand Das,Male,44,Chennai,Tamil Nadu,South,2024-01-12,Regular Customer
CUST-00341,Anand Dutta,Male,42,Kolkata,West Bengal,East,2021-11-13,VIP Customer
CUST-00342,Manish Malhotra,Male,22,Delhi,Delhi,North,2023-09-30,Loyal Customer
CUST-00343,Kavya Verma,Female,18,Pune,Maharashtra,West,2023-01-29,Regular Customer
CUST-00344,Riya Patel,Female,23,Hyderabad,Telangana,South,2023-01-13,Regular Customer
CUST-00345,Swati Rao,Female,18,Bhubaneswar,Odisha,East,2024-01-21,VIP Customer
CUST-00346,Divya Rao,Female,38,Jaipur,Rajasthan,North,2021-05-05,Regular Customer
CUST-00347,Gauri Malhotra,Female,37,Kochi,Kerala,South,2023-07-21,Regular Customer
CUST-00348,Gauri Singh,Female,40,Jaipur,Rajasthan,North,2024-05-07,VIP Customer
CUST-00349,Aanya Mishra,Female,25,Bhubaneswar,Odisha,East,2022-11-15,Regular Customer
CUST-00350,Ananya Mishra,Female,38,Mumbai,Maharashtra,West,2024-03-02,Regular Customer
CUST-00351,Deepa Choudhury,Female,28,Chandigarh,Punjab,North,2024-02-10,Regular Customer
CUST-00352,Reyansh Pandey,Male,23,Kochi,Kerala,South,2022-04-23,Regular Customer
CUST-00353,Ananya Mishra,Female,30,Bengaluru,Karnataka,South,2024-05-05,Regular Customer
CUST-00354,Rekha Bhatia,Female,33,Visakhapatnam,Andhra Pradesh,South,2021-09-24,Regular Customer
CUST-00355,Anita Saxena,Female,41,Pune,Maharashtra,West,2021-08-14,Loyal Customer
CUST-00356,Saanvi Bhatia,Female,18,Mumbai,Maharashtra,West,2021-01-31,Regular Customer
CUST-00357,Anita Patel,Female,38,Hyderabad,Telangana,South,2024-04-20,Regular Customer
CUST-00358,Diya Shah,Female,33,Surat,Gujarat,West,2021-04-18,Regular Customer
CUST-00359,Kabir Iyengar,Male,34,Mumbai,Maharashtra,West,2021-08-21,Loyal Customer
CUST-00360,Rahul Menon,Male,37,Lucknow,Uttar Pradesh,North,2023-01-12,Regular Customer
CUST-00361,Vihaan Menon,Male,18,Ahmedabad,Gujarat,West,2023-10-29,Regular Customer
CUST-00362,Ramesh Verma,Male,43,Bhubaneswar,Odisha,East,2023-12-04,Regular Customer
CUST-00363,Divya Sharma,Female,37,Mumbai,Maharashtra,West,2021-05-05,VIP Customer
CUST-00364,Gaurav Nair,Male,27,Bengaluru,Karnataka,South,2023-05-24,Loyal Customer
CUST-00365,Rahul Das,Male,41,Chennai,Tamil Nadu,South,2023-06-28,Regular Customer
CUST-00366,Aditya Reddy,Male,44,Guwahati,Assam,East,2024-05-30,Regular Customer
CUST-00367,Arjun Shah,Male,19,Bhopal,Madhya Pradesh,Central,2024-04-13,Regular Customer
CUST-00368,Meera Nair,Female,31,,Delhi,North,2024-05-08,Regular Customer
CUST-00369,Rohan Iyengar,Male,45,Bengaluru,Karnataka,South,2024-05-24,Regular Customer
CUST-00370,Anita Das,Female,47,Delhi,Delhi,North,2021-08-23,VIP Customer
CUST-00371,Manish Tripathi,Male,31,Ahmedabad,Gujarat,West,2024-02-04,Loyal Customer
CUST-00372,Reyansh Pillai,Male,39,Bengaluru,Karnataka,South,2023-07-14,VIP Customer
CUST-00373,Kabir Reddy,Other,42,Bengaluru,Karnataka,South,2023-07-18,Regular Customer
CUST-00374,Anand Malhotra,Male,30,  Mumbai ,Maharashtra,West,2022-10-03,Regular Customer
CUST-00375,Swati Shah,Female,43,Chennai,Tamil Nadu,South,2023-02-06,VIP Customer
CUST-00376,Swati Agarwal,Female,29,Delhi,Delhi,North,2023-08-30,Regular Customer
CUST-00377,Deepa Gupta,Female,40,Patna,Bihar,East,2021-07-10,Regular Customer
CUST-00378,Tanvi Dutta,Female,40,Ahmedabad,Gujarat,West,2023-02-03,Loyal Customer
CUST-00379,Vikram Verma,Male,46,Kolkata,West Bengal,East,2024-04-16,VIP Customer
CUST-00380,Vikram Reddy,Male,38,Delhi,Delhi,North,2021-09-08,Regular Customer
CUST-00381,Rekha Kaur,Female,18,Kolkata,West Bengal,East,2023-05-17,VIP Customer
CUST-00382,Anand Verma,Male,29,Pune,Maharashtra,West,2022-08-13,Loyal Customer
CUST-00383,Atharv Malhotra,Male,26,Chennai,Tamil Nadu,South,2024-03-29,Regular Customer
CUST-00384,Arjun Kaur,Male,43,Mumbai,Maharashtra,West,2023-09-15,Regular Customer
CUST-00385,Vihaan Rao,Male,60,Bengaluru,Karnataka,South,2024-02-14,Regular Customer
CUST-00386,Sunita Shah,Female,27,Patna,Bihar,East,2024-03-21,Regular Customer
CUST-00387,Prisha Yadav,Female,32,Mumbai,Maharashtra,West,2024-02-23,VIP Customer
CUST-00388,Siddharth Mukherjee,Male,26,Visakhapatnam,Andhra Pradesh,South,2024-06-10,Loyal Customer
CUST-00389,Vikram Sharma,Male,59,Lucknow,Uttar Pradesh,North,2024-06-01,VIP Customer
CUST-00390,Deepa Das,Female,32,Mumbai,Maharashtra,West,2022-07-02,Regular Customer
CUST-00391,Krishna Das,Male,23,Hyderabad,Telangana,South,2022-09-25,VIP Customer
CUST-00392,Atharv Sharma,Male,33,Mumbai,Maharashtra,West,2022-01-07,VIP Customer
CUST-00393,Suresh Kaur,Male,35,Lucknow,Uttar Pradesh,North,2023-04-01,Regular Customer
CUST-00394,Tanvi Singh,Female,21,Delhi,Delhi,North,2021-03-04,Regular Customer
CUST-00395,Amit Mehta,Male,36,Lucknow,Uttar Pradesh,North,2023-02-10,Regular Customer
CUST-00396,Shaurya Saxena,Male,24,Surat,Gujarat,West,2023-01-28,Regular Customer
CUST-00397,Shaurya Choudhury,Male,52,Patna,Bihar,East,2024-03-08,Loyal Customer
CUST-00398,Nandini Verma,Female,36,Bhopal,Madhya Pradesh,Central,2021-11-15,Regular Customer
CUST-00399,Ramesh Verma,Male,34,Kochi,Kerala,South,2021-06-17,Regular Customer
CUST-00400,Rajesh Pillai,Male,43,Jaipur,Rajasthan,North,2023-09-22,Loyal Customer
CUST-00401,Prisha Shah,Female,28,Mumbai,Maharashtra,West,2022-03-18,Loyal Customer
CUST-00402,Vihaan Rao,Male,35,Delhi,Delhi,North,2023-05-31,Regular Customer
CUST-00403,Swati Kaur,Female,21,Bhopal,Madhya Pradesh,Central,2024-04-29,Regular Customer
CUST-00404,Swati Joshi,Female,27,Kolkata,West Bengal,East,2021-04-04,Regular Customer
CUST-00405,Neha Verma,Female,22,Guwahati,Assam,East,2021-01-16,Regular Customer
CUST-00406,Gauri Choudhury,Female,41,Jaipur,Rajasthan,North,2021-10-09,Loyal Customer
CUST-00407,Ishaan Reddy,Male,27,Mumbai,Maharashtra,West,2021-09-03,Regular Customer
CUST-00408,Anand Pillai,Male,35,Chennai,Tamil Nadu,South,2021-12-26,Regular Customer
CUST-00409,Anjali Das,Female,43,Chennai,Tamil Nadu,South,2022-04-17,Regular Customer
CUST-00410,Siddharth Kaur,Male,42,Hyderabad,Telangana,South,2022-12-27,Regular Customer
CUST-00411,Gaurav Dutta,Other,18,Chandigarh,Punjab,North,2021-03-28,Regular Customer
CUST-00412,Rohan Agarwal,Male,55,,Odisha,East,2021-06-09,VIP Customer
CUST-00413,Priyanka Pillai,Female,18,Pune,Maharashtra,West,2024-03-20,Regular Customer
CUST-00414,Divya Pillai,Female,26,Delhi,Delhi,North,2022-08-16,Regular Customer
CUST-00415,Saanvi Reddy,Female,48,Delhi,Delhi,North,2021-12-18,Loyal Customer
CUST-00416,Neha Menon,Female,41,Coimbatore,Tamil Nadu,South,2023-01-12,Regular Customer
CUST-00417,Gaurav Malhotra,Male,36,Kolkata,West Bengal,East,2022-05-14,Regular Customer
CUST-00418,Dhruv Iyengar,Male,29,Patna,Bihar,East,2021-06-11,Regular Customer
CUST-00419,Ishaan Dutta,Male,18,Pune,Maharashtra,West,2022-11-27,Regular Customer
CUST-00420,Nikhil Saxena,Male,35,Hyderabad,Telangana,South,2021-06-06,Regular Customer
CUST-00421,Aarohi Iyengar,Female,41,Bengaluru,Karnataka,South,2023-11-11,Regular Customer
CUST-00422,Sunita Rao,Female,19,Delhi,Delhi,North,2022-12-21,Loyal Customer
CUST-00423,Deepa Singh,Female,18,Mumbai   ,Maharashtra,West,2021-10-30,Regular Customer
CUST-00424,Arjun Shah,Male,30,Kolkata,West Bengal,East,2022-02-09,Regular Customer
CUST-00425,Arjun Choudhury,Male,30,Bengaluru,Karnataka,South,2021-06-04,Regular Customer
CUST-00426,Sunita Singh,Female,46,Lucknow,Uttar Pradesh,North,2023-10-09,Regular Customer
CUST-00427,Suresh Choudhury,Male,42,Chennai,Tamil Nadu,South,2024-04-01,Regular Customer
CUST-00428,Pallavi Tripathi,Female,46,Bhopal,Madhya Pradesh,Central,2024-03-02,Loyal Customer
CUST-00429,Neha Reddy,Female,29,Mumbai,Maharashtra,West,2022-10-10,Regular Customer
CUST-00430,Aditya Iyer,Male,37,Mumbai,Maharashtra,West,2023-06-25,Loyal Customer
CUST-00431,Anita Shah,Female,31,Surat,Gujarat,West,2024-04-26,Regular Customer
CUST-00432,Amit Gupta,Male,21,Kolkata,West Bengal,East,2022-09-28,Regular Customer
CUST-00433,Vivaan Verma,Male,34,Patna,Bihar,East,2023-01-26,Loyal Customer
CUST-00434,Aditya Singh,Male,37,Kolkata,West Bengal,East,2021-07-04,Loyal Customer
CUST-00435,Amit Nair,Male,23,Mumbai,Maharashtra,West,2023-08-06,Loyal Customer
CUST-00436,Kunal Dutta,Male,37,Lucknow,Uttar Pradesh,North,2021-03-26,Regular Customer
CUST-00437,Kunal Banerjee,Male,36,Chennai,Tamil Nadu,South,2022-01-21,Regular Customer
CUST-00438,Sneha Iyengar,Female,25,Delhi,Delhi,North,2021-11-05,VIP Customer
CUST-00439,Riya Malhotra,Female,32,Ahmedabad,Gujarat,West,2022-12-05,VIP Customer
CUST-00440,Aadhya Iyengar,Female,55,Pune,Maharashtra,West,2021-12-20,Regular Customer
CUST-00441,Deepak Menon,Male,35,Jaipur,Rajasthan,North,2023-06-19,Regular Customer
CUST-00442,Ramesh Saxena,Male,37,Jaipur,Rajasthan,North,2023-01-16,Regular Customer
CUST-00443,Ishaan Nair,Male,24,Jaipur,Rajasthan,North,2023-04-18,Loyal Customer
CUST-00444,Rajesh Mukherjee,Other,36,Mumbai,Maharashtra,West,2021-04-18,Loyal Customer
CUST-00445,Divya Reddy,Female,44,Bhopal,Madhya Pradesh,Central,2021-05-15,Regular Customer
CUST-00446,Anjali Kaur,Female,30,Chandigarh,Punjab,North,2023-03-03,Regular Customer
CUST-00447,Tanvi Yadav,Female,18,Jaipur,Rajasthan,North,2024-05-19,VIP Customer
CUST-00448,Meera Gupta,Female,22,Indore,Madhya Pradesh,Central,2024-04-08,Loyal Customer
CUST-00449,Pallavi Rao,Female,47,Delhi,Delhi,North,2022-09-28,VIP Customer
CUST-00450,Shreya Kaur,Female,30,Mumbai,Maharashtra,West,2023-03-14,Regular Customer
CUST-00451,Deepak Gupta,Male,18,Lucknow,Uttar Pradesh,North,2022-09-27,Loyal Customer
CUST-00452,Manish Mishra,Male,18,Chennai,Tamil Nadu,South,2022-11-04,Loyal Customer
CUST-00453,Rajesh Das,Male,18,Mumbai,Maharashtra,West,2023-12-15,Regular Customer
CUST-00454,Swati Pillai,Female,26,Jaipur,Rajasthan,North,2023-11-08,Regular Customer
CUST-00455,Navya Joshi,Female,18,Patna,Bihar,East,2022-01-05,VIP Customer
CUST-00456,Meera Choudhury,Female,25,Kolkata,West Bengal,East,2023-09-23,Regular Customer
CUST-00457,Arjun Bhatia,Male,20,Hyderabad,Telangana,South,2021-06-08,Regular Customer
CUST-00458,Anita Malhotra,Female,18,Kolkata,West Bengal,East,2023-11-06,Loyal Customer
CUST-00459,Deepa Dutta,Female,40,Lucknow,Uttar Pradesh,North,2023-12-15,Regular Customer
CUST-00460,Meera Tripathi,Female,39,Mumbai,Maharashtra,West,2024-06-19,Regular Customer
CUST-00461,Dhruv Bhatia,Male,30,Surat,Gujarat,West,2021-11-29,Regular Customer
CUST-00462,Deepak Choudhury,Male,37,Surat,Gujarat,West,2021-12-06,Loyal Customer
CUST-00463,Vivaan Pillai,Male,32,Bengaluru,Karnataka,South,2023-01-17,Loyal Customer
CUST-00464,Ayaan Menon,Male,22,Bengaluru,Karnataka,South,2024-06-04,Regular Customer
CUST-00465,Tanvi Mishra,Female,18,Ahmedabad,Gujarat,West,2023-07-09,Regular Customer
CUST-00466,Isha Joshi,Female,37,Bengaluru,Karnataka,South,2023-08-19,VIP Customer
CUST-00467,Reyansh Rao,Male,31,Jaipur,Rajasthan,North,2024-03-14,VIP Customer
CUST-00468,Rohan Choudhury,Male,31,Kolkata,West Bengal,East,2022-08-01,Loyal Customer
CUST-00469,Pooja Iyengar,Female,34,Bengaluru,Karnataka,South,2023-05-08,VIP Customer
CUST-00470,Deepa Mehta,Female,22,Kolkata,West Bengal,East,2024-05-23,Regular Customer
CUST-00471,Kavya Verma,Female,26,Ahmedabad,Gujarat,West,2023-09-12,VIP Customer
CUST-00472,Anjali Agarwal,Female,33,Ahmedabad,Gujarat,West,2021-07-30,Loyal Customer
CUST-00473,Pooja Yadav,Female,29,  Delhi ,Delhi,North,2021-09-13,Regular Customer
CUST-00474,Sunita Saxena,Female,37,Chennai,Tamil Nadu,South,2022-07-13,Regular Customer
CUST-00475,Pooja Bhatia,Female,29,Bengaluru,Karnataka,South,2023-06-15,Regular Customer
CUST-00476,Pallavi Patel,Female,41,Bengaluru,Karnataka,South,2023-07-13,VIP Customer
CUST-00477,Pallavi Sharma,Female,53,Mumbai,Maharashtra,West,2023-04-30,Regular Customer
CUST-00478,Pooja Rao,Female,23,Chennai,Tamil Nadu,South,2022-04-28,Regular Customer
CUST-00479,Aadhya Rao,Female,38,Patna,Bihar,East,2022-04-05,Regular Customer
CUST-00480,Varun Malhotra,Male,24,Mumbai,Maharashtra,West,2022-11-18,Loyal Customer
CUST-00481,Arjun Verma,Male,46,Pune,Maharashtra,West,2022-08-11,VIP Customer
CUST-00482,Rahul Das,Male,50,Hyderabad,Telangana,South,2021-10-12,Loyal Customer
CUST-00483,Sneha Menon,Female,36,Delhi,Delhi,North,2024-06-14,Regular Customer
CUST-00484,Aadhya Sharma,Female,32,Hyderabad,Telangana,South,2022-06-09,Regular Customer
CUST-00485,Arjun Chatterjee,Male,43,Guwahati,Assam,East,2024-05-31,Regular Customer
CUST-00486,Vihaan Choudhury,Male,45,Mumbai   ,Maharashtra,West,2022-08-14,Regular Customer
CUST-00487,Aarohi Verma,Female,18,MUMBAI,Maharashtra,West,2022-05-04,Regular Customer
CUST-00488,Kunal Mukherjee,Male,39,Coimbatore,Tamil Nadu,South,2023-07-26,Regular Customer
CUST-00489,Siddharth Tripathi,Male,20,Hyderabad,Telangana,South,2023-10-21,Loyal Customer
CUST-00490,Aarav Singh,Male,25,Kolkata,West Bengal,East,2023-11-22,Loyal Customer
CUST-00491,Deepak Bhatia,Male,26,Pune,Maharashtra,West,2022-08-20,Regular Customer
CUST-00492,Neha Rao,Female,40,Jaipur,Rajasthan,North,2022-05-08,Loyal Customer
CUST-00493,Diya Kaur,Female,20,Jaipur,Rajasthan,North,2021-06-25,Regular Customer
CUST-00494,Atharv Gupta,Other,19,Jaipur,Rajasthan,North,2023-12-14,Regular Customer
CUST-00495,Anita Iyengar,Female,30,Mumbai,Maharashtra,West,2024-02-09,Regular Customer
CUST-00496,Rekha Iyer,Female,51,Nagpur,Maharashtra,West,2021-03-31,Loyal Customer
CUST-00497,Atharv Shah,Male,22,Pune,Maharashtra,West,2021-02-03,Regular Customer
CUST-00498,Aditya Rao,Male,39,Chennai,Tamil Nadu,South,2022-05-09,Loyal Customer
CUST-00499,Divya Malhotra,Female,47,Bhopal,Madhya Pradesh,Central,2024-04-06,Loyal Customer
CUST-00500,Meera Bhatia,Female,19,Bengaluru,Karnataka,South,2021-04-01,Regular Customer
CUST-00501,Shaurya Pandey,Male,33,Patna,Bihar,East,2021-12-25,Loyal Customer
CUST-00502,Swati Menon,Female,41,Ahmedabad,Gujarat,West,2023-09-08,Loyal Customer
CUST-00503,Kunal Bhatia,Male,27,Kochi,Kerala,South,2021-05-10,Loyal Customer
CUST-00504,Riya Verma,Female,36,Lucknow,Uttar Pradesh,North,2022-08-24,Regular Customer
CUST-00505,Kunal Mehta,Male,21,Hyderabad,Telangana,South,2021-03-27,Regular Customer
CUST-00506,Ishaan Iyengar,Male,23,Surat,Gujarat,West,2023-03-27,VIP Customer
CUST-00507,Anjali Iyer,Female,23,Chennai,Tamil Nadu,South,2022-06-03,Regular Customer
CUST-00508,Divya Mehta,Female,18,Kolkata,West Bengal,East,2022-08-09,Regular Customer
CUST-00509,Sunita Verma,Female,35,Patna,Bihar,East,2022-11-11,Regular Customer
CUST-00510,Kunal Rao,Male,32,Surat,Gujarat,West,2023-06-14,VIP Customer
CUST-00511,Anand Menon,Male,28,Bhubaneswar,Odisha,East,2023-03-03,Regular Customer
CUST-00512,Diya Iyer,Female,45,Bhopal,Madhya Pradesh,Central,2023-10-16,Regular Customer
CUST-00513,Anita Iyengar,Female,27,Hyderabad,Telangana,South,2022-07-01,Loyal Customer
CUST-00514,Anand Pillai,Male,30,Lucknow,Uttar Pradesh,North,2021-06-11,Regular Customer
CUST-00515,Siddharth Saxena,Male,33,Kochi,Kerala,South,2024-01-23,Regular Customer
CUST-00516,Vihaan Gupta,Male,34,Patna,Bihar,East,2022-11-03,Loyal Customer
CUST-00517,Khushi Menon,Female,60,Indore,Madhya Pradesh,Central,2024-05-19,Loyal Customer
CUST-00518,Sai Das,Male,29,Kolkata,West Bengal,East,2023-06-29,Regular Customer
CUST-00519,Vivaan Dutta,Male,28,Mumbai,Maharashtra,West,2022-12-24,Loyal Customer
CUST-00520,Kabir Shah,Male,22,Delhi,Delhi,North,2021-04-28,Regular Customer
CUST-00521,Divya Nair,Female,38,Chennai,Tamil Nadu,South,2023-01-15,Regular Customer
CUST-00522,Anand Kaur,Male,33,Kolkata,West Bengal,East,2021-11-24,VIP Customer
CUST-00523,Arjun Yadav,Male,36,Delhi,Delhi,North,2024-05-29,Loyal Customer
CUST-00524,Riya Verma,Female,24,Jaipur,Rajasthan,North,2021-09-16,Regular Customer
CUST-00525,Nikhil Singh,Male,25,Guwahati,Assam,East,2023-01-21,Regular Customer
CUST-00526,Suresh Verma,Male,32,Lucknow,Uttar Pradesh,North,2024-05-24,Regular Customer
CUST-00527,Rohan Rao,Other,26,Delhi,Delhi,North,2023-02-01,Regular Customer
CUST-00528,Aditya Banerjee,Male,28,Mumbai,Maharashtra,West,2021-10-09,Regular Customer
CUST-00529,Pari Reddy,Female,33,Guwahati,Assam,East,2022-07-25,Regular Customer
CUST-00530,Aarohi Sharma,Female,24,Ahmedabad,Gujarat,West,2022-01-17,Regular Customer
CUST-00531,Dhruv Agarwal,Male,38,Chennai,Tamil Nadu,South,2024-02-25,Regular Customer
CUST-00532,Nikhil Shah,Male,58,Bhubaneswar,Odisha,East,2023-07-03,Regular Customer
CUST-00533,Ramesh Joshi,Male,27,Chennai,Tamil Nadu,South,2023-10-03,Regular Customer
CUST-00534,Ananya Yadav,Female,20,Chandigarh,Punjab,North,2021-06-01,Regular Customer
CUST-00535,Nandini Das,Female,32,Kolkata,West Bengal,East,2023-07-01,VIP Customer
CUST-00536,Kunal Kaur,Male,31,Bengaluru,Karnataka,South,2022-10-17,Loyal Customer
CUST-00537,Shreya Gupta,Female,34,Delhi,Delhi,North,2024-02-01,Regular Customer
CUST-00538,Pranav Joshi,Male,20,Bengaluru,Karnataka,South,2021-11-19,Loyal Customer
CUST-00539,Pallavi Das,Female,22,Pune,Maharashtra,West,2021-12-23,Loyal Customer
CUST-00540,Amit Patel,Male,32,Patna,Bihar,East,2021-09-06,VIP Customer
CUST-00541,Kunal Bhatia,Male,19,Bengaluru,Karnataka,South,2022-04-30,Loyal Customer
CUST-00542,Saanvi Rao,Female,32,Kolkata,West Bengal,East,2024-02-09,Loyal Customer
CUST-00543,Rohan Mishra,Male,23,Bhopal,Madhya Pradesh,Central,2024-02-04,Regular Customer
CUST-00544,Nandini Gupta,Female,18,Nagpur,Maharashtra,West,2021-05-15,Regular Customer
CUST-00545,Shreya Dutta,Female,45,CHENNAI,Tamil Nadu,South,2023-09-08,Regular Customer
CUST-00546,Nikhil Pillai,Male,20,Kochi,Kerala,South,2024-03-23,Regular Customer
CUST-00547,Shaurya Singh,Male,32,Ahmedabad,Gujarat,West,2021-06-01,Regular Customer
CUST-00548,Swati Iyengar,Female,43,Coimbatore,Tamil Nadu,South,2022-12-07,Regular Customer
CUST-00549,Deepa Choudhury,Female,25,Kolkata,West Bengal,East,2024-02-04,Loyal Customer
CUST-00550,Sai Choudhury,Male,34,Chandigarh,Punjab,North,2021-09-22,Regular Customer
CUST-00551,Pallavi Yadav,Female,30,Mumbai,Maharashtra,West,2021-04-24,Loyal Customer
CUST-00552,Pooja Bhatia,Female,33,Mumbai,Maharashtra,West,2022-09-15,Regular Customer
CUST-00553,Shaurya Agarwal,Male,24,Bengaluru,Karnataka,South,2022-04-07,Regular Customer
CUST-00554,Amit Tripathi,Male,47,Indore,Madhya Pradesh,Central,2022-08-05,Loyal Customer
CUST-00555,Kavya Mehta,Female,28,Mumbai,Maharashtra,West,2024-02-03,Regular Customer
CUST-00556,Divya Joshi,Female,28,Indore,Madhya Pradesh,Central,2024-06-12,Regular Customer
CUST-00557,Amit Singh,Male,39,Hyderabad,Telangana,South,2021-12-12,Loyal Customer
CUST-00558,Suresh Bhatia,Male,47,Delhi,Delhi,North,2021-12-17,Loyal Customer
CUST-00559,Tanvi Tripathi,Female,40,Kolkata,West Bengal,East,2024-05-24,Regular Customer
CUST-00560,Varun Banerjee,Male,46,Nagpur,Maharashtra,West,2021-03-26,Loyal Customer
CUST-00561,Saanvi Gupta,Female,49,Chandigarh,Punjab,North,2021-04-04,VIP Customer
CUST-00562,Sunita Banerjee,Female,52,Jaipur,Rajasthan,North,2022-06-27,Loyal Customer
CUST-00563,Nikhil Banerjee,Male,39,Delhi,Delhi,North,2023-05-04,Loyal Customer
CUST-00564,Aarav Iyer,Male,30,Chennai,Tamil Nadu,South,2024-01-23,Regular Customer
CUST-00565,Ishaan Iyer,Male,39,Bengaluru,Karnataka,South,2022-05-17,Loyal Customer
CUST-00566,Rajesh Nair,Male,34,Delhi,Delhi,North,2022-09-02,Regular Customer
CUST-00567,Shreya Verma,Female,18,Kochi,Kerala,South,2021-11-20,Regular Customer
CUST-00568,Sneha Menon,Female,43,Patna,Bihar,East,2022-02-22,Regular Customer
CUST-00569,Ananya Reddy,Female,42,Chennai,Tamil Nadu,South,2022-10-16,Loyal Customer
CUST-00570,Rekha Rao,Female,24,Chandigarh,Punjab,North,2023-03-28,Regular Customer
CUST-00571,Navya Iyengar,Female,21,Pune,Maharashtra,West,2024-02-25,Regular Customer
CUST-00572,Ayaan Menon,Other,38,Surat,Gujarat,West,2021-09-08,Regular Customer
CUST-00573,Ayaan Bhatia,Male,31,Chandigarh,Punjab,North,2021-07-18,Regular Customer
CUST-00574,Pari Yadav,Female,32,Delhi,Delhi,North,2024-06-14,Regular Customer
CUST-00575,Gaurav Tripathi,Male,38,Pune,Maharashtra,West,2021-11-24,Loyal Customer
CUST-00576,Pallavi Banerjee,Female,40,Kolkata,West Bengal,East,2022-10-03,Regular Customer
CUST-00577,Sai Iyer,Male,52,Bhubaneswar,Odisha,East,2023-11-21,Regular Customer
CUST-00578,Nandini Joshi,Female,39,Indore,Madhya Pradesh,Central,2023-10-16,Regular Customer
CUST-00579,Dhruv Iyengar,Male,30,Bengaluru,Karnataka,South,2023-07-26,VIP Customer
CUST-00580,Gauri Banerjee,Female,32,Guwahati,Assam,East,2022-12-24,Regular Customer
CUST-00581,Ishaan Iyer,Male,47,Delhi,Delhi,North,2024-05-08,VIP Customer
CUST-00582,Divya Kaur,Female,28,Chandigarh,Punjab,North,2023-08-22,Regular Customer
CUST-00583,Saanvi Yadav,Female,27,Bhopal,Madhya Pradesh,Central,2021-08-09,Regular Customer
CUST-00584,Nandini Shah,Female,20,Mumbai,Maharashtra,West,2023-01-20,Loyal Customer
CUST-00585,Navya Verma,Female,18,  Delhi ,Delhi,North,2023-04-01,Regular Customer
CUST-00586,Vikram Mehta,Male,20,Bhubaneswar,Odisha,East,2023-01-13,Loyal Customer
CUST-00587,Aditya Nair,Other,24,Lucknow,Uttar Pradesh,North,2023-10-30,Regular Customer
CUST-00588,Anjali Shah,Female,18,Pune,Maharashtra,West,2024-06-30,Loyal Customer
CUST-00589,Vihaan Bhatia,Male,51,Mumbai,Maharashtra,West,2021-07-18,Regular Customer
CUST-00590,Anita Reddy,Female,24,Hyderabad   ,Telangana,South,2024-02-17,VIP Customer
CUST-00591,Sunita Bhatia,Female,34,Kolkata,West Bengal,East,2022-02-12,Loyal Customer
CUST-00592,Pari Iyengar,Female,23,Mumbai,Maharashtra,West,2021-03-24,Regular Customer
CUST-00593,Ananya Das,Female,53,Ahmedabad,Gujarat,West,2022-11-14,Loyal Customer
CUST-00594,Pooja Menon,Female,53,Bhopal,Madhya Pradesh,Central,2021-11-02,Loyal Customer
CUST-00595,Amit Bhatia,Male,32,Mumbai,Maharashtra,West,2022-11-03,VIP Customer
CUST-00596,Shaurya Saxena,Male,47,Hyderabad,Telangana,South,2023-03-16,VIP Customer
CUST-00597,Tanvi Pandey,Female,43,Kolkata,West Bengal,East,2022-09-05,Loyal Customer
CUST-00598,Amit Pandey,Male,40,Delhi,Delhi,North,2023-11-10,Regular Customer
CUST-00599,Deepak Banerjee,Male,23,Delhi,Delhi,North,2022-09-06,Regular Customer
CUST-00600,Saanvi Rao,Female,31,Chandigarh,Punjab,North,2022-11-10,Loyal Customer
CUST-00601,Kabir Banerjee,Other,35,Chennai,Tamil Nadu,South,2022-09-23,Loyal Customer
CUST-00602,Tanvi Yadav,Female,39,Bhopal,Madhya Pradesh,Central,2021-02-24,Loyal Customer
CUST-00603,Krishna Singh,Male,45,Hyderabad,Telangana,South,2024-03-30,Loyal Customer
CUST-00604,Tanvi Verma,Female,29,Pune,Maharashtra,West,2024-04-10,Regular Customer
CUST-00605,Amit Singh,Male,18,Mumbai,Maharashtra,West,2024-06-23,Loyal Customer
CUST-00606,Dhruv Bhatia,Male,20,Kochi,Kerala,South,2022-05-12,Regular Customer
CUST-00607,Deepak Malhotra,Male,18,Surat,Gujarat,West,2022-01-26,Regular Customer
CUST-00608,Shaurya Pillai,Male,34,Chennai,Tamil Nadu,South,2021-11-07,Regular Customer
CUST-00609,Gauri Pillai,Female,28,Bhopal,Madhya Pradesh,Central,2023-10-25,Loyal Customer
CUST-00610,Varun Iyer,Male,37,Kolkata,West Bengal,East,2021-05-08,Loyal Customer
CUST-00611,Amit Mehta,Male,35,,West Bengal,East,2024-02-23,Regular Customer
CUST-00612,Rajesh Iyer,Male,28,Chandigarh,Punjab,North,2023-12-13,Regular Customer
CUST-00613,Diya Menon,Female,36,Delhi,Delhi,North,2023-12-28,Regular Customer
CUST-00614,Navya Kaur,Female,20,Jaipur,Rajasthan,North,2022-06-26,Loyal Customer
CUST-00615,Gauri Patel,Female,22,Bengaluru,Karnataka,South,2022-07-26,Loyal Customer
CUST-00616,Isha Joshi,Female,23,Bengaluru,Karnataka,South,2022-08-15,Loyal Customer
CUST-00617,Deepak Das,Male,29,Indore,Madhya Pradesh,Central,2023-09-29,Regular Customer
CUST-00618,Atharv Chatterjee,Male,50,Kolkata,West Bengal,East,2022-07-15,Regular Customer
CUST-00619,Suresh Kaur,Male,34,Chennai,Tamil Nadu,South,2024-01-18,Regular Customer
CUST-00620,Dhruv Pandey,Male,20,Coimbatore,Tamil Nadu,South,2022-12-08,VIP Customer
CUST-00621,Kunal Bhatia,Male,35,Pune,Maharashtra,West,2022-08-18,Regular Customer
CUST-00622,Shreya Gupta,Female,33,Mumbai,Maharashtra,West,2022-12-11,VIP Customer
CUST-00623,Manish Shah,Male,42,Visakhapatnam,Andhra Pradesh,South,2023-09-09,Regular Customer
CUST-00624,Siddharth Chatterjee,Male,22,Jaipur,Rajasthan,North,2022-07-10,VIP Customer
CUST-00625,Deepak Shah,Male,18,VISAKHAPATNAM,Andhra Pradesh,South,2021-10-09,Regular Customer
CUST-00626,Tanvi Banerjee,Female,59,Hyderabad,Telangana,South,2022-05-06,Regular Customer
CUST-00627,Rajesh Tripathi,Male,28,Bengaluru   ,Karnataka,South,2023-12-24,Regular Customer
CUST-00628,Isha Verma,Female,27,Pune,Maharashtra,West,2021-07-25,Regular Customer
CUST-00629,Shreya Iyer,Female,29,Lucknow,Uttar Pradesh,North,2021-07-25,Loyal Customer
CUST-00630,Ananya Sharma,Female,34,Mumbai,Maharashtra,West,2024-02-02,VIP Customer
CUST-00631,Sai Pillai,Male,19,Surat,Gujarat,West,2023-09-02,Regular Customer
CUST-00632,Gauri Choudhury,Female,32,Jaipur,Rajasthan,North,2022-08-12,Regular Customer
CUST-00633,Manish Verma,Male,52,Pune,Maharashtra,West,2021-07-03,Loyal Customer
CUST-00634,Ayaan Chatterjee,Male,21,Kolkata,West Bengal,East,2021-03-18,VIP Customer
CUST-00635,Diya Pillai,Female,25,Bhopal,Madhya Pradesh,Central,2021-12-27,VIP Customer
CUST-00636,Vivaan Pandey,Male,32,Bengaluru,Karnataka,South,2023-03-25,Loyal Customer
CUST-00637,Sai Agarwal,Male,45,Kolkata,West Bengal,East,2022-08-16,VIP Customer
CUST-00638,Aarav Joshi,Male,24,Bhubaneswar,Odisha,East,2024-03-09,Loyal Customer
CUST-00639,Pallavi Reddy,Female,29,Chennai,Tamil Nadu,South,2022-08-06,Regular Customer
CUST-00640,Manish Chatterjee,Other,38,Indore,Madhya Pradesh,Central,2023-12-10,Regular Customer
CUST-00641,Arjun Yadav,Male,32,Coimbatore,Tamil Nadu,South,2023-10-30,Regular Customer
CUST-00642,Gauri Mishra,Female,24,,West Bengal,East,2021-08-19,Regular Customer
CUST-00643,Anand Menon,Male,44,HYDERABAD,Telangana,South,2022-06-11,Loyal Customer
CUST-00644,Saanvi Dutta,Female,38,Nagpur,Maharashtra,West,2022-11-22,Loyal Customer
CUST-00645,Suresh Kaur,Male,18,Bhopal,Madhya Pradesh,Central,2022-01-31,Regular Customer
CUST-00646,Rekha Singh,Female,35,Ahmedabad,Gujarat,West,2023-04-11,Loyal Customer
CUST-00647,Pooja Reddy,Female,41,Kolkata,West Bengal,East,2021-06-27,Regular Customer
CUST-00648,Vihaan Saxena,Male,30,Lucknow,Uttar Pradesh,North,2021-10-15,Regular Customer
CUST-00649,Pallavi Patel,Female,42,Coimbatore,Tamil Nadu,South,2021-01-14,Regular Customer
CUST-00650,Ayaan Menon,Male,28,Visakhapatnam,Andhra Pradesh,South,2022-07-01,VIP Customer
CUST-00651,Ishaan Banerjee,Male,26,Coimbatore,Tamil Nadu,South,2024-03-19,Regular Customer
CUST-00652,Divya Rao,Female,27,Delhi,Delhi,North,2022-04-29,Regular Customer
CUST-00653,Vihaan Menon,Male,24,Bhubaneswar,Odisha,East,2022-09-21,Regular Customer
CUST-00654,Swati Iyengar,Female,35,Kolkata,West Bengal,East,2022-09-29,Loyal Customer
CUST-00655,Divya Agarwal,Female,35,JAIPUR,Rajasthan,North,2022-08-28,Regular Customer
CUST-00656,Isha Patel,Female,32,Delhi,Delhi,North,2021-10-01,Regular Customer
CUST-00657,Riya Dutta,Female,19,Mumbai,Maharashtra,West,2024-05-25,Regular Customer
CUST-00658,Shreya Chatterjee,Female,30,Kolkata,West Bengal,East,2023-08-23,Loyal Customer
CUST-00659,Anita Kaur,Female,24,Patna,Bihar,East,2022-03-24,Loyal Customer
CUST-00660,Swati Choudhury,Female,39,Pune,Maharashtra,West,2024-05-05,VIP Customer
CUST-00661,Aadhya Iyengar,Female,29,Kochi,Kerala,South,2023-07-04,Regular Customer
CUST-00662,Atharv Gupta,Male,18,Hyderabad,Telangana,South,2024-03-01,Regular Customer
CUST-00663,Siddharth Chatterjee,Male,27,Delhi,Delhi,North,2023-11-02,Regular Customer
CUST-00664,Anjali Bhatia,Female,43,Kochi,Kerala,South,2021-12-03,Regular Customer
CUST-00665,Amit Menon,Male,26,Hyderabad,Telangana,South,2021-08-27,Loyal Customer
CUST-00666,Deepak Banerjee,Male,28,Chandigarh,Punjab,North,2023-09-29,Regular Customer
CUST-00667,Pooja Menon,Female,18,Kochi,Kerala,South,2021-04-24,Regular Customer
CUST-00668,Amit Pillai,Male,46,Visakhapatnam,Andhra Pradesh,South,2023-07-25,Loyal Customer
CUST-00669,Anjali Menon,Female,37,Bengaluru,Karnataka,South,2022-09-24,Loyal Customer
CUST-00670,Pari Shah,Female,24,Mumbai,Maharashtra,West,2021-01-07,Loyal Customer
CUST-00671,Suresh Gupta,Male,28,Kochi,Kerala,South,2021-04-03,Regular Customer
CUST-00672,Deepak Gupta,Male,38,Ahmedabad,Gujarat,West,2024-01-14,VIP Customer
CUST-00673,Pallavi Tripathi,Female,18,Delhi,Delhi,North,2021-05-22,VIP Customer
CUST-00674,Rahul Verma,Male,34,Bengaluru,Karnataka,South,2022-08-11,Regular Customer
CUST-00675,Sunita Bhatia,Female,40,Jaipur,Rajasthan,North,2023-05-11,Regular Customer
CUST-00676,Pranav Nair,Male,40,Coimbatore,Tamil Nadu,South,2023-07-08,VIP Customer
CUST-00677,Pallavi Nair,Female,22,Chennai,Tamil Nadu,South,2023-02-09,Regular Customer
CUST-00678,Rajesh Yadav,Male,34,Patna,Bihar,East,2024-01-10,Regular Customer
CUST-00679,Rekha Rao,Female,35,Mumbai,Maharashtra,West,2021-08-31,Regular Customer
CUST-00680,Vikram Nair,Male,32,Mumbai,Maharashtra,West,2023-12-20,Regular Customer
CUST-00681,Isha Pandey,Female,30,Patna,Bihar,East,2021-01-08,Loyal Customer
CUST-00682,Ishaan Menon,Male,37,Coimbatore,Tamil Nadu,South,2024-01-21,Regular Customer
CUST-00683,Pari Pandey,Female,42,Bengaluru,Karnataka,South,2022-04-16,Regular Customer
CUST-00684,Navya Bhatia,Female,27,Mumbai,Maharashtra,West,2022-07-19,Regular Customer
CUST-00685,Nandini Dutta,Female,22,Bengaluru,Karnataka,South,2021-08-20,Regular Customer
CUST-00686,Rajesh Pillai,Male,34,Chennai,Tamil Nadu,South,2024-06-13,Loyal Customer
CUST-00687,Pranav Tripathi,Male,18,Bengaluru,Karnataka,South,2021-02-02,Regular Customer
CUST-00688,Aadhya Malhotra,Female,41,Mumbai,Maharashtra,West,2024-05-01,Regular Customer
CUST-00689,Neha Kaur,Female,37,Pune,Maharashtra,West,2021-04-10,Regular Customer
CUST-00690,Aanya Nair,Female,42,Delhi,Delhi,North,2023-06-18,Regular Customer
CUST-00691,Reyansh Choudhury,Male,41,Mumbai,Maharashtra,West,2021-04-26,Regular Customer
CUST-00692,Khushi Patel,Female,25,Guwahati,Assam,East,2024-03-25,Regular Customer
CUST-00693,Neha Choudhury,Female,24,Kochi,Kerala,South,2022-10-19,Regular Customer
CUST-00694,Nandini Bhatia,Female,33,Mumbai,Maharashtra,West,2023-12-04,Regular Customer
CUST-00695,Ishaan Shah,Male,35,Kochi,Kerala,South,2021-05-05,Loyal Customer
CUST-00696,Priyanka Tripathi,Female,40,Pune,Maharashtra,West,2021-12-25,Loyal Customer
CUST-00697,Prisha Chatterjee,Female,18,Chennai,Tamil Nadu,South,2023-10-13,Regular Customer
CUST-00698,Navya Singh,Female,25,Ahmedabad,Gujarat,West,2023-02-20,Loyal Customer
CUST-00699,Meera Das,Female,56,Ahmedabad,Gujarat,West,2023-05-03,Regular Customer
CUST-00700,Khushi Nair,Female,20,Lucknow,Uttar Pradesh,North,2022-01-12,Loyal Customer
CUST-00701,Rahul Patel,Male,22,Hyderabad,Telangana,South,2022-04-07,Regular Customer
CUST-00702,Deepak Bhatia,Male,33,Jaipur,Rajasthan,North,2023-08-07,VIP Customer
CUST-00703,Anjali Pillai,Female,49,Kolkata,West Bengal,East,2023-05-04,Loyal Customer
CUST-00704,Ananya Nair,Female,39,Mumbai,Maharashtra,West,2022-05-13,Regular Customer
CUST-00705,Shaurya Singh,Male,28,Mumbai,Maharashtra,West,2021-06-11,VIP Customer
CUST-00706,Gaurav Rao,Male,18,Bengaluru,Karnataka,South,2021-07-09,Regular Customer
CUST-00707,Deepa Mehta,Female,30,Delhi,Delhi,North,2021-04-16,Regular Customer
CUST-00708,Swati Mukherjee,Female,18,Bengaluru,Karnataka,South,2024-05-19,Regular Customer
CUST-00709,Aditya Mehta,Male,30,Mumbai,Maharashtra,West,2024-04-18,Loyal Customer
CUST-00710,Vikram Mehta,Male,33,Mumbai,Maharashtra,West,2023-09-09,Regular Customer
CUST-00711,Varun Reddy,Male,44,Pune,Maharashtra,West,2022-09-13,VIP Customer
CUST-00712,Saanvi Mehta,Female,26,Bengaluru,Karnataka,South,2022-01-25,VIP Customer
CUST-00713,Aarohi Dutta,Female,24,Ahmedabad,Gujarat,West,2023-09-08,VIP Customer
CUST-00714,Deepak Mukherjee,Male,30,Hyderabad,Telangana,South,2022-02-23,Regular Customer
CUST-00715,Ayaan Chatterjee,Male,32,Lucknow,Uttar Pradesh,North,2022-10-21,Loyal Customer
CUST-00716,Dhruv Menon,Other,44,Delhi,Delhi,North,2023-12-29,Loyal Customer
CUST-00717,Ishaan Shah,Male,18,Chennai,Tamil Nadu,South,2023-01-07,Regular Customer
CUST-00718,Sneha Menon,Female,18,Lucknow,Uttar Pradesh,North,2021-07-21,Loyal Customer
CUST-00719,Tanvi Iyer,Female,43,Nagpur,Maharashtra,West,2022-10-18,VIP Customer
CUST-00720,Navya Reddy,Female,27,Mumbai,Maharashtra,West,2023-04-28,Regular Customer
CUST-00721,Rekha Patel,Female,34,Lucknow,Uttar Pradesh,North,2021-10-26,Regular Customer
CUST-00722,Vikram Agarwal,Male,26,Hyderabad   ,Telangana,South,2024-04-11,Loyal Customer
CUST-00723,Kabir Joshi,Male,23,Chennai,Tamil Nadu,South,2021-11-09,Regular Customer
CUST-00724,Isha Nair,Female,29,Mumbai,Maharashtra,West,2024-03-12,Loyal Customer
CUST-00725,Rahul Chatterjee,Male,38,Jaipur,Rajasthan,North,2022-11-23,Regular Customer
CUST-00726,Deepa Iyer,Female,31,Hyderabad,Telangana,South,2023-10-02,Regular Customer
CUST-00727,Tanvi Mishra,Female,35,Bhubaneswar,Odisha,East,2022-12-23,Regular Customer
CUST-00728,Tanvi Chatterjee,Female,41,Delhi,Delhi,North,2023-09-28,Regular Customer
CUST-00729,Nandini Chatterjee,Female,33,Delhi,Delhi,North,2021-05-01,Regular Customer
CUST-00730,Siddharth Yadav,Male,24,Chennai,Tamil Nadu,South,2021-06-02,VIP Customer
CUST-00731,Rajesh Verma,Male,62,Mumbai,Maharashtra,West,2021-01-14,Regular Customer
CUST-00732,Siddharth Singh,Male,27,Pune,Maharashtra,West,2022-04-19,Regular Customer
CUST-00733,Arjun Sharma,Male,42,Patna,Bihar,East,2022-03-24,Regular Customer
CUST-00734,Navya Verma,Female,47,Chennai,Tamil Nadu,South,2024-06-19,Loyal Customer
CUST-00735,Pallavi Mukherjee,Female,22,Bhopal,Madhya Pradesh,Central,2023-09-17,Loyal Customer
CUST-00736,Aarav Sharma,Male,20,Bhopal,Madhya Pradesh,Central,2023-12-26,Loyal Customer
CUST-00737,Saanvi Sharma,Female,18,Pune,Maharashtra,West,2023-12-21,Loyal Customer
CUST-00738,Vikram Joshi,Male,25,Ahmedabad,Gujarat,West,2021-02-05,Regular Customer
CUST-00739,Shreya Kaur,Female,22,Delhi,Delhi,North,2023-06-01,Loyal Customer
CUST-00740,Varun Saxena,Male,49,Delhi,Delhi,North,2021-08-08,VIP Customer
CUST-00741,Pooja Bhatia,Female,22,Mumbai,Maharashtra,West,2022-05-09,Regular Customer
CUST-00742,Pooja Shah,Female,28,Ahmedabad,Gujarat,West,2022-12-27,Regular Customer
CUST-00743,Dhruv Gupta,Male,31,Bengaluru,Karnataka,South,2023-02-04,VIP Customer
CUST-00744,Riya Banerjee,Female,25,Ahmedabad,Gujarat,West,2022-05-14,VIP Customer
CUST-00745,Ayaan Joshi,Male,53,Delhi,Delhi,North,2021-06-15,Loyal Customer
CUST-00746,Gaurav Singh,Male,27,Mumbai,Maharashtra,West,2021-03-06,Regular Customer
CUST-00747,Dhruv Nair,Male,31,Mumbai,Maharashtra,West,2024-02-06,Regular Customer
CUST-00748,Manish Sharma,Male,37,Hyderabad,Telangana,South,2021-12-17,Regular Customer
CUST-00749,Gaurav Pillai,Male,18,Coimbatore,Tamil Nadu,South,2022-11-10,Loyal Customer
CUST-00750,Gaurav Malhotra,Male,29,Nagpur,Maharashtra,West,2023-12-18,VIP Customer
CUST-00751,Ayaan Mehta,Male,35,Kochi,Kerala,South,2024-03-06,Regular Customer
CUST-00752,Vivaan Agarwal,Other,42,Bengaluru,Karnataka,South,2021-06-02,Loyal Customer
CUST-00753,Kavya Tripathi,Female,18,Hyderabad,Telangana,South,2024-01-18,Loyal Customer
CUST-00754,Aanya Saxena,Female,18,Delhi,Delhi,North,2022-10-07,Regular Customer
CUST-00755,Gauri Banerjee,Female,50,Kochi,Kerala,South,2021-10-23,Loyal Customer
CUST-00756,Deepak Pandey,Male,35,Bengaluru,Karnataka,South,2023-03-27,VIP Customer
CUST-00757,Ishaan Saxena,Male,19,Nagpur,Maharashtra,West,2024-02-29,Regular Customer
CUST-00758,Deepa Yadav,Female,23,Hyderabad,Telangana,South,2023-03-08,Loyal Customer
CUST-00759,Anjali Reddy,Female,31,Ahmedabad,Gujarat,West,2023-02-26,Loyal Customer
CUST-00760,Arjun Mishra,Male,20,Hyderabad,Telangana,South,2021-06-10,Regular Customer
CUST-00761,Atharv Verma,Other,36,Pune,Maharashtra,West,2021-07-20,Regular Customer
CUST-00762,Deepa Gupta,Female,42,Delhi,Delhi,North,2022-11-29,Loyal Customer
CUST-00763,Ramesh Mukherjee,Male,32,Pune,Maharashtra,West,2023-03-24,VIP Customer
CUST-00764,Shaurya Sharma,Male,26,Nagpur,Maharashtra,West,2022-07-14,Loyal Customer
CUST-00765,Riya Iyer,Female,35,Patna,Bihar,East,2022-04-13,Regular Customer
CUST-00766,Dhruv Pillai,Male,52,Bhopal,Madhya Pradesh,Central,2022-01-16,Loyal Customer
CUST-00767,Rajesh Nair,Male,25,Bhubaneswar,Odisha,East,2021-06-25,Loyal Customer
CUST-00768,Khushi Mishra,Female,42,Delhi,Delhi,North,2022-05-20,Loyal Customer
CUST-00769,Aditya Shah,Male,32,Patna,Bihar,East,2021-11-12,Regular Customer
CUST-00770,Anita Singh,Female,37,Hyderabad,Telangana,South,2021-11-12,Loyal Customer
CUST-00771,Shaurya Rao,Male,40,Hyderabad,Telangana,South,2021-08-07,Regular Customer
CUST-00772,Khushi Menon,Female,25,Kolkata,West Bengal,East,2023-01-08,Loyal Customer
CUST-00773,Aarohi Bhatia,Female,46,Indore,Madhya Pradesh,Central,2021-06-28,Regular Customer
CUST-00774,Riya Chatterjee,Female,29,Nagpur,Maharashtra,West,2024-02-11,Regular Customer
CUST-00775,Vihaan Sharma,Male,45,Coimbatore,Tamil Nadu,South,2021-07-03,Regular Customer
CUST-00776,Aditya Mukherjee,Male,30,Bhubaneswar,Odisha,East,2024-05-09,Loyal Customer
CUST-00777,Gaurav Nair,Male,58,Surat   ,Gujarat,West,2021-01-26,Regular Customer
CUST-00778,Dhruv Choudhury,Male,35,Kolkata,West Bengal,East,2021-06-23,Loyal Customer
CUST-00779,Anjali Tripathi,Female,43,Delhi,Delhi,North,2022-05-13,Loyal Customer
CUST-00780,Sai Kaur,Male,45,Hyderabad,Telangana,South,2023-02-19,Regular Customer
CUST-00781,Kavya Joshi,Female,23,Nagpur,Maharashtra,West,2022-07-04,Regular Customer
CUST-00782,Aditya Saxena,Male,25,Guwahati,Assam,East,2023-06-10,Regular Customer
CUST-00783,Khushi Iyer,Female,27,Mumbai,Maharashtra,West,2021-06-07,Regular Customer
CUST-00784,Isha Dutta,Female,42,Kochi,Kerala,South,2023-10-13,Loyal Customer
CUST-00785,Gauri Menon,Female,37,Indore,Madhya Pradesh,Central,2021-08-08,Regular Customer
CUST-00786,Saanvi Nair,Female,26,Indore,Madhya Pradesh,Central,2022-11-12,Loyal Customer
CUST-00787,Pari Mishra,Female,24,Kolkata,West Bengal,East,2022-11-06,Regular Customer
CUST-00788,Kabir Pandey,Male,35,Chennai,Tamil Nadu,South,2024-05-02,Regular Customer
CUST-00789,Shaurya Mukherjee,Male,30,Mumbai,Maharashtra,West,2022-02-16,Regular Customer
CUST-00790,Diya Nair,Female,26,Surat,Gujarat,West,2022-10-16,Regular Customer
CUST-00791,Deepak Singh,Male,33,Bengaluru,Karnataka,South,2023-10-03,VIP Customer
CUST-00792,Kunal Patel,Male,39,Kolkata,West Bengal,East,2022-10-30,Regular Customer
CUST-00793,Deepa Mishra,Female,31,Mumbai,Maharashtra,West,2023-03-16,Regular Customer
CUST-00794,Varun Banerjee,Male,33,Bengaluru,Karnataka,South,2022-02-14,Loyal Customer
CUST-00795,Vikram Saxena,Male,42,Surat,Gujarat,West,2024-02-01,Regular Customer
CUST-00796,Anand Menon,Male,26,Coimbatore,Tamil Nadu,South,2022-03-06,Regular Customer
CUST-00797,Ishaan Pandey,Male,18,Ahmedabad,Gujarat,West,2021-05-22,Loyal Customer
CUST-00798,Anita Mishra,Female,31,Ahmedabad,Gujarat,West,2023-04-18,Loyal Customer
CUST-00799,Arjun Singh,Male,23,Bhubaneswar,Odisha,East,2022-09-13,Regular Customer
CUST-00800,Rajesh Bhatia,Male,36,Chennai,Tamil Nadu,South,2023-05-17,Loyal Customer
CUST-00801,Aadhya Menon,Female,25,  Jaipur ,Rajasthan,North,2024-05-09,Regular Customer
CUST-00802,Dhruv Chatterjee,Male,35,Lucknow,Uttar Pradesh,North,2023-11-04,VIP Customer
CUST-00803,Rekha Das,Female,35,Kolkata,West Bengal,East,2023-05-07,Regular Customer
CUST-00804,Kunal Rao,Male,48,Indore,Madhya Pradesh,Central,2024-01-05,Loyal Customer
CUST-00805,Varun Gupta,Male,18,Delhi,Delhi,North,2021-08-12,Loyal Customer
CUST-00806,Swati Kaur,Female,32,Mumbai,Maharashtra,West,2022-12-29,Regular Customer
CUST-00807,Neha Verma,Female,26,Bengaluru,Karnataka,South,2024-02-28,VIP Customer
CUST-00808,Swati Singh,Female,33,Mumbai,Maharashtra,West,2023-03-30,VIP Customer
CUST-00809,Meera Mishra,Female,23,Mumbai,Maharashtra,West,2023-06-01,Regular Customer
CUST-00810,Vihaan Shah,Male,45,Bengaluru,Karnataka,South,2022-03-31,Regular Customer
CUST-00811,Pooja Chatterjee,Female,44,Coimbatore,Tamil Nadu,South,2024-04-03,Loyal Customer
CUST-00812,Ayaan Menon,Male,25,Coimbatore,Tamil Nadu,South,2023-02-06,Regular Customer
CUST-00813,Nikhil Kaur,Male,32,Hyderabad,Telangana,South,2024-04-20,Loyal Customer
CUST-00814,Ananya Rao,Female,54,Lucknow,Uttar Pradesh,North,2021-02-20,Regular Customer
CUST-00815,Ishaan Pillai,Male,38,Jaipur,Rajasthan,North,2021-06-25,Regular Customer
CUST-00816,Tanvi Bhatia,Female,24,Indore,Madhya Pradesh,Central,2022-12-15,Regular Customer
CUST-00817,Riya Mishra,Female,21,Mumbai,Maharashtra,West,2022-02-28,Regular Customer
CUST-00818,Navya Iyer,Female,44,Jaipur,Rajasthan,North,2021-07-19,Regular Customer
CUST-00819,Deepak Menon,Male,37,Kolkata,West Bengal,East,2022-10-16,Regular Customer
CUST-00820,Vivaan Mishra,Male,31,Chennai,Tamil Nadu,South,2021-08-24,Regular Customer
CUST-00821,Shaurya Singh,Male,18,Mumbai,Maharashtra,West,2021-08-12,Loyal Customer
CUST-00822,Diya Agarwal,Female,18,Chennai,Tamil Nadu,South,2022-05-15,Regular Customer
CUST-00823,Anjali Saxena,Female,28,Jaipur,Rajasthan,North,2022-11-09,Loyal Customer
CUST-00824,Rohan Patel,Male,38,Bhubaneswar,Odisha,East,2023-04-10,Loyal Customer
CUST-00825,Sai Singh,Male,43,Bengaluru,Karnataka,South,2023-06-05,Regular Customer
CUST-00826,Anand Mukherjee,Male,50,Jaipur,Rajasthan,North,2022-02-09,Regular Customer
CUST-00827,Prisha Nair,Female,44,Hyderabad,Telangana,South,2021-01-10,Loyal Customer
CUST-00828,Gauri Shah,Female,18,Delhi,Delhi,North,2021-05-09,Loyal Customer
CUST-00829,Anita Yadav,Female,23,Mumbai,Maharashtra,West,2024-01-05,Regular Customer
CUST-00830,Shaurya Mehta,Male,18,Kolkata,West Bengal,East,2023-07-27,Regular Customer
CUST-00831,Rajesh Yadav,Male,18,Mumbai,Maharashtra,West,2023-09-30,Regular Customer
CUST-00832,Manish Reddy,Male,20,Chennai,Tamil Nadu,South,2024-05-07,Regular Customer
CUST-00833,Dhruv Banerjee,Male,41,Ahmedabad,Gujarat,West,2021-08-22,Regular Customer
CUST-00834,Gaurav Menon,Male,18,chennai,Tamil Nadu,South,2024-06-18,Regular Customer
CUST-00835,Swati Das,Female,55,Bengaluru,Karnataka,South,2022-09-02,VIP Customer
CUST-00836,Priyanka Gupta,Female,35,Indore,Madhya Pradesh,Central,2021-10-02,Regular Customer
CUST-00837,Isha Joshi,Female,30,Bengaluru,Karnataka,South,2021-08-28,Regular Customer
CUST-00838,Deepak Bhatia,Male,35,Bengaluru,Karnataka,South,2023-11-13,Regular Customer
CUST-00839,Neha Bhatia,Female,18,Hyderabad,Telangana,South,2024-03-23,Regular Customer
CUST-00840,Sai Iyer,Male,35,Bengaluru,Karnataka,South,2024-01-06,Loyal Customer
CUST-00841,Divya Agarwal,Female,40,Chennai,Tamil Nadu,South,2021-12-21,Loyal Customer
CUST-00842,Rahul Joshi,Male,40,Bengaluru,Karnataka,South,2021-10-15,Regular Customer
CUST-00843,Siddharth Menon,Male,24,Kolkata,West Bengal,East,2024-06-22,Regular Customer
CUST-00844,Navya Sharma,Female,24,Chennai,Tamil Nadu,South,2023-09-20,Regular Customer
CUST-00845,Siddharth Nair,Male,38,Mumbai,Maharashtra,West,2024-02-25,Regular Customer
CUST-00846,Rahul Pillai,Male,33,Delhi,Delhi,North,2023-10-05,Regular Customer
CUST-00847,Siddharth Menon,Male,36,Indore,Madhya Pradesh,Central,2023-09-28,Regular Customer
CUST-00848,Priyanka Sharma,Female,22,Delhi,Delhi,North,2022-03-28,Regular Customer
CUST-00849,Kavya Patel,Female,18,Jaipur,Rajasthan,North,2024-01-07,Regular Customer
CUST-00850,Nikhil Menon,Male,50,Hyderabad,Telangana,South,2024-03-04,Loyal Customer
CUST-00851,Sunita Iyer,Female,30,Bhubaneswar,Odisha,East,2024-01-31,Regular Customer
CUST-00852,Priyanka Malhotra,Female,18,Mumbai,Maharashtra,West,2022-07-03,Loyal Customer
CUST-00853,Siddharth Rao,Male,21,Nagpur,Maharashtra,West,2024-01-16,Loyal Customer
CUST-00854,Aanya Choudhury,Female,31,Bengaluru,Karnataka,South,2023-06-23,Regular Customer
CUST-00855,Kabir Malhotra,Male,27,Bengaluru,Karnataka,South,2022-05-22,Regular Customer
CUST-00856,Aanya Menon,Female,35,Chennai,Tamil Nadu,South,2022-06-23,Regular Customer
CUST-00857,Deepa Gupta,Female,26,Delhi,Delhi,North,2023-06-19,VIP Customer
CUST-00858,Vihaan Choudhury,Male,32,Delhi,Delhi,North,2022-05-01,Regular Customer
CUST-00859,Anand Banerjee,Male,37,Bengaluru,Karnataka,South,2022-12-20,VIP Customer
CUST-00860,Neha Singh,Female,37,Delhi,Delhi,North,2023-05-27,Regular Customer
CUST-00861,Ananya Mishra,Female,33,Bengaluru,Karnataka,South,2022-02-28,Loyal Customer
CUST-00862,Kunal Verma,Male,36,Pune,Maharashtra,West,2024-03-13,Regular Customer
CUST-00863,Krishna Mukherjee,Male,34,Delhi,Delhi,North,2024-01-09,Regular Customer
CUST-00864,Shreya Joshi,Female,33,Coimbatore,Tamil Nadu,South,2022-08-16,Loyal Customer
CUST-00865,Rekha Iyengar,Female,33,Visakhapatnam,Andhra Pradesh,South,2021-07-15,Regular Customer
CUST-00866,Sunita Mishra,Female,39,Delhi,Delhi,North,2023-04-23,VIP Customer
CUST-00867,Krishna Yadav,Male,22,Ahmedabad,Gujarat,West,2021-09-17,Loyal Customer
CUST-00868,Ananya Patel,Female,42,Delhi,Delhi,North,2021-10-27,Loyal Customer
CUST-00869,Deepa Patel,Female,32,Mumbai,Maharashtra,West,2023-03-16,Regular Customer
CUST-00870,Suresh Singh,Male,50,Hyderabad,Telangana,South,2022-07-05,Loyal Customer
CUST-00871,Pari Menon,Female,39,Delhi,Delhi,North,2021-06-04,Loyal Customer
CUST-00872,Pranav Choudhury,Male,19,Patna,Bihar,East,2021-07-10,Regular Customer
CUST-00873,Tanvi Shah,Female,31,Mumbai,Maharashtra,West,2023-01-26,Regular Customer
CUST-00874,Rahul Reddy,Male,23,Jaipur,Rajasthan,North,2024-04-06,Regular Customer
CUST-00875,Nikhil Yadav,Male,24,Coimbatore,Tamil Nadu,South,2021-07-10,Loyal Customer
CUST-00876,Rohan Singh,Other,18,Mumbai,Maharashtra,West,2023-01-04,VIP Customer
CUST-00877,Anita Chatterjee,Female,18,Indore,Madhya Pradesh,Central,2023-03-26,Regular Customer
CUST-00878,Prisha Pandey,Female,18,Nagpur,Maharashtra,West,2022-03-10,Regular Customer
CUST-00879,Meera Pandey,Female,46,Bengaluru,Karnataka,South,2022-08-04,Regular Customer
CUST-00880,Priyanka Bhatia,Female,26,Hyderabad,Telangana,South,2024-03-05,VIP Customer
CUST-00881,Anita Reddy,Female,25,Coimbatore,Tamil Nadu,South,2021-04-10,Regular Customer
CUST-00882,Manish Mishra,Male,26,Kolkata,West Bengal,East,2023-07-31,Regular Customer
CUST-00883,Varun Yadav,Male,35,Bengaluru,Karnataka,South,2021-11-20,Regular Customer
CUST-00884,Saanvi Pillai,Female,30,Pune,Maharashtra,West,2022-02-19,VIP Customer
CUST-00885,Varun Bhatia,Male,39,Indore,Madhya Pradesh,Central,2022-09-11,Regular Customer
CUST-00886,Varun Tripathi,Male,61,Hyderabad,Telangana,South,2022-07-16,Regular Customer
CUST-00887,Navya Shah,Female,48,Kolkata,West Bengal,East,2021-06-18,Regular Customer
CUST-00888,Pranav Singh,Male,28,Delhi,Delhi,North,2021-12-05,Regular Customer
CUST-00889,Divya Joshi,Female,26,Patna,Bihar,East,2022-04-25,Regular Customer
CUST-00890,Aditya Das,Male,21,Mumbai,Maharashtra,West,2021-07-14,Regular Customer
CUST-00891,Rahul Gupta,Male,33,Chennai,Tamil Nadu,South,2021-09-29,Loyal Customer
CUST-00892,Pooja Kaur,Female,40,Kochi,Kerala,South,2023-07-01,Regular Customer
CUST-00893,Deepak Reddy,Male,44,Jaipur,Rajasthan,North,2021-09-04,VIP Customer
CUST-00894,Kabir Das,Male,41,Bhubaneswar,Odisha,East,2021-09-28,Regular Customer
CUST-00895,Isha Nair,Female,26,Mumbai,Maharashtra,West,2021-07-02,Loyal Customer
CUST-00896,Vihaan Malhotra,Male,18,Indore,Madhya Pradesh,Central,2022-10-04,Regular Customer
CUST-00897,Ishaan Bhatia,Male,40,Mumbai,Maharashtra,West,2023-02-23,Loyal Customer
CUST-00898,Sunita Yadav,Female,18,Delhi,Delhi,North,2021-09-30,Loyal Customer
CUST-00899,Rajesh Bhatia,Male,21,Mumbai,Maharashtra,West,2021-05-21,Regular Customer
CUST-00900,Saanvi Mukherjee,Female,24,Nagpur,Maharashtra,West,2021-12-03,Regular Customer
CUST-00901,Anand Mehta,Male,46,Patna,Bihar,East,2021-11-07,VIP Customer
CUST-00902,Ramesh Kaur,Male,42,Bengaluru,Karnataka,South,2023-06-26,VIP Customer
CUST-00903,Aditya Tripathi,Male,42,Delhi,Delhi,North,2021-07-25,Regular Customer
CUST-00904,Vihaan Banerjee,Male,39,Coimbatore,Tamil Nadu,South,2023-02-26,Regular Customer
CUST-00905,Prisha Reddy,Female,49,Jaipur,Rajasthan,North,2021-10-14,Regular Customer
CUST-00906,Manish Gupta,Male,18,Pune,Maharashtra,West,2022-05-24,Loyal Customer
CUST-00907,Neha Dutta,Female,38,Pune,Maharashtra,West,2024-05-29,Regular Customer
CUST-00908,Shreya Sharma,Female,26,,Maharashtra,West,2022-09-10,Regular Customer
CUST-00909,Ramesh Iyengar,Male,18,Lucknow,Uttar Pradesh,North,2022-01-22,Loyal Customer
CUST-00910,Khushi Singh,Female,41,Mumbai,Maharashtra,West,2021-04-22,Loyal Customer
CUST-00911,Anita Patel,Female,18,Surat,Gujarat,West,2023-10-11,Regular Customer
CUST-00912,Isha Iyer,Female,34,Lucknow,Uttar Pradesh,North,2024-05-01,Regular Customer
CUST-00913,Nandini Sharma,Female,41,Lucknow,Uttar Pradesh,North,2023-01-10,VIP Customer
CUST-00914,Ananya Nair,Female,32,Patna,Bihar,East,2024-03-10,Regular Customer
CUST-00915,Vikram Kaur,Male,27,Hyderabad,Telangana,South,2021-12-20,Loyal Customer
CUST-00916,Nikhil Gupta,Male,38,Visakhapatnam,Andhra Pradesh,South,2021-02-04,Loyal Customer
CUST-00917,Saanvi Shah,Female,44,Pune,Maharashtra,West,2022-03-18,Regular Customer
CUST-00918,Aanya Mishra,Female,43,Kolkata,West Bengal,East,2023-03-27,Regular Customer
CUST-00919,Manish Das,Male,37,Chandigarh,Punjab,North,2023-10-24,Loyal Customer
CUST-00920,Kabir Das,Male,27,Mumbai,Maharashtra,West,2023-04-04,Regular Customer
CUST-00921,Anjali Chatterjee,Female,32,Bengaluru,Karnataka,South,2024-06-15,Regular Customer
CUST-00922,Aadhya Joshi,Female,38,Kochi,Kerala,South,2021-06-11,Regular Customer
CUST-00923,Gauri Mishra,Female,53,Patna,Bihar,East,2021-11-15,Regular Customer
CUST-00924,Dhruv Banerjee,Male,33,Bhopal,Madhya Pradesh,Central,2021-05-16,Regular Customer
CUST-00925,Prisha Dutta,Female,22,Patna,Bihar,East,2022-05-04,Regular Customer
CUST-00926,Aditya Agarwal,Male,29,Bengaluru,Karnataka,South,2023-06-09,Regular Customer
CUST-00927,Ramesh Mukherjee,Male,37,Bhopal,Madhya Pradesh,Central,2021-04-23,Regular Customer
CUST-00928,Anand Kaur,Male,41,Ahmedabad,Gujarat,West,2021-12-26,Regular Customer
CUST-00929,Shreya Bhatia,Female,33,Bengaluru,Karnataka,South,2021-01-24,Regular Customer
CUST-00930,Atharv Iyengar,Male,25,Hyderabad,Telangana,South,2023-11-26,Loyal Customer
CUST-00931,Tanvi Shah,Female,46,Hyderabad,Telangana,South,2021-12-08,Regular Customer
CUST-00932,Anand Choudhury,Male,23,Bhopal,Madhya Pradesh,Central,2022-07-05,Loyal Customer
CUST-00933,Vihaan Choudhury,Male,52,Hyderabad,Telangana,South,2021-03-02,Regular Customer
CUST-00934,Kabir Shah,Male,25,Hyderabad,Telangana,South,2023-12-09,Regular Customer
CUST-00935,Shreya Banerjee,Female,48,Ahmedabad,Gujarat,West,2021-06-07,Regular Customer
CUST-00936,Amit Rao,Male,45,Chennai,Tamil Nadu,South,2021-04-24,Regular Customer
CUST-00937,Priyanka Saxena,Female,29,Bengaluru,Karnataka,South,2023-01-24,Regular Customer
CUST-00938,Nikhil Malhotra,Male,27,Visakhapatnam,Andhra Pradesh,South,2024-03-21,Loyal Customer
CUST-00939,Vihaan Patel,Male,18,Visakhapatnam,Andhra Pradesh,South,2023-11-09,Regular Customer
CUST-00940,Gaurav Yadav,Male,33,Hyderabad,Telangana,South,2021-01-26,Regular Customer
CUST-00941,Sneha Rao,Female,25,Hyderabad,Telangana,South,2023-02-24,VIP Customer
CUST-00942,Sai Agarwal,Male,51,Bengaluru,Karnataka,South,2021-03-14,Loyal Customer
CUST-00943,Varun Das,Male,18,Bengaluru,Karnataka,South,2023-05-09,Regular Customer
CUST-00944,Isha Pillai,Female,31,Nagpur,Maharashtra,West,2022-10-18,Regular Customer
CUST-00945,Aadhya Banerjee,Female,32,Mumbai,Maharashtra,West,2023-02-03,Regular Customer
CUST-00946,Swati Tripathi,Female,35,Ahmedabad,Gujarat,West,2021-04-18,Regular Customer
CUST-00947,Anita Iyengar,Female,46,Ahmedabad,Gujarat,West,2021-04-05,VIP Customer
CUST-00948,Aditya Tripathi,Male,44,Bengaluru,Karnataka,South,2023-08-11,VIP Customer
CUST-00949,Sunita Yadav,Female,30,Pune,Maharashtra,West,2022-09-29,Regular Customer
CUST-00950,Anjali Menon,Female,36,Jaipur,Rajasthan,North,2021-01-17,Regular Customer
CUST-00951,Ishaan Banerjee,Male,33,Bengaluru,Karnataka,South,2022-09-15,Loyal Customer
CUST-00952,Ayaan Menon,Male,30,Nagpur,Maharashtra,West,2023-01-25,Loyal Customer
CUST-00953,Rahul Choudhury,Male,28,jaipur,Rajasthan,North,2022-02-05,Loyal Customer
CUST-00954,Anjali Choudhury,Female,37,Mumbai,Maharashtra,West,2022-05-18,Regular Customer
CUST-00955,Varun Pillai,Male,23,Chandigarh,Punjab,North,2021-02-18,Regular Customer
CUST-00956,Navya Singh,Female,31,Chennai,Tamil Nadu,South,2021-01-20,VIP Customer
CUST-00957,Aarav Choudhury,Male,51,Mumbai,Maharashtra,West,2023-02-10,Loyal Customer
CUST-00958,Tanvi Joshi,Female,27,Ahmedabad,Gujarat,West,2021-08-01,Regular Customer
CUST-00959,Isha Pillai,Female,41,Mumbai,Maharashtra,West,2023-10-05,VIP Customer
CUST-00960,Arjun Das,Male,22,Bhubaneswar,Odisha,East,2022-07-28,Regular Customer
CUST-00961,Pallavi Patel,Female,25,Bengaluru,Karnataka,South,2023-12-01,Regular Customer
CUST-00962,Pranav Rao,Male,23,Chennai,Tamil Nadu,South,2023-07-28,VIP Customer
CUST-00963,Aadhya Banerjee,Female,50,Mumbai,Maharashtra,West,2021-07-15,Regular Customer
CUST-00964,Divya Pandey,Female,43,Kochi,Kerala,South,2023-03-19,Regular Customer
CUST-00965,Priyanka Verma,Female,18,Ahmedabad,Gujarat,West,2023-06-10,Loyal Customer
CUST-00966,Ananya Patel,Female,35,Chandigarh,Punjab,North,2022-08-21,Regular Customer
CUST-00967,Meera Agarwal,Female,30,Coimbatore,Tamil Nadu,South,2023-03-16,Loyal Customer
CUST-00968,Tanvi Reddy,Female,26,Pune,Maharashtra,West,2022-10-14,Regular Customer
CUST-00969,Ayaan Gupta,Male,41,Jaipur,Rajasthan,North,2022-02-20,Regular Customer
CUST-00970,Sunita Banerjee,Female,30,Chennai,Tamil Nadu,South,2021-08-12,Regular Customer
CUST-00971,Diya Menon,Female,42,Chennai,Tamil Nadu,South,2023-08-13,Regular Customer
CUST-00972,Vihaan Chatterjee,Male,21,Jaipur,Rajasthan,North,2023-01-04,VIP Customer
CUST-00973,Gauri Menon,Female,27,Mumbai,Maharashtra,West,2022-09-24,Regular Customer
CUST-00974,Gaurav Malhotra,Male,18,Kolkata,West Bengal,East,2021-07-05,Regular Customer
CUST-00975,Rajesh Joshi,Male,41,Mumbai,Maharashtra,West,2024-05-20,Regular Customer
CUST-00976,Deepa Yadav,Female,32,Chennai,Tamil Nadu,South,2022-11-03,Regular Customer
CUST-00977,Shreya Patel,Female,25,Delhi,Delhi,North,2022-12-30,Regular Customer
CUST-00978,Vivaan Kaur,Male,27,Delhi,Delhi,North,2022-09-05,Regular Customer
CUST-00979,Diya Sharma,Female,34,Lucknow,Uttar Pradesh,North,2023-04-09,VIP Customer
CUST-00980,Vikram Dutta,Male,34,Bengaluru,Karnataka,South,2024-02-01,Regular Customer
CUST-00981,Rohan Malhotra,Male,34,Pune,Maharashtra,West,2021-10-14,Regular Customer
CUST-00982,Vivaan Pandey,Male,18,Hyderabad,Telangana,South,2022-04-01,Regular Customer
CUST-00983,Deepa Nair,Female,25,Coimbatore,Tamil Nadu,South,2023-02-02,Loyal Customer
CUST-00984,Divya Gupta,Female,44,Hyderabad,Telangana,South,2024-04-07,Loyal Customer
CUST-00985,Varun Pandey,Male,40,Bhubaneswar,Odisha,East,2021-06-03,Regular Customer
CUST-00986,Aditya Mehta,Male,33,Hyderabad,Telangana,South,2023-06-28,Loyal Customer
CUST-00987,Aadhya Tripathi,Female,18,Patna,Bihar,East,2022-11-11,Regular Customer
CUST-00988,Riya Verma,Female,33,Kochi,Kerala,South,2021-12-11,VIP Customer
CUST-00989,Prisha Pandey,Female,28,Ahmedabad,Gujarat,West,2023-03-20,Regular Customer
CUST-00990,Dhruv Kaur,Male,50,Jaipur,Rajasthan,North,2023-05-24,Regular Customer
CUST-00991,Reyansh Agarwal,Male,21,Mumbai,Maharashtra,West,2022-01-19,Regular Customer
CUST-00992,Rohan Tripathi,Male,41,Mumbai,Maharashtra,West,2021-11-01,Regular Customer
CUST-00993,Neha Mukherjee,Female,34,Delhi,Delhi,North,2022-05-19,Loyal Customer
CUST-00994,Rahul Pillai,Male,52,Mumbai,Maharashtra,West,2024-02-02,Regular Customer
CUST-00995,Aditya Shah,Male,29,Hyderabad,Telangana,South,2023-02-24,Regular Customer
CUST-00996,Reyansh Singh,Male,37,Delhi,Delhi,North,2023-12-13,Regular Customer
CUST-00997,Anita Chatterjee,Female,18,Mumbai,Maharashtra,West,2021-02-09,VIP Customer
CUST-00998,Kunal Das,Male,39,Bengaluru,Karnataka,South,2023-01-06,Regular Customer
CUST-00999,Kunal Iyer,Male,34,Pune,Maharashtra,West,2022-12-06,VIP Customer
CUST-01000,Amit Reddy,Male,37,Chennai,Tamil Nadu,South,2023-03-07,Regular Customer
CUST-01001,Saanvi Reddy,Female,44,Delhi,Delhi,North,2024-05-07,Regular Customer
CUST-01002,Pranav Mishra,Male,44,Chennai,Tamil Nadu,South,2022-07-30,Regular Customer
CUST-01003,Sneha Iyengar,Female,39,Mumbai,Maharashtra,West,2023-01-03,Loyal Customer
CUST-01004,Isha Saxena,Female,57,Mumbai,Maharashtra,West,2021-07-25,Regular Customer
CUST-01005,Ayaan Shah,Male,37,Delhi,Delhi,North,2023-12-29,Loyal Customer
CUST-01006,Varun Dutta,Male,24,Coimbatore,Tamil Nadu,South,2021-04-25,Loyal Customer
CUST-01007,Ayaan Banerjee,Male,18,Mumbai,Maharashtra,West,2023-03-07,Regular Customer
CUST-01008,Deepa Yadav,Female,35,Mumbai,Maharashtra,West,2021-12-22,Regular Customer
CUST-01009,Suresh Reddy,Male,55,Lucknow,Uttar Pradesh,North,2023-01-05,VIP Customer
CUST-01010,Aarav Das,Male,43,Mumbai,Maharashtra,West,2022-12-22,VIP Customer
CUST-01011,Priyanka Bhatia,Female,46,Kochi,Kerala,South,2024-02-28,VIP Customer
CUST-01012,Deepa Mishra,Female,34,Kolkata,West Bengal,East,2023-10-06,Regular Customer
CUST-01013,Sai Iyer,Male,30,Delhi,Delhi,North,2021-03-19,Regular Customer
CUST-01014,Isha Mukherjee,Female,48,Bhubaneswar,Odisha,East,2022-03-25,Regular Customer
CUST-01015,Rahul Sharma,Male,30,Bhopal,Madhya Pradesh,Central,2022-11-11,VIP Customer
CUST-01016,Gauri Mishra,Female,25,Delhi,Delhi,North,2021-09-25,Regular Customer
CUST-01017,Sai Agarwal,Male,29,Pune,Maharashtra,West,2022-10-25,Regular Customer
CUST-01018,Ananya Banerjee,Female,43,Mumbai,Maharashtra,West,2021-10-18,Loyal Customer
CUST-01019,Rekha Iyengar,Female,30,Bhopal,Madhya Pradesh,Central,2023-01-18,VIP Customer
CUST-01020,Atharv Das,Male,25,Guwahati,Assam,East,2023-03-22,Loyal Customer
CUST-01021,Meera Joshi,Female,21,Hyderabad,Telangana,South,2022-10-23,Regular Customer
CUST-01022,Sai Dutta,Male,25,Mumbai,Maharashtra,West,2023-06-14,Loyal Customer
CUST-01023,Rahul Singh,Male,52,Jaipur,Rajasthan,North,2022-10-12,Regular Customer
CUST-01024,Anjali Das,Female,29,Mumbai,Maharashtra,West,2024-06-10,Loyal Customer
CUST-01025,Ayaan Kaur,Male,30,Mumbai,Maharashtra,West,2024-04-21,Loyal Customer
CUST-01026,Pari Joshi,Female,56,Indore,Madhya Pradesh,Central,2022-08-27,Regular Customer
CUST-01027,Tanvi Sharma,Female,48,Chandigarh,Punjab,North,2024-03-19,Regular Customer
CUST-01028,Sunita Banerjee,Female,37,Kolkata,West Bengal,East,2021-03-08,Regular Customer
CUST-01029,Shaurya Agarwal,Male,44,Chandigarh,Punjab,North,2024-06-06,Regular Customer
CUST-01030,Suresh Malhotra,Male,49,Delhi,Delhi,North,2023-10-14,Regular Customer
CUST-01031,Tanvi Gupta,Female,36,Indore,Madhya Pradesh,Central,2022-05-03,Regular Customer
CUST-01032,Meera Saxena,Female,35,Jaipur,Rajasthan,North,2021-07-01,Loyal Customer
CUST-01033,Swati Singh,Female,53,Delhi,Delhi,North,2022-11-19,Regular Customer
CUST-01034,Krishna Mehta,Male,45,Lucknow,Uttar Pradesh,North,2022-05-27,Loyal Customer
CUST-01035,Atharv Shah,Male,26,Bengaluru,Karnataka,South,2021-08-10,Loyal Customer
CUST-01036,Vivaan Nair,Male,21,Chennai,Tamil Nadu,South,2023-06-17,Loyal Customer
CUST-01037,Diya Tripathi,Female,18,Mumbai,Maharashtra,West,2023-04-28,Regular Customer
CUST-01038,Pari Rao,Female,33,Hyderabad,Telangana,South,2024-01-24,Regular Customer
CUST-01039,Deepa Iyer,Female,45,BENGALURU,Karnataka,South,2024-03-29,Loyal Customer
CUST-01040,Swati Patel,Female,39,Bengaluru,Karnataka,South,2021-11-30,Regular Customer
CUST-01041,Anita Yadav,Female,18,Bengaluru,Karnataka,South,2021-03-10,Regular Customer
CUST-01042,Shaurya Shah,Male,45,Lucknow,Uttar Pradesh,North,2021-08-03,Regular Customer
CUST-01043,Sai Tripathi,Male,18,Jaipur,Rajasthan,North,2023-02-08,Regular Customer
CUST-01044,Aadhya Chatterjee,Female,39,Indore,Madhya Pradesh,Central,2021-07-10,Regular Customer
CUST-01045,Neha Tripathi,Female,22,Chennai,Tamil Nadu,South,2023-09-16,Loyal Customer
CUST-01046,Kabir Singh,Male,48,Bengaluru,Karnataka,South,2021-12-04,Loyal Customer
CUST-01047,Kabir Saxena,Male,29,Pune,Maharashtra,West,2021-04-20,Regular Customer
CUST-01048,Reyansh Mehta,Male,38,Jaipur,Rajasthan,North,2023-04-19,Loyal Customer
CUST-01049,Anand Agarwal,Male,40,Guwahati,Assam,East,2024-01-12,Regular Customer
CUST-01050,Khushi Joshi,Female,29,Patna   ,Bihar,East,2022-05-02,Regular Customer
CUST-01051,Dhruv Banerjee,Male,25,Mumbai,Maharashtra,West,2024-01-31,Loyal Customer
CUST-01052,Arjun Verma,Other,34,Bengaluru,Karnataka,South,2023-01-09,Regular Customer
CUST-01053,Aadhya Joshi,Female,37,Guwahati,Assam,East,2024-05-14,Regular Customer
CUST-01054,Vihaan Sharma,Male,36,Mumbai,Maharashtra,West,2022-02-28,Regular Customer
CUST-01055,Ishaan Gupta,Male,46,Pune,Maharashtra,West,2023-08-28,Loyal Customer
CUST-01056,Ishaan Mishra,Male,26,Jaipur,Rajasthan,North,2023-03-26,Regular Customer
CUST-01057,Pranav Kaur,Male,47,Mumbai,Maharashtra,West,2022-06-27,Regular Customer
CUST-01058,Anjali Nair,Female,39,Ahmedabad,Gujarat,West,2022-01-14,Regular Customer
CUST-01059,Pari Rao,Female,43,Pune,Maharashtra,West,2022-01-18,Regular Customer
CUST-01060,Kavya Menon,Female,36,Guwahati,Assam,East,2023-08-11,Regular Customer
CUST-01061,Deepa Shah,Female,52,Hyderabad,Telangana,South,2024-03-01,Regular Customer
CUST-01062,Nikhil Das,Male,27,Ahmedabad,Gujarat,West,2021-07-18,Regular Customer
CUST-01063,Navya Mishra,Female,30,Kolkata,West Bengal,East,2024-01-14,Regular Customer
CUST-01064,Nikhil Banerjee,Male,39,Guwahati,Assam,East,2022-04-11,Loyal Customer
CUST-01065,Siddharth Nair,Other,45,Lucknow,Uttar Pradesh,North,2023-12-07,Regular Customer
CUST-01066,Anjali Kaur,Female,39,Mumbai,Maharashtra,West,2023-08-31,Loyal Customer
CUST-01067,Ayaan Iyer,Male,46,Hyderabad,Telangana,South,2022-09-05,Regular Customer
CUST-01068,Nandini Yadav,Female,45,Delhi,Delhi,North,2021-03-13,Regular Customer
CUST-01069,Pranav Iyengar,Male,45,Jaipur,Rajasthan,North,2024-03-16,Loyal Customer
CUST-01070,Ramesh Bhatia,Male,44,Delhi,Delhi,North,2021-09-04,VIP Customer
CUST-01071,Riya Saxena,Female,19,Lucknow,Uttar Pradesh,North,2021-12-09,VIP Customer
CUST-01072,Kunal Mehta,Male,37,Jaipur,Rajasthan,North,2021-09-16,Regular Customer
CUST-01073,Aadhya Kaur,Female,38,Lucknow,Uttar Pradesh,North,2023-06-11,Regular Customer
CUST-01074,Deepa Singh,Female,47,Bhopal,Madhya Pradesh,Central,2021-10-30,Loyal Customer
CUST-01075,Kavya Reddy,Female,22,Hyderabad,Telangana,South,2021-05-18,Regular Customer
CUST-01076,Vikram Nair,Male,66,Pune,Maharashtra,West,2024-02-05,Regular Customer
CUST-01077,Krishna Iyengar,Male,34,Pune,Maharashtra,West,2023-07-28,VIP Customer
CUST-01078,Aarav Mishra,Male,41,Mumbai,Maharashtra,West,2024-06-30,Loyal Customer
CUST-01079,Kunal Pillai,Male,24,Ahmedabad,Gujarat,West,2021-08-19,Regular Customer
CUST-01080,Ananya Banerjee,Female,31,Bhubaneswar,Odisha,East,2024-04-19,Loyal Customer
CUST-01081,Aarohi Agarwal,Female,37,Bhubaneswar,Odisha,East,2021-08-05,Loyal Customer
CUST-01082,Vihaan Mishra,Male,29,Chandigarh,Punjab,North,2022-08-09,VIP Customer
CUST-01083,Pranav Rao,Male,36,Chennai,Tamil Nadu,South,2023-04-22,Regular Customer
CUST-01084,Divya Iyer,Female,33,Mumbai,Maharashtra,West,2024-03-17,Loyal Customer
CUST-01085,Vivaan Saxena,Male,36,Surat,Gujarat,West,2022-07-19,Regular Customer
CUST-01086,Ramesh Mukherjee,Male,36,Hyderabad,Telangana,South,2023-04-03,Regular Customer
CUST-01087,Pranav Tripathi,Male,25,Chennai,Tamil Nadu,South,2022-11-10,Loyal Customer
CUST-01088,Vivaan Dutta,Male,25,Mumbai,Maharashtra,West,2023-09-01,VIP Customer
CUST-01089,Pranav Rao,Male,18,Bhopal,Madhya Pradesh,Central,2021-02-11,Regular Customer
CUST-01090,Kunal Joshi,Male,27,Bengaluru,Karnataka,South,2022-09-29,Regular Customer
CUST-01091,Rahul Yadav,Male,28,Hyderabad,Telangana,South,2021-07-21,VIP Customer
CUST-01092,Isha Bhatia,Female,26,Mumbai,Maharashtra,West,2022-09-08,VIP Customer
CUST-01093,Rohan Choudhury,Male,28,Hyderabad,Telangana,South,2022-10-20,Regular Customer
CUST-01094,Prisha Mukherjee,Female,36,Delhi,Delhi,North,2021-07-02,Regular Customer
CUST-01095,Reyansh Agarwal,Male,18,Pune,Maharashtra,West,2023-04-14,Loyal Customer
CUST-01096,Sunita Iyengar,Female,31,Delhi,Delhi,North,2023-02-05,Loyal Customer
CUST-01097,Pooja Mishra,Female,20,Ahmedabad,Gujarat,West,2021-11-22,Regular Customer
CUST-01098,Deepak Iyengar,Male,33,Kolkata,West Bengal,East,2023-04-07,Regular Customer
CUST-01099,Gaurav Iyengar,Male,18,Kochi,Kerala,South,2024-03-10,Regular Customer
CUST-01100,Reyansh Tripathi,Male,28,Chennai,Tamil Nadu,South,2022-02-16,Loyal Customer
CUST-01101,Ayaan Verma,Male,38,Jaipur,Rajasthan,North,2023-07-24,Regular Customer
CUST-01102,Navya Das,Female,51,Patna,Bihar,East,2022-02-12,Regular Customer
CUST-01103,Siddharth Menon,Male,46,Visakhapatnam,Andhra Pradesh,South,2023-11-01,Regular Customer
CUST-01104,Pallavi Malhotra,Female,34,Hyderabad,Telangana,South,2021-03-04,Regular Customer
CUST-01105,Rahul Mukherjee,Male,51,Kolkata,West Bengal,East,2023-07-03,Regular Customer
CUST-01106,Gaurav Iyer,Male,32,Kochi,Kerala,South,2024-04-16,Loyal Customer
CUST-01107,Atharv Saxena,Male,29,Hyderabad,Telangana,South,2022-06-14,Loyal Customer
CUST-01108,Deepak Gupta,Male,44,Indore,Madhya Pradesh,Central,2022-08-07,Regular Customer
CUST-01109,Vivaan Saxena,Male,35,Pune,Maharashtra,West,2024-03-17,Loyal Customer
CUST-01110,Reyansh Yadav,Male,19,Jaipur,Rajasthan,North,2022-03-30,Loyal Customer
CUST-01111,Rajesh Mehta,Male,18,Jaipur,Rajasthan,North,2022-07-06,Loyal Customer
CUST-01112,Amit Sharma,Male,42,Pune,Maharashtra,West,2021-01-19,Regular Customer
CUST-01113,Arjun Singh,Male,23,Delhi,Delhi,North,2021-12-21,Loyal Customer
CUST-01114,Saanvi Patel,Female,25,Bengaluru,Karnataka,South,2022-06-01,Loyal Customer
CUST-01115,Khushi Das,Female,33,Delhi,Delhi,North,2022-07-18,Regular Customer
CUST-01116,Dhruv Yadav,Male,37,Bhopal,Madhya Pradesh,Central,2022-12-16,Regular Customer
CUST-01117,Reyansh Menon,Male,34,Patna,Bihar,East,2022-09-11,Loyal Customer
CUST-01118,Deepa Mukherjee,Female,23,Delhi,Delhi,North,2023-03-25,Loyal Customer
CUST-01119,Saanvi Iyengar,Female,25,Bhubaneswar,Odisha,East,2023-02-06,Loyal Customer
CUST-01120,Ramesh Mukherjee,Male,25,Bengaluru,Karnataka,South,2022-08-02,Regular Customer
CUST-01121,Vihaan Iyer,Male,36,Ahmedabad,Gujarat,West,2021-05-11,Regular Customer
CUST-01122,Kavya Singh,Female,37,Delhi,Delhi,North,2022-10-28,VIP Customer
CUST-01123,Krishna Singh,Male,25,Kolkata,West Bengal,East,2022-09-04,Regular Customer
CUST-01124,Pooja Choudhury,Female,30,Mumbai,Maharashtra,West,2022-05-08,VIP Customer
CUST-01125,Kunal Yadav,Male,25,Coimbatore,Tamil Nadu,South,2024-05-13,Regular Customer
CUST-01126,Shaurya Kaur,Male,24,Chennai,Tamil Nadu,South,2021-10-14,Loyal Customer
CUST-01127,Divya Iyer,Female,32,  Chennai ,Tamil Nadu,South,2022-08-29,Regular Customer
CUST-01128,Prisha Nair,Female,19,Guwahati,Assam,East,2023-03-07,Loyal Customer
CUST-01129,Priyanka Das,Female,45,Delhi,Delhi,North,2024-03-17,Loyal Customer
CUST-01130,Shaurya Dutta,Male,28,Delhi,Delhi,North,2022-04-01,Loyal Customer
CUST-01131,Manish Mishra,Male,59,Coimbatore,Tamil Nadu,South,2023-09-02,VIP Customer
CUST-01132,Rajesh Rao,Male,35,Kolkata,West Bengal,East,2023-11-05,Regular Customer
CUST-01133,Sai Pandey,Male,33,Chennai,Tamil Nadu,South,2024-02-18,Regular Customer
CUST-01134,Aarohi Iyer,Female,27,Delhi,Delhi,North,2021-09-20,Loyal Customer
CUST-01135,Anand Mishra,Male,18,Mumbai,Maharashtra,West,2024-02-19,Loyal Customer
CUST-01136,Diya Kaur,Female,29,Mumbai,Maharashtra,West,2022-11-19,Loyal Customer
CUST-01137,Isha Rao,Female,24,Hyderabad,Telangana,South,2022-04-03,Loyal Customer
CUST-01138,Khushi Pillai,Female,26,Hyderabad,Telangana,South,2022-11-10,Regular Customer
CUST-01139,Priyanka Joshi,Female,36,Bengaluru,Karnataka,South,2023-08-08,VIP Customer
CUST-01140,Sneha Verma,Female,28,Pune,Maharashtra,West,2024-04-10,Loyal Customer
CUST-01141,Neha Gupta,Female,25,Mumbai,Maharashtra,West,2023-08-26,VIP Customer
CUST-01142,Pooja Malhotra,Female,31,Kolkata,West Bengal,East,2023-02-21,Regular Customer
CUST-01143,Prisha Verma,Female,25,Mumbai,Maharashtra,West,2021-11-05,Regular Customer
CUST-01144,Gauri Reddy,Female,19,Jaipur,Rajasthan,North,2023-04-19,VIP Customer
CUST-01145,Nandini Agarwal,Female,40,Jaipur,Rajasthan,North,2023-07-27,Regular Customer
CUST-01146,Gaurav Das,Male,18,Patna,Bihar,East,2022-01-05,Loyal Customer
CUST-01147,Sneha Reddy,Female,36,Bengaluru,Karnataka,South,2021-12-29,Regular Customer
CUST-01148,Vivaan Sharma,Male,38,Nagpur,Maharashtra,West,2023-07-15,Regular Customer
CUST-01149,Nikhil Choudhury,Male,43,Ahmedabad,Gujarat,West,2021-12-12,Loyal Customer
CUST-01150,Sai Iyer,Other,44,Bengaluru,Karnataka,South,2021-06-30,Regular Customer
CUST-01151,Kabir Singh,Male,31,Bengaluru,Karnataka,South,2023-05-30,Regular Customer
CUST-01152,Rahul Nair,Male,24,Kochi,Kerala,South,2021-01-10,Regular Customer
CUST-01153,Gauri Dutta,Female,27,Surat,Gujarat,West,2023-02-04,VIP Customer
CUST-01154,Pranav Reddy,Male,20,Mumbai,Maharashtra,West,2023-12-24,Regular Customer
CUST-01155,Rajesh Sharma,Male,20,Nagpur,Maharashtra,West,2022-05-25,Regular Customer
CUST-01156,Pranav Rao,Male,36,Kolkata,West Bengal,East,2022-10-02,Regular Customer
CUST-01157,Dhruv Iyengar,Male,55,Chandigarh,Punjab,North,2024-04-20,Regular Customer
CUST-01158,Aadhya Pandey,Female,28,Pune,Maharashtra,West,2021-04-04,Regular Customer
CUST-01159,Khushi Menon,Female,39,MUMBAI,Maharashtra,West,2023-12-02,Loyal Customer
CUST-01160,Shaurya Pillai,Male,40,,Delhi,North,2021-10-02,Regular Customer
CUST-01161,Nandini Iyer,Female,18,Bhubaneswar,Odisha,East,2023-01-06,Loyal Customer
CUST-01162,Diya Agarwal,Female,18,Coimbatore,Tamil Nadu,South,2023-04-07,Regular Customer
CUST-01163,Ayaan Dutta,Male,20,Delhi,Delhi,North,2021-09-26,Regular Customer
CUST-01164,Aarav Banerjee,Male,43,Hyderabad,Telangana,South,2023-10-31,Regular Customer
CUST-01165,Atharv Das,Male,35,Bengaluru,Karnataka,South,2021-03-18,Regular Customer
CUST-01166,Manish Shah,Male,51,,Karnataka,South,2024-01-01,Loyal Customer
CUST-01167,Neha Verma,Female,19,Mumbai,Maharashtra,West,2021-08-10,Loyal Customer
CUST-01168,Saanvi Verma,Female,30,Coimbatore,Tamil Nadu,South,2021-08-26,Regular Customer
CUST-01169,Dhruv Malhotra,Male,42,Surat,Gujarat,West,2024-01-26,Regular Customer
CUST-01170,Shreya Bhatia,Female,46,Pune,Maharashtra,West,2022-02-25,Loyal Customer
CUST-01171,Divya Sharma,Female,30,Hyderabad,Telangana,South,2022-09-09,Regular Customer
CUST-01172,Vihaan Kaur,Male,42,Kochi,Kerala,South,2023-12-02,Regular Customer
CUST-01173,Neha Das,Female,34,Chennai,Tamil Nadu,South,2021-10-08,Regular Customer
CUST-01174,Pranav Malhotra,Male,22,Visakhapatnam,Andhra Pradesh,South,2023-11-14,Loyal Customer
CUST-01175,Vihaan Joshi,Male,34,Chandigarh,Punjab,North,2021-08-22,Loyal Customer
CUST-01176,Rahul Mehta,Male,25,Jaipur,Rajasthan,North,2024-06-01,Regular Customer
CUST-01177,Kavya Pandey,Female,18,Surat,Gujarat,West,2023-12-08,VIP Customer
CUST-01178,Navya Das,Female,39,Visakhapatnam,Andhra Pradesh,South,2023-04-20,Regular Customer
CUST-01179,Vivaan Chatterjee,Male,32,Hyderabad,Telangana,South,2023-10-14,VIP Customer
CUST-01180,Deepak Agarwal,Male,37,Mumbai,Maharashtra,West,2023-09-12,Regular Customer
CUST-01181,Saanvi Sharma,Female,18,Ahmedabad,Gujarat,West,2021-07-02,VIP Customer
CUST-01182,Siddharth Banerjee,Male,30,Pune,Maharashtra,West,2023-10-09,Regular Customer
CUST-01183,Aditya Choudhury,Male,37,Kolkata,West Bengal,East,2023-11-14,Regular Customer
CUST-01184,Anand Malhotra,Male,37,Hyderabad,Telangana,South,2022-06-09,Loyal Customer
CUST-01185,Riya Joshi,Female,21,Mumbai,Maharashtra,West,2022-06-25,Regular Customer
CUST-01186,Vihaan Pandey,Male,25,Kolkata,West Bengal,East,2021-12-24,VIP Customer
CUST-01187,Rekha Joshi,Female,26,Bhopal,Madhya Pradesh,Central,2023-01-08,Loyal Customer
CUST-01188,Meera Pillai,Female,18,Hyderabad,Telangana,South,2021-08-26,Regular Customer
CUST-01189,Nikhil Tripathi,Male,37,Mumbai,Maharashtra,West,2021-04-04,Regular Customer
CUST-01190,Ananya Kaur,Female,30,Lucknow,Uttar Pradesh,North,2021-12-16,Regular Customer
CUST-01191,Nandini Menon,Female,32,Chennai,Tamil Nadu,South,2024-06-27,Regular Customer
CUST-01192,Anand Gupta,Male,27,Jaipur,Rajasthan,North,2023-02-03,Loyal Customer
CUST-01193,Diya Malhotra,Female,51,Mumbai,Maharashtra,West,2023-04-01,Regular Customer
CUST-01194,Rohan Shah,Male,38,Mumbai,Maharashtra,West,2023-03-01,Loyal Customer
CUST-01195,Sneha Mishra,Female,34,Mumbai,Maharashtra,West,2023-05-14,Loyal Customer
CUST-01196,Kunal Saxena,Male,38,Pune,Maharashtra,West,2021-08-20,Regular Customer
CUST-01197,Anand Verma,Male,37,Ahmedabad,Gujarat,West,2021-11-23,Regular Customer
CUST-01198,Varun Banerjee,Male,37,Bengaluru,Karnataka,South,2023-09-16,Loyal Customer
CUST-01199,Rajesh Menon,Male,21,Jaipur,Rajasthan,North,2022-01-07,Loyal Customer
CUST-01200,Sunita Rao,Female,18,Mumbai,Maharashtra,West,2024-06-06,Regular Customer
CUST-01201,Rajesh Tripathi,Male,28,Kochi,Kerala,South,2021-09-25,Regular Customer
CUST-01202,Rahul Malhotra,Male,29,Chennai,Tamil Nadu,South,2023-04-23,Regular Customer
CUST-01203,Aditya Shah,Male,34,Bengaluru,Karnataka,South,2022-10-06,Regular Customer
CUST-01204,Gaurav Kaur,Male,44,Chandigarh,Punjab,North,2023-12-11,Loyal Customer
CUST-01205,Priyanka Dutta,Female,36,Surat,Gujarat,West,2024-03-03,Regular Customer
CUST-01206,Swati Yadav,Female,30,Ahmedabad,Gujarat,West,2022-11-24,Regular Customer
CUST-01207,Shreya Das,Female,49,Kolkata,West Bengal,East,2024-06-20,Regular Customer
CUST-01208,Swati Dutta,Female,26,Chennai,Tamil Nadu,South,2022-05-25,Regular Customer
CUST-01209,Swati Kaur,Female,29,Kochi,Kerala,South,2023-02-28,Regular Customer
CUST-01210,Deepa Chatterjee,Female,36,Patna,Bihar,East,2024-06-09,Regular Customer
CUST-01211,Manish Agarwal,Male,41,Bengaluru,Karnataka,South,2021-11-18,Regular Customer
CUST-01212,Sneha Yadav,Female,30,,West Bengal,East,2023-10-13,VIP Customer
CUST-01213,Aadhya Choudhury,Female,40,Bengaluru,Karnataka,South,2023-10-04,Regular Customer
CUST-01214,Shaurya Shah,Male,18,Bengaluru,Karnataka,South,2021-04-14,Regular Customer
CUST-01215,Vikram Singh,Male,49,Hyderabad,Telangana,South,2023-02-15,Regular Customer
CUST-01216,Isha Gupta,Female,25,Bhopal,Madhya Pradesh,Central,2023-07-30,Regular Customer
CUST-01217,Priyanka Menon,Female,47,Bengaluru,Karnataka,South,2021-06-30,VIP Customer
CUST-01218,Rohan Reddy,Other,27,Mumbai,Maharashtra,West,2021-09-01,VIP Customer
CUST-01219,Tanvi Singh,Female,47,Delhi,Delhi,North,2021-02-06,Regular Customer
CUST-01220,Prisha Verma,Female,44,Delhi,Delhi,North,2024-02-16,Regular Customer
CUST-01221,Deepa Gupta,Female,25,Pune,Maharashtra,West,2024-05-22,VIP Customer
CUST-01222,Manish Joshi,Male,21,Delhi,Delhi,North,2023-11-08,Loyal Customer
CUST-01223,Manish Kaur,Male,49,Coimbatore,Tamil Nadu,South,2023-07-24,VIP Customer
CUST-01224,Atharv Pandey,Male,27,Hyderabad,Telangana,South,2021-04-22,Loyal Customer
CUST-01225,Gaurav Menon,Male,20,Bengaluru,Karnataka,South,2022-11-11,Loyal Customer
CUST-01226,Ramesh Mukherjee,Male,36,Kochi,Kerala,South,2023-08-27,Loyal Customer
CUST-01227,Navya Das,Female,28,Patna,Bihar,East,2023-07-16,Regular Customer
CUST-01228,Sunita Kaur,Female,27,Chennai,Tamil Nadu,South,2022-03-31,Regular Customer
CUST-01229,Atharv Pandey,Male,33,Hyderabad,Telangana,South,2022-08-21,Regular Customer
CUST-01230,Atharv Das,Male,27,Pune,Maharashtra,West,2021-08-06,Regular Customer
CUST-01231,Sai Iyer,Male,25,Mumbai,Maharashtra,West,2021-10-15,Loyal Customer
CUST-01232,Tanvi Dutta,Female,44,Hyderabad   ,Telangana,South,2023-04-19,Regular Customer
CUST-01233,Neha Mehta,Female,18,Lucknow,Uttar Pradesh,North,2022-01-20,Regular Customer
CUST-01234,Gaurav Nair,Male,36,Coimbatore,Tamil Nadu,South,2022-03-18,Regular Customer
CUST-01235,Kunal Mehta,Male,26,Chennai,Tamil Nadu,South,2022-11-24,Regular Customer
CUST-01236,Prisha Verma,Female,33,Bhopal,Madhya Pradesh,Central,2024-04-20,Regular Customer
CUST-01237,Pranav Menon,Male,39,Surat,Gujarat,West,2023-07-26,Loyal Customer
CUST-01238,Amit Bhatia,Male,26,Chennai,Tamil Nadu,South,2023-10-19,Regular Customer
CUST-01239,Anand Verma,Male,40,Mumbai,Maharashtra,West,2024-02-08,VIP Customer
CUST-01240,Siddharth Banerjee,Male,24,Chennai,Tamil Nadu,South,2023-09-17,VIP Customer
CUST-01241,Nikhil Agarwal,Male,40,Delhi,Delhi,North,2021-12-29,Loyal Customer
CUST-01242,Diya Dutta,Female,18,Bhopal,Madhya Pradesh,Central,2021-09-20,Regular Customer
CUST-01243,Swati Mukherjee,Female,31,Bengaluru,Karnataka,South,2024-05-26,VIP Customer
CUST-01244,Amit Tripathi,Male,31,Chennai,Tamil Nadu,South,2023-02-27,Regular Customer
CUST-01245,Neha Agarwal,Female,50,Delhi,Delhi,North,2022-05-24,Regular Customer
CUST-01246,Meera Joshi,Female,23,Bengaluru,Karnataka,South,2023-07-17,Loyal Customer
CUST-01247,Ananya Pillai,Female,29,Bengaluru,Karnataka,South,2024-05-18,Loyal Customer
CUST-01248,Anand Iyengar,Male,39,Bengaluru,Karnataka,South,2022-09-05,Loyal Customer
CUST-01249,Anjali Yadav,Female,38,Kochi,Kerala,South,2022-10-05,Loyal Customer
CUST-01250,Varun Chatterjee,Male,43,Delhi,Delhi,North,2022-03-22,Regular Customer
CUST-01251,Neha Das,Female,48,Bengaluru,Karnataka,South,2022-08-19,Loyal Customer
CUST-01252,Varun Kaur,Male,20,Guwahati,Assam,East,2021-09-29,VIP Customer
CUST-01253,Manish Saxena,Male,39,Pune,Maharashtra,West,2023-10-29,Regular Customer
CUST-01254,Divya Reddy,Female,45,Bengaluru,Karnataka,South,2021-08-25,Loyal Customer
CUST-01255,Vikram Iyer,Male,18,Chennai,Tamil Nadu,South,2024-04-08,Loyal Customer
CUST-01256,Rajesh Das,Male,52,Pune,Maharashtra,West,2023-05-05,Loyal Customer
CUST-01257,Nandini Pandey,Female,43,Pune,Maharashtra,West,2023-12-30,Regular Customer
CUST-01258,Rekha Pillai,Female,38,Mumbai,Maharashtra,West,2021-01-27,Regular Customer
CUST-01259,Saanvi Nair,Female,40,Bengaluru,Karnataka,South,2021-10-25,Regular Customer
CUST-01260,Aanya Mehta,Female,25,Mumbai,Maharashtra,West,2022-07-01,Loyal Customer
CUST-01261,Sai Joshi,Male,28,JAIPUR,Rajasthan,North,2022-05-29,Regular Customer
CUST-01262,Aanya Das,Female,42,Ahmedabad,Gujarat,West,2022-08-28,Regular Customer
CUST-01263,Anjali Verma,Female,18,Bengaluru,Karnataka,South,2023-01-05,Loyal Customer
CUST-01264,Aarohi Mukherjee,Female,53,Delhi,Delhi,North,2024-02-25,VIP Customer
CUST-01265,Tanvi Singh,Female,39,Chandigarh,Punjab,North,2024-02-24,Regular Customer
CUST-01266,Amit Mishra,Male,18,Mumbai,Maharashtra,West,2022-08-13,Loyal Customer
CUST-01267,Vivaan Agarwal,Male,44,Mumbai,Maharashtra,West,2023-02-21,Regular Customer
CUST-01268,Anita Kaur,Female,36,Hyderabad,Telangana,South,2022-10-03,VIP Customer
CUST-01269,Vivaan Sharma,Male,30,Chennai,Tamil Nadu,South,2022-05-30,Regular Customer
CUST-01270,Gaurav Choudhury,Male,38,Mumbai,Maharashtra,West,2023-06-27,Loyal Customer
CUST-01271,Varun Singh,Male,33,Chennai,Tamil Nadu,South,2023-01-24,Loyal Customer
CUST-01272,Anjali Dutta,Female,30,Delhi,Delhi,North,2024-05-20,Regular Customer
CUST-01273,Anand Mehta,Male,35,Mumbai,Maharashtra,West,2022-08-26,Regular Customer
CUST-01274,Swati Gupta,Female,33,Pune,Maharashtra,West,2022-01-18,VIP Customer
CUST-01275,Tanvi Iyengar,Female,24,Mumbai,Maharashtra,West,2021-09-02,Regular Customer
CUST-01276,Prisha Shah,Female,33,Hyderabad,Telangana,South,2024-02-14,Regular Customer
CUST-01277,Diya Banerjee,Female,21,Lucknow,Uttar Pradesh,North,2022-06-07,Regular Customer
CUST-01278,Rohan Das,Male,29,Kolkata,West Bengal,East,2021-11-14,Regular Customer
CUST-01279,Pallavi Reddy,Female,34,Jaipur,Rajasthan,North,2024-05-07,Regular Customer
CUST-01280,Pallavi Singh,Female,34,Surat,Gujarat,West,2024-06-14,Loyal Customer
CUST-01281,Ishaan Iyer,Male,40,Ahmedabad,Gujarat,West,2024-03-18,Loyal Customer
CUST-01282,Aadhya Mishra,Female,20,Mumbai,Maharashtra,West,2022-10-13,Regular Customer
CUST-01283,Diya Iyengar,Female,45,Pune,Maharashtra,West,2021-05-20,Loyal Customer
CUST-01284,Sai Pillai,Male,19,Delhi,Delhi,North,2024-01-18,Regular Customer
CUST-01285,Aditya Rao,Male,24,Hyderabad,Telangana,South,2022-03-30,VIP Customer
CUST-01286,Swati Reddy,Female,36,Indore,Madhya Pradesh,Central,2022-11-10,Regular Customer
CUST-01287,Reyansh Choudhury,Male,18,Mumbai,Maharashtra,West,2024-06-20,Regular Customer
CUST-01288,Anjali Pandey,Female,24,Patna,Bihar,East,2021-01-19,Regular Customer
CUST-01289,Navya Menon,Female,39,Mumbai,Maharashtra,West,2022-05-08,VIP Customer
CUST-01290,Neha Agarwal,Female,63,Hyderabad,Telangana,South,2024-06-26,Regular Customer
CUST-01291,Aanya Kaur,Female,18,Mumbai,Maharashtra,West,2022-10-20,Regular Customer
CUST-01292,Kunal Malhotra,Male,26,Mumbai,Maharashtra,West,2023-03-02,Regular Customer
CUST-01293,Anand Joshi,Male,32,Kolkata,West Bengal,East,2021-02-20,VIP Customer
CUST-01294,Deepa Choudhury,Female,36,Guwahati,Assam,East,2023-02-07,Regular Customer
CUST-01295,Pooja Menon,Female,26,Bengaluru,Karnataka,South,2023-09-24,Regular Customer
CUST-01296,Pranav Singh,Male,44,Jaipur,Rajasthan,North,2022-01-30,Regular Customer
CUST-01297,Aadhya Malhotra,Female,24,Ahmedabad,Gujarat,West,2021-12-09,VIP Customer
CUST-01298,Nikhil Chatterjee,Male,28,Pune,Maharashtra,West,2023-12-29,Regular Customer
CUST-01299,Aadhya Mehta,Female,44,Bhubaneswar,Odisha,East,2022-03-13,VIP Customer
CUST-01300,Kabir Pandey,Male,42,Chandigarh,Punjab,North,2021-08-01,Regular Customer
CUST-01301,Deepa Das,Female,27,Ahmedabad,Gujarat,West,2023-06-11,Loyal Customer
CUST-01302,Aadhya Dutta,Female,18,Delhi,Delhi,North,2021-11-11,Regular Customer
CUST-01303,Deepak Reddy,Male,61,Pune,Maharashtra,West,2021-03-19,Regular Customer
CUST-01304,Vivaan Saxena,Male,25,Mumbai,Maharashtra,West,2022-05-31,Loyal Customer
CUST-01305,Suresh Pandey,Male,45,Bengaluru,Karnataka,South,2022-04-12,VIP Customer
CUST-01306,Prisha Nair,Female,58,Kochi,Kerala,South,2023-07-13,Loyal Customer
CUST-01307,Kabir Reddy,Male,54,Bengaluru,Karnataka,South,2021-02-04,Regular Customer
CUST-01308,Vihaan Chatterjee,Male,32,Ahmedabad,Gujarat,West,2021-01-13,Loyal Customer
CUST-01309,Neha Gupta,Female,36,Chandigarh,Punjab,North,2024-04-14,Regular Customer
CUST-01310,Gaurav Gupta,Male,47,Ahmedabad,Gujarat,West,2023-01-03,VIP Customer
CUST-01311,Vihaan Joshi,Male,39,Pune,Maharashtra,West,2022-09-10,Loyal Customer
CUST-01312,Ishaan Choudhury,Male,22,Coimbatore,Tamil Nadu,South,2023-06-16,Regular Customer
CUST-01313,Siddharth Kaur,Male,28,Indore,Madhya Pradesh,Central,2021-03-05,Regular Customer
CUST-01314,Anjali Patel,Female,31,Hyderabad,Telangana,South,2021-10-07,Loyal Customer
CUST-01315,Anita Mishra,Female,48,Chennai,Tamil Nadu,South,2024-01-23,Regular Customer
CUST-01316,Manish Bhatia,Male,26,Surat,Gujarat,West,2022-09-03,Loyal Customer
CUST-01317,Varun Mishra,Male,35,Nagpur,Maharashtra,West,2023-02-04,VIP Customer
CUST-01318,Aarav Chatterjee,Male,22,Mumbai,Maharashtra,West,2024-02-11,Regular Customer
CUST-01319,Vivaan Sharma,Male,19,Jaipur,Rajasthan,North,2024-03-18,Loyal Customer
CUST-01320,Vikram Chatterjee,Other,33,Chennai,Tamil Nadu,South,2021-06-24,Regular Customer
CUST-01321,Anand Dutta,Male,22,Bhubaneswar,Odisha,East,2022-12-06,Regular Customer
CUST-01322,Pranav Singh,Male,30,Hyderabad,Telangana,South,2023-11-16,Regular Customer
CUST-01323,Diya Patel,Female,54,Mumbai,Maharashtra,West,2024-06-17,Loyal Customer
CUST-01324,Gauri Malhotra,Female,24,Surat,Gujarat,West,2022-01-07,Loyal Customer
CUST-01325,Priyanka Yadav,Female,59,Pune,Maharashtra,West,2021-04-22,VIP Customer
CUST-01326,Varun Chatterjee,Male,27,Hyderabad,Telangana,South,2023-08-03,Loyal Customer
CUST-01327,Aditya Joshi,Male,20,Chandigarh,Punjab,North,2021-05-18,Regular Customer
CUST-01328,Reyansh Dutta,Male,29,Mumbai,Maharashtra,West,2024-04-04,Regular Customer
CUST-01329,Meera Rao,Female,43,Pune,Maharashtra,West,2021-09-20,Loyal Customer
CUST-01330,Ayaan Malhotra,Male,35,Bhopal,Madhya Pradesh,Central,2022-08-07,Loyal Customer
CUST-01331,Nandini Mehta,Female,34,Coimbatore,Tamil Nadu,South,2022-10-13,Regular Customer
CUST-01332,Shaurya Mukherjee,Male,24,Bengaluru,Karnataka,South,2022-09-19,Loyal Customer
CUST-01333,Arjun Banerjee,Male,30,Ahmedabad,Gujarat,West,2024-03-06,Regular Customer
CUST-01334,Shaurya Pillai,Male,20,Surat,Gujarat,West,2021-12-12,Regular Customer
CUST-01335,Isha Mishra,Female,46,Mumbai,Maharashtra,West,2022-03-30,Loyal Customer
CUST-01336,Manish Pillai,Male,36,Ahmedabad,Gujarat,West,2022-07-21,Loyal Customer
CUST-01337,Ananya Kaur,Female,25,Surat,Gujarat,West,2022-11-11,VIP Customer
CUST-01338,Rohan Menon,Male,42,Bhubaneswar,Odisha,East,2023-01-05,Loyal Customer
CUST-01339,Sneha Chatterjee,Female,39,Mumbai,Maharashtra,West,2021-08-11,Regular Customer
CUST-01340,Ramesh Gupta,Male,24,Kolkata,West Bengal,East,2022-07-29,VIP Customer
CUST-01341,Ananya Tripathi,Female,35,Kolkata,West Bengal,East,2024-01-09,Regular Customer
CUST-01342,Tanvi Tripathi,Female,38,Nagpur,Maharashtra,West,2021-06-06,Loyal Customer
CUST-01343,Pranav Sharma,Male,26,Delhi,Delhi,North,2023-11-05,Loyal Customer
CUST-01344,Siddharth Banerjee,Male,42,Jaipur,Rajasthan,North,2024-03-31,Regular Customer
CUST-01345,Suresh Mehta,Male,34,COIMBATORE,Tamil Nadu,South,2021-03-17,Loyal Customer
CUST-01346,Vikram Tripathi,Male,26,Delhi,Delhi,North,2024-01-11,Regular Customer
CUST-01347,Nikhil Bhatia,Male,36,Hyderabad,Telangana,South,2023-01-20,Regular Customer
CUST-01348,Nandini Choudhury,Female,46,Pune,Maharashtra,West,2024-04-22,Loyal Customer
CUST-01349,Khushi Bhatia,Female,46,Ahmedabad,Gujarat,West,2023-08-10,Regular Customer
CUST-01350,Aditya Nair,Male,39,Nagpur,Maharashtra,West,2023-01-16,Regular Customer
CUST-01351,Swati Patel,Female,18,Ahmedabad,Gujarat,West,2024-06-11,Loyal Customer
CUST-01352,Sunita Iyengar,Female,38,Delhi,Delhi,North,2021-10-15,Regular Customer
CUST-01353,Sai Banerjee,Male,48,Kolkata,West Bengal,East,2024-03-04,Loyal Customer
CUST-01354,Arjun Dutta,Male,39,Jaipur,Rajasthan,North,2023-09-18,VIP Customer
CUST-01355,Vivaan Patel,Male,19,Delhi,Delhi,North,2023-09-26,Regular Customer
CUST-01356,Krishna Rao,Male,30,Hyderabad,Telangana,South,2022-04-25,Regular Customer
CUST-01357,Reyansh Iyengar,Male,36,Kolkata,West Bengal,East,2023-01-10,Regular Customer
CUST-01358,Varun Menon,Male,18,Kochi,Kerala,South,2021-04-06,Regular Customer
CUST-01359,Manish Reddy,Male,24,Mumbai,Maharashtra,West,2021-07-31,Loyal Customer
CUST-01360,Pooja Singh,Female,33,Pune,Maharashtra,West,2022-07-15,Loyal Customer
CUST-01361,Kavya Banerjee,Female,39,Mumbai,Maharashtra,West,2024-01-20,Loyal Customer
CUST-01362,Dhruv Singh,Male,33,  Mumbai ,Maharashtra,West,2023-02-15,Regular Customer
CUST-01363,Manish Tripathi,Male,56,Mumbai,Maharashtra,West,2021-06-09,Regular Customer
CUST-01364,Pari Agarwal,Female,39,Patna,Bihar,East,2022-04-02,Regular Customer
CUST-01365,Atharv Pandey,Male,18,Hyderabad,Telangana,South,2022-12-08,Regular Customer
CUST-01366,Rahul Tripathi,Other,34,Lucknow,Uttar Pradesh,North,2024-05-22,Regular Customer
CUST-01367,Nandini Bhatia,Female,29,Pune,Maharashtra,West,2023-06-20,Regular Customer
CUST-01368,Aditya Iyengar,Male,21,Mumbai,Maharashtra,West,2022-07-30,Regular Customer
CUST-01369,Diya Saxena,Female,20,Kolkata,West Bengal,East,2023-01-12,Loyal Customer
CUST-01370,Siddharth Malhotra,Male,52,Mumbai,Maharashtra,West,2022-04-17,Regular Customer
CUST-01371,Shaurya Dutta,Male,34,Chandigarh,Punjab,North,2021-08-21,Regular Customer
CUST-01372,Rahul Iyer,Male,38,Hyderabad,Telangana,South,2022-03-08,Loyal Customer
CUST-01373,Manish Pandey,Male,39,Pune,Maharashtra,West,2023-04-22,Regular Customer
CUST-01374,Vivaan Bhatia,Male,44,Surat,Gujarat,West,2024-03-20,Loyal Customer
CUST-01375,Arjun Singh,Male,23,Bhopal,Madhya Pradesh,Central,2023-11-16,Regular Customer
CUST-01376,Suresh Bhatia,Other,18,Bengaluru,Karnataka,South,2021-04-25,Regular Customer
CUST-01377,Pallavi Saxena,Female,27,Hyderabad,Telangana,South,2023-11-25,VIP Customer
CUST-01378,Ramesh Banerjee,Male,39,Visakhapatnam,Andhra Pradesh,South,2021-02-08,VIP Customer
CUST-01379,Anand Kaur,Male,26,Chandigarh,Punjab,North,2022-08-04,VIP Customer
CUST-01380,Reyansh Menon,Male,44,Pune,Maharashtra,West,2024-05-27,VIP Customer
CUST-01381,Rekha Iyer,Female,36,Mumbai,Maharashtra,West,2021-12-16,Regular Customer
CUST-01382,Prisha Mukherjee,Female,36,Delhi,Delhi,North,2021-10-20,Loyal Customer
CUST-01383,Siddharth Choudhury,Male,18,Kolkata,West Bengal,East,2022-01-08,Loyal Customer
CUST-01384,Amit Shah,Other,45,Delhi,Delhi,North,2021-12-10,Loyal Customer
CUST-01385,Meera Agarwal,Female,21,Delhi,Delhi,North,2023-07-18,Loyal Customer
CUST-01386,Aadhya Patel,Female,29,Bhubaneswar,Odisha,East,2023-02-14,Regular Customer
CUST-01387,Aarohi Sharma,Female,48,Kolkata,West Bengal,East,2022-02-19,Regular Customer
CUST-01388,Varun Iyengar,Male,20,,Telangana,South,2023-05-10,Loyal Customer
CUST-01389,Neha Malhotra,Female,20,Chennai,Tamil Nadu,South,2021-12-30,Regular Customer
CUST-01390,Neha Mukherjee,Female,35,Pune,Maharashtra,West,2021-03-21,VIP Customer
CUST-01391,Vikram Iyengar,Male,46,Pune,Maharashtra,West,2021-08-29,Regular Customer
CUST-01392,Rajesh Bhatia,Male,26,Lucknow,Uttar Pradesh,North,2024-05-20,Regular Customer
CUST-01393,Saanvi Tripathi,Female,40,Ahmedabad,Gujarat,West,2023-06-03,Regular Customer
CUST-01394,Atharv Yadav,Male,42,Delhi,Delhi,North,2021-03-30,Loyal Customer
CUST-01395,Kabir Patel,Male,52,Kolkata,West Bengal,East,2023-09-15,Loyal Customer
CUST-01396,Dhruv Rao,Male,18,Mumbai,Maharashtra,West,2024-04-21,Loyal Customer
CUST-01397,Varun Choudhury,Male,43,Mumbai,Maharashtra,West,2024-03-25,Regular Customer
CUST-01398,Ananya Shah,Female,23,Surat,Gujarat,West,2023-09-05,Loyal Customer
CUST-01399,Varun Yadav,Male,23,Ahmedabad,Gujarat,West,2021-06-21,Regular Customer
CUST-01400,Nandini Chatterjee,Female,32,Chennai,Tamil Nadu,South,2023-04-17,Regular Customer
CUST-01401,Saanvi Das,Female,32,Mumbai,Maharashtra,West,2021-01-15,Loyal Customer
CUST-01402,Aarohi Iyengar,Female,33,Pune,Maharashtra,West,2021-01-15,Regular Customer
CUST-01403,Gauri Das,Female,46,Chennai,Tamil Nadu,South,2022-10-09,Regular Customer
CUST-01404,Aarohi Bhatia,Female,37,Coimbatore,Tamil Nadu,South,2023-05-23,Loyal Customer
CUST-01405,Kavya Shah,Female,26,Delhi,Delhi,North,2024-01-03,Regular Customer
CUST-01406,Atharv Mukherjee,Male,24,Bengaluru,Karnataka,South,2022-07-19,VIP Customer
CUST-01407,Pari Choudhury,Female,18,Ahmedabad,Gujarat,West,2022-02-22,Regular Customer
CUST-01408,Kunal Chatterjee,Male,53,Mumbai,Maharashtra,West,2023-09-16,Regular Customer
CUST-01409,Vikram Chatterjee,Male,18,Bengaluru,Karnataka,South,2023-09-18,Regular Customer
CUST-01410,Ishaan Banerjee,Male,34,Bhopal,Madhya Pradesh,Central,2022-12-07,Loyal Customer
CUST-01411,Dhruv Dutta,Male,47,Bhopal,Madhya Pradesh,Central,2021-10-10,VIP Customer
CUST-01412,Swati Malhotra,Female,46,Mumbai,Maharashtra,West,2022-04-16,Regular Customer
CUST-01413,Deepak Saxena,Male,31,Pune,Maharashtra,West,2021-07-25,Regular Customer
CUST-01414,Pari Mishra,Female,43,Jaipur,Rajasthan,North,2022-11-25,Loyal Customer
CUST-01415,Neha Das,Female,40,Mumbai,Maharashtra,West,2021-04-17,Regular Customer
CUST-01416,Manish Sharma,Male,28,Coimbatore,Tamil Nadu,South,2021-07-06,Loyal Customer
CUST-01417,Rahul Agarwal,Male,27,Patna,Bihar,East,2024-05-14,Regular Customer
CUST-01418,Aditya Shah,Male,28,Jaipur,Rajasthan,North,2022-03-31,Regular Customer
CUST-01419,Ramesh Verma,Male,41,Bengaluru,Karnataka,South,2023-02-27,VIP Customer
CUST-01420,Dhruv Mukherjee,Male,41,Delhi,Delhi,North,2023-12-04,Regular Customer
CUST-01421,Neha Verma,Female,39,Bengaluru,Karnataka,South,2021-12-25,Loyal Customer
CUST-01422,Riya Sharma,Female,35,Indore,Madhya Pradesh,Central,2022-02-18,VIP Customer
CUST-01423,Pallavi Mishra,Female,31,Delhi,Delhi,North,2023-11-28,Regular Customer
CUST-01424,Aanya Mishra,Female,37,Chandigarh,Punjab,North,2024-05-12,Regular Customer
CUST-01425,Shreya Patel,Female,33,Bengaluru,Karnataka,South,2024-06-13,Regular Customer
CUST-01426,Vivaan Rao,Male,18,jaipur,Rajasthan,North,2022-05-05,Loyal Customer
CUST-01427,Diya Gupta,Female,27,Bengaluru,Karnataka,South,2022-07-20,Loyal Customer
CUST-01428,Atharv Kaur,Male,18,Bhopal,Madhya Pradesh,Central,2023-03-21,Regular Customer
CUST-01429,Gauri Iyengar,Female,47,Coimbatore,Tamil Nadu,South,2021-02-01,Loyal Customer
CUST-01430,Aadhya Agarwal,Female,25,Delhi,Delhi,North,2021-07-04,Regular Customer
CUST-01431,Tanvi Pandey,Female,18,Mumbai,Maharashtra,West,2024-02-20,VIP Customer
CUST-01432,Atharv Rao,Male,20,Mumbai,Maharashtra,West,2022-07-21,Regular Customer
CUST-01433,Reyansh Menon,Male,43,Bhubaneswar,Odisha,East,2023-04-08,Loyal Customer
CUST-01434,Krishna Saxena,Male,26,Patna,Bihar,East,2023-04-14,Regular Customer
CUST-01435,Anjali Gupta,Female,26,Lucknow,Uttar Pradesh,North,2023-10-28,Regular Customer
CUST-01436,Aarohi Mishra,Female,37,Jaipur,Rajasthan,North,2023-11-18,VIP Customer
CUST-01437,Pranav Chatterjee,Male,57,Kolkata,West Bengal,East,2024-03-23,Regular Customer
CUST-01438,Rohan Nair,Male,33,Bengaluru,Karnataka,South,2024-02-28,Regular Customer
CUST-01439,Isha Choudhury,Female,31,Jaipur,Rajasthan,North,2022-11-27,VIP Customer
CUST-01440,Riya Kaur,Female,36,Kochi,Kerala,South,2023-08-02,VIP Customer
CUST-01441,Rekha Sharma,Female,41,Delhi,Delhi,North,2023-09-15,Regular Customer
CUST-01442,Aadhya Nair,Female,28,Chandigarh,Punjab,North,2022-03-28,Loyal Customer
CUST-01443,Isha Mishra,Female,39,Delhi,Delhi,North,2022-10-09,Regular Customer
CUST-01444,Atharv Iyengar,Male,28,Lucknow,Uttar Pradesh,North,2024-01-03,Regular Customer
CUST-01445,Siddharth Shah,Male,29,Delhi,Delhi,North,2022-05-24,Regular Customer
CUST-01446,Pari Kaur,Female,44,Pune,Maharashtra,West,2022-12-02,Regular Customer
CUST-01447,Varun Saxena,Male,34,Ahmedabad,Gujarat,West,2023-09-03,Regular Customer
CUST-01448,Reyansh Tripathi,Male,52,Kochi,Kerala,South,2024-03-20,Regular Customer
CUST-01449,Tanvi Kaur,Female,26,Kochi,Kerala,South,2022-01-25,Regular Customer
CUST-01450,Gauri Patel,Female,36,Lucknow,Uttar Pradesh,North,2022-05-11,VIP Customer
CUST-01451,Reyansh Patel,Male,36,Mumbai,Maharashtra,West,2022-02-20,Loyal Customer
CUST-01452,Siddharth Mukherjee,Male,39,Bhubaneswar,Odisha,East,2022-12-31,Regular Customer
CUST-01453,Vihaan Malhotra,Male,33,Ahmedabad,Gujarat,West,2021-06-10,Loyal Customer
CUST-01454,Rajesh Iyer,Male,35,Bengaluru,Karnataka,South,2024-06-11,Regular Customer
CUST-01455,Rekha Chatterjee,Female,43,Hyderabad,Telangana,South,2021-03-28,Loyal Customer
CUST-01456,Atharv Mukherjee,Male,24,Mumbai,Maharashtra,West,2022-10-08,Regular Customer
CUST-01457,Nandini Tripathi,Female,32,Hyderabad,Telangana,South,2024-03-22,VIP Customer
CUST-01458,Rahul Saxena,Male,35,Kolkata,West Bengal,East,2023-11-13,Regular Customer
CUST-01459,Ayaan Choudhury,Male,33,Kolkata,West Bengal,East,2024-03-27,Regular Customer
CUST-01460,Amit Mishra,Male,44,Visakhapatnam,Andhra Pradesh,South,2023-05-17,Regular Customer
CUST-01461,Vikram Verma,Male,35,Ahmedabad,Gujarat,West,2023-10-27,Regular Customer
CUST-01462,Gaurav Kaur,Male,26,Chennai,Tamil Nadu,South,2021-12-24,Regular Customer
CUST-01463,Aarohi Das,Female,38,Jaipur,Rajasthan,North,2023-11-28,Regular Customer
CUST-01464,Deepak Sharma,Male,27,Chennai,Tamil Nadu,South,2021-01-25,Loyal Customer
CUST-01465,Dhruv Banerjee,Male,33,Bengaluru,Karnataka,South,2021-07-26,Regular Customer
CUST-01466,Neha Yadav,Female,51,Guwahati,Assam,East,2022-06-16,Regular Customer
CUST-01467,Krishna Patel,Male,30,Mumbai,Maharashtra,West,2022-07-06,Regular Customer
CUST-01468,Ramesh Reddy,Male,39,Chennai,Tamil Nadu,South,2023-01-20,Regular Customer
CUST-01469,Kabir Mehta,Male,38,Delhi,Delhi,North,2023-05-09,Loyal Customer
CUST-01470,Atharv Rao,Male,40,Mumbai,Maharashtra,West,2023-04-01,Regular Customer
CUST-01471,Diya Banerjee,Female,31,Delhi,Delhi,North,2021-09-26,VIP Customer
CUST-01472,Swati Patel,Female,41,Hyderabad,Telangana,South,2021-07-24,Loyal Customer
CUST-01473,Kunal Patel,Male,49,Mumbai,Maharashtra,West,2024-02-12,Regular Customer
CUST-01474,Dhruv Mehta,Male,41,Guwahati,Assam,East,2021-10-26,Loyal Customer
CUST-01475,Anand Bhatia,Male,31,Bhopal,Madhya Pradesh,Central,2023-08-27,Loyal Customer
CUST-01476,Sai Pillai,Male,28,Chennai,Tamil Nadu,South,2023-10-21,Regular Customer
CUST-01477,Nandini Yadav,Female,45,Patna,Bihar,East,2023-11-25,Regular Customer
CUST-01478,Shaurya Mishra,Male,33,Indore,Madhya Pradesh,Central,2023-09-24,Regular Customer
CUST-01479,Vikram Yadav,Male,32,Visakhapatnam,Andhra Pradesh,South,2024-03-08,Regular Customer
CUST-01480,Aarohi Das,Female,36,Bengaluru,Karnataka,South,2021-12-01,Regular Customer
CUST-01481,Deepa Shah,Female,36,Hyderabad,Telangana,South,2023-09-03,Loyal Customer
CUST-01482,Vihaan Menon,Male,26,Hyderabad,Telangana,South,2022-11-17,Regular Customer
CUST-01483,Atharv Chatterjee,Male,27,Kochi,Kerala,South,2024-02-16,VIP Customer
CUST-01484,Krishna Rao,Male,44,  Bengaluru ,Karnataka,South,2021-02-10,Regular Customer
CUST-01485,Atharv Yadav,Male,35,Bengaluru,Karnataka,South,2024-05-25,Regular Customer
CUST-01486,Suresh Singh,Male,18,  Hyderabad ,Telangana,South,2024-01-08,Regular Customer
CUST-01487,Sunita Joshi,Female,32,Hyderabad,Telangana,South,2022-12-29,Regular Customer
CUST-01488,Amit Iyer,Male,43,Nagpur,Maharashtra,West,2023-07-05,VIP Customer
CUST-01489,Dhruv Mukherjee,Male,21,Bengaluru,Karnataka,South,2022-08-10,Regular Customer
CUST-01490,Arjun Yadav,Male,21,Bhopal,Madhya Pradesh,Central,2021-12-10,Loyal Customer
CUST-01491,Varun Reddy,Male,23,,Maharashtra,West,2023-05-14,Loyal Customer
CUST-01492,Priyanka Nair,Female,36,Delhi,Delhi,North,2021-05-27,Regular Customer
CUST-01493,Meera Patel,Female,24,Nagpur,Maharashtra,West,2022-10-05,Regular Customer
CUST-01494,Ishaan Das,Male,33,Patna,Bihar,East,2022-07-02,Loyal Customer
CUST-01495,Dhruv Shah,Male,50,Surat,Gujarat,West,2023-07-01,Loyal Customer
CUST-01496,Navya Dutta,Female,33,Kochi,Kerala,South,2024-04-17,Regular Customer
CUST-01497,Riya Pillai,Female,25,Bengaluru,Karnataka,South,2021-12-09,Regular Customer
CUST-01498,Aarav Bhatia,Male,23,Hyderabad,Telangana,South,2022-04-26,Loyal Customer
CUST-01499,Tanvi Das,Female,38,Delhi,Delhi,North,2021-06-13,Regular Customer
CUST-01500,Dhruv Malhotra,Male,23,Kolkata,West Bengal,East,2021-07-15,Regular Customer
CUST-01501,Nandini Iyer,Female,41,Delhi,Delhi,North,2024-01-29,Regular Customer
CUST-01502,Sunita Nair,Female,47,Mumbai,Maharashtra,West,2023-12-10,Loyal Customer
CUST-01503,Aditya Malhotra,Male,27,Bengaluru,Karnataka,South,2022-06-22,Loyal Customer
CUST-01504,Aadhya Singh,Female,31,Nagpur,Maharashtra,West,2023-03-10,Regular Customer
CUST-01505,Ayaan Dutta,Male,39,Delhi,Delhi,North,2022-08-05,Regular Customer
CUST-01506,Ananya Bhatia,Female,31,Mumbai,Maharashtra,West,2023-12-15,Loyal Customer
CUST-01507,Aarav Verma,Other,47,Hyderabad,Telangana,South,2023-01-01,VIP Customer
CUST-01508,Meera Yadav,Female,26,Delhi,Delhi,North,2023-09-03,Regular Customer
CUST-01509,Gaurav Chatterjee,Male,36,Bhopal,Madhya Pradesh,Central,2022-07-12,Regular Customer
CUST-01510,Arjun Das,Male,42,Hyderabad,Telangana,South,2024-01-10,Regular Customer
CUST-01511,Ramesh Menon,Male,18,Delhi,Delhi,North,2024-03-01,Regular Customer
CUST-01512,Divya Singh,Female,47,Kochi,Kerala,South,2023-12-30,Regular Customer
CUST-01513,Atharv Iyer,Male,29,Bengaluru,Karnataka,South,2024-01-11,Regular Customer
CUST-01514,Aditya Menon,Male,29,Ahmedabad,Gujarat,West,2022-09-23,Regular Customer
CUST-01515,Kavya Bhatia,Female,22,Kochi,Kerala,South,2022-09-14,Regular Customer
CUST-01516,Amit Pandey,Male,48,Chennai,Tamil Nadu,South,2021-10-07,Regular Customer
CUST-01517,Sneha Chatterjee,Female,29,Lucknow,Uttar Pradesh,North,2021-01-18,Loyal Customer
CUST-01518,Rahul Choudhury,Male,41,Lucknow,Uttar Pradesh,North,2023-09-05,Regular Customer
CUST-01519,Nikhil Pillai,Male,34,Bengaluru,Karnataka,South,2022-08-23,Loyal Customer
CUST-01520,Kunal Sharma,Male,26,Mumbai,Maharashtra,West,2024-01-28,Regular Customer
CUST-01521,Kabir Tripathi,Male,27,Coimbatore,Tamil Nadu,South,2024-02-23,Regular Customer
CUST-01522,Ayaan Saxena,Male,30,Kolkata,West Bengal,East,2023-03-10,Loyal Customer
CUST-01523,Ayaan Shah,Male,38,Delhi,Delhi,North,2021-06-12,Regular Customer
CUST-01524,Isha Iyengar,Female,30,Delhi,Delhi,North,2024-06-09,Loyal Customer
CUST-01525,Swati Shah,Female,44,Pune,Maharashtra,West,2022-08-07,Loyal Customer
CUST-01526,Anjali Mishra,Female,34,Delhi,Delhi,North,2022-07-05,Regular Customer
CUST-01527,Gaurav Gupta,Male,30,Hyderabad,Telangana,South,2022-01-09,Regular Customer
CUST-01528,Aarohi Singh,Female,39,Hyderabad,Telangana,South,2023-07-22,Loyal Customer
CUST-01529,Kavya Das,Female,39,Bhubaneswar,Odisha,East,2024-06-29,Regular Customer
CUST-01530,Shaurya Sharma,Male,49,Bengaluru,Karnataka,South,2021-11-08,Regular Customer
CUST-01531,Vikram Sharma,Male,41,Coimbatore,Tamil Nadu,South,2022-01-16,VIP Customer
CUST-01532,Ishaan Shah,Male,23,Hyderabad,Telangana,South,2021-09-14,Loyal Customer
CUST-01533,Tanvi Sharma,Female,26,Hyderabad,Telangana,South,2022-04-22,Regular Customer
CUST-01534,Saanvi Iyer,Female,18,Pune,Maharashtra,West,2022-03-21,Regular Customer
CUST-01535,Khushi Mishra,Female,27,Chennai,Tamil Nadu,South,2023-10-18,VIP Customer
CUST-01536,Riya Das,Female,44,Hyderabad,Telangana,South,2021-03-06,Regular Customer
CUST-01537,Deepa Choudhury,Female,34,Chandigarh,Punjab,North,2021-10-27,Regular Customer
CUST-01538,Sunita Nair,Female,39,Patna,Bihar,East,2021-05-27,Regular Customer
CUST-01539,Sai Mehta,Male,31,Jaipur,Rajasthan,North,2022-05-28,Loyal Customer
CUST-01540,Siddharth Sharma,Male,26,Chandigarh,Punjab,North,2021-09-07,VIP Customer
CUST-01541,Deepak Patel,Male,20,Chandigarh,Punjab,North,2023-02-28,Loyal Customer
CUST-01542,Riya Patel,Female,38,,Delhi,North,2021-03-10,Regular Customer
CUST-01543,Anand Choudhury,Male,31,Delhi,Delhi,North,2021-07-12,Regular Customer
CUST-01544,Gauri Iyer,Female,51,Lucknow,Uttar Pradesh,North,2023-03-08,Loyal Customer
CUST-01545,Khushi Agarwal,Female,23,Coimbatore,Tamil Nadu,South,2022-10-24,Regular Customer
CUST-01546,Tanvi Verma,Female,18,Lucknow,Uttar Pradesh,North,2024-01-31,Regular Customer
CUST-01547,Krishna Iyer,Male,21,Delhi,Delhi,North,2022-09-04,Regular Customer
CUST-01548,Pranav Verma,Male,31,Mumbai,Maharashtra,West,2022-03-23,VIP Customer
CUST-01549,Isha Singh,Female,41,Kochi,Kerala,South,2023-06-09,Regular Customer
CUST-01550,Diya Mishra,Female,19,Delhi,Delhi,North,2022-07-20,Loyal Customer
CUST-01551,Pari Mishra,Female,49,Indore,Madhya Pradesh,Central,2022-05-13,Regular Customer
CUST-01552,Aanya Banerjee,Female,40,Pune,Maharashtra,West,2023-09-01,Loyal Customer
CUST-01553,Arjun Rao,Male,26,Coimbatore,Tamil Nadu,South,2021-07-03,Regular Customer
CUST-01554,Rahul Gupta,Male,35,,Telangana,South,2024-06-20,Regular Customer
CUST-01555,Sunita Singh,Female,18,Chennai,Tamil Nadu,South,2021-05-03,Regular Customer
CUST-01556,Divya Bhatia,Female,49,Hyderabad,Telangana,South,2024-01-04,Loyal Customer
CUST-01557,Ananya Iyer,Female,34,Patna,Bihar,East,2022-04-22,Regular Customer
CUST-01558,Vikram Mishra,Male,31,Chennai,Tamil Nadu,South,2022-12-13,Loyal Customer
CUST-01559,Rohan Dutta,Male,36,Ahmedabad,Gujarat,West,2022-01-31,Regular Customer
CUST-01560,Dhruv Rao,Male,53,Delhi,Delhi,North,2021-10-03,Regular Customer
CUST-01561,Vivaan Iyer,Male,39,Patna,Bihar,East,2023-06-16,Loyal Customer
CUST-01562,Anjali Das,Female,18,Chennai,Tamil Nadu,South,2023-10-01,Regular Customer
CUST-01563,Diya Chatterjee,Female,36,Kolkata,West Bengal,East,2022-12-14,Regular Customer
CUST-01564,Rohan Shah,Male,34,Mumbai,Maharashtra,West,2024-05-11,VIP Customer
CUST-01565,Anjali Saxena,Female,28,Kolkata,West Bengal,East,2021-05-22,Regular Customer
CUST-01566,Riya Joshi,Female,25,Ahmedabad,Gujarat,West,2022-06-24,Regular Customer
CUST-01567,Rohan Sharma,Male,49,Nagpur,Maharashtra,West,2023-11-03,Regular Customer
CUST-01568,Diya Tripathi,Female,18,Surat,Gujarat,West,2021-02-08,Loyal Customer
CUST-01569,Navya Choudhury,Female,18,Jaipur,Rajasthan,North,2024-06-24,Regular Customer
CUST-01570,Tanvi Gupta,Female,37,AHMEDABAD,Gujarat,West,2024-01-09,Loyal Customer
CUST-01571,Reyansh Iyengar,Male,18,Kolkata,West Bengal,East,2023-10-16,Loyal Customer
CUST-01572,Arjun Mukherjee,Male,36,Bhopal,Madhya Pradesh,Central,2022-08-03,Regular Customer
CUST-01573,Manish Reddy,Male,31,Jaipur,Rajasthan,North,2021-08-15,Regular Customer
CUST-01574,Rajesh Gupta,Male,23,Bengaluru,Karnataka,South,2021-03-31,Loyal Customer
CUST-01575,Ananya Saxena,Female,39,Surat,Gujarat,West,2021-03-06,Regular Customer
CUST-01576,Rahul Mehta,Male,30,Hyderabad,Telangana,South,2021-07-22,Regular Customer
CUST-01577,Divya Pandey,Female,32,Hyderabad,Telangana,South,2023-03-07,Loyal Customer
CUST-01578,Pooja Mukherjee,Female,26,Mumbai,Maharashtra,West,2024-04-23,Regular Customer
CUST-01579,Navya Patel,Female,31,Mumbai,Maharashtra,West,2024-05-25,Loyal Customer
CUST-01580,Saanvi Agarwal,Female,51,Kolkata,West Bengal,East,2022-03-04,Loyal Customer
CUST-01581,Pallavi Tripathi,Female,31,Chennai,Tamil Nadu,South,2021-06-13,Regular Customer
CUST-01582,Manish Verma,Male,18,Mumbai,Maharashtra,West,2023-01-10,Loyal Customer
CUST-01583,Nandini Pillai,Female,25,Kolkata,West Bengal,East,2023-01-26,Loyal Customer
CUST-01584,Aanya Pandey,Female,26,Mumbai,Maharashtra,West,2024-06-17,Regular Customer
CUST-01585,Aanya Dutta,Female,45,Bengaluru,Karnataka,South,2021-05-25,Loyal Customer
CUST-01586,Aditya Mehta,Male,30,Mumbai,Maharashtra,West,2023-11-30,Regular Customer
CUST-01587,Anand Patel,Male,51,Hyderabad,Telangana,South,2023-12-25,Regular Customer
CUST-01588,Reyansh Iyengar,Male,53,Mumbai,Maharashtra,West,2022-05-25,Loyal Customer
CUST-01589,Sai Chatterjee,Male,35,Nagpur,Maharashtra,West,2024-02-18,Regular Customer
CUST-01590,Aarohi Choudhury,Female,29,Patna,Bihar,East,2024-03-26,Regular Customer
CUST-01591,Riya Das,Female,21,Ahmedabad,Gujarat,West,2023-05-25,VIP Customer
CUST-01592,Sai Mishra,Male,43,Kolkata,West Bengal,East,2022-01-05,Regular Customer
CUST-01593,Pooja Reddy,Female,22,Surat   ,Gujarat,West,2021-11-20,Regular Customer
CUST-01594,Ramesh Menon,Male,20,KOLKATA,West Bengal,East,2022-12-23,VIP Customer
CUST-01595,Anjali Reddy,Female,43,Bengaluru,Karnataka,South,2023-02-01,Regular Customer
CUST-01596,Manish Pillai,Male,57,patna,Bihar,East,2022-10-25,Loyal Customer
CUST-01597,Priyanka Chatterjee,Female,22,Mumbai,Maharashtra,West,2022-03-15,Regular Customer
CUST-01598,Anjali Agarwal,Female,33,Hyderabad,Telangana,South,2022-06-05,Regular Customer
CUST-01599,Riya Menon,Female,35,Surat,Gujarat,West,2023-03-25,Regular Customer
CUST-01600,Aanya Joshi,Female,27,Delhi,Delhi,North,2024-05-05,Regular Customer
CUST-01601,Ananya Tripathi,Female,27,Bhubaneswar,Odisha,East,2022-09-11,Regular Customer
CUST-01602,Isha Mehta,Female,48,Coimbatore,Tamil Nadu,South,2022-10-07,Regular Customer
CUST-01603,Deepa Das,Female,28,Delhi,Delhi,North,2022-07-20,VIP Customer
CUST-01604,Pooja Chatterjee,Female,24,Indore,Madhya Pradesh,Central,2024-03-14,VIP Customer
CUST-01605,Ananya Malhotra,Female,22,Indore,Madhya Pradesh,Central,2021-03-19,Regular Customer
CUST-01606,Arjun Bhatia,Male,26,Delhi,Delhi,North,2022-06-27,Regular Customer
CUST-01607,Priyanka Patel,Female,31,Chennai,Tamil Nadu,South,2022-04-23,Regular Customer
CUST-01608,Ishaan Gupta,Male,30,Visakhapatnam,Andhra Pradesh,South,2024-03-14,Regular Customer
CUST-01609,Varun Mehta,Male,29,Indore,Madhya Pradesh,Central,2021-06-08,Loyal Customer
CUST-01610,Kunal Iyer,Male,29,Pune,Maharashtra,West,2021-12-21,Regular Customer
CUST-01611,Pranav Das,Male,32,Kochi,Kerala,South,2024-03-26,Loyal Customer
CUST-01612,Aarohi Mukherjee,Female,27,Mumbai,Maharashtra,West,2022-09-08,Regular Customer
CUST-01613,Anita Banerjee,Female,30,Kochi,Kerala,South,2023-02-21,Regular Customer
CUST-01614,Vivaan Agarwal,Male,41,Surat,Gujarat,West,2022-11-16,Regular Customer
CUST-01615,Deepa Pillai,Female,34,Hyderabad,Telangana,South,2023-05-04,VIP Customer
CUST-01616,Aarohi Yadav,Female,37,Bengaluru,Karnataka,South,2022-04-10,Loyal Customer
CUST-01617,Gaurav Mukherjee,Male,44,Surat,Gujarat,West,2021-01-24,Loyal Customer
CUST-01618,Manish Nair,Male,41,Bhopal,Madhya Pradesh,Central,2021-04-21,Regular Customer
CUST-01619,Aanya Reddy,Female,31,Bengaluru   ,Karnataka,South,2024-01-11,Loyal Customer
CUST-01620,Shaurya Iyengar,Male,26,Visakhapatnam,Andhra Pradesh,South,2022-03-29,Regular Customer
CUST-01621,Swati Dutta,Female,46,,Tamil Nadu,South,2023-03-16,VIP Customer
CUST-01622,Sunita Mukherjee,Female,27,Delhi,Delhi,North,2024-03-24,Regular Customer
CUST-01623,Isha Pillai,Female,25,Indore,Madhya Pradesh,Central,2022-08-17,Loyal Customer
CUST-01624,Arjun Bhatia,Male,20,Ahmedabad,Gujarat,West,2022-11-20,Regular Customer
CUST-01625,Suresh Dutta,Male,23,Mumbai,Maharashtra,West,2021-04-11,Regular Customer
CUST-01626,Krishna Gupta,Male,41,Chennai,Tamil Nadu,South,2023-03-28,Regular Customer
CUST-01627,Nikhil Das,Male,20,Mumbai,Maharashtra,West,2021-09-25,Loyal Customer
CUST-01628,Sneha Chatterjee,Female,18,Bhubaneswar,Odisha,East,2022-02-10,Regular Customer
CUST-01629,Manish Banerjee,Male,51,Chennai,Tamil Nadu,South,2022-02-06,Loyal Customer
CUST-01630,Tanvi Iyengar,Female,44,Chennai,Tamil Nadu,South,2022-05-20,Regular Customer
CUST-01631,Krishna Choudhury,Male,29,Hyderabad,Telangana,South,2023-05-31,Regular Customer
CUST-01632,Pallavi Banerjee,Female,34,Chennai,Tamil Nadu,South,2021-07-03,Regular Customer
CUST-01633,Kabir Pillai,Male,35,Pune,Maharashtra,West,2023-01-19,Regular Customer
CUST-01634,Meera Rao,Female,38,Patna,Bihar,East,2024-05-01,Loyal Customer
CUST-01635,Nikhil Joshi,Male,18,Nagpur,Maharashtra,West,2021-12-13,VIP Customer
CUST-01636,Neha Pandey,Female,27,Mumbai,Maharashtra,West,2023-06-25,Loyal Customer
CUST-01637,Riya Verma,Female,24,Pune,Maharashtra,West,2022-04-24,Regular Customer
CUST-01638,Atharv Bhatia,Male,32,Bhubaneswar,Odisha,East,2021-06-25,Regular Customer
CUST-01639,Vivaan Patel,Male,35,Mumbai,Maharashtra,West,2024-06-25,VIP Customer
CUST-01640,Rekha Pandey,Female,46,Kolkata,West Bengal,East,2022-08-13,Regular Customer
CUST-01641,Deepak Mishra,Male,45,Bengaluru,Karnataka,South,2021-08-16,Regular Customer
CUST-01642,Rahul Sharma,Male,31,Delhi,Delhi,North,2022-11-11,Regular Customer
CUST-01643,Vikram Mehta,Male,31,Delhi,Delhi,North,2022-02-22,Regular Customer
CUST-01644,Nikhil Shah,Male,49,Hyderabad,Telangana,South,2024-01-29,Regular Customer
CUST-01645,Tanvi Bhatia,Female,18,Coimbatore,Tamil Nadu,South,2021-02-07,Regular Customer
CUST-01646,Pranav Kaur,Male,32,Lucknow,Uttar Pradesh,North,2023-12-15,Regular Customer
CUST-01647,Sai Verma,Other,22,Delhi,Delhi,North,2022-08-05,Regular Customer
CUST-01648,Deepak Mukherjee,Male,43,Mumbai,Maharashtra,West,2022-07-10,Regular Customer
CUST-01649,Divya Sharma,Female,31,Ahmedabad,Gujarat,West,2021-05-17,Regular Customer
CUST-01650,Krishna Kaur,Male,20,Mumbai,Maharashtra,West,2023-01-08,VIP Customer
CUST-01651,Saanvi Joshi,Female,31,Pune,Maharashtra,West,2023-03-03,Regular Customer
CUST-01652,Dhruv Iyengar,Male,43,Hyderabad,Telangana,South,2021-07-23,VIP Customer
CUST-01653,Sneha Yadav,Female,29,Ahmedabad,Gujarat,West,2024-05-07,Regular Customer
CUST-01654,Diya Mehta,Female,41,Nagpur,Maharashtra,West,2023-10-23,VIP Customer
CUST-01655,Vikram Agarwal,Male,18,Nagpur,Maharashtra,West,2021-02-14,Regular Customer
CUST-01656,Varun Iyengar,Male,28,Pune,Maharashtra,West,2022-09-17,Regular Customer
CUST-01657,Dhruv Dutta,Male,25,Guwahati,Assam,East,2021-11-18,Regular Customer
CUST-01658,Rajesh Rao,Male,18,Pune,Maharashtra,West,2022-12-29,Loyal Customer
CUST-01659,Ayaan Iyengar,Male,30,Kolkata,West Bengal,East,2022-07-19,Loyal Customer
CUST-01660,Manish Shah,Male,20,Bengaluru,Karnataka,South,2023-03-04,VIP Customer
CUST-01661,Siddharth Sharma,Male,31,Pune,Maharashtra,West,2024-02-11,VIP Customer
CUST-01662,Isha Bhatia,Female,37,Mumbai,Maharashtra,West,2022-12-01,VIP Customer
CUST-01663,Swati Bhatia,Female,29,Bengaluru,Karnataka,South,2021-06-29,Loyal Customer
CUST-01664,Amit Kaur,Male,33,Lucknow,Uttar Pradesh,North,2024-06-08,VIP Customer
CUST-01665,Swati Patel,Female,54,Hyderabad,Telangana,South,2023-05-05,Regular Customer
CUST-01666,Arjun Pillai,Male,58,  Visakhapatnam ,Andhra Pradesh,South,2022-10-02,VIP Customer
CUST-01667,Meera Menon,Female,60,Delhi,Delhi,North,2024-01-16,Regular Customer
CUST-01668,Divya Bhatia,Female,32,Lucknow,Uttar Pradesh,North,2024-04-04,Regular Customer
CUST-01669,Anita Mehta,Female,47,Delhi,Delhi,North,2021-10-10,Regular Customer
CUST-01670,Deepak Tripathi,Male,26,Hyderabad,Telangana,South,2023-12-09,VIP Customer
CUST-01671,Kabir Agarwal,Male,32,Bhopal,Madhya Pradesh,Central,2021-10-25,Loyal Customer
CUST-01672,Priyanka Agarwal,Female,49,Hyderabad,Telangana,South,2021-11-20,Regular Customer
CUST-01673,Anjali Chatterjee,Female,24,Kolkata,West Bengal,East,2021-08-31,Regular Customer
CUST-01674,Siddharth Tripathi,Male,25,Mumbai,Maharashtra,West,2021-10-26,Loyal Customer
CUST-01675,Sunita Reddy,Female,18,Nagpur,Maharashtra,West,2023-04-28,VIP Customer
CUST-01676,Khushi Menon,Female,39,Patna,Bihar,East,2022-07-15,Regular Customer
CUST-01677,Reyansh Malhotra,Male,44,Pune,Maharashtra,West,2021-09-27,Regular Customer
CUST-01678,Sunita Mukherjee,Female,35,Hyderabad,Telangana,South,2024-06-17,Regular Customer
CUST-01679,Suresh Mukherjee,Male,18,Patna,Bihar,East,2022-04-18,Loyal Customer
CUST-01680,Ayaan Kaur,Male,23,Nagpur,Maharashtra,West,2021-02-23,Regular Customer
CUST-01681,Shreya Choudhury,Female,24,Coimbatore,Tamil Nadu,South,2023-09-04,Regular Customer
CUST-01682,Rekha Mukherjee,Female,19,Chennai,Tamil Nadu,South,2023-08-19,Loyal Customer
CUST-01683,Atharv Saxena,Male,54,Bengaluru,Karnataka,South,2023-03-05,Regular Customer
CUST-01684,Ananya Saxena,Female,35,Mumbai,Maharashtra,West,2022-01-31,Regular Customer
CUST-01685,Kabir Choudhury,Male,18,Bengaluru,Karnataka,South,2021-01-31,VIP Customer
CUST-01686,Kabir Patel,Male,19,Bengaluru,Karnataka,South,2022-02-20,Loyal Customer
CUST-01687,Aditya Saxena,Male,18,Pune,Maharashtra,West,2023-06-19,VIP Customer
CUST-01688,Rahul Das,Other,18,Bengaluru,Karnataka,South,2022-10-28,VIP Customer
CUST-01689,Nandini Patel,Female,41,Mumbai,Maharashtra,West,2023-05-26,Regular Customer
CUST-01690,Aanya Mukherjee,Female,49,Mumbai,Maharashtra,West,2023-02-19,Loyal Customer
CUST-01691,Pari Mukherjee,Female,23,Patna,Bihar,East,2024-03-17,Loyal Customer
CUST-01692,Amit Singh,Male,40,Patna,Bihar,East,2021-03-20,Regular Customer
CUST-01693,Rohan Menon,Male,28,Nagpur,Maharashtra,West,2021-03-28,VIP Customer
CUST-01694,Ayaan Iyengar,Male,29,Delhi,Delhi,North,2024-01-07,Regular Customer
CUST-01695,Anand Verma,Male,41,Delhi,Delhi,North,2024-02-17,Regular Customer
CUST-01696,Nikhil Singh,Male,57,Bengaluru,Karnataka,South,2021-04-11,Regular Customer
CUST-01697,Rohan Nair,Male,51,Delhi,Delhi,North,2022-09-16,Loyal Customer
CUST-01698,Ishaan Menon,Male,25,Hyderabad,Telangana,South,2021-12-07,Regular Customer
CUST-01699,Neha Agarwal,Female,20,Kolkata,West Bengal,East,2021-04-22,Loyal Customer
CUST-01700,Nandini Bhatia,Female,23,Patna,Bihar,East,2023-08-08,Loyal Customer
CUST-01701,Riya Gupta,Female,48,Bengaluru,Karnataka,South,2023-10-23,Regular Customer
CUST-01702,Nikhil Banerjee,Male,21,Lucknow,Uttar Pradesh,North,2024-01-25,Regular Customer
CUST-01703,Kabir Reddy,Male,18,lucknow,Uttar Pradesh,North,2023-07-13,Regular Customer
CUST-01704,Riya Banerjee,Female,22,Bengaluru,Karnataka,South,2022-02-18,VIP Customer
CUST-01705,Aadhya Shah,Female,27,Chandigarh,Punjab,North,2022-10-26,Loyal Customer
CUST-01706,Pallavi Das,Female,18,Visakhapatnam,Andhra Pradesh,South,2021-12-02,Loyal Customer
CUST-01707,Vihaan Gupta,Male,44,Coimbatore,Tamil Nadu,South,2021-08-22,Loyal Customer
CUST-01708,Manish Rao,Male,50,Chandigarh,Punjab,North,2021-06-24,Regular Customer
CUST-01709,Pari Dutta,Female,30,Hyderabad,Telangana,South,2023-11-14,Loyal Customer
CUST-01710,Diya Nair,Female,18,Bhubaneswar,Odisha,East,2024-02-02,Regular Customer
CUST-01711,Sunita Saxena,Female,36,Mumbai,Maharashtra,West,2022-11-18,Loyal Customer
CUST-01712,Rajesh Yadav,Male,58,Kolkata,West Bengal,East,2021-11-04,Regular Customer
CUST-01713,Arjun Saxena,Male,33,Bengaluru,Karnataka,South,2021-04-16,Regular Customer
CUST-01714,Ishaan Dutta,Male,18,Chennai,Tamil Nadu,South,2023-07-03,Regular Customer
CUST-01715,Sai Malhotra,Male,26,Indore,Madhya Pradesh,Central,2021-09-27,VIP Customer
CUST-01716,Saanvi Mukherjee,Female,36,Indore,Madhya Pradesh,Central,2022-06-03,Regular Customer
CUST-01717,Rahul Yadav,Male,44,Pune,Maharashtra,West,2023-10-19,Regular Customer
CUST-01718,Saanvi Mukherjee,Female,37,Chennai,Tamil Nadu,South,2023-10-08,Regular Customer
CUST-01719,Priyanka Kaur,Female,34,Mumbai,Maharashtra,West,2023-09-02,Regular Customer
CUST-01720,Rohan Gupta,Male,29,Bengaluru,Karnataka,South,2024-05-16,Loyal Customer
CUST-01721,Isha Tripathi,Female,37,Bhopal,Madhya Pradesh,Central,2024-01-26,Regular Customer
CUST-01722,Manish Chatterjee,Male,24,Mumbai,Maharashtra,West,2022-03-02,Regular Customer
CUST-01723,Arjun Verma,Male,33,Chennai,Tamil Nadu,South,2022-12-16,Regular Customer
CUST-01724,Gaurav Verma,Male,44,Jaipur,Rajasthan,North,2024-03-29,Loyal Customer
CUST-01725,Khushi Reddy,Female,37,Mumbai,Maharashtra,West,2021-06-29,Regular Customer
CUST-01726,Kabir Saxena,Male,45,Mumbai,Maharashtra,West,2021-11-27,Loyal Customer
CUST-01727,Ramesh Kaur,Male,28,Hyderabad,Telangana,South,2024-05-03,Loyal Customer
CUST-01728,Anjali Saxena,Female,26,Ahmedabad,Gujarat,West,2023-07-22,Loyal Customer
CUST-01729,Navya Agarwal,Female,26,Chandigarh,Punjab,North,2021-03-15,Regular Customer
CUST-01730,Ishaan Reddy,Male,36,Ahmedabad,Gujarat,West,2023-01-25,VIP Customer
CUST-01731,Siddharth Gupta,Male,36,Mumbai,Maharashtra,West,2023-05-26,Loyal Customer
CUST-01732,Aadhya Joshi,Female,31,Chandigarh,Punjab,North,2023-08-23,Regular Customer
CUST-01733,Shreya Yadav,Female,47,Delhi,Delhi,North,2022-07-17,Regular Customer
CUST-01734,Prisha Iyengar,Female,47,Visakhapatnam,Andhra Pradesh,South,2022-03-06,Loyal Customer
CUST-01735,Neha Verma,Female,27,Hyderabad,Telangana,South,2021-08-12,Loyal Customer
CUST-01736,Divya Iyengar,Female,32,Lucknow,Uttar Pradesh,North,2021-06-29,Regular Customer
CUST-01737,Deepak Mukherjee,Male,31,Chennai   ,Tamil Nadu,South,2022-08-12,Regular Customer
CUST-01738,Rekha Reddy,Female,26,Ahmedabad,Gujarat,West,2022-06-16,Regular Customer
CUST-01739,Ramesh Rao,Male,24,Visakhapatnam,Andhra Pradesh,South,2021-09-23,Loyal Customer
CUST-01740,Rahul Iyengar,Male,33,Kolkata,West Bengal,East,2023-10-17,Regular Customer
CUST-01741,Sai Tripathi,Male,45,Lucknow,Uttar Pradesh,North,2024-06-02,Regular Customer
CUST-01742,Ishaan Mehta,Male,46,,Karnataka,South,2021-01-04,Regular Customer
CUST-01743,Rohan Singh,Male,29,Ahmedabad,Gujarat,West,2021-08-30,Loyal Customer
CUST-01744,Gauri Mishra,Female,34,Bhubaneswar,Odisha,East,2024-06-14,VIP Customer
CUST-01745,Kabir Verma,Male,24,Jaipur,Rajasthan,North,2022-11-15,Regular Customer
CUST-01746,Anita Singh,Female,32,Bengaluru,Karnataka,South,2022-03-11,Regular Customer
CUST-01747,Reyansh Das,Male,36,Delhi,Delhi,North,2022-07-31,Regular Customer
CUST-01748,Aditya Joshi,Male,18,Coimbatore,Tamil Nadu,South,2022-09-07,Regular Customer
CUST-01749,Meera Choudhury,Female,30,Hyderabad,Telangana,South,2021-01-13,Regular Customer
CUST-01750,Meera Reddy,Female,45,Mumbai,Maharashtra,West,2023-03-23,Loyal Customer
CUST-01751,Neha Sharma,Female,18,Delhi,Delhi,North,2021-12-26,Regular Customer
CUST-01752,Siddharth Reddy,Male,36,Mumbai,Maharashtra,West,2023-09-09,VIP Customer
CUST-01753,Anita Verma,Female,34,  Kochi ,Kerala,South,2021-10-06,Regular Customer
CUST-01754,Manish Menon,Male,26,Hyderabad,Telangana,South,2024-01-05,VIP Customer
CUST-01755,Riya Mishra,Female,41,Pune,Maharashtra,West,2023-04-28,VIP Customer
CUST-01756,Aanya Pandey,Female,48,Jaipur,Rajasthan,North,2023-12-04,Regular Customer
CUST-01757,Anand Kaur,Male,23,Delhi,Delhi,North,2022-10-09,Loyal Customer
CUST-01758,Saanvi Mehta,Female,29,Patna,Bihar,East,2024-03-28,Loyal Customer
CUST-01759,Anita Agarwal,Female,20,Mumbai,Maharashtra,West,2022-12-26,Regular Customer
CUST-01760,Ananya Shah,Female,38,Pune,Maharashtra,West,2021-03-05,Regular Customer
CUST-01761,Pari Singh,Female,40,Kochi,Kerala,South,2023-12-31,Loyal Customer
CUST-01762,Suresh Mukherjee,Male,43,Chandigarh,Punjab,North,2023-03-09,Regular Customer
CUST-01763,Aarohi Yadav,Female,42,Bengaluru,Karnataka,South,2022-09-24,Loyal Customer
CUST-01764,Meera Das,Female,18,Mumbai,Maharashtra,West,2021-03-06,Regular Customer
CUST-01765,Aadhya Iyer,Female,38,Delhi,Delhi,North,2022-05-02,Regular Customer
CUST-01766,Siddharth Joshi,Male,24,Kolkata,West Bengal,East,2022-03-19,Regular Customer
CUST-01767,Diya Malhotra,Female,27,Indore,Madhya Pradesh,Central,2023-02-06,Loyal Customer
CUST-01768,Nikhil Mehta,Male,28,Coimbatore,Tamil Nadu,South,2021-07-09,Regular Customer
CUST-01769,Aarav Mishra,Male,19,Delhi,Delhi,North,2023-09-16,VIP Customer
CUST-01770,Ananya Mehta,Female,40,Pune,Maharashtra,West,2022-11-28,VIP Customer
CUST-01771,Tanvi Yadav,Female,27,Hyderabad,Telangana,South,2023-12-09,Regular Customer
CUST-01772,Shaurya Bhatia,Other,18,Bengaluru,Karnataka,South,2021-07-21,Loyal Customer
CUST-01773,Amit Kaur,Male,42,Bengaluru,Karnataka,South,2021-09-29,Regular Customer
CUST-01774,Aanya Menon,Female,18,Bengaluru,Karnataka,South,2023-03-05,Loyal Customer
CUST-01775,Pooja Malhotra,Female,36,Coimbatore,Tamil Nadu,South,2021-01-09,Regular Customer
CUST-01776,Vivaan Kaur,Male,24,Nagpur,Maharashtra,West,2024-05-02,VIP Customer
CUST-01777,Shaurya Menon,Male,34,Bengaluru,Karnataka,South,2021-04-05,Regular Customer
CUST-01778,Nikhil Kaur,Male,37,Bengaluru,Karnataka,South,2022-10-02,Regular Customer
CUST-01779,Nikhil Joshi,Male,47,Delhi,Delhi,North,2022-03-06,Regular Customer
CUST-01780,Reyansh Joshi,Male,29,Ahmedabad,Gujarat,West,2022-07-21,Regular Customer
CUST-01781,Nikhil Menon,Male,47,Pune,Maharashtra,West,2021-08-29,Regular Customer
CUST-01782,Diya Shah,Female,19,Jaipur,Rajasthan,North,2021-08-23,Regular Customer
CUST-01783,Neha Chatterjee,Female,43,Pune,Maharashtra,West,2023-11-19,Regular Customer
CUST-01784,Anjali Rao,Female,31,Guwahati,Assam,East,2024-01-31,Regular Customer
CUST-01785,Arjun Das,Male,44,Visakhapatnam,Andhra Pradesh,South,2022-08-04,Loyal Customer
CUST-01786,Sai Gupta,Other,46,Lucknow,Uttar Pradesh,North,2022-09-30,Loyal Customer
CUST-01787,Shaurya Chatterjee,Male,30,Indore,Madhya Pradesh,Central,2023-06-28,Regular Customer
CUST-01788,Saanvi Iyer,Female,34,Hyderabad,Telangana,South,2021-04-14,Regular Customer
CUST-01789,Aanya Gupta,Female,18,Bengaluru,Karnataka,South,2023-05-24,Regular Customer
CUST-01790,Shreya Mukherjee,Female,18,Surat,Gujarat,West,2024-04-28,Loyal Customer
CUST-01791,Shreya Das,Female,34,Chandigarh,Punjab,North,2023-07-03,Loyal Customer
CUST-01792,Ishaan Reddy,Male,31,Mumbai,Maharashtra,West,2022-02-10,Loyal Customer
CUST-01793,Rajesh Mishra,Male,35,Lucknow,Uttar Pradesh,North,2023-12-29,Regular Customer
CUST-01794,Varun Choudhury,Male,40,Lucknow,Uttar Pradesh,North,2023-08-12,Loyal Customer
CUST-01795,Aditya Pandey,Male,48,Delhi,Delhi,North,2023-08-18,Regular Customer
CUST-01796,Khushi Kaur,Female,18,Bengaluru,Karnataka,South,2023-08-12,Regular Customer
CUST-01797,Isha Bhatia,Female,50,Mumbai,Maharashtra,West,2024-06-17,Regular Customer
CUST-01798,Atharv Nair,Male,18,,Tamil Nadu,South,2022-01-11,Loyal Customer
CUST-01799,Rajesh Reddy,Male,25,Jaipur,Rajasthan,North,2022-10-28,Regular Customer
CUST-01800,Saanvi Gupta,Female,23,Coimbatore,Tamil Nadu,South,2023-09-01,Regular Customer
CUST-01801,Rahul Menon,Male,28,Visakhapatnam,Andhra Pradesh,South,2021-12-16,Regular Customer
CUST-01802,Navya Mukherjee,Female,36,Delhi,Delhi,North,2024-03-22,Regular Customer
CUST-01803,Vihaan Nair,Male,29,Kochi,Kerala,South,2021-08-08,Regular Customer
CUST-01804,Manish Gupta,Male,27,Mumbai,Maharashtra,West,2022-09-11,Regular Customer
CUST-01805,Dhruv Banerjee,Male,33,Chennai,Tamil Nadu,South,2023-04-27,Regular Customer
CUST-01806,Ayaan Chatterjee,Male,34,Visakhapatnam,Andhra Pradesh,South,2021-11-22,VIP Customer
CUST-01807,Pari Gupta,Female,29,Mumbai,Maharashtra,West,2022-11-29,Regular Customer
CUST-01808,Deepak Banerjee,Male,31,Pune,Maharashtra,West,2023-06-02,Loyal Customer
CUST-01809,Prisha Banerjee,Female,46,Chennai,Tamil Nadu,South,2022-12-02,Regular Customer
CUST-01810,Isha Saxena,Female,32,Chandigarh,Punjab,North,2021-06-09,Loyal Customer
CUST-01811,Deepak Banerjee,Male,48,Mumbai,Maharashtra,West,2023-09-24,Regular Customer
CUST-01812,Ramesh Menon,Male,18,Pune,Maharashtra,West,2022-10-29,Loyal Customer
CUST-01813,Siddharth Menon,Other,47,Chennai,Tamil Nadu,South,2021-12-27,Regular Customer
CUST-01814,Pari Gupta,Female,31,  Ahmedabad ,Gujarat,West,2024-05-10,Regular Customer
CUST-01815,Deepa Mukherjee,Female,52,Ahmedabad,Gujarat,West,2023-02-16,Regular Customer
CUST-01816,Manish Kaur,Male,18,Delhi,Delhi,North,2021-05-06,Regular Customer
CUST-01817,Siddharth Bhatia,Male,24,Chandigarh,Punjab,North,2024-04-04,VIP Customer
CUST-01818,Manish Mishra,Male,25,Kolkata,West Bengal,East,2021-01-01,Loyal Customer
CUST-01819,Rajesh Bhatia,Male,30,Indore   ,Madhya Pradesh,Central,2023-07-17,Regular Customer
CUST-01820,Dhruv Mukherjee,Male,44,Mumbai,Maharashtra,West,2024-03-29,Regular Customer
CUST-01821,Reyansh Kaur,Male,20,Kolkata   ,West Bengal,East,2022-10-11,Regular Customer
CUST-01822,Kunal Agarwal,Male,58,Chennai,Tamil Nadu,South,2022-09-16,VIP Customer
CUST-01823,Pallavi Pillai,Female,51,  Bengaluru ,Karnataka,South,2022-12-07,VIP Customer
CUST-01824,Priyanka Sharma,Female,28,Pune,Maharashtra,West,2024-06-06,VIP Customer
CUST-01825,Dhruv Yadav,Male,40,Kochi,Kerala,South,2021-09-19,VIP Customer
CUST-01826,Vivaan Rao,Male,18,Bengaluru,Karnataka,South,2024-01-30,VIP Customer
CUST-01827,Saanvi Das,Female,26,Kolkata,West Bengal,East,2024-02-21,Loyal Customer
CUST-01828,Atharv Malhotra,Male,54,Ahmedabad,Gujarat,West,2022-08-01,VIP Customer
CUST-01829,Ayaan Pillai,Male,32,Kolkata,West Bengal,East,2024-04-23,Regular Customer
CUST-01830,Meera Das,Female,34,Coimbatore,Tamil Nadu,South,2023-02-23,Regular Customer
CUST-01831,Prisha Chatterjee,Female,52,Pune,Maharashtra,West,2022-03-09,Loyal Customer
CUST-01832,Rahul Bhatia,Male,28,Delhi,Delhi,North,2022-01-21,Loyal Customer
CUST-01833,Siddharth Agarwal,Male,36,Hyderabad,Telangana,South,2023-01-08,Loyal Customer
CUST-01834,Ananya Joshi,Female,31,Kolkata,West Bengal,East,2021-09-15,Regular Customer
CUST-01835,Aadhya Singh,Female,21,Hyderabad,Telangana,South,2021-02-02,Regular Customer
CUST-01836,Pranav Iyer,Male,34,Ahmedabad,Gujarat,West,2023-06-14,VIP Customer
CUST-01837,Arjun Gupta,Male,25,Delhi,Delhi,North,2021-10-09,Loyal Customer
CUST-01838,Kabir Yadav,Male,40,surat,Gujarat,West,2023-07-23,VIP Customer
CUST-01839,Shreya Mukherjee,Female,39,Mumbai,Maharashtra,West,2023-05-22,Loyal Customer
CUST-01840,Rohan Iyengar,Other,18,Jaipur,Rajasthan,North,2023-05-19,Loyal Customer
CUST-01841,Rohan Nair,Male,22,Nagpur,Maharashtra,West,2022-12-29,Regular Customer
CUST-01842,Kabir Mukherjee,Male,35,Jaipur,Rajasthan,North,2021-01-16,Loyal Customer
CUST-01843,Gaurav Dutta,Male,43,Jaipur,Rajasthan,North,2022-04-30,Loyal Customer
CUST-01844,Kavya Pillai,Female,41,Coimbatore,Tamil Nadu,South,2024-01-24,Loyal Customer
CUST-01845,Vivaan Verma,Male,20,Visakhapatnam,Andhra Pradesh,South,2024-03-09,Regular Customer
CUST-01846,Atharv Malhotra,Male,24,Chandigarh,Punjab,North,2024-04-03,Regular Customer
CUST-01847,Shreya Gupta,Female,25,Bengaluru,Karnataka,South,2021-10-18,Loyal Customer
CUST-01848,Amit Yadav,Male,24,Bengaluru,Karnataka,South,2022-07-27,Regular Customer
CUST-01849,Aditya Iyengar,Male,19,Mumbai,Maharashtra,West,2024-06-03,Regular Customer
CUST-01850,Sneha Singh,Female,19,Kochi,Kerala,South,2021-06-09,Loyal Customer
CUST-01851,Vikram Mishra,Male,37,Ahmedabad,Gujarat,West,2024-04-02,Regular Customer
CUST-01852,Vivaan Tripathi,Male,27,Ahmedabad,Gujarat,West,2022-12-05,Regular Customer
CUST-01853,Aarav Iyer,Male,47,Bhopal,Madhya Pradesh,Central,2023-07-19,Regular Customer
CUST-01854,Rahul Banerjee,Male,26,Surat,Gujarat,West,2022-11-10,Regular Customer
CUST-01855,Kunal Joshi,Male,31,Coimbatore,Tamil Nadu,South,2022-08-16,Regular Customer
CUST-01856,Shreya Agarwal,Female,50,Mumbai,Maharashtra,West,2024-05-08,Loyal Customer
CUST-01857,Tanvi Mishra,Female,38,Delhi,Delhi,North,2024-02-29,Regular Customer
CUST-01858,Divya Iyer,Female,39,Patna,Bihar,East,2024-03-30,Regular Customer
CUST-01859,Vivaan Kaur,Male,34,Pune,Maharashtra,West,2022-08-21,Loyal Customer
CUST-01860,Neha Sharma,Female,20,Mumbai,Maharashtra,West,2022-08-11,Regular Customer
CUST-01861,Ananya Iyengar,Female,33,Surat,Gujarat,West,2021-06-07,VIP Customer
CUST-01862,Kavya Shah,Female,29,Kochi,Kerala,South,2021-09-29,Loyal Customer
CUST-01863,Krishna Yadav,Male,18,Kolkata,West Bengal,East,2022-06-11,Regular Customer
CUST-01864,Vihaan Mukherjee,Male,56,Lucknow,Uttar Pradesh,North,2021-12-24,VIP Customer
CUST-01865,Anand Bhatia,Male,32,Delhi,Delhi,North,2023-07-04,Regular Customer
CUST-01866,Diya Shah,Female,50,Delhi,Delhi,North,2022-04-29,Regular Customer
CUST-01867,Anita Iyengar,Female,21,Nagpur,Maharashtra,West,2021-03-09,Regular Customer
CUST-01868,Aadhya Bhatia,Female,36,Mumbai,Maharashtra,West,2024-05-04,VIP Customer
CUST-01869,Ananya Pandey,Female,41,Kochi,Kerala,South,2023-10-13,Loyal Customer
CUST-01870,Prisha Choudhury,Female,26,Kolkata,West Bengal,East,2023-02-24,Regular Customer
CUST-01871,Rohan Dutta,Male,26,Pune,Maharashtra,West,2021-12-09,Regular Customer
CUST-01872,Tanvi Pandey,Female,37,Mumbai,Maharashtra,West,2022-12-08,Regular Customer
CUST-01873,Krishna Choudhury,Male,39,Delhi,Delhi,North,2021-08-26,Regular Customer
CUST-01874,Riya Nair,Female,28,Mumbai,Maharashtra,West,2023-09-03,Regular Customer
CUST-01875,Tanvi Choudhury,Female,46,Bengaluru,Karnataka,South,2023-12-27,Regular Customer
CUST-01876,Swati Das,Female,26,Bengaluru,Karnataka,South,2023-03-10,Regular Customer
CUST-01877,Ananya Iyengar,Female,35,Delhi,Delhi,North,2023-06-10,Regular Customer
CUST-01878,Varun Mishra,Male,44,Delhi,Delhi,North,2023-07-09,Regular Customer
CUST-01879,Meera Iyengar,Female,28,Kolkata,West Bengal,East,2021-03-26,Regular Customer
CUST-01880,Anjali Singh,Female,35,Surat,Gujarat,West,2022-12-26,VIP Customer
CUST-01881,Prisha Mukherjee,Female,33,Hyderabad,Telangana,South,2022-07-13,Regular Customer
CUST-01882,Kavya Mishra,Female,39,Kolkata,West Bengal,East,2021-07-21,Regular Customer
CUST-01883,Suresh Nair,Male,46,Kochi,Kerala,South,2023-08-03,Loyal Customer
CUST-01884,Anand Patel,Male,32,Hyderabad,Telangana,South,2024-04-20,Loyal Customer
CUST-01885,Amit Reddy,Male,18,Bhopal,Madhya Pradesh,Central,2022-01-04,Regular Customer
CUST-01886,Aarav Kaur,Male,37,Hyderabad,Telangana,South,2021-01-18,Loyal Customer
CUST-01887,Aarav Pillai,Male,23,Chennai,Tamil Nadu,South,2021-07-20,Regular Customer
CUST-01888,Rajesh Menon,Male,27,Mumbai,Maharashtra,West,2022-12-21,Regular Customer
CUST-01889,Ishaan Shah,Male,56,Hyderabad,Telangana,South,2022-01-31,Regular Customer
CUST-01890,Ramesh Gupta,Male,53,Nagpur,Maharashtra,West,2021-04-27,VIP Customer
CUST-01891,Rajesh Tripathi,Male,23,Chennai,Tamil Nadu,South,2022-03-21,VIP Customer
CUST-01892,Divya Malhotra,Female,24,Delhi,Delhi,North,2021-09-03,Regular Customer
CUST-01893,Neha Bhatia,Female,32,Indore,Madhya Pradesh,Central,2023-02-09,Loyal Customer
CUST-01894,Pranav Singh,Male,29,Pune,Maharashtra,West,2024-03-05,Loyal Customer
CUST-01895,Sai Tripathi,Male,29,Bhubaneswar,Odisha,East,2021-08-16,Loyal Customer
CUST-01896,Krishna Joshi,Male,37,Lucknow,Uttar Pradesh,North,2023-08-15,Loyal Customer
CUST-01897,Aditya Singh,Male,32,Mumbai,Maharashtra,West,2023-07-18,VIP Customer
CUST-01898,Krishna Choudhury,Male,18,Surat,Gujarat,West,2023-05-25,Loyal Customer
CUST-01899,Swati Choudhury,Female,40,Pune,Maharashtra,West,2022-10-25,Regular Customer
CUST-01900,Nikhil Gupta,Male,30,Lucknow,Uttar Pradesh,North,2022-07-22,Loyal Customer
CUST-01901,Pari Nair,Female,28,Mumbai,Maharashtra,West,2022-11-13,VIP Customer
CUST-01902,Krishna Pandey,Male,34,Guwahati,Assam,East,2022-06-27,Regular Customer
CUST-01903,Aadhya Iyer,Female,33,Bengaluru,Karnataka,South,2022-02-15,Loyal Customer
CUST-01904,Sai Singh,Male,49,Bengaluru,Karnataka,South,2023-10-05,Regular Customer
CUST-01905,Vikram Choudhury,Male,35,Mumbai,Maharashtra,West,2023-06-03,Regular Customer
CUST-01906,Manish Malhotra,Male,50,Mumbai,Maharashtra,West,2023-06-24,Loyal Customer
CUST-01907,Vihaan Verma,Male,35,Bhopal,Madhya Pradesh,Central,2021-05-30,Regular Customer
CUST-01908,Anand Shah,Male,39,Hyderabad,Telangana,South,2023-07-03,Regular Customer
CUST-01909,Rahul Bhatia,Male,36,Delhi,Delhi,North,2021-01-02,VIP Customer
CUST-01910,Swati Nair,Female,37,Kolkata,West Bengal,East,2022-06-30,Regular Customer
CUST-01911,Meera Tripathi,Female,34,Pune,Maharashtra,West,2023-03-13,Loyal Customer
CUST-01912,Amit Das,Male,39,Mumbai,Maharashtra,West,2023-10-02,Regular Customer
CUST-01913,Dhruv Yadav,Male,25,Kochi,Kerala,South,2021-05-24,Regular Customer
CUST-01914,Aarav Nair,Male,37,Bengaluru,Karnataka,South,2023-09-15,Regular Customer
CUST-01915,Vikram Agarwal,Male,18,Kolkata,West Bengal,East,2023-01-06,Regular Customer
CUST-01916,Ishaan Nair,Male,25,Visakhapatnam,Andhra Pradesh,South,2021-04-24,Loyal Customer
CUST-01917,Manish Gupta,Male,27,Kochi,Kerala,South,2023-01-19,Regular Customer
CUST-01918,Meera Gupta,Female,34,Kolkata,West Bengal,East,2023-07-31,Loyal Customer
CUST-01919,Khushi Singh,Female,28,Bengaluru,Karnataka,South,2022-02-20,Regular Customer
CUST-01920,Aanya Nair,Female,27,Delhi,Delhi,North,2022-01-27,Regular Customer
CUST-01921,Dhruv Tripathi,Male,39,Bengaluru,Karnataka,South,2021-08-07,Loyal Customer
CUST-01922,Atharv Iyer,Male,39,Delhi,Delhi,North,2021-06-23,VIP Customer
CUST-01923,Riya Dutta,Female,46,Surat,Gujarat,West,2022-01-24,Regular Customer
CUST-01924,Gauri Sharma,Female,39,Delhi,Delhi,North,2024-04-29,Regular Customer
CUST-01925,Dhruv Gupta,Male,28,Mumbai,Maharashtra,West,2024-01-13,Loyal Customer
CUST-01926,Sneha Chatterjee,Female,38,Hyderabad,Telangana,South,2023-07-10,VIP Customer
CUST-01927,Saanvi Verma,Female,25,Surat   ,Gujarat,West,2022-11-26,Regular Customer
CUST-01928,Kunal Dutta,Male,35,Hyderabad,Telangana,South,2021-03-29,Regular Customer
CUST-01929,Reyansh Mishra,Male,32,Delhi,Delhi,North,2023-12-08,Regular Customer
CUST-01930,Rajesh Yadav,Male,25,Hyderabad,Telangana,South,2024-01-04,Regular Customer
CUST-01931,Priyanka Patel,Female,28,Hyderabad,Telangana,South,2021-05-28,Regular Customer
CUST-01932,Arjun Iyer,Male,37,Delhi,Delhi,North,2021-02-09,Regular Customer
CUST-01933,Pallavi Mukherjee,Female,23,Hyderabad,Telangana,South,2021-04-04,Regular Customer
CUST-01934,Manish Bhatia,Male,39,Ahmedabad,Gujarat,West,2021-01-30,Regular Customer
CUST-01935,Vivaan Tripathi,Male,47,Coimbatore,Tamil Nadu,South,2022-09-22,Loyal Customer
CUST-01936,Aarohi Menon,Female,18,Delhi,Delhi,North,2024-06-05,Regular Customer
CUST-01937,Suresh Gupta,Male,37,Jaipur,Rajasthan,North,2021-08-06,Regular Customer
CUST-01938,Neha Mishra,Female,44,Coimbatore   ,Tamil Nadu,South,2024-06-14,Regular Customer
CUST-01939,Anita Mehta,Female,34,Chandigarh,Punjab,North,2023-05-23,Regular Customer
CUST-01940,Deepa Dutta,Female,23,Ahmedabad,Gujarat,West,2023-04-04,Regular Customer
CUST-01941,Rajesh Banerjee,Male,40,Mumbai,Maharashtra,West,2024-01-23,Regular Customer
CUST-01942,Siddharth Mishra,Male,42,Delhi,Delhi,North,2022-03-13,Loyal Customer
CUST-01943,Suresh Saxena,Male,32,PUNE,Maharashtra,West,2022-11-19,Regular Customer
CUST-01944,Kavya Bhatia,Female,30,Jaipur,Rajasthan,North,2023-05-01,Regular Customer
CUST-01945,Navya Chatterjee,Female,28,Patna,Bihar,East,2021-12-04,Regular Customer
CUST-01946,Varun Banerjee,Male,29,Visakhapatnam,Andhra Pradesh,South,2021-03-25,Regular Customer
CUST-01947,Anita Yadav,Female,-1,Mumbai,Maharashtra,West,2024-06-08,Regular Customer
CUST-01948,Sai Sharma,Male,33,Ahmedabad,Gujarat,West,2023-09-25,Regular Customer
CUST-01949,Aarav Saxena,Male,57,Jaipur,Rajasthan,North,2021-07-02,Loyal Customer
CUST-01950,Suresh Tripathi,Male,46,Hyderabad,Telangana,South,2022-08-05,Regular Customer
CUST-01951,Anita Mishra,Female,38,Pune,Maharashtra,West,2023-09-02,Loyal Customer
CUST-01952,Gauri Bhatia,Female,27,Lucknow,Uttar Pradesh,North,2022-07-09,Regular Customer
CUST-01953,Kabir Patel,Male,44,Chennai,Tamil Nadu,South,2021-12-24,Loyal Customer
CUST-01954,Aanya Mukherjee,Female,35,Chennai,Tamil Nadu,South,2022-01-04,Loyal Customer
CUST-01955,Ramesh Gupta,Male,38,Bengaluru,Karnataka,South,2022-09-09,Regular Customer
CUST-01956,Saanvi Chatterjee,Female,31,Bhubaneswar,Odisha,East,2022-04-28,Regular Customer
CUST-01957,Amit Malhotra,Male,35,Bengaluru,Karnataka,South,2024-06-21,Regular Customer
CUST-01958,Sunita Chatterjee,Female,28,Chennai,Tamil Nadu,South,2023-11-06,Regular Customer
CUST-01959,Nikhil Singh,Male,26,Chennai,Tamil Nadu,South,2022-03-03,Regular Customer
CUST-01960,Reyansh Malhotra,Male,47,Hyderabad,Telangana,South,2021-11-02,Loyal Customer
CUST-01961,Pallavi Iyer,Female,27,Kolkata,West Bengal,East,2023-10-16,Regular Customer
CUST-01962,Swati Agarwal,Female,45,Bengaluru,Karnataka,South,2021-03-30,Regular Customer
CUST-01963,Atharv Joshi,Male,34,Pune,Maharashtra,West,2022-03-06,Regular Customer
CUST-01964,Meera Mukherjee,Female,36,Mumbai,Maharashtra,West,2023-07-18,Regular Customer
CUST-01965,Tanvi Verma,Female,66,Hyderabad,Telangana,South,2024-01-06,Regular Customer
CUST-01966,Kunal Sharma,Male,39,Delhi,Delhi,North,2023-09-21,Regular Customer
CUST-01967,Aadhya Tripathi,Female,23,Mumbai,Maharashtra,West,2022-04-27,Loyal Customer
CUST-01968,Suresh Banerjee,Male,18,Lucknow,Uttar Pradesh,North,2022-10-30,Regular Customer
CUST-01969,Tanvi Kaur,Female,18,Chandigarh,Punjab,North,2022-10-30,Regular Customer
CUST-01970,Vihaan Reddy,Male,33,Delhi,Delhi,North,2022-04-12,Regular Customer
CUST-01971,Anand Pillai,Male,22,Jaipur,Rajasthan,North,2022-02-14,Regular Customer
CUST-01972,Isha Gupta,Female,23,Kochi,Kerala,South,2023-08-23,Loyal Customer
CUST-01973,Vivaan Tripathi,Male,31,Visakhapatnam,Andhra Pradesh,South,2023-06-12,Regular Customer
CUST-01974,Pallavi Mukherjee,Female,29,Lucknow,Uttar Pradesh,North,2023-07-21,Regular Customer
CUST-01975,Atharv Bhatia,Male,26,Pune,Maharashtra,West,2023-07-27,Loyal Customer
CUST-01976,Divya Rao,Female,33,Nagpur,Maharashtra,West,2022-07-07,Regular Customer
CUST-01977,Ananya Verma,Female,40,Jaipur,Rajasthan,North,2024-03-10,Regular Customer
CUST-01978,Arjun Malhotra,Male,32,Chennai,Tamil Nadu,South,2023-08-12,Regular Customer
CUST-01979,Sai Choudhury,Male,18,Pune,Maharashtra,West,2022-12-05,Regular Customer
CUST-01980,Ishaan Mukherjee,Male,18,Delhi,Delhi,North,2021-11-18,Loyal Customer
CUST-01981,Manish Mukherjee,Male,38,Hyderabad,Telangana,South,2021-12-15,Loyal Customer
CUST-01982,Anjali Yadav,Female,43,Coimbatore,Tamil Nadu,South,2022-04-16,Regular Customer
CUST-01983,Gaurav Iyengar,Male,35,Kolkata,West Bengal,East,2023-09-29,VIP Customer
CUST-01984,Reyansh Banerjee,Male,42,Bengaluru,Karnataka,South,2023-08-28,Loyal Customer
CUST-01985,Krishna Sharma,Male,43,Chandigarh,Punjab,North,2023-05-27,Loyal Customer
CUST-01986,Ayaan Patel,Male,55,Pune,Maharashtra,West,2022-11-02,Regular Customer
CUST-01987,Ayaan Tripathi,Male,49,Lucknow,Uttar Pradesh,North,2024-04-26,VIP Customer
CUST-01988,Varun Banerjee,Other,27,Bengaluru,Karnataka,South,2021-01-11,Regular Customer
CUST-01989,Vivaan Verma,Male,25,Patna,Bihar,East,2023-08-22,Loyal Customer
CUST-01990,Pooja Verma,Female,18,Bhubaneswar,Odisha,East,2023-05-22,Regular Customer
CUST-01991,Rahul Mishra,Male,29,Bengaluru,Karnataka,South,2021-07-20,Regular Customer
CUST-01992,Isha Gupta,Female,41,Surat,Gujarat,West,2024-02-18,Loyal Customer
CUST-01993,Deepak Dutta,Male,43,Hyderabad,Telangana,South,2023-04-13,VIP Customer
CUST-01994,Arjun Rao,Male,28,Chennai,Tamil Nadu,South,2022-08-29,Regular Customer
CUST-01995,Aditya Sharma,Male,34,Kolkata,West Bengal,East,2023-09-10,Loyal Customer
CUST-01996,Sai Das,Other,35,Chennai,Tamil Nadu,South,2023-07-30,VIP Customer
CUST-01997,Anand Banerjee,Male,28,Delhi,Delhi,North,2021-02-19,VIP Customer
CUST-01998,Riya Choudhury,Female,18,Indore,Madhya Pradesh,Central,2021-10-11,VIP Customer
CUST-01999,Dhruv Saxena,Male,50,Surat,Gujarat,West,2023-01-29,Loyal Customer
CUST-02000,Shreya Singh,Female,40,Kolkata,West Bengal,East,2021-01-03,VIP Customer
CUST-02001,Aadhya Nair,Female,52,Mumbai,Maharashtra,West,2022-11-13,Regular Customer
CUST-02002,Ishaan Pillai,Male,55,Kolkata,West Bengal,East,2022-07-07,Loyal Customer
CUST-02003,Ramesh Chatterjee,Male,33,Pune,Maharashtra,West,2024-03-24,Loyal Customer
CUST-02004,Anita Kaur,Female,28,Kolkata,West Bengal,East,2021-06-15,Loyal Customer
CUST-02005,Shaurya Dutta,Male,46,Guwahati,Assam,East,2021-04-23,Regular Customer
CUST-02006,Varun Kaur,Male,35,Bengaluru,Karnataka,South,2023-01-16,VIP Customer
CUST-02007,Aarohi Nair,Female,37,Hyderabad,Telangana,South,2023-01-19,Regular Customer
CUST-02008,Vivaan Rao,Male,19,Hyderabad,Telangana,South,2023-01-21,Regular Customer
CUST-02009,Vikram Das,Male,36,Bengaluru,Karnataka,South,2021-05-18,Loyal Customer
CUST-02010,Sunita Mehta,Female,34,Mumbai,Maharashtra,West,2021-10-11,VIP Customer
CUST-02011,Isha Chatterjee,Female,40,Kochi,Kerala,South,2021-08-21,Loyal Customer
CUST-02012,Tanvi Choudhury,Female,46,Nagpur,Maharashtra,West,2024-04-03,VIP Customer
CUST-02013,Shreya Mehta,Female,33,Mumbai,Maharashtra,West,2022-04-07,Regular Customer
CUST-02014,Nandini Shah,Female,41,Delhi,Delhi,North,2023-10-29,Loyal Customer
CUST-02015,Kavya Verma,Female,58,Mumbai,Maharashtra,West,2021-05-10,Regular Customer
CUST-02016,Rohan Iyer,Male,29,Kolkata,West Bengal,East,2023-10-24,Regular Customer
CUST-02017,Aarohi Iyer,Female,19,Lucknow,Uttar Pradesh,North,2023-12-26,Loyal Customer
CUST-02018,Anjali Tripathi,Female,18,Bengaluru,Karnataka,South,2022-08-22,Regular Customer
CUST-02019,Atharv Mishra,Male,29,Mumbai,Maharashtra,West,2021-05-15,Regular Customer
CUST-02020,Pranav Menon,Male,22,Indore,Madhya Pradesh,Central,2021-06-28,Regular Customer
CUST-02021,Pranav Saxena,Male,32,Mumbai,Maharashtra,West,2022-08-14,VIP Customer
CUST-02022,Aditya Malhotra,Male,23,Bhopal,Madhya Pradesh,Central,2021-12-04,Regular Customer
CUST-02023,Shreya Bhatia,Female,29,Bhopal,Madhya Pradesh,Central,2023-10-14,Regular Customer
CUST-02024,Gauri Iyengar,Female,34,Bhopal,Madhya Pradesh,Central,2021-02-16,Regular Customer
CUST-02025,Rajesh Chatterjee,Male,39,Chandigarh,Punjab,North,2021-09-28,Regular Customer
CUST-02026,Kabir Menon,Other,28,Delhi,Delhi,North,2021-02-13,Regular Customer
CUST-02027,Aditya Sharma,Male,39,Delhi,Delhi,North,2022-04-21,Loyal Customer
CUST-02028,Amit Singh,Male,26,Guwahati,Assam,East,2022-11-19,Regular Customer
CUST-02029,Shaurya Singh,Male,28,Patna,Bihar,East,2022-10-31,Regular Customer
CUST-02030,Swati Das,Female,44,Coimbatore   ,Tamil Nadu,South,2023-12-22,Loyal Customer
CUST-02031,Riya Menon,Female,41,Bhubaneswar,Odisha,East,2022-09-15,Loyal Customer
CUST-02032,Pranav Mishra,Male,20,Ahmedabad,Gujarat,West,2022-09-20,Regular Customer
CUST-02033,Krishna Patel,Male,32,Mumbai,Maharashtra,West,2023-09-19,Regular Customer
CUST-02034,Khushi Choudhury,Female,18,Kolkata,West Bengal,East,2021-04-07,Regular Customer
CUST-02035,Ishaan Menon,Male,18,Kolkata,West Bengal,East,2021-12-07,Loyal Customer
CUST-02036,Diya Das,Female,25,Mumbai,Maharashtra,West,2024-01-02,Regular Customer
CUST-02037,Diya Pandey,Female,23,Mumbai,Maharashtra,West,2021-11-11,Regular Customer
CUST-02038,Aarohi Verma,Female,48,Nagpur,Maharashtra,West,2022-10-11,Loyal Customer
CUST-02039,Rohan Shah,Male,22,Pune,Maharashtra,West,2023-01-28,Regular Customer
CUST-02040,Vikram Das,Male,26,Hyderabad,Telangana,South,2021-03-13,Loyal Customer
CUST-02041,Navya Bhatia,Female,18,Chennai,Tamil Nadu,South,2023-02-03,Regular Customer
CUST-02042,Diya Chatterjee,Female,45,Mumbai,Maharashtra,West,2022-09-10,Regular Customer
CUST-02043,Aarav Nair,Male,38,Bengaluru,Karnataka,South,2023-10-20,Loyal Customer
CUST-02044,Rohan Agarwal,Male,35,Pune,Maharashtra,West,2022-10-18,Regular Customer
CUST-02045,Tanvi Chatterjee,Female,35,Chennai,Tamil Nadu,South,2023-11-06,Regular Customer
CUST-02046,Deepak Joshi,Male,26,Mumbai,Maharashtra,West,2023-08-29,VIP Customer
CUST-02047,Nikhil Banerjee,Male,30,Bengaluru,Karnataka,South,2021-10-29,Loyal Customer
CUST-02048,Anand Agarwal,Male,48,Patna,Bihar,East,2023-06-25,Regular Customer
CUST-02049,Aarohi Dutta,Female,26,Bengaluru,Karnataka,South,2023-09-08,VIP Customer
CUST-02050,Ananya Kaur,Female,29,Pune,Maharashtra,West,2024-02-03,Regular Customer
CUST-02051,Saanvi Nair,Female,18,Bhopal,Madhya Pradesh,Central,2024-06-18,Loyal Customer
CUST-02052,Riya Rao,Female,46,Mumbai,Maharashtra,West,2021-07-09,Regular Customer
CUST-02053,Ramesh Singh,Male,40,Bengaluru,Karnataka,South,2022-02-04,Loyal Customer
CUST-02054,Isha Mishra,Female,33,Indore,Madhya Pradesh,Central,2022-07-24,Regular Customer
CUST-02055,Aditya Chatterjee,Male,23,Hyderabad,Telangana,South,2023-07-02,Loyal Customer
CUST-02056,Aditya Iyengar,Male,40,Chandigarh,Punjab,North,2023-03-19,Regular Customer
CUST-02057,Shaurya Mukherjee,Male,28,Pune,Maharashtra,West,2024-05-24,Regular Customer
CUST-02058,Aanya Agarwal,Female,18,Delhi,Delhi,North,2023-01-10,Regular Customer
CUST-02059,Shreya Yadav,Female,38,Lucknow,Uttar Pradesh,North,2023-05-26,Regular Customer
CUST-02060,Atharv Sharma,Male,53,Delhi,Delhi,North,2022-08-06,Regular Customer
CUST-02061,Khushi Menon,Female,57,Hyderabad,Telangana,South,2024-02-23,Regular Customer
CUST-02062,Tanvi Tripathi,Female,37,Pune,Maharashtra,West,2023-06-29,Loyal Customer
CUST-02063,Kabir Mishra,Male,50,Bhopal,Madhya Pradesh,Central,2023-06-26,Regular Customer
CUST-02064,Kunal Dutta,Male,29,Coimbatore,Tamil Nadu,South,2023-05-19,Loyal Customer
CUST-02065,Kabir Bhatia,Male,42,Coimbatore,Tamil Nadu,South,2024-04-17,Loyal Customer
CUST-02066,Ananya Mehta,Female,30,Patna,Bihar,East,2022-09-14,Regular Customer
CUST-02067,Gaurav Iyengar,Male,28,Delhi,Delhi,North,2022-11-18,Regular Customer
CUST-02068,Suresh Choudhury,Male,41,Chennai,Tamil Nadu,South,2023-02-09,Regular Customer
CUST-02069,Kabir Singh,Male,24,Bengaluru,Karnataka,South,2022-07-14,Regular Customer
CUST-02070,Anjali Menon,Female,28,Chennai,Tamil Nadu,South,2024-03-09,Loyal Customer
CUST-02071,Arjun Mehta,Male,38,Indore,Madhya Pradesh,Central,2022-01-16,Loyal Customer
CUST-02072,Ishaan Chatterjee,Male,36,Chandigarh,Punjab,North,2023-10-02,Regular Customer
CUST-02073,Siddharth Joshi,Male,29,Bhopal,Madhya Pradesh,Central,2024-04-13,Regular Customer
CUST-02074,Vikram Dutta,Male,23,Mumbai,Maharashtra,West,2023-08-08,Regular Customer
CUST-02075,Kunal Sharma,Male,36,Bengaluru,Karnataka,South,2021-11-12,Regular Customer
CUST-02076,Divya Pandey,Female,43,Kolkata,West Bengal,East,2023-08-26,Regular Customer
CUST-02077,Swati Tripathi,Female,38,Bengaluru,Karnataka,South,2022-08-13,Regular Customer
CUST-02078,Sneha Agarwal,Female,28,Mumbai,Maharashtra,West,2022-05-17,Regular Customer
CUST-02079,Nikhil Shah,Male,39,Mumbai,Maharashtra,West,2023-10-07,VIP Customer
CUST-02080,Aadhya Mukherjee,Female,18,Delhi,Delhi,North,2023-01-11,Loyal Customer
CUST-02081,Priyanka Pillai,Female,36,Chandigarh,Punjab,North,2022-06-13,Loyal Customer
CUST-02082,Sneha Das,Female,47,Hyderabad,Telangana,South,2021-09-02,Regular Customer
CUST-02083,Tanvi Banerjee,Female,39,Chandigarh,Punjab,North,2021-02-05,Loyal Customer
CUST-02084,Sai Banerjee,Male,18,Bengaluru,Karnataka,South,2021-04-30,Regular Customer
CUST-02085,Rohan Tripathi,Male,55,Coimbatore,Tamil Nadu,South,2021-10-05,Regular Customer
CUST-02086,Vivaan Shah,Male,39,Bengaluru,Karnataka,South,2023-01-10,Regular Customer
CUST-02087,Pallavi Rao,Female,36,Chennai,Tamil Nadu,South,2021-04-10,Regular Customer
CUST-02088,Amit Singh,Male,35,Chennai,Tamil Nadu,South,2021-06-07,Regular Customer
CUST-02089,Nikhil Singh,Male,43,Mumbai,Maharashtra,West,2022-01-11,Loyal Customer
CUST-02090,Neha Choudhury,Female,24,Chennai,Tamil Nadu,South,2021-12-09,Regular Customer
CUST-02091,Rekha Reddy,Female,30,Mumbai,Maharashtra,West,2022-09-09,Regular Customer
CUST-02092,Shreya Das,Female,25,Bhopal,Madhya Pradesh,Central,2023-01-13,Regular Customer
CUST-02093,Suresh Rao,Male,22,Pune,Maharashtra,West,2021-10-22,Regular Customer
CUST-02094,Pooja Joshi,Female,28,Mumbai,Maharashtra,West,2023-02-03,Loyal Customer
CUST-02095,Kabir Reddy,Male,34,Patna,Bihar,East,2021-11-30,Regular Customer
CUST-02096,Arjun Iyengar,Male,22,Guwahati,Assam,East,2022-03-29,Loyal Customer
CUST-02097,Anita Tripathi,Female,18,Pune,Maharashtra,West,2024-02-19,Loyal Customer
CUST-02098,Siddharth Iyengar,Male,25,Mumbai,Maharashtra,West,2023-12-26,Loyal Customer
CUST-02099,Deepak Choudhury,Male,46,Pune,Maharashtra,West,2021-08-22,Regular Customer
CUST-02100,Varun Gupta,Other,30,Bengaluru,Karnataka,South,2021-08-27,Loyal Customer
CUST-02101,Varun Sharma,Male,29,Bengaluru,Karnataka,South,2023-09-10,Regular Customer
CUST-02102,Shreya Rao,Female,29,Coimbatore,Tamil Nadu,South,2021-10-12,Loyal Customer
CUST-02103,Nandini Mukherjee,Female,37,,Telangana,South,2023-12-08,Loyal Customer
CUST-02104,Shaurya Saxena,Male,29,Patna,Bihar,East,2022-09-16,Regular Customer
CUST-02105,Deepa Malhotra,Female,30,Bengaluru,Karnataka,South,2022-04-01,Regular Customer
CUST-02106,Shreya Bhatia,Female,19,Chennai,Tamil Nadu,South,2022-04-10,Regular Customer
CUST-02107,Reyansh Bhatia,Other,31,Kolkata,West Bengal,East,2021-06-10,Regular Customer
CUST-02108,Nikhil Mishra,Male,27,Bengaluru,Karnataka,South,2021-08-17,Regular Customer
CUST-02109,Sunita Iyer,Female,37,Pune,Maharashtra,West,2023-06-03,Regular Customer
CUST-02110,Aarohi Verma,Female,36,Bengaluru,Karnataka,South,2023-11-18,Loyal Customer
CUST-02111,Rahul Malhotra,Male,29,Bengaluru,Karnataka,South,2022-06-03,Regular Customer
CUST-02112,Khushi Kaur,Female,18,Bengaluru,Karnataka,South,2021-01-22,Loyal Customer
CUST-02113,Kunal Malhotra,Male,25,Mumbai,Maharashtra,West,2024-05-17,Regular Customer
CUST-02114,Pranav Mehta,Male,33,Chennai,Tamil Nadu,South,2022-01-14,Loyal Customer
CUST-02115,Aarav Gupta,Male,40,Chennai,Tamil Nadu,South,2021-10-26,Loyal Customer
CUST-02116,Krishna Banerjee,Male,41,Bengaluru,Karnataka,South,2022-12-14,Regular Customer
CUST-02117,Rekha Iyengar,Female,31,Delhi,Delhi,North,2024-06-09,Regular Customer
CUST-02118,Suresh Gupta,Male,48,Surat,Gujarat,West,2021-07-22,Loyal Customer
CUST-02119,Sunita Sharma,Female,31,Kolkata,West Bengal,East,2023-12-20,Regular Customer
CUST-02120,Gauri Joshi,Female,53,Nagpur,Maharashtra,West,2021-12-18,VIP Customer
CUST-02121,Vikram Sharma,Male,27,Delhi,Delhi,North,2021-07-22,VIP Customer
CUST-02122,Pallavi Iyengar,Female,38,Hyderabad,Telangana,South,2023-08-31,Regular Customer
CUST-02123,Priyanka Saxena,Female,33,Coimbatore,Tamil Nadu,South,2023-06-20,Loyal Customer
CUST-02124,Aarohi Saxena,Female,23,Delhi,Delhi,North,2022-12-28,VIP Customer
CUST-02125,Kabir Mehta,Male,21,Nagpur,Maharashtra,West,2023-11-20,Regular Customer
CUST-02126,Aarohi Choudhury,Female,37,Delhi,Delhi,North,2022-10-06,Regular Customer
CUST-02127,Vihaan Iyengar,Male,29,Chennai,Tamil Nadu,South,2021-10-06,Regular Customer
CUST-02128,Navya Das,Female,18,Mumbai,Maharashtra,West,2022-08-14,Loyal Customer
CUST-02129,Vivaan Gupta,Male,45,Bengaluru,Karnataka,South,2022-11-03,Regular Customer
CUST-02130,Pari Joshi,Female,18,Ahmedabad,Gujarat,West,2023-07-25,Loyal Customer
CUST-02131,Ishaan Kaur,Male,33,Bengaluru,Karnataka,South,2023-06-29,Regular Customer
CUST-02132,Kabir Joshi,Male,24,Delhi,Delhi,North,2023-05-27,Regular Customer
CUST-02133,Aadhya Tripathi,Female,33,Mumbai,Maharashtra,West,2023-09-02,VIP Customer
CUST-02134,Navya Saxena,Female,39,Hyderabad,Telangana,South,2021-01-27,VIP Customer
CUST-02135,Sneha Kaur,Female,18,Delhi,Delhi,North,2021-08-04,Regular Customer
CUST-02136,Pooja Kaur,Female,29,Bengaluru,Karnataka,South,2021-06-24,Regular Customer
CUST-02137,Pari Nair,Female,26,Chennai,Tamil Nadu,South,2024-04-24,VIP Customer
CUST-02138,Tanvi Agarwal,Female,21,Surat,Gujarat,West,2021-12-12,Regular Customer
CUST-02139,Reyansh Reddy,Male,22,Kolkata,West Bengal,East,2022-02-15,Loyal Customer
CUST-02140,Dhruv Malhotra,Male,28,Coimbatore,Tamil Nadu,South,2022-04-22,Loyal Customer
CUST-02141,Tanvi Iyer,Female,31,Coimbatore,Tamil Nadu,South,2022-07-25,Loyal Customer
CUST-02142,Sunita Banerjee,Female,18,Mumbai,Maharashtra,West,2024-04-30,Regular Customer
CUST-02143,Kunal Mishra,Male,18,Delhi,Delhi,North,2023-03-31,Regular Customer
CUST-02144,Rajesh Mukherjee,Male,28,Ahmedabad,Gujarat,West,2023-04-09,VIP Customer
CUST-02145,Amit Shah,Male,37,Kolkata,West Bengal,East,2021-10-29,Loyal Customer
CUST-02146,Vihaan Malhotra,Male,36,Visakhapatnam,Andhra Pradesh,South,2022-05-29,Regular Customer
CUST-02147,Ayaan Singh,Male,25,Delhi,Delhi,North,2021-10-03,Regular Customer
CUST-02148,Anand Verma,Male,22,Coimbatore,Tamil Nadu,South,2021-05-20,Regular Customer
CUST-02149,Saanvi Saxena,Female,40,Mumbai,Maharashtra,West,2023-02-23,Loyal Customer
CUST-02150,Shaurya Bhatia,Male,31,Pune,Maharashtra,West,2022-09-13,Loyal Customer
CUST-02151,Aarohi Choudhury,Female,31,Jaipur,Rajasthan,North,2021-06-06,Loyal Customer
CUST-02152,Pooja Choudhury,Female,27,Ahmedabad,Gujarat,West,2023-10-06,Loyal Customer
CUST-02153,Reyansh Joshi,Male,31,Delhi,Delhi,North,2023-10-17,Regular Customer
CUST-02154,Kavya Chatterjee,Female,23,Chennai,Tamil Nadu,South,2022-12-05,Loyal Customer
CUST-02155,Vikram Chatterjee,Male,32,Bengaluru,Karnataka,South,2021-02-06,VIP Customer
CUST-02156,Aanya Pillai,Female,50,Patna,Bihar,East,2021-09-01,Regular Customer
CUST-02157,Meera Yadav,Female,33,Indore,Madhya Pradesh,Central,2023-02-10,Regular Customer
CUST-02158,Vivaan Verma,Male,26,Bengaluru,Karnataka,South,2021-12-29,Loyal Customer
CUST-02159,Rekha Choudhury,Female,18,Mumbai,Maharashtra,West,2022-09-13,VIP Customer
CUST-02160,Diya Iyer,Female,18,Hyderabad,Telangana,South,2023-06-02,Regular Customer
CUST-02161,Shreya Nair,Female,46,Nagpur,Maharashtra,West,2023-09-26,Loyal Customer
CUST-02162,Priyanka Kaur,Female,44,Hyderabad,Telangana,South,2023-10-02,Loyal Customer
CUST-02163,Swati Chatterjee,Female,18,Delhi,Delhi,North,2024-03-17,Regular Customer
CUST-02164,Anjali Yadav,Female,43,Hyderabad,Telangana,South,2021-11-17,Regular Customer
CUST-02165,Pari Shah,Female,18,Ahmedabad,Gujarat,West,2023-10-11,Loyal Customer
CUST-02166,Dhruv Mukherjee,Male,31,Chennai,Tamil Nadu,South,2022-12-24,Loyal Customer
CUST-02167,Khushi Reddy,Female,50,Kochi,Kerala,South,2021-05-06,Regular Customer
CUST-02168,Aanya Bhatia,Female,28,Mumbai,Maharashtra,West,2023-01-21,Regular Customer
CUST-02169,Anand Banerjee,Male,41,Kochi,Kerala,South,2021-02-25,Loyal Customer
CUST-02170,Divya Reddy,Female,33,Bengaluru,Karnataka,South,2023-02-19,Regular Customer
CUST-02171,Atharv Rao,Male,19,Mumbai,Maharashtra,West,2023-04-24,Regular Customer
CUST-02172,Swati Patel,Female,31,Bengaluru,Karnataka,South,2022-05-23,Regular Customer
CUST-02173,Ishaan Banerjee,Male,52,Coimbatore,Tamil Nadu,South,2021-06-23,VIP Customer
CUST-02174,Aditya Yadav,Male,42,Ahmedabad,Gujarat,West,2022-09-17,Regular Customer
CUST-02175,Sai Sharma,Male,37,Indore,Madhya Pradesh,Central,2024-01-08,Regular Customer
CUST-02176,Rohan Kaur,Male,28,Hyderabad,Telangana,South,2023-05-16,Loyal Customer
CUST-02177,Nandini Pillai,Female,25,Bhopal,Madhya Pradesh,Central,2022-07-01,Regular Customer
CUST-02178,Rahul Banerjee,Male,24,Delhi,Delhi,North,2021-02-15,VIP Customer
CUST-02179,Dhruv Banerjee,Male,28,Mumbai,Maharashtra,West,2023-03-11,Regular Customer
CUST-02180,Vihaan Mishra,Male,38,Chandigarh,Punjab,North,2023-09-28,Regular Customer
CUST-02181,Swati Mehta,Female,38,Kolkata,West Bengal,East,2022-11-20,Regular Customer
CUST-02182,Kunal Choudhury,Male,47,Visakhapatnam,Andhra Pradesh,South,2022-11-27,Regular Customer
CUST-02183,Ishaan Rao,Male,37,Bengaluru,Karnataka,South,2023-06-12,Regular Customer
CUST-02184,Divya Yadav,Female,22,Pune,Maharashtra,West,2021-06-04,Loyal Customer
CUST-02185,Vikram Mehta,Male,27,Chennai,Tamil Nadu,South,2022-08-12,Regular Customer
CUST-02186,Khushi Banerjee,Female,41,Jaipur,Rajasthan,North,2023-04-04,Loyal Customer
CUST-02187,Neha Dutta,Female,51,Delhi,Delhi,North,2021-07-08,Loyal Customer
CUST-02188,Priyanka Malhotra,Female,20,  Hyderabad ,Telangana,South,2024-04-27,Regular Customer
CUST-02189,Aadhya Banerjee,Female,44,Kolkata,West Bengal,East,2023-12-24,Regular Customer
CUST-02190,Gauri Rao,Female,32,Kolkata,West Bengal,East,2021-06-07,Loyal Customer
CUST-02191,Ishaan Iyengar,Male,35,Bengaluru,Karnataka,South,2022-09-07,Regular Customer
CUST-02192,Anjali Reddy,Female,30,Coimbatore,Tamil Nadu,South,2022-02-14,Regular Customer
CUST-02193,Kavya Mukherjee,Female,55,Indore,Madhya Pradesh,Central,2023-11-22,Regular Customer
CUST-02194,Nikhil Chatterjee,Male,35,Ahmedabad,Gujarat,West,2022-01-05,VIP Customer
CUST-02195,Manish Das,Male,19,Delhi,Delhi,North,2023-11-24,VIP Customer
CUST-02196,Suresh Iyer,Male,32,Chennai,Tamil Nadu,South,2022-03-13,Loyal Customer
CUST-02197,Deepa Dutta,Female,33,Delhi,Delhi,North,2023-08-16,Regular Customer
CUST-02198,Divya Chatterjee,Female,24,Ahmedabad,Gujarat,West,2024-06-12,VIP Customer
CUST-02199,Pallavi Pillai,Female,23,Indore,Madhya Pradesh,Central,2024-03-05,Loyal Customer
CUST-02200,Vivaan Iyengar,Male,46,Kolkata,West Bengal,East,2022-02-15,Regular Customer
CUST-02201,Ananya Patel,Female,18,Mumbai,Maharashtra,West,2021-11-05,Loyal Customer
CUST-02202,Nikhil Joshi,Male,43,Surat,Gujarat,West,2023-06-11,Regular Customer
CUST-02203,Rekha Pandey,Female,29,Pune,Maharashtra,West,2021-05-12,Loyal Customer
CUST-02204,Rekha Pillai,Female,23,Mumbai,Maharashtra,West,2022-07-01,Loyal Customer
CUST-02205,Manish Saxena,Male,18,Mumbai,Maharashtra,West,2022-06-10,Loyal Customer
CUST-02206,Ayaan Nair,Male,40,Bengaluru,Karnataka,South,2022-05-04,Regular Customer
CUST-02207,Gauri Sharma,Female,50,Coimbatore,Tamil Nadu,South,2022-05-18,Loyal Customer
CUST-02208,Ishaan Menon,Male,26,Delhi,Delhi,North,2023-09-22,Loyal Customer
CUST-02209,Prisha Pillai,Female,35,Pune,Maharashtra,West,2021-03-17,Regular Customer
CUST-02210,Kavya Bhatia,Female,28,Delhi,Delhi,North,2021-03-01,Regular Customer
CUST-02211,Anita Shah,Female,30,Kolkata   ,West Bengal,East,2024-02-02,Regular Customer
CUST-02212,Gaurav Verma,Male,43,Bengaluru,Karnataka,South,2023-09-23,Loyal Customer
CUST-02213,Vivaan Yadav,Male,32,Chennai,Tamil Nadu,South,2021-06-21,Regular Customer
CUST-02214,Khushi Yadav,Female,34,Delhi,Delhi,North,2021-05-11,VIP Customer
CUST-02215,Kabir Tripathi,Male,39,Ahmedabad,Gujarat,West,2023-01-15,Loyal Customer
CUST-02216,Nandini Gupta,Female,37,Delhi   ,Delhi,North,2023-03-24,VIP Customer
CUST-02217,Tanvi Pandey,Female,36,Bengaluru,Karnataka,South,2021-10-15,Regular Customer
CUST-02218,Priyanka Dutta,Female,27,Lucknow,Uttar Pradesh,North,2023-10-22,VIP Customer
CUST-02219,Pooja Kaur,Female,29,Ahmedabad,Gujarat,West,2024-04-03,VIP Customer
CUST-02220,Pallavi Iyengar,Female,18,Mumbai,Maharashtra,West,2022-05-31,Regular Customer
CUST-02221,Aadhya Patel,Female,29,Kochi,Kerala,South,2024-05-13,Regular Customer
CUST-02222,Anita Reddy,Female,38,Chennai,Tamil Nadu,South,2022-11-06,Loyal Customer
CUST-02223,Anand Nair,Male,50,Chennai   ,Tamil Nadu,South,2022-04-29,VIP Customer
CUST-02224,Gauri Bhatia,Female,39,lucknow,Uttar Pradesh,North,2021-08-07,Regular Customer
CUST-02225,Kavya Menon,Female,18,Bengaluru,Karnataka,South,2023-04-17,Regular Customer
CUST-02226,Suresh Verma,Male,29,Bhubaneswar,Odisha,East,2023-10-02,Regular Customer
CUST-02227,Deepak Malhotra,Male,28,Kolkata,West Bengal,East,2022-10-11,Regular Customer
CUST-02228,Rahul Kaur,Other,35,Indore,Madhya Pradesh,Central,2022-05-20,VIP Customer
CUST-02229,Pranav Mishra,Male,18,Chennai,Tamil Nadu,South,2021-10-24,Regular Customer
CUST-02230,Shreya Rao,Female,33,Indore,Madhya Pradesh,Central,2022-09-24,Regular Customer
CUST-02231,Pranav Mukherjee,Male,34,Hyderabad,Telangana,South,2021-03-13,Loyal Customer
CUST-02232,Rajesh Mishra,Male,41,Ahmedabad,Gujarat,West,2021-04-22,Loyal Customer
CUST-02233,Anita Kaur,Female,47,Delhi,Delhi,North,2022-05-06,Regular Customer
CUST-02234,Pari Joshi,Female,18,Pune,Maharashtra,West,2023-01-14,VIP Customer
CUST-02235,Rajesh Malhotra,Male,31,Delhi,Delhi,North,2024-01-01,VIP Customer
CUST-02236,Rekha Menon,Female,38,Mumbai,Maharashtra,West,2023-03-07,Regular Customer
CUST-02237,Pari Agarwal,Female,26,Chennai,Tamil Nadu,South,2022-06-08,Regular Customer
CUST-02238,Varun Pandey,Male,24,Bhopal,Madhya Pradesh,Central,2022-04-28,Regular Customer
CUST-02239,Gaurav Tripathi,Male,27,Kolkata,West Bengal,East,2021-11-25,VIP Customer
CUST-02240,Manish Reddy,Male,24,Ahmedabad,Gujarat,West,2023-04-13,Loyal Customer
CUST-02241,Kavya Yadav,Female,36,Coimbatore,Tamil Nadu,South,2021-06-14,Loyal Customer
CUST-02242,Sneha Iyer,Female,34,Bengaluru,Karnataka,South,2023-04-26,VIP Customer
CUST-02243,Shaurya Das,Male,39,Visakhapatnam,Andhra Pradesh,South,2023-05-16,VIP Customer
CUST-02244,Deepa Malhotra,Female,29,Mumbai,Maharashtra,West,2021-11-25,Loyal Customer
CUST-02245,Pooja Gupta,Female,31,Chennai,Tamil Nadu,South,2022-12-22,Regular Customer
CUST-02246,Anand Pandey,Male,32,Pune,Maharashtra,West,2024-01-27,Loyal Customer
CUST-02247,Rohan Das,Male,58,Patna,Bihar,East,2021-02-26,Loyal Customer
CUST-02248,Divya Singh,Female,26,Chennai,Tamil Nadu,South,2022-01-12,Loyal Customer
CUST-02249,Anita Singh,Female,18,Mumbai,Maharashtra,West,2021-10-06,Regular Customer
CUST-02250,Gauri Singh,Female,35,Patna,Bihar,East,2022-09-18,Regular Customer
CUST-02251,Aditya Malhotra,Male,36,Coimbatore,Tamil Nadu,South,2021-11-20,Regular Customer
CUST-02252,Deepak Choudhury,Male,36,Coimbatore,Tamil Nadu,South,2021-09-24,Loyal Customer
CUST-02253,Rajesh Pillai,Male,26,Mumbai,Maharashtra,West,2022-10-17,Regular Customer
CUST-02254,Rekha Dutta,Female,33,Chennai,Tamil Nadu,South,2021-10-01,Regular Customer
CUST-02255,Rajesh Banerjee,Male,39,Mumbai,Maharashtra,West,2022-11-02,Loyal Customer
CUST-02256,Gauri Gupta,Female,21,Mumbai,Maharashtra,West,2023-04-29,Regular Customer
CUST-02257,Dhruv Tripathi,Male,29,Hyderabad,Telangana,South,2023-02-12,VIP Customer
CUST-02258,Pranav Banerjee,Male,18,Nagpur,Maharashtra,West,2022-04-05,Regular Customer
CUST-02259,Saanvi Agarwal,Female,32,Bhubaneswar,Odisha,East,2024-02-18,Loyal Customer
CUST-02260,Manish Patel,Male,28,Mumbai,Maharashtra,West,2021-07-02,VIP Customer
CUST-02261,Gauri Shah,Female,47,Mumbai,Maharashtra,West,2021-12-12,Regular Customer
CUST-02262,Ramesh Pillai,Male,54,Ahmedabad,Gujarat,West,2024-05-14,Regular Customer
CUST-02263,Aditya Rao,Male,66,Bengaluru,Karnataka,South,2021-12-15,VIP Customer
CUST-02264,Aarohi Sharma,Female,36,Patna,Bihar,East,2023-12-13,Regular Customer
CUST-02265,Pallavi Agarwal,Female,19,Visakhapatnam,Andhra Pradesh,South,2023-07-19,Loyal Customer
CUST-02266,Rahul Malhotra,Male,32,Kolkata,West Bengal,East,2022-04-05,Loyal Customer
CUST-02267,Reyansh Yadav,Male,23,Chennai,Tamil Nadu,South,2022-06-30,Regular Customer
CUST-02268,Rahul Nair,Male,36,Bhubaneswar,Odisha,East,2021-09-24,Regular Customer
CUST-02269,Reyansh Mukherjee,Male,43,Mumbai,Maharashtra,West,2022-03-18,VIP Customer
CUST-02270,Khushi Dutta,Female,25,KOLKATA,West Bengal,East,2022-01-23,Regular Customer
CUST-02271,Kabir Mishra,Male,26,Visakhapatnam,Andhra Pradesh,South,2021-10-26,Regular Customer
CUST-02272,Krishna Patel,Male,30,Jaipur,Rajasthan,North,2024-06-19,Regular Customer
CUST-02273,Ayaan Rao,Male,18,Lucknow,Uttar Pradesh,North,2024-04-08,Loyal Customer
CUST-02274,Rohan Gupta,Male,64,Delhi,Delhi,North,2021-01-22,Regular Customer
CUST-02275,Gaurav Reddy,Male,24,Pune,Maharashtra,West,2023-03-26,Loyal Customer
CUST-02276,Deepak Nair,Male,39,Patna,Bihar,East,2023-05-17,Loyal Customer
CUST-02277,Kavya Gupta,Female,18,Bengaluru,Karnataka,South,2021-07-15,Loyal Customer
CUST-02278,Vivaan Reddy,Male,36,Bengaluru,Karnataka,South,2022-04-26,Regular Customer
CUST-02279,Navya Mukherjee,Female,40,Hyderabad,Telangana,South,2024-05-10,Loyal Customer
CUST-02280,Anita Verma,Female,33,Kolkata,West Bengal,East,2021-01-11,Regular Customer
CUST-02281,Neha Nair,Female,29,Chennai,Tamil Nadu,South,2022-09-12,VIP Customer
CUST-02282,Swati Rao,Female,18,Surat,Gujarat,West,2021-09-28,VIP Customer
CUST-02283,Vikram Verma,Male,32,Pune,Maharashtra,West,2024-04-03,Regular Customer
CUST-02284,Sai Iyengar,Male,26,Indore,Madhya Pradesh,Central,2023-10-07,VIP Customer
CUST-02285,Pranav Menon,Other,37,Chennai,Tamil Nadu,South,2021-09-28,Regular Customer
CUST-02286,Shreya Iyengar,Female,40,Patna,Bihar,East,2023-06-06,Regular Customer
CUST-02287,Vihaan Reddy,Male,31,Pune,Maharashtra,West,2021-04-01,VIP Customer
CUST-02288,Rahul Yadav,Male,18,Coimbatore,Tamil Nadu,South,2022-07-30,Loyal Customer
CUST-02289,Pallavi Pillai,Female,24,Ahmedabad,Gujarat,West,2022-08-03,VIP Customer
CUST-02290,Krishna Mukherjee,Male,35,Mumbai,Maharashtra,West,2022-06-25,Regular Customer
CUST-02291,Prisha Tripathi,Female,50,Mumbai,Maharashtra,West,2021-12-04,Regular Customer
CUST-02292,Rahul Choudhury,Male,18,Delhi,Delhi,North,2021-11-06,Loyal Customer
CUST-02293,Varun Kaur,Other,53,bengaluru,Karnataka,South,2023-06-21,Regular Customer
CUST-02294,Arjun Verma,Male,39,Visakhapatnam,Andhra Pradesh,South,2022-04-16,Regular Customer
CUST-02295,Rahul Shah,Male,53,Mumbai,Maharashtra,West,2021-12-01,Loyal Customer
CUST-02296,Prisha Malhotra,Female,22,Pune,Maharashtra,West,2023-10-11,Regular Customer
CUST-02297,Atharv Das,Male,36,Bengaluru,Karnataka,South,2024-02-23,Regular Customer
CUST-02298,Rahul Malhotra,Male,40,Lucknow,Uttar Pradesh,North,2021-10-31,Regular Customer
CUST-02299,Aadhya Mehta,Female,18,Delhi,Delhi,North,2022-08-05,Regular Customer
CUST-02300,Diya Dutta,Female,19,Visakhapatnam,Andhra Pradesh,South,2023-11-08,Loyal Customer
CUST-02301,Suresh Tripathi,Male,18,Chennai,Tamil Nadu,South,2024-04-14,Regular Customer
CUST-02302,Aarav Iyengar,Male,53,Kochi,Kerala,South,2024-03-14,Regular Customer
CUST-02303,Varun Gupta,Male,18,Delhi,Delhi,North,2022-05-20,Loyal Customer
CUST-02304,Rajesh Malhotra,Male,37,Lucknow,Uttar Pradesh,North,2022-11-05,Regular Customer
CUST-02305,Rajesh Kaur,Male,23,Chennai,Tamil Nadu,South,2021-09-07,Regular Customer
CUST-02306,Suresh Agarwal,Male,50,HYDERABAD,Telangana,South,2021-08-06,Loyal Customer
CUST-02307,Arjun Sharma,Male,44,Jaipur,Rajasthan,North,2021-06-16,Regular Customer
CUST-02308,Deepak Kaur,Male,19,Chennai,Tamil Nadu,South,2023-09-10,Regular Customer
CUST-02309,Krishna Mukherjee,Male,31,Delhi,Delhi,North,2021-01-12,Regular Customer
CUST-02310,Vivaan Singh,Male,35,Delhi,Delhi,North,2024-06-28,VIP Customer
CUST-02311,Meera Dutta,Female,18,Lucknow,Uttar Pradesh,North,2024-03-11,Regular Customer
CUST-02312,Rekha Verma,Female,46,Bengaluru,Karnataka,South,2022-08-03,Regular Customer
CUST-02313,Aanya Dutta,Female,34,Chennai,Tamil Nadu,South,2021-05-25,Regular Customer
CUST-02314,Ramesh Nair,Male,21,Ahmedabad,Gujarat,West,2021-07-09,Regular Customer
CUST-02315,Diya Patel,Female,18,Bengaluru,Karnataka,South,2023-03-28,Regular Customer
CUST-02316,Gaurav Mehta,Male,27,Hyderabad,Telangana,South,2021-11-30,Regular Customer
CUST-02317,Pari Joshi,Female,18,Hyderabad,Telangana,South,2021-11-12,Regular Customer
CUST-02318,Sneha Mishra,Female,18,Jaipur,Rajasthan,North,2023-06-05,Loyal Customer
CUST-02319,Pallavi Joshi,Female,44,Mumbai,Maharashtra,West,2024-05-20,Regular Customer
CUST-02320,Swati Malhotra,Female,27,Kolkata,West Bengal,East,2023-01-23,Regular Customer
CUST-02321,Rahul Menon,Male,56,Mumbai,Maharashtra,West,2023-03-06,Regular Customer
CUST-02322,Priyanka Mukherjee,Female,32,Chennai,Tamil Nadu,South,2023-05-17,Regular Customer
CUST-02323,Kabir Mishra,Male,30,Kolkata,West Bengal,East,2023-01-25,Loyal Customer
CUST-02324,Kabir Singh,Male,20,Jaipur,Rajasthan,North,2023-05-23,Regular Customer
CUST-02325,Amit Reddy,Male,34,Bhopal,Madhya Pradesh,Central,2023-08-08,Loyal Customer
CUST-02326,Manish Kaur,Male,38,Hyderabad,Telangana,South,2021-11-14,VIP Customer
CUST-02327,Amit Singh,Male,44,Mumbai,Maharashtra,West,2023-12-11,Regular Customer
CUST-02328,Rohan Pillai,Male,35,Patna,Bihar,East,2021-06-12,VIP Customer
CUST-02329,Rahul Joshi,Male,38,Kochi,Kerala,South,2021-11-01,VIP Customer
CUST-02330,Rajesh Tripathi,Male,54,Delhi,Delhi,North,2022-09-08,Loyal Customer
CUST-02331,Pooja Pillai,Female,31,Hyderabad,Telangana,South,2022-08-29,Loyal Customer
CUST-02332,Anjali Gupta,Female,39,Surat,Gujarat,West,2021-04-03,Regular Customer
CUST-02333,Pooja Pillai,Female,35,Kochi,Kerala,South,2023-04-26,Regular Customer
CUST-02334,Rajesh Dutta,Male,23,Bengaluru,Karnataka,South,2024-03-10,Loyal Customer
CUST-02335,Navya Shah,Female,31,Kolkata,West Bengal,East,2024-04-14,Regular Customer
CUST-02336,Pooja Sharma,Female,27,Chandigarh,Punjab,North,2021-08-22,Loyal Customer
CUST-02337,Rohan Saxena,Male,47,Pune,Maharashtra,West,2022-01-09,Loyal Customer
CUST-02338,Aanya Gupta,Female,52,Bengaluru,Karnataka,South,2023-05-03,VIP Customer
CUST-02339,Ishaan Reddy,Male,29,Kolkata,West Bengal,East,2024-04-17,Loyal Customer
CUST-02340,Sunita Kaur,Female,28,Lucknow,Uttar Pradesh,North,2023-07-11,Loyal Customer
CUST-02341,Kavya Reddy,Female,20,Hyderabad,Telangana,South,2022-01-19,Regular Customer
CUST-02342,Aditya Dutta,Male,18,Mumbai,Maharashtra,West,2024-05-22,Regular Customer
CUST-02343,Swati Malhotra,Female,40,Lucknow,Uttar Pradesh,North,2023-06-08,Regular Customer
CUST-02344,Saanvi Nair,Female,27,Chennai,Tamil Nadu,South,2021-08-27,Regular Customer
CUST-02345,Divya Iyer,Female,57,Chennai,Tamil Nadu,South,2023-08-01,Loyal Customer
CUST-02346,Gaurav Kaur,Male,26,Kolkata,West Bengal,East,2024-05-17,Loyal Customer
CUST-02347,Khushi Mukherjee,Female,39,Jaipur,Rajasthan,North,2024-06-17,Regular Customer
CUST-02348,Rajesh Das,Male,41,Lucknow,Uttar Pradesh,North,2023-03-20,Loyal Customer
CUST-02349,Aditya Bhatia,Male,31,Pune,Maharashtra,West,2021-10-04,Regular Customer
CUST-02350,Vihaan Pandey,Male,28,Chandigarh,Punjab,North,2021-02-02,Loyal Customer
CUST-02351,Reyansh Yadav,Male,36,Lucknow,Uttar Pradesh,North,2021-02-24,Regular Customer
CUST-02352,Divya Bhatia,Female,19,lucknow,Uttar Pradesh,North,2022-05-11,Regular Customer
CUST-02353,Divya Yadav,Female,34,Jaipur,Rajasthan,North,2024-01-09,Regular Customer
CUST-02354,Ishaan Choudhury,Male,21,Chandigarh,Punjab,North,2023-08-08,Regular Customer
CUST-02355,Prisha Sharma,Female,38,Coimbatore,Tamil Nadu,South,2021-08-27,Regular Customer
CUST-02356,Arjun Dutta,Male,41,Guwahati,Assam,East,2023-07-01,VIP Customer
CUST-02357,Rahul Sharma,Male,43,Delhi,Delhi,North,2023-07-10,Loyal Customer
CUST-02358,Gauri Joshi,Female,19,Coimbatore,Tamil Nadu,South,2024-03-12,Loyal Customer
CUST-02359,Dhruv Verma,Male,21,Ahmedabad,Gujarat,West,2022-11-15,Regular Customer
CUST-02360,Manish Yadav,Male,39,Delhi,Delhi,North,2023-06-04,VIP Customer
CUST-02361,Gaurav Iyer,Male,18,Chennai,Tamil Nadu,South,2024-03-31,Loyal Customer
CUST-02362,Vikram Joshi,Male,26,Chandigarh,Punjab,North,2021-03-17,Regular Customer
CUST-02363,Sneha Iyengar,Female,45,Pune,Maharashtra,West,2024-04-25,Loyal Customer
CUST-02364,Varun Kaur,Male,30,Lucknow,Uttar Pradesh,North,2023-09-27,Regular Customer
CUST-02365,Aanya Iyengar,Female,41,Chennai,Tamil Nadu,South,2021-02-08,Regular Customer
CUST-02366,Meera Chatterjee,Female,36,Chandigarh,Punjab,North,2021-05-11,Regular Customer
CUST-02367,Manish Pillai,Male,18,Visakhapatnam,Andhra Pradesh,South,2023-08-28,Regular Customer
CUST-02368,Neha Singh,Female,43,Mumbai,Maharashtra,West,2022-12-12,Regular Customer
CUST-02369,Kabir Sharma,Male,26,Mumbai,Maharashtra,West,2021-11-27,Regular Customer
CUST-02370,Reyansh Iyer,Male,34,Hyderabad,Telangana,South,2022-12-06,Regular Customer
CUST-02371,Amit Patel,Male,25,Lucknow,Uttar Pradesh,North,2024-04-18,VIP Customer
CUST-02372,Meera Agarwal,Female,27,Delhi,Delhi,North,2024-05-18,VIP Customer
CUST-02373,Deepak Kaur,Male,25,Delhi,Delhi,North,2023-08-18,Regular Customer
CUST-02374,Ishaan Dutta,Male,34,Kochi,Kerala,South,2023-03-11,VIP Customer
CUST-02375,Deepa Kaur,Female,42,Jaipur,Rajasthan,North,2023-01-08,Loyal Customer
CUST-02376,Kunal Yadav,Male,43,Ahmedabad,Gujarat,West,2021-11-28,Loyal Customer
CUST-02377,Ishaan Das,Male,47,Kolkata,West Bengal,East,2021-06-26,Loyal Customer
CUST-02378,Arjun Saxena,Male,39,Bengaluru,Karnataka,South,2022-02-13,Regular Customer
CUST-02379,Sneha Malhotra,Female,41,Hyderabad,Telangana,South,2023-05-02,VIP Customer
CUST-02380,Sneha Joshi,Female,37,Pune,Maharashtra,West,2022-04-26,Regular Customer
CUST-02381,Aanya Sharma,Female,52,Pune,Maharashtra,West,2023-01-05,VIP Customer
CUST-02382,Navya Kaur,Female,63,Nagpur,Maharashtra,West,2021-11-21,Regular Customer
CUST-02383,Gaurav Tripathi,Male,58,Kolkata,West Bengal,East,2023-10-29,Regular Customer
CUST-02384,Aditya Reddy,Male,39,Indore,Madhya Pradesh,Central,2023-06-01,Regular Customer
CUST-02385,Isha Malhotra,Female,20,Kochi,Kerala,South,2024-02-25,Regular Customer
CUST-02386,Krishna Reddy,Male,20,Bhubaneswar,Odisha,East,2022-12-29,Loyal Customer
CUST-02387,Nikhil Tripathi,Male,40,Jaipur,Rajasthan,North,2024-02-15,Regular Customer
CUST-02388,Arjun Yadav,Male,34,Lucknow,Uttar Pradesh,North,2023-11-22,Loyal Customer
CUST-02389,Vihaan Das,Male,41,Hyderabad,Telangana,South,2021-04-14,VIP Customer
CUST-02390,Rohan Mishra,Male,47,Mumbai   ,Maharashtra,West,2023-07-26,VIP Customer
CUST-02391,Sunita Malhotra,Female,35,Kochi,Kerala,South,2021-08-05,Loyal Customer
CUST-02392,Ramesh Mishra,Male,50,Hyderabad,Telangana,South,2021-07-28,Loyal Customer
CUST-02393,Vivaan Iyengar,Male,24,Nagpur,Maharashtra,West,2021-08-04,Regular Customer
CUST-02394,Vihaan Yadav,Male,31,Surat,Gujarat,West,2022-02-25,VIP Customer
CUST-02395,Sai Dutta,Male,33,Surat,Gujarat,West,2022-08-22,Loyal Customer
CUST-02396,Nikhil Iyengar,Male,36,Chandigarh,Punjab,North,2023-10-18,Loyal Customer
CUST-02397,Aarohi Bhatia,Female,40,Pune,Maharashtra,West,2023-01-15,Regular Customer
CUST-02398,Ananya Malhotra,Female,31,Delhi,Delhi,North,2022-02-18,Regular Customer
CUST-02399,Kabir Choudhury,Male,40,Delhi,Delhi,North,2021-01-14,Regular Customer
CUST-02400,Anita Iyer,Female,35,Mumbai,Maharashtra,West,2022-12-01,Regular Customer
CUST-02401,Diya Gupta,Female,38,Bengaluru,Karnataka,South,2022-06-29,Regular Customer
CUST-02402,Nikhil Pillai,Male,25,Ahmedabad,Gujarat,West,2023-01-09,Loyal Customer
CUST-02403,Ayaan Bhatia,Male,23,Jaipur,Rajasthan,North,2023-12-21,Regular Customer
CUST-02404,Ayaan Bhatia,Male,44,Lucknow,Uttar Pradesh,North,2023-05-29,Regular Customer
CUST-02405,Kabir Tripathi,Male,18,Chandigarh,Punjab,North,2023-07-29,VIP Customer
CUST-02406,Amit Mishra,Male,28,Bhubaneswar,Odisha,East,2023-01-11,VIP Customer
CUST-02407,Riya Bhatia,Female,38,Mumbai,Maharashtra,West,2021-01-21,Loyal Customer
CUST-02408,Amit Gupta,Male,19,Lucknow,Uttar Pradesh,North,2021-06-23,Regular Customer
CUST-02409,Pari Choudhury,Female,18,Hyderabad,Telangana,South,2021-12-03,Regular Customer
CUST-02410,Dhruv Choudhury,Male,42,Lucknow,Uttar Pradesh,North,2021-03-17,Loyal Customer
CUST-02411,Manish Bhatia,Male,21,Bengaluru,Karnataka,South,2024-03-22,Regular Customer
CUST-02412,Manish Das,Male,42,Mumbai,Maharashtra,West,2023-12-01,VIP Customer
CUST-02413,Kabir Nair,Male,33,Kolkata,West Bengal,East,2024-02-08,VIP Customer
CUST-02414,Anand Dutta,Male,33,Mumbai,Maharashtra,West,2022-10-05,VIP Customer
CUST-02415,Saanvi Pandey,Female,18,Surat,Gujarat,West,2022-07-27,VIP Customer
CUST-02416,Ramesh Agarwal,Male,31,Pune,Maharashtra,West,2021-10-28,Loyal Customer
CUST-02417,Riya Singh,Female,29,Jaipur,Rajasthan,North,2022-02-25,VIP Customer
CUST-02418,Neha Mishra,Female,18,Mumbai,Maharashtra,West,2024-06-20,Loyal Customer
CUST-02419,Shreya Rao,Female,27,Bengaluru,Karnataka,South,2023-04-09,Loyal Customer
CUST-02420,Pranav Joshi,Male,26,Delhi,Delhi,North,2021-06-22,Regular Customer
CUST-02421,Shaurya Nair,Other,25,Mumbai,Maharashtra,West,2021-09-16,Regular Customer
CUST-02422,Anjali Joshi,Female,29,Patna,Bihar,East,2022-03-14,Regular Customer
CUST-02423,Vikram Joshi,Male,18,Kolkata,West Bengal,East,2023-12-04,Regular Customer
CUST-02424,Manish Saxena,Male,28,Surat,Gujarat,West,2021-02-17,Regular Customer
CUST-02425,Anita Chatterjee,Female,18,Hyderabad,Telangana,South,2024-04-28,Regular Customer
CUST-02426,Siddharth Choudhury,Male,42,Chandigarh,Punjab,North,2022-09-15,Loyal Customer
CUST-02427,Amit Malhotra,Male,40,Mumbai,Maharashtra,West,2021-05-03,Loyal Customer
CUST-02428,Krishna Singh,Male,18,Chennai,Tamil Nadu,South,2023-11-06,Regular Customer
CUST-02429,Vivaan Choudhury,Male,57,Lucknow,Uttar Pradesh,North,2021-09-13,Regular Customer
CUST-02430,Suresh Dutta,Male,22,Patna,Bihar,East,2021-01-11,Regular Customer
CUST-02431,Isha Mishra,Female,25,Chennai,Tamil Nadu,South,2024-04-06,Loyal Customer
CUST-02432,Nandini Singh,Female,31,Ahmedabad,Gujarat,West,2023-12-29,Loyal Customer
CUST-02433,Isha Rao,Female,21,Mumbai,Maharashtra,West,2022-09-05,Regular Customer
CUST-02434,Kunal Pandey,Male,32,Lucknow,Uttar Pradesh,North,2024-03-19,Loyal Customer
CUST-02435,Shreya Nair,Female,32,Chennai,Tamil Nadu,South,2023-12-01,Loyal Customer
CUST-02436,Vihaan Reddy,Male,18,Bengaluru,Karnataka,South,2023-11-24,Loyal Customer
CUST-02437,Siddharth Choudhury,Male,18,Visakhapatnam,Andhra Pradesh,South,2023-01-10,Regular Customer
CUST-02438,Arjun Das,Male,44,Hyderabad,Telangana,South,2023-05-22,Loyal Customer
CUST-02439,Aditya Gupta,Male,33,Pune,Maharashtra,West,2021-05-08,Regular Customer
CUST-02440,Ananya Iyer,Female,43,Hyderabad,Telangana,South,2022-03-16,Regular Customer
CUST-02441,Navya Kaur,Female,56,Bhubaneswar,Odisha,East,2023-12-14,Regular Customer
CUST-02442,Vikram Iyengar,Male,18,Kochi,Kerala,South,2023-03-20,VIP Customer
CUST-02443,Suresh Iyer,Male,18,Hyderabad,Telangana,South,2023-05-18,VIP Customer
CUST-02444,Deepak Agarwal,Male,22,Kolkata,West Bengal,East,2023-09-30,Loyal Customer
CUST-02445,Prisha Pandey,Female,27,Patna,Bihar,East,2021-11-30,Regular Customer
CUST-02446,Ananya Iyer,Female,18,Kolkata,West Bengal,East,2023-07-27,Regular Customer
CUST-02447,Deepak Iyengar,Male,35,Delhi,Delhi,North,2023-12-20,Regular Customer
CUST-02448,Reyansh Menon,Male,43,Bhopal,Madhya Pradesh,Central,2023-08-28,Regular Customer
CUST-02449,Sai Chatterjee,Male,27,Kolkata,West Bengal,East,2023-01-27,VIP Customer
CUST-02450,Aarohi Mukherjee,Female,47,Chennai,Tamil Nadu,South,2023-04-17,Regular Customer
CUST-02451,Navya Banerjee,Female,41,Delhi,Delhi,North,2022-08-17,Regular Customer
CUST-02452,Arjun Malhotra,Male,20,Chennai,Tamil Nadu,South,2023-01-31,Regular Customer
CUST-02453,Navya Joshi,Female,23,Mumbai,Maharashtra,West,2022-08-26,Regular Customer
CUST-02454,Anita Bhatia,Female,39,Bengaluru,Karnataka,South,2021-10-19,Loyal Customer
CUST-02455,Prisha Verma,Female,37,Delhi,Delhi,North,2022-09-17,VIP Customer
CUST-02456,Gauri Saxena,Female,38,Indore,Madhya Pradesh,Central,2023-09-29,Regular Customer
CUST-02457,Anjali Rao,Female,19,Delhi,Delhi,North,2021-05-19,VIP Customer
CUST-02458,Kabir Iyer,Male,23,Pune,Maharashtra,West,2024-03-19,Regular Customer
CUST-02459,Rohan Tripathi,Male,18,Ahmedabad,Gujarat,West,2022-11-23,Loyal Customer
CUST-02460,Sneha Pandey,Female,28,Delhi,Delhi,North,2024-05-25,Regular Customer
CUST-02461,Arjun Iyengar,Male,36,Chandigarh,Punjab,North,2023-08-02,Loyal Customer
CUST-02462,Swati Menon,Female,22,Bengaluru,Karnataka,South,2021-11-02,VIP Customer
CUST-02463,Meera Gupta,Female,34,Mumbai,Maharashtra,West,2023-04-19,Regular Customer
CUST-02464,Nandini Nair,Female,25,Kolkata   ,West Bengal,East,2022-11-26,Regular Customer
CUST-02465,Swati Tripathi,Female,29,Mumbai,Maharashtra,West,2023-06-27,Loyal Customer
CUST-02466,Divya Gupta,Female,35,bengaluru,Karnataka,South,2021-12-06,Loyal Customer
CUST-02467,Suresh Singh,Male,59,Mumbai,Maharashtra,West,2022-09-25,Loyal Customer
CUST-02468,Vihaan Singh,Male,24,Mumbai,Maharashtra,West,2024-02-20,Regular Customer
CUST-02469,Ramesh Chatterjee,Male,21,Coimbatore,Tamil Nadu,South,2024-03-27,Loyal Customer
CUST-02470,Priyanka Iyengar,Female,37,Delhi,Delhi,North,2022-01-23,Loyal Customer
CUST-02471,Pooja Tripathi,Female,41,Lucknow,Uttar Pradesh,North,2021-02-08,Regular Customer
CUST-02472,Varun Chatterjee,Male,42,Delhi,Delhi,North,2022-01-04,VIP Customer
CUST-02473,Kavya Mishra,Female,29,Indore,Madhya Pradesh,Central,2022-02-26,Regular Customer
CUST-02474,Shreya Pandey,Female,18,Chennai,Tamil Nadu,South,2024-04-01,Regular Customer
CUST-02475,Anita Chatterjee,Female,37,Bengaluru,Karnataka,South,2024-05-27,Regular Customer
CUST-02476,Suresh Verma,Male,43,Bengaluru,Karnataka,South,2023-10-04,VIP Customer
CUST-02477,Aarav Reddy,Male,23,Chennai,Tamil Nadu,South,2023-06-15,Regular Customer
CUST-02478,Saanvi Yadav,Female,25,Mumbai,Maharashtra,West,2023-12-18,Regular Customer
CUST-02479,Kavya Gupta,Female,26,Surat,Gujarat,West,2021-08-23,VIP Customer
CUST-02480,Anjali Saxena,Female,36,Hyderabad,Telangana,South,2022-08-08,Regular Customer
CUST-02481,Kavya Choudhury,Female,42,Mumbai,Maharashtra,West,2021-07-03,Regular Customer
CUST-02482,Prisha Kaur,Female,21,Chennai,Tamil Nadu,South,2021-12-13,Regular Customer
CUST-02483,Meera Saxena,Female,40,Indore,Madhya Pradesh,Central,2021-02-25,Loyal Customer
CUST-02484,Ishaan Nair,Male,21,Ahmedabad,Gujarat,West,2021-07-22,Regular Customer
CUST-02485,Kabir Tripathi,Male,32,Patna,Bihar,East,2022-10-26,Regular Customer
CUST-02486,Deepa Tripathi,Female,43,Chennai,Tamil Nadu,South,2021-09-05,Regular Customer
CUST-02487,Ayaan Choudhury,Male,46,Delhi,Delhi,North,2024-05-07,Loyal Customer
CUST-02488,Sneha Iyengar,Female,29,Bhopal,Madhya Pradesh,Central,2023-10-31,Regular Customer
CUST-02489,Vihaan Shah,Male,18,Mumbai,Maharashtra,West,2021-05-05,Regular Customer
CUST-02490,Anjali Pillai,Female,40,Mumbai,Maharashtra,West,2021-05-15,Regular Customer
CUST-02491,Kabir Singh,Male,28,Visakhapatnam,Andhra Pradesh,South,2022-04-24,VIP Customer
CUST-02492,Saanvi Shah,Female,43,Bengaluru,Karnataka,South,2024-02-09,VIP Customer
CUST-02493,Rajesh Malhotra,Male,28,Mumbai,Maharashtra,West,2022-05-20,Loyal Customer
CUST-02494,Divya Mishra,Female,52,Mumbai,Maharashtra,West,2021-09-15,Regular Customer
CUST-02495,Prisha Menon,Female,43,Hyderabad,Telangana,South,2021-06-21,Loyal Customer
CUST-02496,Amit Mehta,Male,39,Bengaluru,Karnataka,South,2021-10-19,Regular Customer
CUST-02497,Sai Mishra,Male,55,Bengaluru,Karnataka,South,2022-05-18,Regular Customer
CUST-02498,Prisha Agarwal,Female,42,Delhi,Delhi,North,2024-02-11,Regular Customer
CUST-02499,Saanvi Pandey,Female,32,Hyderabad,Telangana,South,2023-08-10,VIP Customer
CUST-02500,Ramesh Joshi,Male,29,Pune,Maharashtra,West,2021-12-09,Regular Customer
CUST-02501,Varun Agarwal,Male,50,Lucknow,Uttar Pradesh,North,2023-09-15,Regular Customer
CUST-02502,Kavya Pandey,Female,26,Bengaluru,Karnataka,South,2023-02-18,VIP Customer
CUST-02503,Deepa Singh,Female,18,Kolkata,West Bengal,East,2022-03-12,Loyal Customer
CUST-02504,Amit Joshi,Male,46,Delhi,Delhi,North,2021-04-04,Regular Customer
CUST-02505,Vikram Banerjee,Male,36,Jaipur,Rajasthan,North,2021-05-24,Regular Customer
CUST-02506,Pari Das,Female,25,Chandigarh,Punjab,North,2021-09-09,Loyal Customer
CUST-02507,Anand Chatterjee,Male,56,Visakhapatnam,Andhra Pradesh,South,2022-07-27,VIP Customer
CUST-02508,Gauri Mukherjee,Female,18,Coimbatore,Tamil Nadu,South,2023-10-31,VIP Customer
CUST-02509,Shaurya Tripathi,Male,30,Pune,Maharashtra,West,2022-12-03,Loyal Customer
CUST-02510,Sunita Das,Female,18,Visakhapatnam,Andhra Pradesh,South,2023-07-17,Regular Customer
CUST-02511,Rajesh Reddy,Male,19,Kolkata,West Bengal,East,2022-12-01,Regular Customer
CUST-02512,Neha Reddy,Female,37,Indore,Madhya Pradesh,Central,2021-02-02,VIP Customer
CUST-02513,Arjun Singh,Male,22,Bengaluru,Karnataka,South,2021-01-05,Loyal Customer
CUST-02514,Saanvi Tripathi,Female,52,Bengaluru,Karnataka,South,2021-01-20,Loyal Customer
CUST-02515,Kabir Chatterjee,Male,18,Ahmedabad,Gujarat,West,2023-09-29,Loyal Customer
CUST-02516,Vikram Gupta,Male,35,Jaipur,Rajasthan,North,2021-06-08,Regular Customer
CUST-02517,Pranav Pandey,Male,41,Ahmedabad,Gujarat,West,2023-07-01,Loyal Customer
CUST-02518,Navya Pandey,Female,25,Hyderabad,Telangana,South,2023-02-10,Loyal Customer
CUST-02519,Navya Nair,Female,31,nagpur,Maharashtra,West,2021-12-29,Loyal Customer
CUST-02520,Anita Das,Female,25,Bengaluru,Karnataka,South,2021-01-18,Regular Customer
CUST-02521,Atharv Agarwal,Male,43,Hyderabad,Telangana,South,2022-01-31,Regular Customer
CUST-02522,Isha Dutta,Female,47,Mumbai,Maharashtra,West,2021-02-10,Loyal Customer
CUST-02523,Rajesh Agarwal,Male,30,Bengaluru,Karnataka,South,2023-01-03,Regular Customer
CUST-02524,Deepa Mukherjee,Female,39,Kochi,Kerala,South,2022-09-13,Loyal Customer
CUST-02525,Ayaan Patel,Male,39,Hyderabad,Telangana,South,2023-10-09,VIP Customer
CUST-02526,Vivaan Shah,Male,23,Bhopal,Madhya Pradesh,Central,2023-10-07,VIP Customer
CUST-02527,Shreya Mukherjee,Female,30,Kolkata,West Bengal,East,2022-03-05,Regular Customer
CUST-02528,Siddharth Singh,Male,21,Hyderabad,Telangana,South,2023-03-23,Regular Customer
CUST-02529,Krishna Banerjee,Male,26,Delhi,Delhi,North,2023-10-22,Regular Customer
CUST-02530,Anjali Mehta,Female,53,Bhopal,Madhya Pradesh,Central,2024-03-04,Loyal Customer
CUST-02531,Ramesh Banerjee,Male,43,Bengaluru,Karnataka,South,2021-12-26,Regular Customer
CUST-02532,Arjun Dutta,Male,18,Chandigarh,Punjab,North,2021-05-14,Regular Customer
CUST-02533,Varun Banerjee,Male,28,Surat,Gujarat,West,2022-04-12,VIP Customer
CUST-02534,Tanvi Mishra,Female,26,Hyderabad,Telangana,South,2022-07-16,Regular Customer
CUST-02535,Swati Sharma,Female,18,Delhi,Delhi,North,2023-12-28,Loyal Customer
CUST-02536,Rajesh Chatterjee,Male,21,Bengaluru,Karnataka,South,2023-07-19,Regular Customer
CUST-02537,Prisha Singh,Female,39,Mumbai,Maharashtra,West,2021-04-17,VIP Customer
CUST-02538,Shaurya Pillai,Male,18,Chennai,Tamil Nadu,South,2023-04-14,Regular Customer
CUST-02539,Swati Iyengar,Female,49,Bengaluru,Karnataka,South,2023-08-14,Regular Customer
CUST-02540,Amit Choudhury,Male,20,Mumbai,Maharashtra,West,2021-03-31,VIP Customer
CUST-02541,Ayaan Verma,Male,29,Indore,Madhya Pradesh,Central,2022-07-24,VIP Customer
CUST-02542,Vikram Menon,Male,29,Pune,Maharashtra,West,2022-10-10,Regular Customer
CUST-02543,Reyansh Reddy,Male,64,Bengaluru,Karnataka,South,2021-06-17,VIP Customer
CUST-02544,Kunal Sharma,Male,36,Chandigarh,Punjab,North,2022-04-08,VIP Customer
CUST-02545,Prisha Gupta,Female,29,Pune,Maharashtra,West,2022-05-27,Regular Customer
CUST-02546,Shaurya Joshi,Male,41,Delhi,Delhi,North,2021-05-09,Loyal Customer
CUST-02547,Aarohi Sharma,Female,18,Chennai,Tamil Nadu,South,2023-09-10,Regular Customer
CUST-02548,Saanvi Banerjee,Female,34,Pune,Maharashtra,West,2022-11-16,Loyal Customer
CUST-02549,Ayaan Malhotra,Male,53,Bhopal,Madhya Pradesh,Central,2023-08-28,Regular Customer
CUST-02550,Meera Pandey,Female,37,Delhi,Delhi,North,2021-04-22,Loyal Customer
CUST-02551,Pooja Mishra,Female,18,Jaipur,Rajasthan,North,2022-04-30,VIP Customer
CUST-02552,Nikhil Mukherjee,Male,22,Pune,Maharashtra,West,2024-06-22,Regular Customer
CUST-02553,Aarohi Singh,Female,19,Patna,Bihar,East,2023-07-04,Loyal Customer
CUST-02554,Aditya Verma,Male,52,Visakhapatnam,Andhra Pradesh,South,2021-03-10,Regular Customer
CUST-02555,Nandini Yadav,Female,39,Mumbai,Maharashtra,West,2021-05-14,Loyal Customer
CUST-02556,Aanya Agarwal,Female,25,Mumbai,Maharashtra,West,2023-06-25,Regular Customer
CUST-02557,Neha Singh,Female,47,Lucknow,Uttar Pradesh,North,2023-06-04,Regular Customer
CUST-02558,Rajesh Verma,Male,18,Mumbai,Maharashtra,West,2024-02-20,Regular Customer
CUST-02559,Gaurav Nair,Male,39,Chandigarh,Punjab,North,2023-04-03,Regular Customer
CUST-02560,Nikhil Pillai,Male,60,Chennai,Tamil Nadu,South,2022-04-23,VIP Customer
CUST-02561,Kunal Kaur,Male,42,Patna,Bihar,East,2021-01-22,Regular Customer
CUST-02562,Rohan Mishra,Male,18,Mumbai,Maharashtra,West,2023-05-27,VIP Customer
CUST-02563,Ramesh Malhotra,Male,38,Lucknow,Uttar Pradesh,North,2022-11-27,Loyal Customer
CUST-02564,Rajesh Mishra,Male,33,Delhi,Delhi,North,2021-02-23,Regular Customer
CUST-02565,Meera Banerjee,Female,37,Jaipur,Rajasthan,North,2022-01-30,Regular Customer
CUST-02566,Aarav Mukherjee,Male,44,Kochi,Kerala,South,2021-05-19,Loyal Customer
CUST-02567,Deepa Mehta,Female,42,Delhi,Delhi,North,2024-03-19,Regular Customer
CUST-02568,Amit Shah,Male,21,Delhi,Delhi,North,2022-12-29,Regular Customer
CUST-02569,Anand Mukherjee,Male,23,Kolkata,West Bengal,East,2023-06-30,Regular Customer
CUST-02570,Arjun Mishra,Male,18,Bengaluru,Karnataka,South,2021-04-01,Regular Customer
CUST-02571,Ishaan Banerjee,Male,18,Bengaluru,Karnataka,South,2023-06-12,Regular Customer
CUST-02572,Divya Choudhury,Female,50,Chandigarh,Punjab,North,2023-01-03,Regular Customer
CUST-02573,Nandini Chatterjee,Female,20,Lucknow,Uttar Pradesh,North,2021-10-26,Regular Customer
CUST-02574,Ishaan Mukherjee,Male,32,Chennai,Tamil Nadu,South,2022-12-04,Regular Customer
CUST-02575,Aarav Iyengar,Male,31,Coimbatore,Tamil Nadu,South,2024-04-16,Loyal Customer
CUST-02576,Ananya Verma,Female,34,Chennai,Tamil Nadu,South,2022-05-02,Regular Customer
CUST-02577,Deepa Chatterjee,Female,46,Chennai,Tamil Nadu,South,2021-04-22,Regular Customer
CUST-02578,Gauri Mehta,Female,38,Chennai,Tamil Nadu,South,2022-02-17,Loyal Customer
CUST-02579,Meera Mehta,Female,18,Bhopal,Madhya Pradesh,Central,2023-09-02,Loyal Customer
CUST-02580,Riya Mukherjee,Female,21,Pune,Maharashtra,West,2022-11-10,VIP Customer
CUST-02581,Suresh Reddy,Male,38,Indore,Madhya Pradesh,Central,2024-06-15,Regular Customer
CUST-02582,Meera Saxena,Female,32,Mumbai,Maharashtra,West,2021-08-03,Regular Customer
CUST-02583,Kunal Agarwal,Male,44,Mumbai,Maharashtra,West,2021-03-28,Regular Customer
CUST-02584,Pallavi Sharma,Female,38,Pune,Maharashtra,West,2022-04-02,Loyal Customer
CUST-02585,Rohan Mukherjee,Male,20,Kolkata,West Bengal,East,2022-03-13,Regular Customer
CUST-02586,Anand Choudhury,Male,22,delhi,Delhi,North,2022-11-10,Loyal Customer
CUST-02587,Pari Mehta,Female,28,Chennai,Tamil Nadu,South,2023-03-31,Regular Customer
CUST-02588,Saanvi Rao,Female,27,Indore,Madhya Pradesh,Central,2021-01-21,Regular Customer
CUST-02589,Aarav Chatterjee,Male,38,Mumbai,Maharashtra,West,2021-08-24,Regular Customer
CUST-02590,Rohan Mehta,Male,46,Chennai,Tamil Nadu,South,2024-04-14,VIP Customer
CUST-02591,Atharv Verma,Male,38,Hyderabad,Telangana,South,2021-03-02,Regular Customer
CUST-02592,Ishaan Saxena,Male,50,Delhi,Delhi,North,2022-03-25,VIP Customer
CUST-02593,Tanvi Saxena,Female,38,Delhi,Delhi,North,2022-11-27,Loyal Customer
CUST-02594,Isha Saxena,Female,18,Patna,Bihar,East,2022-02-06,Regular Customer
CUST-02595,Siddharth Shah,Male,37,Hyderabad,Telangana,South,2021-07-27,Regular Customer
CUST-02596,Swati Bhatia,Female,32,Mumbai,Maharashtra,West,2023-02-16,Loyal Customer
CUST-02597,Nandini Malhotra,Female,43,Lucknow,Uttar Pradesh,North,2022-11-25,VIP Customer
CUST-02598,Khushi Menon,Female,40,Chennai,Tamil Nadu,South,2022-05-07,Regular Customer
CUST-02599,Navya Kaur,Female,32,Surat,Gujarat,West,2021-12-17,VIP Customer
CUST-02600,Anita Mukherjee,Female,39,Pune,Maharashtra,West,2023-06-08,VIP Customer
CUST-02601,Aditya Malhotra,Male,33,Hyderabad,Telangana,South,2021-10-23,VIP Customer
CUST-02602,Arjun Mishra,Male,18,Visakhapatnam,Andhra Pradesh,South,2022-01-24,Regular Customer
CUST-02603,Dhruv Das,Male,21,Mumbai,Maharashtra,West,2023-02-06,Regular Customer
CUST-02604,Prisha Singh,Female,31,Pune,Maharashtra,West,2022-05-16,VIP Customer
CUST-02605,Sunita Mukherjee,Female,35,Bengaluru,Karnataka,South,2024-04-17,Regular Customer
CUST-02606,Vikram Joshi,Male,20,Mumbai,Maharashtra,West,2021-11-01,Regular Customer
CUST-02607,Vivaan Singh,Male,25,Visakhapatnam,Andhra Pradesh,South,2022-07-28,VIP Customer
CUST-02608,Gaurav Iyengar,Male,29,Delhi,Delhi,North,2024-04-11,VIP Customer
CUST-02609,Reyansh Dutta,Male,25,Patna,Bihar,East,2021-06-16,Loyal Customer
CUST-02610,Anita Kaur,Female,34,Bengaluru,Karnataka,South,2024-06-13,Regular Customer
CUST-02611,Amit Nair,Male,33,Chennai,Tamil Nadu,South,2023-11-09,Regular Customer
CUST-02612,Amit Menon,Male,31,Delhi,Delhi,North,2022-01-02,Regular Customer
CUST-02613,Navya Iyengar,Female,19,Lucknow,Uttar Pradesh,North,2023-09-17,Loyal Customer
CUST-02614,Sneha Iyer,Female,29,Patna,Bihar,East,2022-07-04,Loyal Customer
CUST-02615,Manish Agarwal,Male,40,Mumbai,Maharashtra,West,2024-04-10,Loyal Customer
CUST-02616,Gauri Patel,Female,44,  Chennai ,Tamil Nadu,South,2022-02-20,Regular Customer
CUST-02617,Isha Nair,Female,37,Hyderabad,Telangana,South,2022-03-24,Regular Customer
CUST-02618,Nandini Nair,Female,22,Hyderabad,Telangana,South,2024-03-16,Regular Customer
CUST-02619,Deepa Rao,Female,29,Bhopal,Madhya Pradesh,Central,2022-06-06,Loyal Customer
CUST-02620,Arjun Choudhury,Other,38,Bengaluru,Karnataka,South,2021-06-22,Regular Customer
CUST-02621,Amit Rao,Male,18,Mumbai,Maharashtra,West,2022-04-17,Loyal Customer
CUST-02622,Rohan Iyengar,Male,35,Bengaluru,Karnataka,South,2024-06-26,Regular Customer
CUST-02623,Rohan Menon,Male,34,Lucknow,Uttar Pradesh,North,2023-06-05,Regular Customer
CUST-02624,Kunal Iyer,Male,31,Jaipur,Rajasthan,North,2022-10-12,Regular Customer
CUST-02625,Saanvi Saxena,Female,34,Surat,Gujarat,West,2023-06-24,Regular Customer
CUST-02626,Divya Gupta,Female,32,Indore,Madhya Pradesh,Central,2023-01-06,VIP Customer
CUST-02627,Ishaan Pandey,Male,18,Delhi,Delhi,North,2023-10-25,Regular Customer
CUST-02628,Divya Gupta,Female,33,Delhi,Delhi,North,2022-07-21,VIP Customer
CUST-02629,Vihaan Malhotra,Male,19,Bengaluru,Karnataka,South,2021-05-27,Regular Customer
CUST-02630,Vikram Mehta,Male,35,  Bengaluru ,Karnataka,South,2022-11-15,Regular Customer
CUST-02631,Shaurya Shah,Male,41,Bengaluru,Karnataka,South,2022-09-12,Loyal Customer
CUST-02632,Nikhil Kaur,Male,34,Jaipur,Rajasthan,North,2022-07-17,Regular Customer
CUST-02633,Neha Bhatia,Female,20,Bengaluru,Karnataka,South,2024-01-18,VIP Customer
CUST-02634,Saanvi Choudhury,Female,45,Surat,Gujarat,West,2022-09-06,Regular Customer
CUST-02635,Atharv Mishra,Male,31,Chennai,Tamil Nadu,South,2023-04-08,VIP Customer
CUST-02636,Siddharth Banerjee,Male,46,Chennai,Tamil Nadu,South,2021-01-25,Regular Customer
CUST-02637,Pooja Choudhury,Female,32,Indore,Madhya Pradesh,Central,2021-11-02,VIP Customer
CUST-02638,Isha Patel,Female,28,Ahmedabad,Gujarat,West,2022-03-06,Regular Customer
CUST-02639,Pooja Banerjee,Female,33,Bhopal,Madhya Pradesh,Central,2024-02-06,Loyal Customer
CUST-02640,Tanvi Pandey,Female,29,Bengaluru,Karnataka,South,2023-08-03,Regular Customer
CUST-02641,Aditya Reddy,Male,32,Bhubaneswar,Odisha,East,2022-01-20,Regular Customer
CUST-02642,Shreya Pillai,Female,44,Jaipur,Rajasthan,North,2022-03-06,Regular Customer
CUST-02643,Rekha Chatterjee,Female,21,Kolkata,West Bengal,East,2021-03-03,Regular Customer
CUST-02644,Priyanka Yadav,Female,51,Hyderabad,Telangana,South,2021-09-20,Regular Customer
CUST-02645,Anand Sharma,Male,35,Chennai,Tamil Nadu,South,2023-10-21,Loyal Customer
CUST-02646,Siddharth Rao,Male,25,Jaipur,Rajasthan,North,2022-11-27,Regular Customer
CUST-02647,Kabir Kaur,Male,48,Kochi,Kerala,South,2023-04-07,Loyal Customer
CUST-02648,Deepak Chatterjee,Male,38,Coimbatore,Tamil Nadu,South,2022-09-06,Regular Customer
CUST-02649,Saanvi Banerjee,Female,32,Pune,Maharashtra,West,2021-03-07,VIP Customer
CUST-02650,Ananya Reddy,Female,44,Coimbatore,Tamil Nadu,South,2024-03-09,Loyal Customer
CUST-02651,Ramesh Agarwal,Male,25,Hyderabad,Telangana,South,2024-05-29,Loyal Customer
CUST-02652,Dhruv Nair,Male,18,Bengaluru,Karnataka,South,2022-02-23,VIP Customer
CUST-02653,Aadhya Chatterjee,Female,35,Delhi,Delhi,North,2023-03-03,Regular Customer
CUST-02654,Vihaan Reddy,Male,27,Mumbai,Maharashtra,West,2024-03-12,VIP Customer
CUST-02655,Manish Tripathi,Male,37,Delhi,Delhi,North,2022-09-16,Regular Customer
CUST-02656,Vihaan Kaur,Male,36,Chennai,Tamil Nadu,South,2024-02-07,Regular Customer
CUST-02657,Deepa Das,Female,33,Jaipur,Rajasthan,North,2024-05-20,Regular Customer
CUST-02658,Diya Mehta,Female,50,Mumbai,Maharashtra,West,2021-05-23,VIP Customer
CUST-02659,Dhruv Joshi,Male,35,PUNE,Maharashtra,West,2022-02-26,Regular Customer
CUST-02660,Swati Iyengar,Female,37,Hyderabad,Telangana,South,2021-05-24,Regular Customer
CUST-02661,Navya Iyengar,Female,22,Lucknow,Uttar Pradesh,North,2021-01-23,Regular Customer
CUST-02662,Rekha Agarwal,Female,52,Delhi,Delhi,North,2023-04-22,Regular Customer
CUST-02663,Vihaan Bhatia,Male,51,Bengaluru,Karnataka,South,2024-01-04,Regular Customer
CUST-02664,Tanvi Gupta,Female,23,Bhubaneswar,Odisha,East,2023-03-08,VIP Customer
CUST-02665,Gaurav Mehta,Male,30,Surat,Gujarat,West,2021-09-24,VIP Customer
CUST-02666,Khushi Pillai,Female,28,Mumbai,Maharashtra,West,2023-08-31,Regular Customer
CUST-02667,Suresh Joshi,Male,33,Patna,Bihar,East,2024-04-18,Regular Customer
CUST-02668,Deepak Kaur,Male,18,Ahmedabad,Gujarat,West,2023-07-29,Regular Customer
CUST-02669,Aarav Bhatia,Male,28,Lucknow,Uttar Pradesh,North,2023-07-02,Regular Customer
CUST-02670,Pari Mukherjee,Female,40,,Delhi,North,2022-05-21,Regular Customer
CUST-02671,Varun Banerjee,Male,18,Bhopal,Madhya Pradesh,Central,2023-10-03,Regular Customer
CUST-02672,Priyanka Verma,Female,25,Chennai,Tamil Nadu,South,2021-07-06,Regular Customer
CUST-02673,Nandini Agarwal,Female,45,Chennai,Tamil Nadu,South,2023-07-24,Regular Customer
CUST-02674,Siddharth Das,Male,37,Bengaluru,Karnataka,South,2022-09-02,Regular Customer
CUST-02675,Deepa Mishra,Female,18,Mumbai,Maharashtra,West,2021-12-25,Regular Customer
CUST-02676,Diya Tripathi,Female,18,Delhi,Delhi,North,2024-06-19,Loyal Customer
CUST-02677,Rohan Nair,Male,18,Pune,Maharashtra,West,2022-01-11,Loyal Customer
CUST-02678,Vihaan Nair,Male,27,Chennai,Tamil Nadu,South,2021-03-31,Regular Customer
CUST-02679,Rekha Saxena,Female,27,Bhubaneswar,Odisha,East,2022-07-15,VIP Customer
CUST-02680,Vikram Joshi,Male,28,Chennai,Tamil Nadu,South,2021-05-17,Loyal Customer
CUST-02681,Anand Tripathi,Male,65,,Maharashtra,West,2022-03-21,VIP Customer
CUST-02682,Prisha Choudhury,Female,31,Delhi,Delhi,North,2024-02-07,Regular Customer
CUST-02683,Atharv Gupta,Male,32,Delhi,Delhi,North,2021-08-04,Regular Customer
CUST-02684,Nikhil Reddy,Male,20,Bengaluru,Karnataka,South,2023-04-20,Regular Customer
CUST-02685,Krishna Mehta,Male,36,Delhi,Delhi,North,2023-11-03,Regular Customer
CUST-02686,Aarav Gupta,Male,53,Bhopal,Madhya Pradesh,Central,2023-08-04,Regular Customer
CUST-02687,Anand Nair,Male,18,Pune,Maharashtra,West,2022-02-03,Regular Customer
CUST-02688,Aarav Shah,Male,44,Mumbai,Maharashtra,West,2021-08-23,Loyal Customer
CUST-02689,Arjun Reddy,Male,29,Jaipur,Rajasthan,North,2023-08-09,Regular Customer
CUST-02690,Aditya Gupta,Male,18,Mumbai,Maharashtra,West,2024-01-29,Loyal Customer
CUST-02691,Shreya Menon,Female,37,Pune,Maharashtra,West,2021-10-15,Regular Customer
CUST-02692,Krishna Pandey,Male,34,Pune,Maharashtra,West,2021-11-27,Regular Customer
CUST-02693,Saanvi Mukherjee,Female,27,Bengaluru,Karnataka,South,2021-07-25,Regular Customer
CUST-02694,Vihaan Chatterjee,Male,43,Kolkata,West Bengal,East,2023-03-12,Regular Customer
CUST-02695,Swati Choudhury,Female,24,Chandigarh,Punjab,North,2021-01-23,Loyal Customer
CUST-02696,Ananya Menon,Female,33,Bengaluru,Karnataka,South,2023-01-04,Regular Customer
CUST-02697,Shreya Verma,Female,43,Patna,Bihar,East,2023-12-27,Regular Customer
CUST-02698,Shreya Verma,Female,31,Lucknow,Uttar Pradesh,North,2023-12-07,Loyal Customer
CUST-02699,Shreya Kaur,Female,18,Indore,Madhya Pradesh,Central,2021-07-30,Regular Customer
CUST-02700,Ishaan Menon,Male,32,Hyderabad,Telangana,South,2021-04-18,Loyal Customer
CUST-02701,Aanya Choudhury,Female,25,Delhi,Delhi,North,2023-02-12,Loyal Customer
CUST-02702,Varun Patel,Male,50,Bengaluru,Karnataka,South,2023-02-07,VIP Customer
CUST-02703,Reyansh Gupta,Male,23,Chennai,Tamil Nadu,South,2021-02-02,Regular Customer
CUST-02704,Aarav Reddy,Male,42,Visakhapatnam,Andhra Pradesh,South,2022-01-29,Loyal Customer
CUST-02705,Aditya Patel,Male,51,Chennai,Tamil Nadu,South,2021-07-17,Loyal Customer
CUST-02706,Siddharth Kaur,Male,49,Mumbai,Maharashtra,West,2021-12-10,Loyal Customer
CUST-02707,Aanya Pillai,Female,19,Mumbai,Maharashtra,West,2023-11-16,Regular Customer
CUST-02708,Shaurya Reddy,Male,33,Mumbai,Maharashtra,West,2024-02-26,Loyal Customer
CUST-02709,Neha Mehta,Female,26,Delhi,Delhi,North,2024-01-15,Regular Customer
CUST-02710,Prisha Malhotra,Female,24,Patna,Bihar,East,2022-04-21,Regular Customer
CUST-02711,Atharv Reddy,Male,21,Kolkata,West Bengal,East,2021-12-22,Regular Customer
CUST-02712,Manish Reddy,Male,25,Jaipur,Rajasthan,North,2021-01-25,Regular Customer
CUST-02713,Riya Patel,Female,39,Delhi,Delhi,North,2021-05-16,Loyal Customer
CUST-02714,Krishna Singh,Male,39,Delhi,Delhi,North,2023-01-26,Regular Customer
CUST-02715,Pranav Mehta,Male,37,Chennai,Tamil Nadu,South,2023-04-22,Regular Customer
CUST-02716,Neha Iyer,Female,18,Delhi,Delhi,North,2021-07-28,Loyal Customer
CUST-02717,Anita Agarwal,Female,41,Hyderabad,Telangana,South,2024-03-11,Regular Customer
CUST-02718,Vihaan Mukherjee,Male,25,Patna,Bihar,East,2022-10-27,VIP Customer
CUST-02719,Deepak Nair,Male,41,Chennai,Tamil Nadu,South,2021-09-30,Regular Customer
CUST-02720,Manish Choudhury,Male,53,Chandigarh,Punjab,North,2022-10-14,VIP Customer
CUST-02721,Rajesh Iyer,Male,40,Mumbai,Maharashtra,West,2021-05-19,Regular Customer
CUST-02722,Ramesh Agarwal,Male,36,Lucknow,Uttar Pradesh,North,2024-04-13,Regular Customer
CUST-02723,Amit Singh,Male,21,Kolkata,West Bengal,East,2022-04-22,Regular Customer
CUST-02724,Deepak Sharma,Male,29,Kolkata,West Bengal,East,2022-04-22,Regular Customer
CUST-02725,Sunita Tripathi,Female,31,Guwahati,Assam,East,2021-09-12,Regular Customer
CUST-02726,Tanvi Pillai,Female,18,Kochi,Kerala,South,2022-05-14,Loyal Customer
CUST-02727,Vivaan Bhatia,Male,30,Hyderabad,Telangana,South,2023-02-07,Regular Customer
CUST-02728,Gauri Bhatia,Female,29,Hyderabad,Telangana,South,2023-02-09,Regular Customer
CUST-02729,Aanya Patel,Female,40,Hyderabad,Telangana,South,2024-05-09,VIP Customer
CUST-02730,Riya Dutta,Female,51,Hyderabad,Telangana,South,2022-11-05,Regular Customer
CUST-02731,Shaurya Singh,Male,44,Hyderabad,Telangana,South,2021-03-23,Regular Customer
CUST-02732,Kabir Singh,Male,18,Bengaluru,Karnataka,South,2022-08-14,Loyal Customer
CUST-02733,Ayaan Yadav,Male,50,,West Bengal,East,2022-11-10,Regular Customer
CUST-02734,Gauri Chatterjee,Female,25,Mumbai,Maharashtra,West,2021-04-21,VIP Customer
CUST-02735,Rajesh Patel,Male,41,Mumbai,Maharashtra,West,2022-04-01,Loyal Customer
CUST-02736,Pari Iyengar,Female,34,Patna,Bihar,East,2022-10-21,Regular Customer
CUST-02737,Manish Sharma,Male,35,Jaipur,Rajasthan,North,2021-05-13,VIP Customer
CUST-02738,Aditya Mehta,Male,34,Mumbai,Maharashtra,West,2021-04-17,Loyal Customer
CUST-02739,Ananya Mehta,Female,27,Lucknow,Uttar Pradesh,North,2021-09-15,Regular Customer
CUST-02740,Suresh Chatterjee,Male,32,Delhi,Delhi,North,2022-02-23,Regular Customer
CUST-02741,Aditya Pillai,Male,34,Ahmedabad,Gujarat,West,2023-08-15,Regular Customer
CUST-02742,Anand Mehta,Male,25,Kochi,Kerala,South,2022-05-17,Regular Customer
CUST-02743,Neha Patel,Female,25,Pune,Maharashtra,West,2022-09-13,Regular Customer
CUST-02744,Riya Singh,Female,51,Hyderabad,Telangana,South,2022-02-17,Regular Customer
CUST-02745,Anita Iyer,Female,37,Mumbai,Maharashtra,West,2021-06-13,VIP Customer
CUST-02746,Navya Nair,Female,23,Mumbai,Maharashtra,West,2023-02-13,Regular Customer
CUST-02747,Rohan Pillai,Male,20,Delhi,Delhi,North,2023-11-01,Loyal Customer
CUST-02748,Prisha Choudhury,Female,18,Chennai,Tamil Nadu,South,2021-11-16,Loyal Customer
CUST-02749,Kunal Iyer,Male,43,Lucknow,Uttar Pradesh,North,2021-02-10,Loyal Customer
CUST-02750,Prisha Yadav,Female,26,Lucknow,Uttar Pradesh,North,2021-06-20,Loyal Customer
CUST-02751,Varun Joshi,Male,29,Kochi,Kerala,South,2024-05-03,Regular Customer
CUST-02752,Vikram Dutta,Other,27,Kolkata,West Bengal,East,2021-12-26,Regular Customer
CUST-02753,Rohan Joshi,Male,28,Pune,Maharashtra,West,2023-07-18,Regular Customer
CUST-02754,Vikram Mukherjee,Male,23,Surat,Gujarat,West,2023-09-12,Regular Customer
CUST-02755,Arjun Das,Male,33,Indore,Madhya Pradesh,Central,2023-08-20,Regular Customer
CUST-02756,Pallavi Mehta,Female,33,Ahmedabad,Gujarat,West,2021-01-09,Regular Customer
CUST-02757,Pooja Dutta,Female,42,Visakhapatnam,Andhra Pradesh,South,2023-02-06,Regular Customer
CUST-02758,Pallavi Pillai,Female,55,Indore,Madhya Pradesh,Central,2023-03-20,VIP Customer
CUST-02759,Navya Nair,Female,57,Kochi,Kerala,South,2023-09-30,Regular Customer
CUST-02760,Suresh Gupta,Male,18,Pune,Maharashtra,West,2023-04-18,VIP Customer
CUST-02761,Pallavi Malhotra,Female,34,Kochi,Kerala,South,2023-02-28,VIP Customer
CUST-02762,Sai Mehta,Male,28,Ahmedabad,Gujarat,West,2023-06-13,VIP Customer
CUST-02763,Sunita Agarwal,Female,32,Delhi,Delhi,North,2022-12-15,Regular Customer
CUST-02764,Rahul Singh,Male,35,Jaipur,Rajasthan,North,2023-01-25,Loyal Customer
CUST-02765,Divya Nair,Female,25,Coimbatore,Tamil Nadu,South,2023-05-19,Loyal Customer
CUST-02766,Ayaan Iyer,Male,35,Bengaluru,Karnataka,South,2021-03-12,VIP Customer
CUST-02767,Atharv Singh,Male,44,Surat,Gujarat,West,2021-02-27,Loyal Customer
CUST-02768,Manish Bhatia,Male,29,Patna,Bihar,East,2022-06-20,Loyal Customer
CUST-02769,Swati Bhatia,Female,18,Kochi,Kerala,South,2022-06-05,Regular Customer
CUST-02770,Suresh Kaur,Male,39,Pune,Maharashtra,West,2021-11-27,Regular Customer
CUST-02771,Nikhil Gupta,Male,45,patna,Bihar,East,2023-02-27,Regular Customer
CUST-02772,Priyanka Tripathi,Female,18,Patna,Bihar,East,2021-06-14,Regular Customer
CUST-02773,Reyansh Tripathi,Male,18,Mumbai,Maharashtra,West,2023-05-17,Regular Customer
CUST-02774,Prisha Shah,Female,45,Jaipur,Rajasthan,North,2022-09-11,Regular Customer
CUST-02775,Anjali Kaur,Female,38,Mumbai,Maharashtra,West,2023-02-23,Loyal Customer
CUST-02776,Anand Pillai,Male,50,  Ahmedabad ,Gujarat,West,2021-07-02,Regular Customer
CUST-02777,Suresh Choudhury,Male,31,Pune,Maharashtra,West,2022-12-07,Loyal Customer
CUST-02778,Krishna Dutta,Male,24,Lucknow,Uttar Pradesh,North,2022-03-06,VIP Customer
CUST-02779,Pari Das,Female,45,Jaipur,Rajasthan,North,2022-09-23,Regular Customer
CUST-02780,Diya Pandey,Female,24,Pune,Maharashtra,West,2023-10-05,Regular Customer
CUST-02781,Aditya Choudhury,Male,22,Surat,Gujarat,West,2023-05-06,Regular Customer
CUST-02782,Divya Joshi,Female,49,Pune,Maharashtra,West,2023-06-02,Regular Customer
CUST-02783,Atharv Saxena,Male,26,Kolkata,West Bengal,East,2021-10-03,Regular Customer
CUST-02784,Sai Iyengar,Male,20,Kolkata,West Bengal,East,2021-08-14,Regular Customer
CUST-02785,Siddharth Mehta,Male,52,Chennai,Tamil Nadu,South,2022-01-16,Regular Customer
CUST-02786,Tanvi Saxena,Female,35,Hyderabad,Telangana,South,2022-01-28,Regular Customer
CUST-02787,Pranav Yadav,Male,32,Pune,Maharashtra,West,2023-04-18,Regular Customer
CUST-02788,Varun Mukherjee,Male,62,Hyderabad,Telangana,South,2021-08-12,VIP Customer
CUST-02789,Sai Gupta,Male,19,Bhubaneswar,Odisha,East,2022-08-24,Regular Customer
CUST-02790,Vihaan Shah,Male,42,Bengaluru,Karnataka,South,2021-05-12,Regular Customer
CUST-02791,Priyanka Patel,Female,45,Mumbai,Maharashtra,West,2023-09-06,Regular Customer
CUST-02792,Nikhil Malhotra,Other,18,Chennai,Tamil Nadu,South,2021-01-20,Regular Customer
CUST-02793,Nikhil Sharma,Male,23,Kochi,Kerala,South,2024-04-07,Loyal Customer
CUST-02794,Vivaan Malhotra,Male,48,Lucknow,Uttar Pradesh,North,2022-03-09,Regular Customer
CUST-02795,Aarav Nair,Male,38,Delhi,Delhi,North,2024-05-19,Regular Customer
CUST-02796,Nikhil Shah,Male,40,Bengaluru,Karnataka,South,2023-09-23,Regular Customer
CUST-02797,Meera Mukherjee,Female,29,Mumbai,Maharashtra,West,2023-05-30,Regular Customer
CUST-02798,Rajesh Tripathi,Male,18,Pune,Maharashtra,West,2022-12-04,VIP Customer
CUST-02799,Deepa Patel,Female,47,Pune,Maharashtra,West,2023-01-10,Loyal Customer
CUST-02800,Dhruv Mukherjee,Male,33,Bengaluru,Karnataka,South,2021-04-28,VIP Customer
CUST-02801,Rekha Reddy,Female,25,Delhi,Delhi,North,2021-07-25,Regular Customer
CUST-02802,Rekha Das,Female,25,  Patna ,Bihar,East,2023-04-03,Loyal Customer
CUST-02803,Nandini Agarwal,Female,34,Chennai,Tamil Nadu,South,2021-10-12,Regular Customer
CUST-02804,Vihaan Yadav,Male,18,Kolkata,West Bengal,East,2023-12-23,Regular Customer
CUST-02805,Deepak Choudhury,Male,27,Kolkata,West Bengal,East,2022-05-25,Regular Customer
CUST-02806,Ramesh Kaur,Male,49,CHANDIGARH,Punjab,North,2023-09-01,Regular Customer
CUST-02807,Swati Mehta,Female,41,Delhi,Delhi,North,2021-01-07,VIP Customer
CUST-02808,Siddharth Reddy,Male,43,Chennai,Tamil Nadu,South,2021-02-04,Loyal Customer
CUST-02809,Gaurav Verma,Male,24,Delhi,Delhi,North,2022-10-29,Loyal Customer
CUST-02810,Ayaan Mukherjee,Male,45,Visakhapatnam,Andhra Pradesh,South,2023-09-20,Regular Customer
CUST-02811,Ramesh Mishra,Male,19,  Mumbai ,Maharashtra,West,2021-06-16,Regular Customer
CUST-02812,Varun Agarwal,Male,54,Lucknow,Uttar Pradesh,North,2023-09-03,VIP Customer
CUST-02813,Rekha Das,Female,28,Mumbai,Maharashtra,West,2021-07-25,Loyal Customer
CUST-02814,Khushi Mukherjee,Female,40,Hyderabad,Telangana,South,2022-02-04,Loyal Customer
CUST-02815,Rekha Iyengar,Female,25,Lucknow,Uttar Pradesh,North,2024-03-17,Loyal Customer
CUST-02816,Deepak Iyengar,Male,44,Bengaluru,Karnataka,South,2021-03-07,Regular Customer
CUST-02817,Kunal Gupta,Male,26,Lucknow,Uttar Pradesh,North,2022-09-10,Loyal Customer
CUST-02818,Anjali Yadav,Female,40,Kolkata,West Bengal,East,2023-08-15,Regular Customer
CUST-02819,Riya Malhotra,Female,18,Kolkata,West Bengal,East,2023-09-15,Loyal Customer
CUST-02820,Isha Patel,Female,28,Visakhapatnam,Andhra Pradesh,South,2022-03-10,Regular Customer
CUST-02821,Swati Das,Female,55,Coimbatore,Tamil Nadu,South,2021-07-03,Regular Customer
CUST-02822,Deepak Sharma,Male,28,Nagpur,Maharashtra,West,2021-11-25,VIP Customer
CUST-02823,Shaurya Tripathi,Male,50,nagpur,Maharashtra,West,2023-02-25,Loyal Customer
CUST-02824,Ayaan Dutta,Male,41,Chandigarh,Punjab,North,2022-06-12,Loyal Customer
CUST-02825,Nandini Kaur,Female,42,Pune,Maharashtra,West,2021-09-10,Loyal Customer
CUST-02826,Pallavi Chatterjee,Female,24,Bengaluru,Karnataka,South,2023-10-05,Regular Customer
CUST-02827,Deepak Reddy,Male,18,Delhi,Delhi,North,2022-04-04,VIP Customer
CUST-02828,Sunita Agarwal,Female,51,Kolkata,West Bengal,East,2024-05-15,Regular Customer
CUST-02829,Meera Nair,Female,18,Chennai,Tamil Nadu,South,2023-02-21,Loyal Customer
CUST-02830,Kunal Chatterjee,Male,21,Pune,Maharashtra,West,2023-06-14,Loyal Customer
CUST-02831,Isha Shah,Female,20,Kolkata,West Bengal,East,2021-08-25,Regular Customer
CUST-02832,Vihaan Gupta,Male,32,Delhi,Delhi,North,2022-11-28,Loyal Customer
CUST-02833,Pallavi Mehta,Female,51,Hyderabad,Telangana,South,2021-08-26,Loyal Customer
CUST-02834,Ananya Yadav,Female,44,ahmedabad,Gujarat,West,2022-10-04,VIP Customer
CUST-02835,Priyanka Dutta,Female,37,Kochi,Kerala,South,2021-01-04,Regular Customer
CUST-02836,Priyanka Chatterjee,Female,31,Delhi,Delhi,North,2022-01-24,Loyal Customer
CUST-02837,Kabir Reddy,Male,22,Patna,Bihar,East,2023-01-18,Loyal Customer
CUST-02838,Varun Mishra,Male,22,Mumbai,Maharashtra,West,2021-09-16,Regular Customer
CUST-02839,Ramesh Banerjee,Male,26,Bhopal,Madhya Pradesh,Central,2022-03-31,Regular Customer
CUST-02840,Saanvi Chatterjee,Female,25,Mumbai,Maharashtra,West,2023-08-02,Regular Customer
CUST-02841,Siddharth Joshi,Male,22,Jaipur,Rajasthan,North,2022-03-25,Regular Customer
CUST-02842,Riya Bhatia,Female,30,Lucknow,Uttar Pradesh,North,2024-05-16,Regular Customer
CUST-02843,Tanvi Kaur,Female,37,Mumbai,Maharashtra,West,2021-03-12,Loyal Customer
CUST-02844,Khushi Iyengar,Female,37,Nagpur,Maharashtra,West,2021-09-10,Regular Customer
CUST-02845,Rekha Das,Female,39,Chennai,Tamil Nadu,South,2024-03-21,Regular Customer
CUST-02846,Deepa Mehta,Female,34,Kolkata,West Bengal,East,2023-10-11,Regular Customer
CUST-02847,Pari Verma,Female,33,Lucknow,Uttar Pradesh,North,2022-11-14,Regular Customer
CUST-02848,Shreya Mehta,Female,24,Pune,Maharashtra,West,2022-04-06,Loyal Customer
CUST-02849,Aanya Agarwal,Female,29,Hyderabad,Telangana,South,2022-01-02,VIP Customer
CUST-02850,Tanvi Nair,Female,32,Coimbatore,Tamil Nadu,South,2022-09-05,VIP Customer
CUST-02851,Swati Agarwal,Female,42,Bengaluru,Karnataka,South,2021-11-23,VIP Customer
CUST-02852,Anjali Nair,Female,59,Surat,Gujarat,West,2022-11-23,Regular Customer
CUST-02853,Rahul Rao,Male,30,Chandigarh,Punjab,North,2023-03-13,Regular Customer
CUST-02854,Amit Dutta,Male,42,Delhi,Delhi,North,2022-08-03,Regular Customer
CUST-02855,Pallavi Mehta,Female,51,Hyderabad,Telangana,South,2024-01-28,Regular Customer
CUST-02856,Arjun Reddy,Male,29,Mumbai,Maharashtra,West,2024-04-03,VIP Customer
CUST-02857,Vivaan Yadav,Male,21,Lucknow,Uttar Pradesh,North,2022-09-15,Regular Customer
CUST-02858,Diya Banerjee,Female,46,Lucknow,Uttar Pradesh,North,2021-10-09,Regular Customer
CUST-02859,Rahul Joshi,Male,32,Chennai,Tamil Nadu,South,2021-10-24,Regular Customer
CUST-02860,Kunal Dutta,Male,42,Bengaluru,Karnataka,South,2022-02-05,Loyal Customer
CUST-02861,Aarav Rao,Male,18,Bengaluru,Karnataka,South,2024-03-24,Regular Customer
CUST-02862,Anita Yadav,Female,40,Hyderabad,Telangana,South,2021-10-30,Regular Customer
CUST-02863,Kabir Kaur,Male,38,Delhi,Delhi,North,2021-12-11,VIP Customer
CUST-02864,Vihaan Rao,Male,26,Kolkata,West Bengal,East,2023-08-29,Regular Customer
CUST-02865,Aanya Malhotra,Female,45,Mumbai,Maharashtra,West,2023-11-22,Loyal Customer
CUST-02866,Suresh Pillai,Male,38,Bengaluru,Karnataka,South,2021-11-01,Loyal Customer
CUST-02867,Dhruv Patel,Male,21,,West Bengal,East,2021-03-11,Regular Customer
CUST-02868,Pari Iyer,Female,20,Hyderabad,Telangana,South,2022-09-12,Loyal Customer
CUST-02869,Diya Singh,Female,19,Pune,Maharashtra,West,2023-02-08,Loyal Customer
CUST-02870,Kunal Kaur,Male,22,Mumbai,Maharashtra,West,2021-07-03,Loyal Customer
CUST-02871,Gaurav Pandey,Male,33,Mumbai,Maharashtra,West,2023-02-22,Regular Customer
CUST-02872,Divya Menon,Female,34,Chandigarh,Punjab,North,2023-01-23,Regular Customer
CUST-02873,Aarohi Gupta,Female,28,Delhi,Delhi,North,2021-09-07,Regular Customer
CUST-02874,Swati Agarwal,Female,46,Pune,Maharashtra,West,2023-11-10,Regular Customer
CUST-02875,Priyanka Banerjee,Female,39,Coimbatore,Tamil Nadu,South,2024-03-18,Regular Customer
CUST-02876,Shreya Dutta,Female,33,Bhopal,Madhya Pradesh,Central,2021-07-13,Loyal Customer
CUST-02877,Diya Nair,Female,30,Kolkata,West Bengal,East,2023-09-19,VIP Customer
CUST-02878,Shreya Pillai,Female,27,Kolkata,West Bengal,East,2022-09-04,Loyal Customer
CUST-02879,Aarohi Reddy,Female,28,Chandigarh,Punjab,North,2021-05-11,Loyal Customer
CUST-02880,Gaurav Mishra,Male,26,Hyderabad   ,Telangana,South,2024-01-06,Regular Customer
CUST-02881,Siddharth Das,Male,47,Hyderabad,Telangana,South,2021-02-10,Regular Customer
CUST-02882,Deepa Chatterjee,Female,22,Mumbai,Maharashtra,West,2023-12-22,Regular Customer
CUST-02883,Pooja Pandey,Female,48,Chandigarh,Punjab,North,2024-04-12,Regular Customer
CUST-02884,Siddharth Mishra,Male,19,Bhubaneswar,Odisha,East,2021-09-12,Loyal Customer
CUST-02885,Gauri Kaur,Female,18,Surat,Gujarat,West,2021-08-29,Regular Customer
CUST-02886,Neha Das,Female,29,Delhi   ,Delhi,North,2022-01-04,Regular Customer
CUST-02887,Rohan Mishra,Male,39,Indore,Madhya Pradesh,Central,2022-10-06,Regular Customer
CUST-02888,Arjun Banerjee,Male,43,Lucknow,Uttar Pradesh,North,2022-02-27,Loyal Customer
CUST-02889,Aditya Chatterjee,Male,39,Visakhapatnam,Andhra Pradesh,South,2022-06-10,VIP Customer
CUST-02890,Vivaan Gupta,Male,19,Chennai,Tamil Nadu,South,2021-09-13,Regular Customer
CUST-02891,Navya Chatterjee,Female,46,Indore,Madhya Pradesh,Central,2021-12-18,Regular Customer
CUST-02892,Rajesh Sharma,Male,34,Guwahati,Assam,East,2022-05-24,Regular Customer
CUST-02893,Pooja Tripathi,Female,37,Patna   ,Bihar,East,2022-08-24,Loyal Customer
CUST-02894,Rohan Bhatia,Male,42,Hyderabad,Telangana,South,2024-03-27,Regular Customer
CUST-02895,Meera Iyengar,Female,38,Delhi,Delhi,North,2022-12-23,Loyal Customer
CUST-02896,Pooja Mehta,Female,38,Lucknow,Uttar Pradesh,North,2021-07-22,Loyal Customer
CUST-02897,Aanya Patel,Female,29,Delhi,Delhi,North,2021-03-17,Regular Customer
CUST-02898,Ishaan Yadav,Male,46,Kolkata,West Bengal,East,2022-03-17,VIP Customer
CUST-02899,Neha Chatterjee,Female,39,Pune,Maharashtra,West,2022-03-19,Loyal Customer
CUST-02900,Kavya Bhatia,Female,39,Delhi,Delhi,North,2024-06-28,Regular Customer
CUST-02901,Vikram Shah,Male,41,Chennai,Tamil Nadu,South,2022-06-18,Regular Customer
CUST-02902,Nandini Saxena,Female,21,Bengaluru,Karnataka,South,2023-03-31,Regular Customer
CUST-02903,Krishna Kaur,Male,40,Hyderabad,Telangana,South,2023-05-22,VIP Customer
CUST-02904,Ananya Chatterjee,Female,18,Bhubaneswar,Odisha,East,2022-02-22,Regular Customer
CUST-02905,Tanvi Shah,Female,29,Pune,Maharashtra,West,2022-01-30,Loyal Customer
CUST-02906,Priyanka Kaur,Female,18,Guwahati,Assam,East,2023-11-14,Loyal Customer
CUST-02907,Kabir Pandey,Male,24,Mumbai,Maharashtra,West,2021-11-11,Regular Customer
CUST-02908,Kunal Pillai,Male,48,Chennai,Tamil Nadu,South,2023-02-16,Regular Customer
CUST-02909,Ramesh Patel,Male,38,Bengaluru,Karnataka,South,2021-06-08,Regular Customer
CUST-02910,Vikram Malhotra,Male,18,Chennai,Tamil Nadu,South,2024-01-29,Regular Customer
CUST-02911,Shaurya Singh,Male,18,Kolkata,West Bengal,East,2021-07-02,Regular Customer
CUST-02912,Shaurya Choudhury,Male,34,Jaipur,Rajasthan,North,2022-07-14,Regular Customer
CUST-02913,Anita Patel,Female,32,Mumbai,Maharashtra,West,2022-07-15,Regular Customer
CUST-02914,Pari Patel,Female,22,Bengaluru,Karnataka,South,2023-02-15,VIP Customer
CUST-02915,Anita Agarwal,Female,41,Pune,Maharashtra,West,2021-09-10,Regular Customer
CUST-02916,Tanvi Tripathi,Female,33,Hyderabad,Telangana,South,2022-09-20,Loyal Customer
CUST-02917,Anita Iyer,Female,24,Patna,Bihar,East,2021-07-15,Regular Customer
CUST-02918,Deepak Banerjee,Male,43,Kochi   ,Kerala,South,2022-08-01,Loyal Customer
CUST-02919,Neha Malhotra,Female,39,Bengaluru,Karnataka,South,2021-04-09,Regular Customer
CUST-02920,Nikhil Nair,Male,22,Bengaluru,Karnataka,South,2022-01-06,Regular Customer
CUST-02921,Tanvi Kaur,Female,23,Mumbai,Maharashtra,West,2023-12-25,Loyal Customer
CUST-02922,Pranav Yadav,Male,38,Hyderabad,Telangana,South,2023-04-05,Regular Customer
CUST-02923,Arjun Shah,Male,22,Bengaluru,Karnataka,South,2021-01-20,Loyal Customer
CUST-02924,Deepak Bhatia,Male,45,Ahmedabad,Gujarat,West,2021-09-16,Regular Customer
CUST-02925,Suresh Dutta,Male,36,Bengaluru,Karnataka,South,2022-07-02,Regular Customer
CUST-02926,Anand Singh,Male,29,Patna,Bihar,East,2023-01-29,Loyal Customer
CUST-02927,Isha Kaur,Female,47,Mumbai,Maharashtra,West,2024-05-31,Regular Customer
CUST-02928,Riya Saxena,Female,20,Kolkata,West Bengal,East,2023-06-18,VIP Customer
CUST-02929,Anita Menon,Female,33,Hyderabad,Telangana,South,2023-10-26,Regular Customer
CUST-02930,Kabir Iyengar,Male,42,Lucknow,Uttar Pradesh,North,2022-04-14,Regular Customer
CUST-02931,Rekha Gupta,Female,29,Mumbai,Maharashtra,West,2022-09-18,Regular Customer
CUST-02932,Shaurya Yadav,Male,39,Bengaluru,Karnataka,South,2021-07-04,Loyal Customer
CUST-02933,Aadhya Dutta,Female,33,Mumbai,Maharashtra,West,2022-05-07,VIP Customer
CUST-02934,Sai Banerjee,Male,18,Delhi,Delhi,North,2021-04-28,Regular Customer
CUST-02935,Khushi Chatterjee,Female,28,Chennai,Tamil Nadu,South,2023-10-07,Loyal Customer
CUST-02936,Saanvi Pillai,Female,18,Delhi,Delhi,North,2023-11-08,VIP Customer
CUST-02937,Ananya Iyer,Female,37,Surat,Gujarat,West,2023-10-17,Regular Customer
CUST-02938,Rajesh Tripathi,Male,51,Chennai,Tamil Nadu,South,2023-12-27,Loyal Customer
CUST-02939,Dhruv Sharma,Male,18,Delhi,Delhi,North,2024-06-16,Regular Customer
CUST-02940,Deepa Dutta,Female,41,Kolkata,West Bengal,East,2021-01-15,Loyal Customer
CUST-02941,Deepak Chatterjee,Male,43,Delhi,Delhi,North,2022-12-08,Regular Customer
CUST-02942,Anand Kaur,Male,49,Lucknow,Uttar Pradesh,North,2023-12-18,Loyal Customer
CUST-02943,Aanya Mukherjee,Female,18,Ahmedabad,Gujarat,West,2023-07-08,VIP Customer
CUST-02944,Swati Agarwal,Female,22,Jaipur,Rajasthan,North,2023-12-09,VIP Customer
CUST-02945,Sai Gupta,Male,43,Mumbai,Maharashtra,West,2023-01-22,Loyal Customer
CUST-02946,Amit Rao,Other,31,Surat,Gujarat,West,2021-04-15,Regular Customer
CUST-02947,Dhruv Saxena,Male,30,Patna,Bihar,East,2023-02-04,VIP Customer
CUST-02948,Shaurya Agarwal,Male,39,Chennai,Tamil Nadu,South,2022-05-27,Loyal Customer
CUST-02949,Rekha Choudhury,Female,19,Hyderabad,Telangana,South,2021-08-30,Regular Customer
CUST-02950,Rahul Joshi,Male,37,Chennai,Tamil Nadu,South,2022-06-27,Regular Customer
CUST-02951,Anand Singh,Male,32,Nagpur,Maharashtra,West,2024-03-10,Regular Customer
CUST-02952,Varun Joshi,Male,27,Surat,Gujarat,West,2023-11-22,Loyal Customer
CUST-02953,Aanya Agarwal,Female,48,Kochi,Kerala,South,2023-08-07,VIP Customer
CUST-02954,Gaurav Iyer,Male,47,Kolkata,West Bengal,East,2021-04-28,Regular Customer
CUST-02955,Neha Menon,Female,46,Mumbai,Maharashtra,West,2022-11-04,Regular Customer
CUST-02956,Aarohi Sharma,Female,36,Kolkata,West Bengal,East,2022-12-18,VIP Customer
CUST-02957,Sai Nair,Male,45,Bhubaneswar,Odisha,East,2022-12-28,Regular Customer
CUST-02958,Kabir Iyer,Male,18,Kochi,Kerala,South,2022-02-09,Regular Customer
CUST-02959,Amit Tripathi,Male,31,Hyderabad,Telangana,South,2021-11-11,Regular Customer
CUST-02960,Pallavi Iyer,Female,27,Chandigarh,Punjab,North,2021-01-15,Regular Customer
CUST-02961,Rajesh Shah,Male,25,Pune,Maharashtra,West,2022-04-09,Regular Customer
CUST-02962,Atharv Joshi,Male,23,Delhi,Delhi,North,2023-01-17,Regular Customer
CUST-02963,Diya Chatterjee,Female,27,Chennai,Tamil Nadu,South,2022-07-06,Regular Customer
CUST-02964,Rohan Kaur,Male,38,Bhopal,Madhya Pradesh,Central,2023-06-19,Regular Customer
CUST-02965,Navya Dutta,Female,37,Hyderabad,Telangana,South,2023-06-08,Regular Customer
CUST-02966,Pranav Yadav,Male,26,Hyderabad,Telangana,South,2022-02-11,Regular Customer
CUST-02967,Ishaan Verma,Male,19,Hyderabad,Telangana,South,2021-10-01,Regular Customer
CUST-02968,Anand Reddy,Male,24,Indore,Madhya Pradesh,Central,2021-03-06,Regular Customer
CUST-02969,Reyansh Iyer,Male,34,Indore,Madhya Pradesh,Central,2022-06-29,Regular Customer
CUST-02970,Sneha Chatterjee,Female,28,Kolkata,West Bengal,East,2023-10-12,Loyal Customer
CUST-02971,Deepak Bhatia,Male,42,Bengaluru,Karnataka,South,2022-10-28,Loyal Customer
CUST-02972,Sunita Tripathi,Female,44,Mumbai,Maharashtra,West,2023-03-30,Regular Customer
CUST-02973,Varun Dutta,Other,37,Surat,Gujarat,West,2023-03-08,Regular Customer
CUST-02974,Aarohi Mishra,Female,41,Delhi,Delhi,North,2021-02-13,Regular Customer
CUST-02975,Atharv Iyengar,Male,31,Chandigarh,Punjab,North,2021-01-28,Loyal Customer
CUST-02976,Ayaan Verma,Male,25,Hyderabad,Telangana,South,2022-12-02,Regular Customer
CUST-02977,Neha Dutta,Female,21,Lucknow,Uttar Pradesh,North,2021-01-17,Regular Customer
CUST-02978,Ishaan Joshi,Male,29,Jaipur,Rajasthan,North,2023-09-23,Regular Customer
CUST-02979,Kabir Patel,Male,32,Mumbai,Maharashtra,West,2024-06-18,Regular Customer
CUST-02980,Amit Saxena,Male,29,Kolkata,West Bengal,East,2022-05-26,Regular Customer
CUST-02981,Vihaan Yadav,Male,29,Jaipur,Rajasthan,North,2022-06-24,VIP Customer
CUST-02982,Isha Kaur,Female,22,Kolkata   ,West Bengal,East,2023-05-29,Regular Customer
CUST-02983,Shreya Mishra,Female,25,Delhi,Delhi,North,2021-07-31,Loyal Customer
CUST-02984,Amit Mukherjee,Male,23,Delhi,Delhi,North,2022-01-07,Regular Customer
CUST-02985,Rekha Banerjee,Female,40,Delhi,Delhi,North,2021-11-01,Regular Customer
CUST-02986,Ananya Nair,Female,34,Kochi,Kerala,South,2021-03-20,Regular Customer
CUST-02987,Gauri Agarwal,Female,23,Mumbai,Maharashtra,West,2021-10-27,Regular Customer
CUST-02988,Ramesh Mehta,Male,23,Chandigarh,Punjab,North,2021-07-06,VIP Customer
CUST-02989,Dhruv Pillai,Male,40,Bhopal,Madhya Pradesh,Central,2023-12-12,Regular Customer
CUST-02990,Manish Patel,Male,22,Lucknow,Uttar Pradesh,North,2022-03-31,Regular Customer
CUST-02991,Rahul Verma,Male,29,Pune,Maharashtra,West,2023-11-11,Regular Customer
CUST-02992,Aanya Joshi,Female,20,Mumbai,Maharashtra,West,2021-08-14,Regular Customer
CUST-02993,Krishna Rao,Male,34,Mumbai,Maharashtra,West,2023-05-07,Regular Customer
CUST-02994,Pranav Verma,Male,18,Kochi,Kerala,South,2022-01-08,Regular Customer
CUST-02995,Aanya Kaur,Female,18,Bengaluru,Karnataka,South,2022-10-21,Regular Customer
CUST-02996,Rahul Shah,Male,28,Kochi,Kerala,South,2024-05-27,Regular Customer
CUST-02997,Diya Shah,Female,18,Patna,Bihar,East,2023-10-04,Regular Customer
CUST-02998,Ishaan Malhotra,Male,20,Pune,Maharashtra,West,2021-07-18,Loyal Customer
CUST-02999,Rajesh Chatterjee,Male,35,Bhopal,Madhya Pradesh,Central,2021-09-24,Regular Customer
CUST-03000,Tanvi Mishra,Female,51,Delhi,Delhi,North,2023-01-11,Loyal Customer
CUST-03001,Priyanka Iyengar,Female,26,Delhi,Delhi,North,2024-05-23,Regular Customer
CUST-03002,Manish Shah,Male,45,Chennai,Tamil Nadu,South,2022-03-07,Loyal Customer
CUST-03003,Aditya Tripathi,Male,18,Patna,Bihar,East,2021-08-06,Regular Customer
CUST-03004,Anand Mukherjee,Male,35,Delhi,Delhi,North,2021-09-04,Regular Customer
CUST-03005,Varun Tripathi,Male,18,Bengaluru,Karnataka,South,2022-01-26,Regular Customer
CUST-03006,Rohan Agarwal,Male,32,Lucknow,Uttar Pradesh,North,2021-07-22,Regular Customer
CUST-03007,Anjali Mukherjee,Female,52,Chandigarh,Punjab,North,2022-12-04,Regular Customer
CUST-03008,Rahul Choudhury,Male,29,Nagpur,Maharashtra,West,2022-02-18,Regular Customer
CUST-03009,Ananya Verma,Female,26,Delhi,Delhi,North,2021-09-19,Regular Customer
CUST-03010,Vikram Das,Male,27,Chandigarh,Punjab,North,2022-06-02,VIP Customer
CUST-03011,Nikhil Yadav,Male,40,Ahmedabad,Gujarat,West,2024-02-22,VIP Customer
CUST-03012,Nandini Rao,Female,41,Mumbai,Maharashtra,West,2023-07-08,Loyal Customer
CUST-03013,Vihaan Agarwal,Male,20,Lucknow,Uttar Pradesh,North,2023-06-13,Regular Customer
CUST-03014,Prisha Iyengar,Female,42,Bengaluru,Karnataka,South,2023-10-29,Loyal Customer
CUST-03015,Sai Mukherjee,Male,30,Mumbai,Maharashtra,West,2022-07-16,Loyal Customer
CUST-03016,Arjun Joshi,Male,39,Indore,Madhya Pradesh,Central,2021-04-04,VIP Customer
CUST-03017,Vivaan Mishra,Male,23,Guwahati,Assam,East,2022-01-25,Loyal Customer
CUST-03018,Dhruv Iyer,Male,24,Pune,Maharashtra,West,2023-12-27,VIP Customer
CUST-03019,Aadhya Saxena,Female,39,Indore,Madhya Pradesh,Central,2023-06-16,Loyal Customer
CUST-03020,Dhruv Chatterjee,Other,19,Delhi,Delhi,North,2023-03-11,Regular Customer
CUST-03021,Kavya Mehta,Female,21,Chennai,Tamil Nadu,South,2022-01-12,Regular Customer
CUST-03022,Priyanka Mehta,Female,27,Chennai,Tamil Nadu,South,2024-04-27,Loyal Customer
CUST-03023,Nandini Agarwal,Female,18,Hyderabad,Telangana,South,2023-11-17,Regular Customer
CUST-03024,Shreya Dutta,Female,47,Surat,Gujarat,West,2023-12-12,Regular Customer
CUST-03025,Rekha Patel,Female,30,Delhi,Delhi,North,2022-08-30,Loyal Customer
CUST-03026,Vikram Malhotra,Male,34,Mumbai,Maharashtra,West,2021-12-17,Regular Customer
CUST-03027,Vikram Patel,Male,29,Bengaluru,Karnataka,South,2022-08-21,Regular Customer
CUST-03028,Ananya Tripathi,Female,33,,Maharashtra,West,2022-07-23,VIP Customer
CUST-03029,Kavya Yadav,Female,21,Surat,Gujarat,West,2021-04-16,Loyal Customer
CUST-03030,Isha Pandey,Female,52,Delhi,Delhi,North,2022-03-07,Regular Customer
CUST-03031,Aarav Singh,Male,40,Bhopal,Madhya Pradesh,Central,2022-12-13,Loyal Customer
CUST-03032,Navya Reddy,Female,53,Ahmedabad,Gujarat,West,2021-06-20,VIP Customer
CUST-03033,Pranav Chatterjee,Other,21,Kochi,Kerala,South,2022-06-25,Loyal Customer
CUST-03034,Kabir Tripathi,Male,33,Indore,Madhya Pradesh,Central,2024-06-06,Regular Customer
CUST-03035,Aanya Singh,Female,41,Chennai,Tamil Nadu,South,2021-01-22,Loyal Customer
CUST-03036,Ayaan Dutta,Male,50,Hyderabad,Telangana,South,2022-07-27,Regular Customer
CUST-03037,Saanvi Chatterjee,Female,41,Delhi,Delhi,North,2024-04-09,Regular Customer
CUST-03038,Anand Das,Male,45,Bhopal,Madhya Pradesh,Central,2023-02-22,VIP Customer
CUST-03039,Krishna Yadav,Male,49,Jaipur,Rajasthan,North,2024-05-22,Loyal Customer
CUST-03040,Siddharth Menon,Male,35,Coimbatore,Tamil Nadu,South,2022-03-28,Regular Customer
CUST-03041,Reyansh Banerjee,Male,42,Bhopal,Madhya Pradesh,Central,2023-03-21,Regular Customer
CUST-03042,Isha Dutta,Female,22,Guwahati,Assam,East,2023-06-08,Regular Customer
CUST-03043,Pranav Iyer,Male,25,Chennai,Tamil Nadu,South,2021-07-11,Regular Customer
CUST-03044,Riya Saxena,Female,36,Hyderabad,Telangana,South,2021-12-27,Regular Customer
CUST-03045,Sneha Dutta,Female,57,Visakhapatnam,Andhra Pradesh,South,2022-01-05,Loyal Customer
CUST-03046,Aarav Joshi,Male,33,Pune,Maharashtra,West,2021-11-30,VIP Customer
CUST-03047,Deepa Nair,Female,23,Pune   ,Maharashtra,West,2024-05-29,Regular Customer
CUST-03048,Arjun Gupta,Male,32,Delhi,Delhi,North,2023-05-24,Regular Customer
CUST-03049,Pallavi Singh,Female,41,Bhopal,Madhya Pradesh,Central,2023-04-05,Regular Customer
CUST-03050,Pooja Bhatia,Female,33,MUMBAI,Maharashtra,West,2021-01-25,Loyal Customer
CUST-03051,Dhruv Nair,Male,26,Kolkata,West Bengal,East,2021-02-12,Regular Customer
CUST-03052,Aarav Choudhury,Male,23,Delhi,Delhi,North,2021-03-31,Regular Customer
CUST-03053,Sunita Gupta,Female,48,Pune,Maharashtra,West,2022-07-03,Regular Customer
CUST-03054,Manish Mukherjee,Male,23,Pune,Maharashtra,West,2021-01-28,Loyal Customer
CUST-03055,Aarav Mishra,Male,40,Bhopal,Madhya Pradesh,Central,2021-08-06,Regular Customer
CUST-03056,Siddharth Reddy,Male,36,Bengaluru,Karnataka,South,2021-06-24,Regular Customer
CUST-03057,Sneha Choudhury,Female,43,Mumbai,Maharashtra,West,2024-02-27,VIP Customer
CUST-03058,Deepa Saxena,Female,43,Jaipur,Rajasthan,North,2022-09-22,Regular Customer
CUST-03059,Ananya Patel,Female,21,Pune,Maharashtra,West,2021-04-25,Regular Customer
CUST-03060,Kavya Singh,Female,28,Hyderabad,Telangana,South,2024-01-19,Regular Customer
CUST-03061,Deepa Verma,Female,22,Surat,Gujarat,West,2021-07-30,Regular Customer
CUST-03062,Vihaan Iyengar,Male,57,Delhi,Delhi,North,2023-05-01,Regular Customer
CUST-03063,Varun Patel,Male,18,Patna,Bihar,East,2021-02-19,Regular Customer
CUST-03064,Pari Bhatia,Female,27,Ahmedabad,Gujarat,West,2022-12-25,Loyal Customer
CUST-03065,Isha Agarwal,Female,31,Guwahati,Assam,East,2023-02-27,Loyal Customer
CUST-03066,Shreya Pandey,Female,23,Coimbatore,Tamil Nadu,South,2021-08-19,Regular Customer
CUST-03067,Aarohi Patel,Female,30,Mumbai,Maharashtra,West,2021-07-28,VIP Customer
CUST-03068,Ishaan Rao,Male,29,Mumbai,Maharashtra,West,2021-06-06,Loyal Customer
CUST-03069,Vihaan Rao,Male,41,Chandigarh,Punjab,North,2021-06-23,VIP Customer
CUST-03070,Neha Bhatia,Female,37,Mumbai,Maharashtra,West,2021-12-31,Regular Customer
CUST-03071,Shaurya Mukherjee,Male,19,Bengaluru,Karnataka,South,2022-01-07,Loyal Customer
CUST-03072,Arjun Tripathi,Male,43,Bengaluru,Karnataka,South,2022-09-10,Loyal Customer
CUST-03073,Khushi Rao,Female,39,Jaipur,Rajasthan,North,2021-08-01,Regular Customer
CUST-03074,Rahul Kaur,Male,18,Bengaluru,Karnataka,South,2023-01-26,VIP Customer
CUST-03075,Kunal Agarwal,Male,47,Indore,Madhya Pradesh,Central,2021-06-06,Loyal Customer
CUST-03076,Rekha Agarwal,Female,24,Bengaluru,Karnataka,South,2021-11-01,Loyal Customer
CUST-03077,Ananya Reddy,Female,26,Pune,Maharashtra,West,2021-10-30,Regular Customer
CUST-03078,Anand Mishra,Male,62,Pune,Maharashtra,West,2023-09-07,Loyal Customer
CUST-03079,Aarohi Banerjee,Female,36,Delhi,Delhi,North,2023-05-26,VIP Customer
CUST-03080,Krishna Bhatia,Male,27,Visakhapatnam,Andhra Pradesh,South,2021-07-05,Regular Customer
CUST-03081,Ananya Saxena,Female,32,Delhi,Delhi,North,2023-02-28,Regular Customer
CUST-03082,Rahul Pillai,Male,25,Kochi,Kerala,South,2023-09-13,Loyal Customer
CUST-03083,Prisha Mukherjee,Female,18,Ahmedabad,Gujarat,West,2022-11-14,Regular Customer
CUST-03084,Manish Agarwal,Male,47,Coimbatore,Tamil Nadu,South,2022-05-19,Regular Customer
CUST-03085,Anjali Iyer,Female,18,Bengaluru,Karnataka,South,2024-01-09,Regular Customer
CUST-03086,Vikram Chatterjee,Male,39,Kochi,Kerala,South,2022-04-17,Regular Customer
CUST-03087,Suresh Das,Male,29,Kochi,Kerala,South,2023-05-14,Regular Customer
CUST-03088,Nikhil Das,Male,18,Patna,Bihar,East,2022-03-26,Loyal Customer
CUST-03089,Isha Rao,Female,31,delhi,Delhi,North,2021-01-06,Regular Customer
CUST-03090,Gaurav Sharma,Male,39,Hyderabad,Telangana,South,2023-01-13,Loyal Customer
CUST-03091,Arjun Agarwal,Male,27,Patna,Bihar,East,2021-08-14,Regular Customer
CUST-03092,Atharv Rao,Male,59,Jaipur,Rajasthan,North,2021-10-13,Regular Customer
CUST-03093,Ananya Pandey,Female,37,Chandigarh,Punjab,North,2024-02-04,VIP Customer
CUST-03094,Pallavi Pillai,Female,36,Hyderabad,Telangana,South,2022-05-12,Regular Customer
CUST-03095,Ayaan Verma,Male,28,Bengaluru,Karnataka,South,2021-10-10,Regular Customer
CUST-03096,Deepak Das,Male,30,Mumbai,Maharashtra,West,2021-10-21,Regular Customer
CUST-03097,Saanvi Das,Female,36,Jaipur,Rajasthan,North,2023-05-20,Regular Customer
CUST-03098,Deepak Malhotra,Male,41,Visakhapatnam,Andhra Pradesh,South,2024-04-06,Regular Customer
CUST-03099,Deepa Mukherjee,Female,36,Hyderabad,Telangana,South,2021-11-20,Regular Customer
CUST-03100,Navya Bhatia,Female,41,Bengaluru,Karnataka,South,2021-06-11,Regular Customer
CUST-03101,Saanvi Banerjee,Female,28,Pune,Maharashtra,West,2023-05-03,Regular Customer
CUST-03102,Diya Iyer,Female,27,Ahmedabad,Gujarat,West,2021-10-14,Loyal Customer
CUST-03103,Deepak Joshi,Male,43,Chennai,Tamil Nadu,South,2023-08-21,Regular Customer
CUST-03104,Meera Menon,Female,32,Kolkata,West Bengal,East,2021-01-28,Regular Customer
CUST-03105,Arjun Verma,Male,34,Bengaluru,Karnataka,South,2021-03-07,Loyal Customer
CUST-03106,Sai Iyengar,Male,49,Mumbai,Maharashtra,West,2021-11-25,Regular Customer
CUST-03107,Deepa Pillai,Female,26,Jaipur,Rajasthan,North,2023-07-20,Loyal Customer
CUST-03108,Deepa Shah,Female,28,Chandigarh,Punjab,North,2024-03-17,Regular Customer
CUST-03109,Deepak Patel,Male,38,Bengaluru,Karnataka,South,2023-05-18,VIP Customer
CUST-03110,Krishna Gupta,Other,45,Bengaluru,Karnataka,South,2023-12-05,Regular Customer
CUST-03111,Arjun Dutta,Male,25,Visakhapatnam,Andhra Pradesh,South,2022-03-10,Regular Customer
CUST-03112,Aanya Patel,Female,32,Pune,Maharashtra,West,2023-03-15,Regular Customer
CUST-03113,Tanvi Chatterjee,Female,27,Ahmedabad,Gujarat,West,2024-05-24,Loyal Customer
CUST-03114,Deepa Das,Female,32,Chennai,Tamil Nadu,South,2023-08-18,Regular Customer
CUST-03115,Divya Singh,Female,25,Delhi,Delhi,North,2023-04-10,Loyal Customer
CUST-03116,Sai Verma,Male,25,Patna,Bihar,East,2023-01-31,Loyal Customer
CUST-03117,Gauri Shah,Female,47,Lucknow,Uttar Pradesh,North,2021-08-11,Regular Customer
CUST-03118,Atharv Mukherjee,Male,18,Delhi,Delhi,North,2022-11-19,Regular Customer
CUST-03119,Khushi Saxena,Female,35,Hyderabad,Telangana,South,2024-01-15,Regular Customer
CUST-03120,Gauri Mukherjee,Female,33,Delhi,Delhi,North,2021-01-23,Loyal Customer
CUST-03121,Ishaan Mehta,Male,18,Delhi,Delhi,North,2024-02-04,Regular Customer
CUST-03122,Varun Verma,Male,34,Mumbai,Maharashtra,West,2022-05-08,Regular Customer
CUST-03123,Priyanka Banerjee,Female,22,Delhi,Delhi,North,2021-04-02,Loyal Customer
CUST-03124,Kunal Iyer,Male,32,Ahmedabad,Gujarat,West,2021-04-04,Regular Customer
CUST-03125,Aditya Joshi,Male,38,Lucknow,Uttar Pradesh,North,2021-01-18,VIP Customer
CUST-03126,Nikhil Joshi,Male,29,Kochi,Kerala,South,2023-03-27,Regular Customer
CUST-03127,Shaurya Choudhury,Male,36,Jaipur,Rajasthan,North,2023-03-12,Loyal Customer
CUST-03128,Arjun Das,Other,45,Bengaluru,Karnataka,South,2021-07-19,Regular Customer
CUST-03129,Nandini Dutta,Female,26,Mumbai,Maharashtra,West,2023-10-29,Regular Customer
CUST-03130,Kunal Choudhury,Male,32,Jaipur,Rajasthan,North,2021-11-04,Regular Customer
CUST-03131,Anita Nair,Female,27,Chennai,Tamil Nadu,South,2023-09-04,Loyal Customer
CUST-03132,Rekha Verma,Female,33,Hyderabad,Telangana,South,2022-08-18,Regular Customer
CUST-03133,Swati Menon,Female,40,Kolkata,West Bengal,East,2021-06-11,VIP Customer
CUST-03134,Aadhya Das,Female,40,,Telangana,South,2022-04-20,VIP Customer
CUST-03135,Anita Kaur,Female,24,Mumbai,Maharashtra,West,2021-10-16,Loyal Customer
CUST-03136,Diya Iyengar,Female,22,Chennai,Tamil Nadu,South,2023-11-24,VIP Customer
CUST-03137,Ramesh Singh,Male,36,Kochi,Kerala,South,2023-12-08,VIP Customer
CUST-03138,Meera Menon,Female,30,Ahmedabad,Gujarat,West,2021-09-26,Regular Customer
CUST-03139,Atharv Mukherjee,Male,41,Delhi,Delhi,North,2023-06-02,Regular Customer
CUST-03140,Deepak Choudhury,Male,30,Hyderabad,Telangana,South,2023-03-05,Regular Customer
CUST-03141,Ramesh Mukherjee,Male,46,Delhi,Delhi,North,2021-06-03,VIP Customer
CUST-03142,Priyanka Singh,Female,18,Bengaluru,Karnataka,South,2023-10-16,Regular Customer
CUST-03143,Aarav Bhatia,Male,54,Chandigarh,Punjab,North,2022-09-26,Regular Customer
CUST-03144,Anita Mishra,Female,20,Chennai,Tamil Nadu,South,2021-06-28,Regular Customer
CUST-03145,Rohan Reddy,Male,49,Kolkata,West Bengal,East,2021-12-14,VIP Customer
CUST-03146,Diya Gupta,Female,18,Bhubaneswar,Odisha,East,2022-07-28,Loyal Customer
CUST-03147,Atharv Gupta,Male,36,Bengaluru,Karnataka,South,2021-05-26,Regular Customer
CUST-03148,Nikhil Menon,Male,22,Bhubaneswar,Odisha,East,2022-06-13,VIP Customer
CUST-03149,Krishna Choudhury,Male,34,Indore,Madhya Pradesh,Central,2023-06-25,Loyal Customer
CUST-03150,Arjun Malhotra,Male,36,Bengaluru,Karnataka,South,2024-03-10,Regular Customer
CUST-03151,Navya Yadav,Female,27,Bengaluru,Karnataka,South,2022-08-11,Regular Customer
CUST-03152,Gaurav Mukherjee,Male,23,Delhi,Delhi,North,2021-09-22,Regular Customer
CUST-03153,Pooja Yadav,Female,35,Hyderabad,Telangana,South,2022-10-05,Regular Customer
CUST-03154,Rajesh Pillai,Male,33,Pune,Maharashtra,West,2023-11-03,Regular Customer
CUST-03155,Nandini Tripathi,Female,39,Bengaluru,Karnataka,South,2021-03-29,Loyal Customer
CUST-03156,Divya Verma,Female,46,Mumbai,Maharashtra,West,2022-05-17,Loyal Customer
CUST-03157,Anjali Sharma,Female,52,Bhopal,Madhya Pradesh,Central,2021-11-13,VIP Customer
CUST-03158,Ishaan Nair,Male,37,Bengaluru,Karnataka,South,2021-11-21,Loyal Customer
CUST-03159,Rekha Gupta,Female,42,Chennai,Tamil Nadu,South,2022-04-02,Regular Customer
CUST-03160,Riya Kaur,Female,28,Pune,Maharashtra,West,2021-07-11,Regular Customer
CUST-03161,Riya Singh,Female,43,Bengaluru,Karnataka,South,2024-01-01,VIP Customer
CUST-03162,Riya Malhotra,Female,27,delhi,Delhi,North,2021-06-25,Regular Customer
CUST-03163,Vihaan Agarwal,Male,20,Nagpur,Maharashtra,West,2023-03-24,Loyal Customer
CUST-03164,Reyansh Nair,Male,23,Bhopal,Madhya Pradesh,Central,2022-11-05,Regular Customer
CUST-03165,Shaurya Mukherjee,Other,40,Mumbai,Maharashtra,West,2023-09-23,Regular Customer
CUST-03166,Tanvi Iyer,Female,31,Kolkata,West Bengal,East,2021-08-23,Regular Customer
CUST-03167,Aanya Chatterjee,Female,35,Jaipur,Rajasthan,North,2021-11-15,VIP Customer
CUST-03168,Ananya Singh,Female,26,Surat,Gujarat,West,2022-03-14,Regular Customer
CUST-03169,Aanya Mukherjee,Female,32,Hyderabad,Telangana,South,2023-02-18,Regular Customer
CUST-03170,Kunal Rao,Male,26,Chennai,Tamil Nadu,South,2023-05-31,VIP Customer
CUST-03171,Reyansh Verma,Male,36,Mumbai,Maharashtra,West,2022-03-10,VIP Customer
CUST-03172,Sunita Kaur,Female,32,Kolkata,West Bengal,East,2023-05-17,Regular Customer
CUST-03173,Divya Saxena,Female,28,Chennai,Tamil Nadu,South,2021-06-21,Regular Customer
CUST-03174,Krishna Nair,Male,44,Hyderabad,Telangana,South,2021-06-17,Regular Customer
CUST-03175,Shreya Menon,Female,31,Mumbai,Maharashtra,West,2023-05-10,Regular Customer
CUST-03176,Swati Tripathi,Female,22,Delhi,Delhi,North,2022-06-16,Regular Customer
CUST-03177,Aanya Gupta,Female,30,Visakhapatnam,Andhra Pradesh,South,2023-05-28,Regular Customer
CUST-03178,Sunita Joshi,Female,55,Hyderabad,Telangana,South,2021-12-03,Regular Customer
CUST-03179,Kabir Iyer,Male,30,Guwahati,Assam,East,2023-09-01,Regular Customer
CUST-03180,Kunal Saxena,Male,34,Chandigarh,Punjab,North,2023-06-14,Regular Customer
CUST-03181,Shreya Banerjee,Female,36,Bengaluru,Karnataka,South,2023-03-08,Loyal Customer
CUST-03182,Anjali Mishra,Female,31,Bengaluru,Karnataka,South,2024-05-07,Regular Customer
CUST-03183,Tanvi Kaur,Female,34,Kolkata,West Bengal,East,2024-03-30,Loyal Customer
CUST-03184,Shaurya Kaur,Male,30,Delhi,Delhi,North,2022-10-11,Regular Customer
CUST-03185,Nandini Menon,Female,35,  Bengaluru ,Karnataka,South,2021-10-30,Regular Customer
CUST-03186,Meera Malhotra,Female,18,Mumbai,Maharashtra,West,2023-04-13,Regular Customer
CUST-03187,Anand Sharma,Male,27,Bengaluru,Karnataka,South,2023-07-12,VIP Customer
CUST-03188,Gaurav Bhatia,Male,18,Bhubaneswar,Odisha,East,2023-07-10,Loyal Customer
CUST-03189,Priyanka Malhotra,Female,23,Lucknow,Uttar Pradesh,North,2021-03-16,Regular Customer
CUST-03190,Reyansh Pillai,Male,34,Bhopal,Madhya Pradesh,Central,2024-01-24,Loyal Customer
CUST-03191,Ramesh Nair,Male,18,Patna,Bihar,East,2022-03-19,Regular Customer
CUST-03192,Reyansh Kaur,Male,21,Pune,Maharashtra,West,2024-03-27,VIP Customer
CUST-03193,Atharv Pandey,Male,39,Chennai,Tamil Nadu,South,2023-01-16,Regular Customer
CUST-03194,Pranav Joshi,Male,36,Surat,Gujarat,West,2023-10-26,Loyal Customer
CUST-03195,Aarohi Das,Female,62,Lucknow,Uttar Pradesh,North,2023-10-20,Loyal Customer
CUST-03196,Rohan Pillai,Male,28,Kochi,Kerala,South,2023-04-21,Regular Customer
CUST-03197,Siddharth Chatterjee,Male,24,Ahmedabad,Gujarat,West,2023-05-23,Regular Customer
CUST-03198,Sunita Reddy,Female,30,Bhubaneswar,Odisha,East,2021-08-21,VIP Customer
CUST-03199,Riya Pillai,Female,45,Hyderabad,Telangana,South,2023-02-04,Regular Customer
CUST-03200,Neha Saxena,Female,28,Ahmedabad,Gujarat,West,2024-01-17,Regular Customer
CUST-03201,Ishaan Yadav,Male,33,Chennai,Tamil Nadu,South,2023-06-15,Loyal Customer
CUST-03202,Deepak Mukherjee,Other,43,Kolkata,West Bengal,East,2021-07-23,VIP Customer
CUST-03203,Kunal Pandey,Male,47,Indore,Madhya Pradesh,Central,2021-08-01,Regular Customer
CUST-03204,Saanvi Mukherjee,Female,33,Lucknow,Uttar Pradesh,North,2023-04-23,Regular Customer
CUST-03205,Anand Choudhury,Male,29,Visakhapatnam,Andhra Pradesh,South,2024-01-21,Regular Customer
CUST-03206,Riya Iyengar,Female,30,Coimbatore,Tamil Nadu,South,2024-04-05,Loyal Customer
CUST-03207,Swati Joshi,Female,56,Pune,Maharashtra,West,2023-05-12,Regular Customer
CUST-03208,Nikhil Menon,Male,39,Chandigarh,Punjab,North,2024-02-04,Regular Customer
CUST-03209,Reyansh Yadav,Male,33,Kolkata,West Bengal,East,2023-08-20,VIP Customer
CUST-03210,Atharv Mishra,Male,57,Bengaluru,Karnataka,South,2023-08-09,Regular Customer
CUST-03211,Siddharth Singh,Male,27,Pune,Maharashtra,West,2023-03-22,Regular Customer
CUST-03212,Navya Mishra,Female,25,Delhi,Delhi,North,2022-04-04,Regular Customer
CUST-03213,Kavya Tripathi,Female,25,Bengaluru,Karnataka,South,2022-06-26,Regular Customer
CUST-03214,Nandini Mishra,Female,41,Kochi,Kerala,South,2023-04-30,Loyal Customer
CUST-03215,Saanvi Tripathi,Female,31,Pune,Maharashtra,West,2023-04-30,Regular Customer
CUST-03216,Aarav Bhatia,Male,24,Chennai,Tamil Nadu,South,2023-02-06,Loyal Customer
CUST-03217,Pooja Pandey,Female,45,Kochi,Kerala,South,2024-05-13,Regular Customer
CUST-03218,Sai Banerjee,Male,25,Kochi,Kerala,South,2023-05-31,Regular Customer
CUST-03219,Dhruv Mehta,Male,30,Mumbai,Maharashtra,West,2024-06-16,Loyal Customer
CUST-03220,Deepa Verma,Female,35,Chennai,Tamil Nadu,South,2024-03-29,Regular Customer
CUST-03221,Divya Nair,Female,18,kolkata,West Bengal,East,2021-12-22,Regular Customer
CUST-03222,Shaurya Iyengar,Male,23,Hyderabad,Telangana,South,2021-11-21,Regular Customer
CUST-03223,Aarohi Das,Female,39,Visakhapatnam,Andhra Pradesh,South,2021-09-16,Regular Customer
CUST-03224,Manish Banerjee,Male,37,Lucknow,Uttar Pradesh,North,2023-03-14,Loyal Customer
CUST-03225,Manish Agarwal,Male,30,Guwahati,Assam,East,2022-06-17,Loyal Customer
CUST-03226,Diya Reddy,Female,55,Nagpur,Maharashtra,West,2022-02-22,Regular Customer
CUST-03227,Saanvi Pillai,Female,18,Hyderabad,Telangana,South,2021-01-24,Loyal Customer
CUST-03228,Suresh Bhatia,Male,30,Kolkata,West Bengal,East,2021-02-26,Loyal Customer
CUST-03229,Vikram Agarwal,Male,38,Coimbatore,Tamil Nadu,South,2021-06-11,Loyal Customer
CUST-03230,Aarav Dutta,Male,33,Hyderabad,Telangana,South,2021-09-25,VIP Customer
CUST-03231,Manish Singh,Male,45,Kolkata,West Bengal,East,2023-01-04,Regular Customer
CUST-03232,Divya Tripathi,Female,26,Patna,Bihar,East,2022-03-31,Regular Customer
CUST-03233,Anjali Pandey,Female,37,Chennai,Tamil Nadu,South,2022-05-18,Loyal Customer
CUST-03234,Kunal Mishra,Male,25,Mumbai,Maharashtra,West,2023-02-14,Loyal Customer
CUST-03235,Rajesh Verma,Male,18,Lucknow,Uttar Pradesh,North,2022-07-18,Regular Customer
CUST-03236,Ananya Singh,Female,24,Bengaluru,Karnataka,South,2021-02-17,Loyal Customer
CUST-03237,Suresh Yadav,Male,34,Bengaluru,Karnataka,South,2021-07-31,Regular Customer
CUST-03238,Varun Mukherjee,Male,39,Mumbai,Maharashtra,West,2021-09-09,Regular Customer
CUST-03239,Ishaan Shah,Male,36,Delhi,Delhi,North,2022-01-05,Regular Customer
CUST-03240,Sneha Yadav,Female,21,Pune,Maharashtra,West,2023-01-11,VIP Customer
CUST-03241,Reyansh Nair,Male,44,Chennai,Tamil Nadu,South,2021-07-26,Regular Customer
CUST-03242,Aarav Pillai,Male,26,Kolkata,West Bengal,East,2021-05-31,Regular Customer
CUST-03243,Divya Gupta,Female,26,Pune,Maharashtra,West,2022-03-07,Loyal Customer
CUST-03244,Dhruv Tripathi,Male,28,Chennai,Tamil Nadu,South,2022-10-05,Loyal Customer
CUST-03245,Riya Mishra,Female,59,Pune,Maharashtra,West,2021-11-26,Regular Customer
CUST-03246,Saanvi Tripathi,Female,31,Lucknow,Uttar Pradesh,North,2022-01-01,Loyal Customer
CUST-03247,Divya Mukherjee,Female,41,Chennai,Tamil Nadu,South,2021-03-06,Regular Customer
CUST-03248,Shaurya Rao,Male,37,Indore,Madhya Pradesh,Central,2023-09-19,VIP Customer
CUST-03249,Neha Chatterjee,Female,34,Chennai,Tamil Nadu,South,2021-01-11,Regular Customer
CUST-03250,Anand Shah,Male,26,Mumbai,Maharashtra,West,2021-09-07,Regular Customer
CUST-03251,Saanvi Chatterjee,Female,22,Ahmedabad,Gujarat,West,2021-02-17,Regular Customer
CUST-03252,Sunita Bhatia,Female,32,Indore,Madhya Pradesh,Central,2022-03-19,VIP Customer
CUST-03253,Aarohi Tripathi,Female,39,Patna,Bihar,East,2022-03-21,Regular Customer
CUST-03254,Arjun Patel,Male,31,Delhi,Delhi,North,2021-06-20,Loyal Customer
CUST-03255,Arjun Shah,Male,48,Pune,Maharashtra,West,2022-07-15,Regular Customer
CUST-03256,Aadhya Rao,Female,18,Kolkata,West Bengal,East,2024-02-04,Loyal Customer
CUST-03257,Rohan Dutta,Male,28,Visakhapatnam,Andhra Pradesh,South,2023-10-13,Regular Customer
CUST-03258,Dhruv Agarwal,Male,41,Nagpur,Maharashtra,West,2022-01-31,Regular Customer
CUST-03259,Reyansh Kaur,Male,41,Chennai,Tamil Nadu,South,2022-07-30,VIP Customer
CUST-03260,Aarohi Banerjee,Female,38,Pune,Maharashtra,West,2024-04-18,Regular Customer
CUST-03261,Anita Mehta,Female,27,HYDERABAD,Telangana,South,2023-09-27,Regular Customer
CUST-03262,Riya Pillai,Female,41,Coimbatore,Tamil Nadu,South,2024-05-06,Loyal Customer
CUST-03263,Deepa Reddy,Female,29,Guwahati,Assam,East,2024-06-29,Regular Customer
CUST-03264,Dhruv Pillai,Male,46,Pune,Maharashtra,West,2022-02-14,Loyal Customer
CUST-03265,Navya Tripathi,Female,27,Coimbatore,Tamil Nadu,South,2021-05-12,Regular Customer
CUST-03266,Nandini Verma,Female,30,Delhi,Delhi,North,2023-11-14,Regular Customer
CUST-03267,Prisha Joshi,Female,19,Bengaluru,Karnataka,South,2024-05-21,Loyal Customer
CUST-03268,Divya Iyengar,Female,52,Lucknow,Uttar Pradesh,North,2022-12-23,Regular Customer
CUST-03269,Aarohi Saxena,Female,24,Chennai,Tamil Nadu,South,2022-10-23,Regular Customer
CUST-03270,Sai Rao,Male,35,Delhi,Delhi,North,2022-05-18,Regular Customer
CUST-03271,Swati Rao,Female,30,Delhi,Delhi,North,2023-02-01,Regular Customer
CUST-03272,Meera Malhotra,Female,41,Patna,Bihar,East,2021-01-20,Regular Customer
CUST-03273,Saanvi Das,Female,34,Chandigarh,Punjab,North,2022-11-05,Regular Customer
CUST-03274,Suresh Mishra,Male,44,Hyderabad   ,Telangana,South,2022-10-21,VIP Customer
CUST-03275,Vikram Gupta,Male,41,Bhubaneswar,Odisha,East,2023-03-01,Regular Customer
CUST-03276,Reyansh Iyengar,Male,33,Delhi,Delhi,North,2022-03-22,Regular Customer
CUST-03277,Krishna Das,Male,42,Coimbatore,Tamil Nadu,South,2024-05-29,VIP Customer
CUST-03278,Anita Yadav,Female,18,Jaipur,Rajasthan,North,2021-06-03,Loyal Customer
CUST-03279,Divya Pillai,Female,18,Kolkata,West Bengal,East,2023-06-11,Regular Customer
CUST-03280,Meera Mehta,Female,34,Chandigarh,Punjab,North,2022-02-08,Regular Customer
CUST-03281,Rahul Iyer,Male,18,,Maharashtra,West,2021-04-06,VIP Customer
CUST-03282,Kabir Malhotra,Male,18,Indore,Madhya Pradesh,Central,2021-09-12,Regular Customer
CUST-03283,Neha Reddy,Female,38,Coimbatore,Tamil Nadu,South,2024-04-25,Regular Customer
CUST-03284,Suresh Sharma,Male,18,Surat,Gujarat,West,2022-08-07,Regular Customer
CUST-03285,Kunal Yadav,Male,37,Kochi,Kerala,South,2024-03-25,VIP Customer
CUST-03286,Pallavi Menon,Female,35,Pune,Maharashtra,West,2022-08-06,Regular Customer
CUST-03287,Dhruv Verma,Male,31,Pune,Maharashtra,West,2023-12-29,VIP Customer
CUST-03288,Vivaan Reddy,Male,40,Pune,Maharashtra,West,2021-02-03,Regular Customer
CUST-03289,Vihaan Pandey,Male,56,Delhi,Delhi,North,2023-05-01,Loyal Customer
CUST-03290,Krishna Reddy,Male,18,Bengaluru,Karnataka,South,2022-12-10,Regular Customer
CUST-03291,Anjali Choudhury,Female,25,delhi,Delhi,North,2022-10-04,Regular Customer
CUST-03292,Vivaan Nair,Male,26,Indore,Madhya Pradesh,Central,2022-09-04,Loyal Customer
CUST-03293,Riya Iyer,Female,19,Bengaluru,Karnataka,South,2021-09-06,Loyal Customer
CUST-03294,Ramesh Malhotra,Male,37,Nagpur,Maharashtra,West,2021-03-01,Regular Customer
CUST-03295,Siddharth Sharma,Male,28,Bengaluru,Karnataka,South,2021-10-12,Regular Customer
CUST-03296,Shaurya Yadav,Male,51,Mumbai,Maharashtra,West,2023-06-12,Regular Customer
CUST-03297,Aadhya Mehta,Female,41,Mumbai,Maharashtra,West,2023-01-26,Loyal Customer
CUST-03298,Anjali Sharma,Female,22,Delhi,Delhi,North,2021-04-18,Regular Customer
CUST-03299,Anita Verma,Female,52,Hyderabad,Telangana,South,2021-08-15,Regular Customer
CUST-03300,Ishaan Gupta,Male,31,Chennai,Tamil Nadu,South,2022-06-25,Regular Customer
CUST-03301,Ramesh Mishra,Male,52,Pune,Maharashtra,West,2023-02-17,Regular Customer
CUST-03302,Diya Agarwal,Female,46,Mumbai,Maharashtra,West,2021-10-10,Loyal Customer
CUST-03303,Aarohi Bhatia,Female,35,Indore,Madhya Pradesh,Central,2022-10-16,VIP Customer
CUST-03304,Sunita Banerjee,Female,31,Mumbai,Maharashtra,West,2023-04-27,Loyal Customer
CUST-03305,Rajesh Malhotra,Male,41,Bengaluru,Karnataka,South,2023-12-05,Regular Customer
CUST-03306,Suresh Iyer,Male,20,Bhubaneswar   ,Odisha,East,2023-10-01,VIP Customer
CUST-03307,Meera Choudhury,Female,18,Chennai,Tamil Nadu,South,2023-09-16,Regular Customer
CUST-03308,Krishna Choudhury,Male,18,Ahmedabad,Gujarat,West,2022-08-30,Loyal Customer
CUST-03309,Atharv Chatterjee,Male,37,Ahmedabad,Gujarat,West,2022-05-12,Loyal Customer
CUST-03310,Anand Yadav,Male,39,Delhi,Delhi,North,2022-02-26,Loyal Customer
CUST-03311,Aadhya Iyer,Female,18,Delhi,Delhi,North,2021-05-04,Regular Customer
CUST-03312,Rajesh Mehta,Male,32,Indore,Madhya Pradesh,Central,2023-08-17,Loyal Customer
CUST-03313,Reyansh Iyer,Male,18,Pune,Maharashtra,West,2021-08-03,Regular Customer
CUST-03314,Deepa Banerjee,Female,48,Patna,Bihar,East,2023-12-17,Regular Customer
CUST-03315,Shaurya Choudhury,Male,32,Ahmedabad,Gujarat,West,2022-10-01,Loyal Customer
CUST-03316,Divya Bhatia,Female,29,Jaipur,Rajasthan,North,2023-10-31,Regular Customer
CUST-03317,Arjun Patel,Male,21,Chandigarh,Punjab,North,2023-01-15,Regular Customer
CUST-03318,Rohan Yadav,Male,38,Lucknow,Uttar Pradesh,North,2024-06-24,Regular Customer
CUST-03319,Nikhil Nair,Male,50,Delhi,Delhi,North,2022-01-20,Regular Customer
CUST-03320,Prisha Saxena,Female,24,Ahmedabad,Gujarat,West,2022-09-22,VIP Customer
CUST-03321,Priyanka Singh,Female,30,Ahmedabad,Gujarat,West,2021-07-29,Regular Customer
CUST-03322,Pranav Malhotra,Male,18,Lucknow,Uttar Pradesh,North,2021-08-14,Regular Customer
CUST-03323,Pranav Menon,Male,26,Mumbai,Maharashtra,West,2022-01-19,Regular Customer
CUST-03324,Rahul Kaur,Male,26,Chandigarh,Punjab,North,2023-12-24,Regular Customer
CUST-03325,Kavya Malhotra,Female,42,Lucknow,Uttar Pradesh,North,2024-02-02,Regular Customer
CUST-03326,Prisha Mehta,Female,33,Mumbai,Maharashtra,West,2021-11-05,Regular Customer
CUST-03327,Kabir Iyengar,Male,45,Hyderabad,Telangana,South,2022-11-15,Regular Customer
CUST-03328,Kavya Rao,Female,26,Delhi,Delhi,North,2021-07-20,Regular Customer
CUST-03329,Dhruv Dutta,Male,22,Hyderabad,Telangana,South,2023-05-16,Regular Customer
CUST-03330,Gauri Nair,Female,18,Mumbai,Maharashtra,West,2021-12-28,Loyal Customer
CUST-03331,Amit Mukherjee,Male,30,Hyderabad,Telangana,South,2023-10-08,Regular Customer
CUST-03332,Aarohi Kaur,Female,27,Ahmedabad,Gujarat,West,2021-04-13,Loyal Customer
CUST-03333,Aarohi Patel,Female,27,Kochi,Kerala,South,2021-08-24,Regular Customer
CUST-03334,Aanya Banerjee,Female,36,Pune,Maharashtra,West,2022-06-30,Regular Customer
CUST-03335,Anjali Malhotra,Female,22,Chennai,Tamil Nadu,South,2022-07-19,Regular Customer
CUST-03336,Ramesh Das,Male,40,Mumbai,Maharashtra,West,2023-04-09,Regular Customer
CUST-03337,Aarohi Patel,Female,37,Kolkata,West Bengal,East,2022-07-04,Regular Customer
CUST-03338,Sai Mishra,Male,24,Surat,Gujarat,West,2022-02-21,Regular Customer
CUST-03339,Khushi Das,Female,18,Delhi,Delhi,North,2024-05-06,Regular Customer
CUST-03340,Aarav Malhotra,Male,34,Bengaluru,Karnataka,South,2022-01-15,Regular Customer
CUST-03341,Deepak Mukherjee,Male,33,Bhubaneswar,Odisha,East,2023-09-04,Loyal Customer
CUST-03342,Rekha Agarwal,Female,38,Chennai,Tamil Nadu,South,2022-05-04,Regular Customer
CUST-03343,Swati Gupta,Female,45,Bengaluru,Karnataka,South,2021-12-08,Regular Customer
CUST-03344,Pranav Menon,Male,32,Patna,Bihar,East,2021-10-18,VIP Customer
CUST-03345,Swati Iyer,Female,33,Hyderabad,Telangana,South,2023-05-27,Regular Customer
CUST-03346,Diya Shah,Female,25,Bhopal,Madhya Pradesh,Central,2021-06-07,Regular Customer
CUST-03347,Nikhil Yadav,Male,52,Delhi,Delhi,North,2021-01-20,Loyal Customer
CUST-03348,Sneha Banerjee,Female,38,Ahmedabad,Gujarat,West,2021-01-03,Regular Customer
CUST-03349,Isha Iyer,Female,24,Kolkata,West Bengal,East,2021-08-13,Regular Customer
CUST-03350,Aarav Banerjee,Male,29,Nagpur,Maharashtra,West,2022-08-19,Loyal Customer
CUST-03351,Amit Iyengar,Male,34,Hyderabad,Telangana,South,2021-12-09,Loyal Customer
CUST-03352,Nikhil Malhotra,Male,50,Ahmedabad,Gujarat,West,2021-07-24,Regular Customer
CUST-03353,Tanvi Reddy,Female,38,Bengaluru,Karnataka,South,2023-07-16,Regular Customer
CUST-03354,Atharv Chatterjee,Male,30,Pune,Maharashtra,West,2022-06-12,Loyal Customer
CUST-03355,Krishna Rao,Male,31,Mumbai,Maharashtra,West,2023-07-29,Regular Customer
CUST-03356,Atharv Joshi,Male,39,Ahmedabad,Gujarat,West,2022-11-15,VIP Customer
CUST-03357,Sunita Kaur,Female,29,Bengaluru,Karnataka,South,2024-05-05,Regular Customer
CUST-03358,Kavya Kaur,Female,34,Mumbai,Maharashtra,West,2023-11-30,Loyal Customer
CUST-03359,Saanvi Bhatia,Female,47,Delhi,Delhi,North,2023-04-21,VIP Customer
CUST-03360,Rajesh Bhatia,Male,18,Delhi,Delhi,North,2023-01-02,Regular Customer
CUST-03361,Ayaan Banerjee,Male,34,Pune,Maharashtra,West,2023-06-02,Regular Customer
CUST-03362,Tanvi Gupta,Female,18,JAIPUR,Rajasthan,North,2022-02-01,VIP Customer
CUST-03363,Pari Singh,Female,24,Chennai,Tamil Nadu,South,2021-08-10,VIP Customer
CUST-03364,Nandini Singh,Female,18,Bengaluru,Karnataka,South,2024-01-21,VIP Customer
CUST-03365,Rohan Tripathi,Male,20,Bhubaneswar,Odisha,East,2023-12-16,Regular Customer
CUST-03366,Pallavi Kaur,Female,39,Mumbai,Maharashtra,West,2022-12-16,VIP Customer
CUST-03367,Dhruv Banerjee,Male,60,Bengaluru,Karnataka,South,2023-05-05,VIP Customer
CUST-03368,Kavya Joshi,Female,31,Ahmedabad,Gujarat,West,2022-01-26,Regular Customer
CUST-03369,Amit Das,Male,39,Chennai,Tamil Nadu,South,2022-12-05,Loyal Customer
CUST-03370,Aarohi Pillai,Female,27,Bhubaneswar,Odisha,East,2023-07-21,Loyal Customer
CUST-03371,Anita Mishra,Female,19,Indore,Madhya Pradesh,Central,2022-12-12,Regular Customer
CUST-03372,Aarav Iyer,Male,27,Delhi,Delhi,North,2021-10-29,Regular Customer
CUST-03373,Ananya Iyengar,Female,33,Jaipur,Rajasthan,North,2022-08-17,Loyal Customer
CUST-03374,Rajesh Saxena,Male,30,Bengaluru,Karnataka,South,2022-09-14,Regular Customer
CUST-03375,Aditya Mishra,Male,28,Surat,Gujarat,West,2022-08-27,Regular Customer
CUST-03376,Vivaan Mehta,Male,34,Guwahati,Assam,East,2022-08-03,Loyal Customer
CUST-03377,Vihaan Verma,Male,25,Mumbai,Maharashtra,West,2023-09-28,Regular Customer
CUST-03378,Prisha Rao,Female,40,Patna,Bihar,East,2021-01-02,Regular Customer
CUST-03379,Arjun Rao,Male,38,  Patna ,Bihar,East,2022-08-04,Loyal Customer
CUST-03380,Amit Kaur,Male,52,Kolkata,West Bengal,East,2024-02-23,Regular Customer
CUST-03381,Aditya Das,Male,41,Delhi,Delhi,North,2022-07-09,Regular Customer
CUST-03382,Anand Mehta,Male,29,Pune,Maharashtra,West,2023-06-04,Loyal Customer
CUST-03383,Aadhya Joshi,Female,28,Surat,Gujarat,West,2022-03-25,Regular Customer
CUST-03384,Varun Rao,Male,19,Jaipur,Rajasthan,North,2022-05-25,Loyal Customer
CUST-03385,Divya Nair,Female,40,Chandigarh,Punjab,North,2023-05-16,Regular Customer
CUST-03386,Pranav Malhotra,Male,32,Pune,Maharashtra,West,2022-06-20,VIP Customer
CUST-03387,Neha Joshi,Female,43,Hyderabad,Telangana,South,2021-12-21,Loyal Customer
CUST-03388,Rajesh Tripathi,Male,35,Delhi,Delhi,North,2022-10-23,Loyal Customer
CUST-03389,Arjun Kaur,Male,45,Ahmedabad,Gujarat,West,2022-02-13,Regular Customer
CUST-03390,Prisha Chatterjee,Female,47,Kolkata,West Bengal,East,2022-02-13,Regular Customer
CUST-03391,Aadhya Joshi,Female,39,Lucknow,Uttar Pradesh,North,2024-03-06,VIP Customer
CUST-03392,Rohan Chatterjee,Male,30,Pune,Maharashtra,West,2022-01-11,Regular Customer
CUST-03393,Nandini Pandey,Female,35,Bengaluru,Karnataka,South,2023-06-14,Regular Customer
CUST-03394,Amit Menon,Male,21,Surat,Gujarat,West,2022-10-04,Regular Customer
CUST-03395,Swati Das,Female,36,Hyderabad,Telangana,South,2023-01-03,Regular Customer
CUST-03396,Prisha Menon,Female,41,Jaipur,Rajasthan,North,2023-05-12,VIP Customer
CUST-03397,Riya Sharma,Female,39,Surat,Gujarat,West,2024-02-19,Regular Customer
CUST-03398,Sunita Pillai,Female,29,Surat,Gujarat,West,2021-07-01,Loyal Customer
CUST-03399,Ramesh Agarwal,Male,33,Mumbai,Maharashtra,West,2022-09-12,Loyal Customer
CUST-03400,Priyanka Iyengar,Female,34,Kolkata,West Bengal,East,2023-02-04,Regular Customer
CUST-03401,Vikram Tripathi,Male,20,Chennai,Tamil Nadu,South,2024-03-04,VIP Customer
CUST-03402,Aanya Choudhury,Female,35,Mumbai,Maharashtra,West,2023-03-16,Regular Customer
CUST-03403,Rajesh Sharma,Male,42,Surat,Gujarat,West,2023-08-06,Loyal Customer
CUST-03404,Rekha Iyengar,Female,40,Bengaluru,Karnataka,South,2023-08-01,Loyal Customer
CUST-03405,Aadhya Verma,Female,37,Lucknow,Uttar Pradesh,North,2022-07-08,Loyal Customer
CUST-03406,Divya Malhotra,Female,48,Lucknow,Uttar Pradesh,North,2022-11-14,Loyal Customer
CUST-03407,Siddharth Joshi,Male,18,Delhi,Delhi,North,2024-03-04,Regular Customer
CUST-03408,Shaurya Yadav,Male,18,Delhi,Delhi,North,2021-05-05,Regular Customer
CUST-03409,Priyanka Kaur,Female,44,Surat,Gujarat,West,2023-11-13,Loyal Customer
CUST-03410,Vivaan Das,Male,18,Lucknow,Uttar Pradesh,North,2022-02-24,Regular Customer
CUST-03411,Anjali Dutta,Female,34,Kolkata,West Bengal,East,2023-10-12,Regular Customer
CUST-03412,Pranav Kaur,Male,18,Coimbatore,Tamil Nadu,South,2021-11-13,Regular Customer
CUST-03413,Ishaan Dutta,Male,32,Kolkata,West Bengal,East,2021-01-14,Loyal Customer
CUST-03414,Ramesh Das,Male,31,Bengaluru,Karnataka,South,2022-02-16,Regular Customer
CUST-03415,Aarav Bhatia,Male,21,Ahmedabad,Gujarat,West,2024-05-21,VIP Customer
CUST-03416,Pooja Malhotra,Female,18,Hyderabad,Telangana,South,2022-05-22,Regular Customer
CUST-03417,Sneha Sharma,Female,18,Jaipur,Rajasthan,North,2023-11-02,Regular Customer
CUST-03418,Aanya Agarwal,Female,56,Bhopal,Madhya Pradesh,Central,2021-09-07,Regular Customer
CUST-03419,Rahul Saxena,Male,29,Bengaluru,Karnataka,South,2022-04-27,Loyal Customer
CUST-03420,Anjali Shah,Female,18,Kochi,Kerala,South,2024-06-08,Loyal Customer
CUST-03421,Rekha Kaur,Female,36,Hyderabad,Telangana,South,2024-06-17,Regular Customer
CUST-03422,Ananya Singh,Female,38,Mumbai,Maharashtra,West,2021-02-14,Regular Customer
CUST-03423,Deepa Dutta,Female,18,JAIPUR,Rajasthan,North,2022-05-08,Regular Customer
CUST-03424,Tanvi Das,Female,36,Delhi,Delhi,North,2024-01-25,Regular Customer
CUST-03425,Rahul Joshi,Male,53,Bhubaneswar,Odisha,East,2022-08-16,Loyal Customer
CUST-03426,Priyanka Iyer,Female,18,Kolkata,West Bengal,East,2023-01-23,Loyal Customer
CUST-03427,Pari Nair,Female,50,Delhi,Delhi,North,2021-08-08,Regular Customer
CUST-03428,Siddharth Pillai,Male,28,Ahmedabad,Gujarat,West,2021-10-31,Regular Customer
CUST-03429,Rohan Malhotra,Male,41,Hyderabad,Telangana,South,2024-03-01,Regular Customer
CUST-03430,Suresh Joshi,Male,38,Patna,Bihar,East,2021-03-11,Loyal Customer
CUST-03431,Nandini Kaur,Female,22,Jaipur,Rajasthan,North,2024-06-23,Regular Customer
CUST-03432,Pallavi Agarwal,Female,19,Delhi,Delhi,North,2022-12-28,VIP Customer
CUST-03433,Rohan Tripathi,Male,36,Visakhapatnam,Andhra Pradesh,South,2023-07-28,Regular Customer
CUST-03434,Diya Rao,Female,39,Surat,Gujarat,West,2023-10-23,VIP Customer
CUST-03435,Amit Mehta,Male,28,Hyderabad,Telangana,South,2022-12-16,VIP Customer
CUST-03436,Pooja Nair,Female,55,Patna,Bihar,East,2023-11-17,Regular Customer
CUST-03437,Manish Bhatia,Male,18,Chennai,Tamil Nadu,South,2022-12-22,Loyal Customer
CUST-03438,Priyanka Reddy,Female,47,Bengaluru,Karnataka,South,2023-07-31,Loyal Customer
CUST-03439,Anita Bhatia,Female,38,Jaipur,Rajasthan,North,2022-07-25,Loyal Customer
CUST-03440,Rajesh Joshi,Male,21,Bengaluru,Karnataka,South,2023-03-18,Regular Customer
CUST-03441,Deepa Singh,Female,24,Kolkata,West Bengal,East,2023-09-18,Regular Customer
CUST-03442,Rahul Mukherjee,Male,45,Delhi,Delhi,North,2022-01-05,Loyal Customer
CUST-03443,Varun Iyengar,Male,35,Lucknow,Uttar Pradesh,North,2023-12-13,Regular Customer
CUST-03444,Shreya Reddy,Female,34,Pune,Maharashtra,West,2024-04-20,VIP Customer
CUST-03445,Navya Banerjee,Female,33,Mumbai,Maharashtra,West,2024-06-18,Loyal Customer
CUST-03446,Aadhya Verma,Female,34,Coimbatore,Tamil Nadu,South,2021-03-02,VIP Customer
CUST-03447,Diya Patel,Female,52,Guwahati,Assam,East,2021-07-17,Loyal Customer
CUST-03448,Rahul Agarwal,Male,42,Jaipur,Rajasthan,North,2023-09-03,Regular Customer
CUST-03449,Ayaan Choudhury,Male,46,Delhi,Delhi,North,2022-04-30,Regular Customer
CUST-03450,Pranav Saxena,Male,50,Ahmedabad,Gujarat,West,2023-02-26,Loyal Customer
CUST-03451,Kabir Agarwal,Male,41,Hyderabad,Telangana,South,2021-05-12,Regular Customer
CUST-03452,Krishna Malhotra,Male,27,Surat,Gujarat,West,2021-03-18,Loyal Customer
CUST-03453,Aditya Menon,Male,49,Indore,Madhya Pradesh,Central,2023-02-06,Loyal Customer
CUST-03454,Deepa Sharma,Female,18,Coimbatore,Tamil Nadu,South,2021-12-23,Regular Customer
CUST-03455,Shreya Menon,Female,21,  Lucknow ,Uttar Pradesh,North,2023-02-13,Regular Customer
CUST-03456,Divya Banerjee,Female,29,Mumbai,Maharashtra,West,2024-02-14,Regular Customer
CUST-03457,Kavya Iyer,Female,28,Jaipur,Rajasthan,North,2023-06-16,Loyal Customer
CUST-03458,Ayaan Mehta,Male,18,Chennai,Tamil Nadu,South,2021-11-28,Regular Customer
CUST-03459,Amit Mishra,Male,48,COIMBATORE,Tamil Nadu,South,2022-01-29,Regular Customer
CUST-03460,Aarav Singh,Male,27,Chennai,Tamil Nadu,South,2021-07-17,Regular Customer
CUST-03461,Anita Bhatia,Female,48,Ahmedabad,Gujarat,West,2021-01-11,Regular Customer
CUST-03462,Kabir Banerjee,Male,29,Ahmedabad,Gujarat,West,2024-01-25,VIP Customer
CUST-03463,Shaurya Saxena,Male,67,Bhubaneswar,Odisha,East,2023-12-18,Regular Customer
CUST-03464,Siddharth Mehta,Male,45,Bengaluru,Karnataka,South,2024-03-14,Loyal Customer
CUST-03465,Amit Rao,Male,32,Chennai,Tamil Nadu,South,2023-01-01,Loyal Customer
CUST-03466,Vikram Yadav,Male,33,Indore,Madhya Pradesh,Central,2021-10-10,Loyal Customer
CUST-03467,Rohan Pillai,Male,18,Patna,Bihar,East,2023-02-10,VIP Customer
CUST-03468,Priyanka Gupta,Female,18,Lucknow,Uttar Pradesh,North,2021-09-18,Loyal Customer
CUST-03469,Khushi Malhotra,Female,29,Nagpur,Maharashtra,West,2021-08-30,Regular Customer
CUST-03470,Vivaan Mukherjee,Male,40,Hyderabad,Telangana,South,2024-01-13,Regular Customer
CUST-03471,Isha Pandey,Female,22,Bengaluru,Karnataka,South,2022-08-17,VIP Customer
CUST-03472,Kavya Nair,Female,22,Chennai,Tamil Nadu,South,2023-01-03,Regular Customer
CUST-03473,Rekha Saxena,Female,36,Delhi,Delhi,North,2022-08-13,Regular Customer
CUST-03474,Priyanka Patel,Female,40,Bengaluru,Karnataka,South,2023-11-27,VIP Customer
CUST-03475,Amit Joshi,Male,34,Mumbai,Maharashtra,West,2023-03-29,Loyal Customer
CUST-03476,Vikram Das,Male,23,Bengaluru,Karnataka,South,2021-08-16,Loyal Customer
CUST-03477,Varun Agarwal,Male,46,Indore,Madhya Pradesh,Central,2022-06-23,Loyal Customer
CUST-03478,Vivaan Reddy,Male,37,Bengaluru,Karnataka,South,2023-05-14,Regular Customer
CUST-03479,Meera Tripathi,Female,24,Lucknow,Uttar Pradesh,North,2021-05-02,Regular Customer
CUST-03480,Anjali Pandey,Female,18,Bengaluru,Karnataka,South,2022-11-07,VIP Customer
CUST-03481,Swati Agarwal,Female,32,Delhi,Delhi,North,2021-05-08,Regular Customer
CUST-03482,Aadhya Mishra,Female,29,,Delhi,North,2024-02-29,VIP Customer
CUST-03483,Deepak Pandey,Male,35,Mumbai,Maharashtra,West,2021-03-14,Regular Customer
CUST-03484,Aditya Pillai,Male,18,Mumbai,Maharashtra,West,2024-05-10,Loyal Customer
CUST-03485,Pallavi Gupta,Female,37,Mumbai,Maharashtra,West,2024-02-04,Regular Customer
CUST-03486,Arjun Shah,Male,24,Kolkata,West Bengal,East,2021-03-27,Regular Customer
CUST-03487,Rahul Iyengar,Male,38,Chennai,Tamil Nadu,South,2022-04-07,Loyal Customer
CUST-03488,Kabir Iyer,Male,47,Surat,Gujarat,West,2022-09-14,Loyal Customer
CUST-03489,Nandini Patel,Female,18,Mumbai,Maharashtra,West,2021-02-13,VIP Customer
CUST-03490,Saanvi Choudhury,Female,37,Bengaluru,Karnataka,South,2022-02-06,Regular Customer
CUST-03491,Gaurav Nair,Male,24,Pune,Maharashtra,West,2021-02-07,Loyal Customer
CUST-03492,Vivaan Nair,Male,38,Delhi,Delhi,North,2023-02-12,Loyal Customer
CUST-03493,Prisha Das,Female,18,Delhi,Delhi,North,2023-05-25,Regular Customer
CUST-03494,Vihaan Menon,Male,18,Bhubaneswar,Odisha,East,2021-08-30,VIP Customer
CUST-03495,Pranav Rao,Male,29,Patna,Bihar,East,2022-12-22,Regular Customer
CUST-03496,Kabir Agarwal,Male,29,Mumbai,Maharashtra,West,2021-04-29,Regular Customer
CUST-03497,Aditya Banerjee,Male,47,Delhi,Delhi,North,2021-01-21,Regular Customer
CUST-03498,Anand Choudhury,Male,37,surat,Gujarat,West,2024-01-04,Loyal Customer
CUST-03499,Anita Sharma,Female,48,Chennai,Tamil Nadu,South,2022-05-27,Loyal Customer
CUST-03500,Aadhya Verma,Female,38,Hyderabad,Telangana,South,2021-09-17,Regular Customer
CUST-03501,Ishaan Verma,Male,26,Visakhapatnam,Andhra Pradesh,South,2022-10-06,Regular Customer
CUST-03502,Manish Tripathi,Male,50,Surat,Gujarat,West,2022-05-16,VIP Customer
CUST-03503,Ananya Mukherjee,Female,41,,Tamil Nadu,South,2023-03-26,Regular Customer
CUST-03504,Aarohi Kaur,Female,25,Chennai,Tamil Nadu,South,2021-06-07,Regular Customer
CUST-03505,Anjali Mehta,Female,18,Delhi,Delhi,North,2023-10-11,Loyal Customer
CUST-03506,Siddharth Rao,Male,30,Indore,Madhya Pradesh,Central,2022-03-28,Regular Customer
CUST-03507,Khushi Rao,Female,20,Kolkata,West Bengal,East,2024-02-04,Regular Customer
CUST-03508,Manish Patel,Male,43,Kochi,Kerala,South,2023-12-15,VIP Customer
CUST-03509,Shaurya Das,Other,31,Delhi,Delhi,North,2024-01-14,Regular Customer
CUST-03510,Aanya Rao,Female,32,Ahmedabad,Gujarat,West,2023-04-22,Loyal Customer
CUST-03511,Neha Iyer,Female,42,Lucknow,Uttar Pradesh,North,2022-07-27,Regular Customer
CUST-03512,Varun Bhatia,Male,24,Pune,Maharashtra,West,2023-12-03,Regular Customer
CUST-03513,Anand Chatterjee,Male,44,Chennai,Tamil Nadu,South,2022-03-08,Regular Customer
CUST-03514,Tanvi Pandey,Female,31,Pune,Maharashtra,West,2021-10-18,Regular Customer
CUST-03515,Ayaan Das,Male,35,Hyderabad,Telangana,South,2023-06-21,Loyal Customer
CUST-03516,Rohan Malhotra,Male,62,Chennai,Tamil Nadu,South,2021-02-13,Regular Customer
CUST-03517,Vivaan Shah,Male,30,Bengaluru,Karnataka,South,2022-07-24,Loyal Customer
CUST-03518,Khushi Pandey,Female,23,Hyderabad,Telangana,South,2021-06-23,Regular Customer
CUST-03519,Rekha Mukherjee,Female,53,Bengaluru,Karnataka,South,2023-02-26,Regular Customer
CUST-03520,Rekha Nair,Female,36,Kolkata,West Bengal,East,2023-02-27,Regular Customer
CUST-03521,Isha Mehta,Female,24,Jaipur,Rajasthan,North,2023-02-16,Regular Customer
CUST-03522,Kabir Chatterjee,Male,30,Kolkata,West Bengal,East,2021-04-18,Loyal Customer
CUST-03523,Vivaan Chatterjee,Male,34,Chennai,Tamil Nadu,South,2022-12-14,VIP Customer
CUST-03524,Pallavi Mukherjee,Female,33,Kolkata,West Bengal,East,2022-11-20,VIP Customer
CUST-03525,Varun Shah,Male,25,Pune,Maharashtra,West,2024-04-25,Regular Customer
CUST-03526,Aarav Reddy,Male,43,Chennai,Tamil Nadu,South,2024-06-26,Regular Customer
CUST-03527,Kabir Mishra,Male,29,Patna,Bihar,East,2021-04-27,Loyal Customer
CUST-03528,Vikram Nair,Male,32,Ahmedabad,Gujarat,West,2022-08-12,VIP Customer
CUST-03529,Vikram Menon,Male,34,Mumbai,Maharashtra,West,2023-05-19,Loyal Customer
CUST-03530,Suresh Choudhury,Male,32,Bengaluru,Karnataka,South,2023-11-29,Regular Customer
CUST-03531,Pari Menon,Female,28,Mumbai,Maharashtra,West,2022-05-03,Regular Customer
CUST-03532,Saanvi Shah,Female,38,Hyderabad,Telangana,South,2022-07-16,Regular Customer
CUST-03533,Isha Choudhury,Female,21,Patna,Bihar,East,2024-01-17,Regular Customer
CUST-03534,Suresh Nair,Male,40,Delhi,Delhi,North,2021-03-21,Loyal Customer
CUST-03535,Atharv Shah,Other,52,Delhi,Delhi,North,2022-05-29,Loyal Customer
CUST-03536,Anita Choudhury,Female,26,Chandigarh,Punjab,North,2024-05-30,Regular Customer
CUST-03537,Ishaan Banerjee,Male,37,Hyderabad,Telangana,South,2022-10-20,Loyal Customer
CUST-03538,Rekha Saxena,Female,45,Pune,Maharashtra,West,2023-06-28,Regular Customer
CUST-03539,Rohan Sharma,Male,18,Hyderabad,Telangana,South,2023-08-14,Regular Customer
CUST-03540,Navya Iyer,Female,21,Kolkata,West Bengal,East,2024-02-14,Regular Customer
CUST-03541,Aanya Banerjee,Female,25,Bhopal,Madhya Pradesh,Central,2021-06-12,Regular Customer
CUST-03542,Neha Chatterjee,Female,18,Pune,Maharashtra,West,2022-10-06,VIP Customer
CUST-03543,Rohan Saxena,Male,18,Guwahati,Assam,East,2022-06-13,Loyal Customer
CUST-03544,Krishna Shah,Male,25,Bhubaneswar,Odisha,East,2023-10-11,Regular Customer
CUST-03545,Divya Saxena,Female,39,Kochi,Kerala,South,2021-10-28,VIP Customer
CUST-03546,Divya Verma,Female,18,Delhi,Delhi,North,2022-04-22,Regular Customer
CUST-03547,Vivaan Saxena,Male,29,Ahmedabad,Gujarat,West,2023-11-04,VIP Customer
CUST-03548,Priyanka Reddy,Female,31,hyderabad,Telangana,South,2021-03-27,Loyal Customer
CUST-03549,Isha Verma,Female,18,Delhi,Delhi,North,2022-06-15,VIP Customer
CUST-03550,Saanvi Kaur,Female,49,Patna,Bihar,East,2022-12-25,Regular Customer
CUST-03551,Aanya Mukherjee,Female,34,Indore,Madhya Pradesh,Central,2022-04-26,Regular Customer
CUST-03552,Aditya Iyengar,Male,24,Kochi,Kerala,South,2023-06-28,Regular Customer
CUST-03553,Aadhya Patel,Female,29,Patna,Bihar,East,2022-02-22,Regular Customer
CUST-03554,Navya Pandey,Female,22,Kolkata,West Bengal,East,2023-05-02,Regular Customer
CUST-03555,Prisha Tripathi,Female,42,Delhi,Delhi,North,2022-08-03,Regular Customer
CUST-03556,Meera Mukherjee,Female,38,Kolkata,West Bengal,East,2023-01-08,Regular Customer
CUST-03557,Kabir Tripathi,Male,36,Surat,Gujarat,West,2023-02-07,Regular Customer
CUST-03558,Khushi Mukherjee,Female,18,Nagpur,Maharashtra,West,2021-03-05,Regular Customer
CUST-03559,Vivaan Joshi,Male,42,Jaipur,Rajasthan,North,2021-11-04,VIP Customer
CUST-03560,Saanvi Malhotra,Female,39,Pune,Maharashtra,West,2024-06-01,Regular Customer
CUST-03561,Meera Iyengar,Female,31,Patna,Bihar,East,2023-11-07,Loyal Customer
CUST-03562,Deepak Rao,Male,34,Bengaluru,Karnataka,South,2022-03-17,Regular Customer
CUST-03563,Priyanka Verma,Female,47,Bengaluru,Karnataka,South,2021-11-04,Regular Customer
CUST-03564,Manish Gupta,Male,29,Kolkata,West Bengal,East,2021-06-08,VIP Customer
CUST-03565,Ayaan Banerjee,Male,23,Chennai,Tamil Nadu,South,2023-10-29,VIP Customer
CUST-03566,Manish Chatterjee,Male,43,Bengaluru,Karnataka,South,2023-05-07,Regular Customer
CUST-03567,Aarohi Yadav,Female,37,Coimbatore,Tamil Nadu,South,2023-12-17,Loyal Customer
CUST-03568,Neha Iyer,Female,22,Bhopal,Madhya Pradesh,Central,2023-12-11,Regular Customer
CUST-03569,Shaurya Shah,Male,37,Lucknow,Uttar Pradesh,North,2022-02-04,Loyal Customer
CUST-03570,Khushi Agarwal,Female,29,Jaipur,Rajasthan,North,2022-05-15,Regular Customer
CUST-03571,Kunal Choudhury,Male,29,Coimbatore,Tamil Nadu,South,2023-01-12,Regular Customer
CUST-03572,Shaurya Dutta,Male,54,Bengaluru,Karnataka,South,2021-08-25,Loyal Customer
CUST-03573,Riya Dutta,Female,33,Delhi,Delhi,North,2023-04-20,Regular Customer
CUST-03574,Atharv Chatterjee,Male,48,Jaipur,Rajasthan,North,2023-11-02,Regular Customer
CUST-03575,Atharv Singh,Male,27,Bhopal,Madhya Pradesh,Central,2023-09-19,Loyal Customer
CUST-03576,Rohan Mishra,Male,46,Delhi,Delhi,North,2023-05-08,Regular Customer
CUST-03577,Siddharth Pandey,Male,41,Bengaluru,Karnataka,South,2021-09-14,VIP Customer
CUST-03578,Ayaan Choudhury,Male,30,Nagpur,Maharashtra,West,2023-04-15,Loyal Customer
CUST-03579,Rajesh Bhatia,Male,25,Mumbai,Maharashtra,West,2024-05-25,Regular Customer
CUST-03580,Khushi Reddy,Female,44,Delhi,Delhi,North,2022-10-05,Regular Customer
CUST-03581,Prisha Pillai,Female,30,Mumbai,Maharashtra,West,2023-11-01,VIP Customer
CUST-03582,Suresh Iyer,Male,31,Mumbai,Maharashtra,West,2022-02-10,VIP Customer
CUST-03583,Nandini Menon,Female,18,,Tamil Nadu,South,2021-02-01,Regular Customer
CUST-03584,Prisha Shah,Female,30,Coimbatore,Tamil Nadu,South,2024-02-10,Loyal Customer
CUST-03585,Sneha Dutta,Female,29,Hyderabad,Telangana,South,2021-07-26,Regular Customer
CUST-03586,Aanya Pandey,Female,41,Ahmedabad,Gujarat,West,2023-06-03,Regular Customer
CUST-03587,Sai Gupta,Male,34,Kochi,Kerala,South,2021-09-29,Regular Customer
CUST-03588,Amit Agarwal,Male,32,Chandigarh,Punjab,North,2023-03-06,VIP Customer
CUST-03589,Atharv Bhatia,Male,29,Hyderabad,Telangana,South,2023-04-04,Loyal Customer
CUST-03590,Ayaan Das,Male,24,Kochi,Kerala,South,2022-08-24,Regular Customer
CUST-03591,Pranav Pandey,Male,24,Delhi,Delhi,North,2022-11-21,Loyal Customer
CUST-03592,Neha Malhotra,Female,34,Ahmedabad,Gujarat,West,2021-04-03,Regular Customer
CUST-03593,Pallavi Rao,Female,41,Guwahati,Assam,East,2023-07-09,VIP Customer
CUST-03594,Divya Menon,Female,28,bhopal,Madhya Pradesh,Central,2023-06-12,Regular Customer
CUST-03595,Sneha Das,Female,43,Kochi,Kerala,South,2021-10-03,Loyal Customer
CUST-03596,Tanvi Choudhury,Female,18,Mumbai,Maharashtra,West,2024-04-22,VIP Customer
CUST-03597,Varun Iyengar,Male,28,Coimbatore,Tamil Nadu,South,2021-06-21,Regular Customer
CUST-03598,Aarav Banerjee,Male,26,Delhi,Delhi,North,2024-04-29,Regular Customer
CUST-03599,Manish Menon,Male,40,Delhi,Delhi,North,2023-02-16,Regular Customer
CUST-03600,Sai Iyengar,Male,58,Bengaluru,Karnataka,South,2024-04-19,Regular Customer
CUST-03601,Nikhil Malhotra,Male,25,Chandigarh,Punjab,North,2022-04-21,Regular Customer
CUST-03602,Shaurya Verma,Male,32,Jaipur,Rajasthan,North,2024-03-01,Regular Customer
CUST-03603,Amit Banerjee,Male,49,Surat,Gujarat,West,2023-11-07,Loyal Customer
CUST-03604,Kabir Joshi,Male,37,Hyderabad,Telangana,South,2022-10-24,Regular Customer
CUST-03605,Nikhil Saxena,Male,22,Hyderabad,Telangana,South,2021-10-21,Regular Customer
CUST-03606,Anand Tripathi,Male,32,Ahmedabad,Gujarat,West,2022-03-08,Regular Customer
CUST-03607,Kavya Banerjee,Female,44,Mumbai,Maharashtra,West,2024-06-14,Regular Customer
CUST-03608,Navya Joshi,Female,36,Chennai,Tamil Nadu,South,2021-12-06,Regular Customer
CUST-03609,Krishna Iyer,Male,25,Lucknow,Uttar Pradesh,North,2023-06-18,Regular Customer
CUST-03610,Sai Joshi,Male,31,Bengaluru,Karnataka,South,2022-06-16,VIP Customer
CUST-03611,Nikhil Malhotra,Male,32,Pune,Maharashtra,West,2022-04-20,Loyal Customer
CUST-03612,Ananya Malhotra,Female,45,Chennai,Tamil Nadu,South,2022-02-28,Loyal Customer
CUST-03613,Amit Choudhury,Male,26,Mumbai,Maharashtra,West,2021-12-12,Regular Customer
CUST-03614,Nandini Verma,Female,37,Delhi,Delhi,North,2024-01-11,Regular Customer
CUST-03615,Reyansh Sharma,Male,18,Lucknow,Uttar Pradesh,North,2023-09-28,Loyal Customer
CUST-03616,Saanvi Rao,Female,18,Jaipur,Rajasthan,North,2022-02-21,Regular Customer
CUST-03617,Priyanka Pillai,Female,21,Chennai,Tamil Nadu,South,2023-07-01,Regular Customer
CUST-03618,Siddharth Menon,Male,20,Visakhapatnam,Andhra Pradesh,South,2022-08-28,VIP Customer
CUST-03619,Shreya Das,Female,33,Patna,Bihar,East,2021-09-03,Regular Customer
CUST-03620,Prisha Iyer,Female,21,Delhi,Delhi,North,2022-06-23,Regular Customer
CUST-03621,Arjun Shah,Male,48,Kochi,Kerala,South,2021-08-27,VIP Customer
CUST-03622,Anita Gupta,Female,33,Kolkata,West Bengal,East,2022-04-01,Loyal Customer
CUST-03623,Meera Saxena,Female,34,Bengaluru,Karnataka,South,2023-11-05,Regular Customer
CUST-03624,Rohan Singh,Male,22,Ahmedabad,Gujarat,West,2023-11-17,Loyal Customer
CUST-03625,Aditya Das,Male,29,Delhi,Delhi,North,2022-10-07,VIP Customer
CUST-03626,Vivaan Pillai,Other,28,Bengaluru,Karnataka,South,2021-07-25,VIP Customer
CUST-03627,Kunal Iyengar,Male,45,Jaipur,Rajasthan,North,2022-10-13,Regular Customer
CUST-03628,Vikram Kaur,Male,34,Pune,Maharashtra,West,2021-03-14,VIP Customer
CUST-03629,Divya Sharma,Female,42,Patna,Bihar,East,2022-05-19,Regular Customer
CUST-03630,Pari Yadav,Female,46,Pune,Maharashtra,West,2022-03-27,Loyal Customer
CUST-03631,Krishna Iyer,Male,45,Mumbai,Maharashtra,West,2021-11-07,Regular Customer
CUST-03632,Sai Dutta,Other,38,Delhi,Delhi,North,2023-10-15,Regular Customer
CUST-03633,Reyansh Singh,Male,29,Kolkata,West Bengal,East,2021-07-01,VIP Customer
CUST-03634,Gaurav Dutta,Male,37,Hyderabad,Telangana,South,2022-03-15,Regular Customer
CUST-03635,Aditya Iyer,Male,18,Guwahati,Assam,East,2024-02-17,Loyal Customer
CUST-03636,Deepak Saxena,Other,18,Mumbai,Maharashtra,West,2021-03-21,Regular Customer
CUST-03637,Kavya Mukherjee,Female,27,Kolkata,West Bengal,East,2023-02-18,Loyal Customer
CUST-03638,Isha Singh,Female,26,Delhi,Delhi,North,2022-12-16,Regular Customer
CUST-03639,Swati Saxena,Female,38,Jaipur,Rajasthan,North,2022-09-07,Loyal Customer
CUST-03640,Pranav Joshi,Male,30,Bhopal,Madhya Pradesh,Central,2023-09-21,Regular Customer
CUST-03641,Divya Nair,Female,22,Surat,Gujarat,West,2024-05-09,Regular Customer
CUST-03642,Rahul Joshi,Male,19,Mumbai,Maharashtra,West,2021-07-17,Regular Customer
CUST-03643,Pranav Tripathi,Male,39,Coimbatore,Tamil Nadu,South,2022-08-12,Regular Customer
CUST-03644,Riya Reddy,Female,40,Mumbai,Maharashtra,West,2022-05-22,Loyal Customer
CUST-03645,Aarohi Saxena,Female,30,Delhi,Delhi,North,2023-08-10,VIP Customer
CUST-03646,Rajesh Malhotra,Male,34,Pune,Maharashtra,West,2022-12-13,Loyal Customer
CUST-03647,Shreya Bhatia,Female,26,Visakhapatnam,Andhra Pradesh,South,2023-09-18,Loyal Customer
CUST-03648,Gaurav Iyer,Male,43,Bhubaneswar,Odisha,East,2024-05-15,Regular Customer
CUST-03649,Isha Sharma,Female,37,Delhi,Delhi,North,2022-08-19,Regular Customer
CUST-03650,Gauri Tripathi,Female,50,Hyderabad,Telangana,South,2023-04-18,Regular Customer
CUST-03651,Sunita Reddy,Female,36,Mumbai,Maharashtra,West,2022-06-20,Loyal Customer
CUST-03652,Prisha Nair,Female,35,Surat,Gujarat,West,2023-06-25,Regular Customer
CUST-03653,Kavya Agarwal,Female,33,Ahmedabad,Gujarat,West,2021-04-22,Regular Customer
CUST-03654,Anand Patel,Other,31,Hyderabad,Telangana,South,2022-11-27,Loyal Customer
CUST-03655,Vivaan Joshi,Male,45,Surat,Gujarat,West,2023-07-06,Regular Customer
CUST-03656,Priyanka Tripathi,Female,37,Chennai,Tamil Nadu,South,2021-12-08,Regular Customer
CUST-03657,Sunita Singh,Female,32,Delhi,Delhi,North,2021-08-14,VIP Customer
CUST-03658,Ramesh Mukherjee,Male,45,Mumbai,Maharashtra,West,2022-11-07,Regular Customer
CUST-03659,Anjali Sharma,Female,29,Bengaluru,Karnataka,South,2021-02-13,Loyal Customer
CUST-03660,Aadhya Choudhury,Female,28,Hyderabad,Telangana,South,2022-11-14,VIP Customer
CUST-03661,Sunita Choudhury,Female,18,Bengaluru,Karnataka,South,2024-02-07,Regular Customer
CUST-03662,Vivaan Iyengar,Male,32,coimbatore,Tamil Nadu,South,2022-03-08,Regular Customer
CUST-03663,Gauri Saxena,Female,51,Indore,Madhya Pradesh,Central,2024-01-03,Regular Customer
CUST-03664,Shreya Patel,Female,25,Kolkata,West Bengal,East,2022-08-18,Loyal Customer
CUST-03665,Varun Rao,Male,18,Coimbatore,Tamil Nadu,South,2022-11-10,Regular Customer
CUST-03666,Anjali Dutta,Female,37,Visakhapatnam,Andhra Pradesh,South,2022-05-25,VIP Customer
CUST-03667,Aanya Yadav,Female,36,Bengaluru,Karnataka,South,2021-02-11,Loyal Customer
CUST-03668,Amit Malhotra,Male,36,Visakhapatnam,Andhra Pradesh,South,2023-10-25,Regular Customer
CUST-03669,Rahul Verma,Male,32,Bengaluru,Karnataka,South,2021-11-18,Regular Customer
CUST-03670,Saanvi Patel,Female,28,Pune,Maharashtra,West,2022-05-22,Regular Customer
CUST-03671,Anand Malhotra,Male,28,Delhi,Delhi,North,2023-02-13,Loyal Customer
CUST-03672,Ananya Pandey,Female,20,Chennai,Tamil Nadu,South,2022-07-07,VIP Customer
CUST-03673,Aditya Gupta,Male,23,Delhi,Delhi,North,2023-10-31,Loyal Customer
CUST-03674,Nikhil Dutta,Male,32,Patna,Bihar,East,2023-05-01,Regular Customer
CUST-03675,Tanvi Pandey,Female,27,Bengaluru,Karnataka,South,2024-01-15,Loyal Customer
CUST-03676,Ananya Malhotra,Female,43,Lucknow,Uttar Pradesh,North,2024-04-19,Loyal Customer
CUST-03677,Reyansh Pandey,Other,42,Patna,Bihar,East,2024-05-25,VIP Customer
CUST-03678,Anita Reddy,Female,38,Nagpur,Maharashtra,West,2023-05-21,Regular Customer
CUST-03679,Saanvi Joshi,Female,27,Delhi,Delhi,North,2022-07-16,Regular Customer
CUST-03680,Aarohi Shah,Female,42,Chennai   ,Tamil Nadu,South,2024-03-26,Regular Customer
CUST-03681,Khushi Pillai,Female,30,Chandigarh,Punjab,North,2021-07-10,Regular Customer
CUST-03682,Kabir Chatterjee,Male,28,Bengaluru,Karnataka,South,2022-07-25,Regular Customer
CUST-03683,Varun Das,Male,21,Patna,Bihar,East,2023-12-29,Regular Customer
CUST-03684,Dhruv Sharma,Male,37,Coimbatore,Tamil Nadu,South,2023-10-15,Loyal Customer
CUST-03685,Atharv Choudhury,Male,25,Mumbai,Maharashtra,West,2024-01-25,Loyal Customer
CUST-03686,Riya Patel,Female,28,Mumbai,Maharashtra,West,2024-03-29,VIP Customer
CUST-03687,Dhruv Choudhury,Male,18,Delhi,Delhi,North,2022-04-21,Regular Customer
CUST-03688,Sneha Banerjee,Female,39,Surat,Gujarat,West,2021-08-12,Loyal Customer
CUST-03689,Shaurya Bhatia,Male,37,Bengaluru,Karnataka,South,2021-06-21,Regular Customer
CUST-03690,Diya Mehta,Female,31,Mumbai,Maharashtra,West,2023-10-01,Loyal Customer
CUST-03691,Aditya Bhatia,Male,34,Surat,Gujarat,West,2023-04-06,Loyal Customer
CUST-03692,Rahul Iyengar,Male,49,Patna,Bihar,East,2024-03-06,Loyal Customer
CUST-03693,Vivaan Choudhury,Male,41,Patna,Bihar,East,2023-10-08,Regular Customer
CUST-03694,Ishaan Dutta,Male,29,Ahmedabad,Gujarat,West,2022-11-23,Loyal Customer
CUST-03695,Vivaan Reddy,Male,29,Mumbai,Maharashtra,West,2024-03-03,Loyal Customer
CUST-03696,Gaurav Sharma,Male,37,Pune,Maharashtra,West,2022-07-04,Loyal Customer
CUST-03697,Sunita Chatterjee,Female,32,Mumbai,Maharashtra,West,2023-09-28,Regular Customer
CUST-03698,Meera Singh,Female,37,Pune,Maharashtra,West,2022-04-28,Regular Customer
CUST-03699,Deepak Iyer,Male,33,Hyderabad,Telangana,South,2023-11-20,Loyal Customer
CUST-03700,Tanvi Dutta,Female,18,Pune,Maharashtra,West,2021-06-16,VIP Customer
CUST-03701,Prisha Das,Female,18,Patna,Bihar,East,2021-06-08,Regular Customer
CUST-03702,Sunita Sharma,Female,35,Delhi,Delhi,North,2021-11-28,Regular Customer
CUST-03703,Aarohi Saxena,Female,44,Chennai,Tamil Nadu,South,2022-02-09,Regular Customer
CUST-03704,Aarohi Verma,Female,28,Mumbai,Maharashtra,West,2023-05-19,Regular Customer
CUST-03705,Manish Mishra,Male,27,Hyderabad,Telangana,South,2023-12-11,Regular Customer
CUST-03706,Tanvi Yadav,Female,24,Indore,Madhya Pradesh,Central,2024-01-26,Regular Customer
CUST-03707,Saanvi Joshi,Female,48,Chennai,Tamil Nadu,South,2021-08-29,Regular Customer
CUST-03708,Ishaan Dutta,Male,33,Pune,Maharashtra,West,2022-07-10,Regular Customer
CUST-03709,Neha Tripathi,Female,37,Jaipur,Rajasthan,North,2023-02-01,Loyal Customer
CUST-03710,Diya Bhatia,Female,48,Chennai,Tamil Nadu,South,2022-08-18,Regular Customer
CUST-03711,Reyansh Mishra,Male,28,Chennai,Tamil Nadu,South,2024-06-11,VIP Customer
CUST-03712,Atharv Iyengar,Male,18,Nagpur,Maharashtra,West,2024-05-23,Regular Customer
CUST-03713,Rohan Mehta,Male,30,Pune,Maharashtra,West,2022-11-08,VIP Customer
CUST-03714,Anand Yadav,Male,35,Indore,Madhya Pradesh,Central,2021-10-05,Regular Customer
CUST-03715,Shreya Pandey,Female,27,Delhi,Delhi,North,2023-08-29,Regular Customer
CUST-03716,Kabir Saxena,Male,34,Bengaluru,Karnataka,South,2021-11-04,Regular Customer
CUST-03717,Saanvi Joshi,Female,54,Pune,Maharashtra,West,2022-01-20,Regular Customer
CUST-03718,Vihaan Chatterjee,Male,45,Bengaluru,Karnataka,South,2023-07-29,Regular Customer
CUST-03719,Vivaan Mukherjee,Male,36,Delhi,Delhi,North,2023-08-18,Loyal Customer
CUST-03720,Aditya Rao,Male,44,Bhubaneswar,Odisha,East,2024-02-20,VIP Customer
CUST-03721,Navya Singh,Female,21,Bengaluru,Karnataka,South,2021-01-29,VIP Customer
CUST-03722,Kavya Joshi,Female,51,Bhopal,Madhya Pradesh,Central,2023-05-23,Loyal Customer
CUST-03723,Ishaan Rao,Male,37,Bengaluru,Karnataka,South,2023-04-06,VIP Customer
CUST-03724,Vikram Chatterjee,Male,39,Delhi,Delhi,North,2022-02-19,Regular Customer
CUST-03725,Arjun Malhotra,Male,22,Kochi,Kerala,South,2022-03-20,Regular Customer
CUST-03726,Krishna Banerjee,Other,43,Mumbai,Maharashtra,West,2021-07-29,Regular Customer
CUST-03727,Amit Banerjee,Male,39,Indore,Madhya Pradesh,Central,2023-02-24,Regular Customer
CUST-03728,Nikhil Yadav,Male,39,Chennai,Tamil Nadu,South,2024-04-27,Loyal Customer
CUST-03729,Anita Dutta,Female,30,Visakhapatnam,Andhra Pradesh,South,2024-06-15,Loyal Customer
CUST-03730,Sneha Mehta,Female,36,Chennai,Tamil Nadu,South,2021-12-11,Regular Customer
CUST-03731,Isha Mehta,Female,22,Mumbai,Maharashtra,West,2021-07-07,VIP Customer
CUST-03732,Ramesh Bhatia,Male,22,Hyderabad,Telangana,South,2021-10-21,Regular Customer
CUST-03733,Rekha Sharma,Female,23,Patna,Bihar,East,2022-10-25,Regular Customer
CUST-03734,Aanya Bhatia,Female,35,Nagpur,Maharashtra,West,2023-11-14,Loyal Customer
CUST-03735,Prisha Kaur,Female,31,Jaipur,Rajasthan,North,2023-08-25,Regular Customer
CUST-03736,Amit Choudhury,Male,18,Mumbai,Maharashtra,West,2021-08-29,Regular Customer
CUST-03737,Dhruv Nair,Male,28,Kolkata,West Bengal,East,2023-03-01,Loyal Customer
CUST-03738,Atharv Joshi,Male,18,Jaipur,Rajasthan,North,2023-12-06,Regular Customer
CUST-03739,Aadhya Tripathi,Female,30,Delhi,Delhi,North,2024-05-24,Loyal Customer
CUST-03740,Sai Singh,Male,25,Ahmedabad,Gujarat,West,2022-07-23,Loyal Customer
CUST-03741,Deepa Pillai,Female,25,Ahmedabad,Gujarat,West,2024-02-22,Regular Customer
CUST-03742,Shreya Mishra,Female,19,Indore,Madhya Pradesh,Central,2022-05-29,Loyal Customer
CUST-03743,Anjali Tripathi,Female,18,Bhubaneswar,Odisha,East,2023-06-11,Loyal Customer
CUST-03744,Sai Sharma,Male,18,Visakhapatnam,Andhra Pradesh,South,2023-01-19,VIP Customer
CUST-03745,Sunita Kaur,Female,31,Ahmedabad,Gujarat,West,2022-12-10,Loyal Customer
CUST-03746,Reyansh Mukherjee,Male,33,Mumbai,Maharashtra,West,2024-02-21,VIP Customer
CUST-03747,Varun Mehta,Male,34,Chennai,Tamil Nadu,South,2023-02-23,Regular Customer
CUST-03748,Varun Dutta,Male,43,Lucknow,Uttar Pradesh,North,2021-01-22,Regular Customer
CUST-03749,Navya Iyengar,Female,35,Chennai,Tamil Nadu,South,2022-02-04,Regular Customer
CUST-03750,Khushi Reddy,Female,59,Bengaluru,Karnataka,South,2021-07-12,VIP Customer
CUST-03751,Pallavi Shah,Female,18,Chennai,Tamil Nadu,South,2023-10-27,VIP Customer
CUST-03752,Neha Shah,Female,41,Delhi,Delhi,North,2021-03-10,Loyal Customer
CUST-03753,Manish Iyer,Male,20,Bhopal,Madhya Pradesh,Central,2023-03-27,Regular Customer
CUST-03754,Deepak Das,Male,45,Indore,Madhya Pradesh,Central,2022-06-03,Regular Customer
CUST-03755,Vivaan Banerjee,Male,18,Bengaluru,Karnataka,South,2021-03-04,VIP Customer
CUST-03756,Pallavi Iyer,Female,44,Kolkata,West Bengal,East,2024-05-29,Loyal Customer
CUST-03757,Rahul Saxena,Other,28,Jaipur,Rajasthan,North,2023-08-28,Loyal Customer
CUST-03758,Manish Choudhury,Male,18,Hyderabad,Telangana,South,2024-01-23,Loyal Customer
CUST-03759,Vivaan Rao,Male,49,Kolkata,West Bengal,East,2021-03-01,Loyal Customer
CUST-03760,Deepak Bhatia,Male,32,Mumbai,Maharashtra,West,2021-12-29,VIP Customer
CUST-03761,Ananya Gupta,Female,41,Visakhapatnam,Andhra Pradesh,South,2023-05-10,Loyal Customer
CUST-03762,Vihaan Verma,Male,18,Delhi,Delhi,North,2023-06-28,Loyal Customer
CUST-03763,Vivaan Reddy,Male,29,Guwahati,Assam,East,2021-07-19,VIP Customer
CUST-03764,Krishna Yadav,Male,40,Mumbai,Maharashtra,West,2022-02-02,Loyal Customer
CUST-03765,Tanvi Sharma,Female,31,Nagpur,Maharashtra,West,2022-11-13,Loyal Customer
CUST-03766,Rekha Tripathi,Female,30,Indore,Madhya Pradesh,Central,2022-10-11,VIP Customer
CUST-03767,Diya Tripathi,Female,48,Ahmedabad,Gujarat,West,2024-04-16,Loyal Customer
CUST-03768,Atharv Iyengar,Male,34,Pune,Maharashtra,West,2021-01-30,VIP Customer
CUST-03769,Pari Pillai,Female,48,Mumbai,Maharashtra,West,2021-05-06,Regular Customer
CUST-03770,Deepa Choudhury,Female,27,Hyderabad,Telangana,South,2023-10-25,Regular Customer
CUST-03771,Krishna Gupta,Male,47,Delhi,Delhi,North,2021-12-20,Regular Customer
CUST-03772,Kavya Mukherjee,Female,18,Mumbai,Maharashtra,West,2022-02-11,Loyal Customer
CUST-03773,Prisha Saxena,Female,21,Hyderabad,Telangana,South,2021-01-07,Regular Customer
CUST-03774,Anjali Rao,Female,46,Ahmedabad,Gujarat,West,2021-08-30,Regular Customer
CUST-03775,Priyanka Pandey,Female,30,Visakhapatnam,Andhra Pradesh,South,2021-06-26,Loyal Customer
CUST-03776,Rohan Gupta,Male,18,Chennai,Tamil Nadu,South,2021-08-27,VIP Customer
CUST-03777,Sai Dutta,Male,41,Bengaluru,Karnataka,South,2021-06-26,Regular Customer
CUST-03778,Suresh Singh,Male,41,Mumbai,Maharashtra,West,2021-02-11,Loyal Customer
CUST-03779,Kunal Sharma,Male,34,Chennai,Tamil Nadu,South,2022-03-22,Loyal Customer
CUST-03780,Rohan Gupta,Male,32,Coimbatore,Tamil Nadu,South,2022-05-21,Regular Customer
CUST-03781,Rajesh Singh,Male,23,Hyderabad,Telangana,South,2022-01-27,Loyal Customer
CUST-03782,Tanvi Bhatia,Female,35,Pune,Maharashtra,West,2022-09-28,Regular Customer
CUST-03783,Deepak Joshi,Male,41,Bengaluru,Karnataka,South,2021-12-31,Regular Customer
CUST-03784,Suresh Reddy,Male,35,Nagpur,Maharashtra,West,2023-04-28,Regular Customer
CUST-03785,Reyansh Shah,Male,41,jaipur,Rajasthan,North,2022-02-13,Regular Customer
CUST-03786,Ishaan Shah,Male,49,Bengaluru,Karnataka,South,2023-06-20,Regular Customer
CUST-03787,Sneha Rao,Female,28,Delhi,Delhi,North,2024-03-31,Regular Customer
CUST-03788,Nikhil Singh,Male,18,Nagpur,Maharashtra,West,2023-12-08,Regular Customer
CUST-03789,Manish Kaur,Male,18,Bhopal,Madhya Pradesh,Central,2021-12-16,Regular Customer
CUST-03790,Deepa Banerjee,Female,37,Mumbai,Maharashtra,West,2023-03-01,Regular Customer
CUST-03791,Priyanka Mehta,Female,37,Visakhapatnam,Andhra Pradesh,South,2023-06-08,Regular Customer
CUST-03792,Anita Kaur,Female,19,Nagpur,Maharashtra,West,2022-08-15,Regular Customer
CUST-03793,Deepak Iyengar,Male,49,Delhi,Delhi,North,2024-02-04,Loyal Customer
CUST-03794,Anita Shah,Female,33,Bengaluru,Karnataka,South,2021-07-05,Regular Customer
CUST-03795,Reyansh Shah,Male,28,Kochi,Kerala,South,2022-03-23,Regular Customer
CUST-03796,Vivaan Agarwal,Male,55,Bhopal,Madhya Pradesh,Central,2021-08-25,Regular Customer
CUST-03797,Manish Saxena,Male,39,Patna,Bihar,East,2023-09-01,Regular Customer
CUST-03798,Suresh Reddy,Male,20,Hyderabad,Telangana,South,2023-02-02,Loyal Customer
CUST-03799,Swati Banerjee,Female,39,Indore,Madhya Pradesh,Central,2021-03-11,Regular Customer
CUST-03800,Vihaan Singh,Male,26,Chennai,Tamil Nadu,South,2023-01-05,VIP Customer
CUST-03801,Saanvi Saxena,Female,45,Mumbai,Maharashtra,West,2023-05-14,Regular Customer
CUST-03802,Meera Singh,Female,18,Delhi,Delhi,North,2021-07-25,Regular Customer
CUST-03803,Navya Joshi,Female,18,Kochi,Kerala,South,2021-11-30,Regular Customer
CUST-03804,Sai Choudhury,Male,23,Hyderabad,Telangana,South,2021-02-14,Regular Customer
CUST-03805,Ramesh Menon,Male,38,Chandigarh,Punjab,North,2024-04-30,Loyal Customer
CUST-03806,Kabir Dutta,Male,30,Lucknow,Uttar Pradesh,North,2023-03-29,Regular Customer
CUST-03807,Isha Shah,Female,29,Pune,Maharashtra,West,2023-02-04,Loyal Customer
CUST-03808,Rahul Kaur,Male,39,Kolkata,West Bengal,East,2023-04-02,Regular Customer
CUST-03809,Varun Tripathi,Male,40,Chennai,Tamil Nadu,South,2022-04-25,Loyal Customer
CUST-03810,Nandini Agarwal,Female,24,Bengaluru,Karnataka,South,2023-11-05,Regular Customer
CUST-03811,Prisha Choudhury,Female,34,Patna,Bihar,East,2022-07-06,VIP Customer
CUST-03812,Pari Banerjee,Female,38,Hyderabad,Telangana,South,2021-02-28,Regular Customer
CUST-03813,Diya Agarwal,Female,34,Bengaluru,Karnataka,South,2022-09-08,VIP Customer
CUST-03814,Shreya Iyengar,Female,19,Kolkata,West Bengal,East,2022-02-11,VIP Customer
CUST-03815,Suresh Choudhury,Male,30,Visakhapatnam,Andhra Pradesh,South,2021-10-13,Regular Customer
CUST-03816,Shaurya Mishra,Male,36,Mumbai,Maharashtra,West,2021-04-21,VIP Customer
CUST-03817,Ishaan Mishra,Male,48,Hyderabad,Telangana,South,2021-10-17,Loyal Customer
CUST-03818,Riya Nair,Female,37,Chennai,Tamil Nadu,South,2021-12-05,Regular Customer
CUST-03819,Rajesh Bhatia,Male,54,Kochi,Kerala,South,2022-02-15,VIP Customer
CUST-03820,Ishaan Joshi,Male,28,Pune,Maharashtra,West,2021-06-14,Regular Customer
CUST-03821,Gaurav Mehta,Male,18,Nagpur,Maharashtra,West,2023-06-14,Regular Customer
CUST-03822,Ayaan Bhatia,Male,37,Hyderabad,Telangana,South,2024-02-12,Loyal Customer
CUST-03823,Atharv Sharma,Male,40,Ahmedabad,Gujarat,West,2023-09-05,Regular Customer
CUST-03824,Aarohi Iyer,Female,27,Bengaluru,Karnataka,South,2024-02-01,Loyal Customer
CUST-03825,Deepak Mehta,Male,33,Guwahati,Assam,East,2023-08-26,Loyal Customer
CUST-03826,Deepa Menon,Female,30,Bengaluru,Karnataka,South,2022-05-13,Loyal Customer
CUST-03827,Aarohi Nair,Female,26,Delhi,Delhi,North,2021-09-21,Regular Customer
CUST-03828,Varun Bhatia,Male,43,Chennai,Tamil Nadu,South,2023-03-30,Loyal Customer
CUST-03829,Pranav Joshi,Male,23,Indore,Madhya Pradesh,Central,2023-05-20,Loyal Customer
CUST-03830,Vikram Gupta,Other,27,Indore,Madhya Pradesh,Central,2022-12-12,Regular Customer
CUST-03831,Anand Banerjee,Male,24,Delhi,Delhi,North,2021-02-25,Regular Customer
CUST-03832,Neha Saxena,Female,25,Ahmedabad,Gujarat,West,2022-04-27,Regular Customer
CUST-03833,Meera Iyengar,Female,20,Hyderabad,Telangana,South,2021-01-04,Loyal Customer
CUST-03834,Sunita Nair,Female,44,Hyderabad,Telangana,South,2021-06-08,Loyal Customer
CUST-03835,Arjun Iyer,Male,18,Mumbai,Maharashtra,West,2022-01-20,Regular Customer
CUST-03836,Khushi Pillai,Female,24,Patna,Bihar,East,2021-07-10,Regular Customer
CUST-03837,Manish Saxena,Male,33,Delhi,Delhi,North,2023-05-22,Regular Customer
CUST-03838,Ishaan Nair,Male,31,Mumbai,Maharashtra,West,2023-09-12,Regular Customer
CUST-03839,Kabir Saxena,Male,39,Delhi,Delhi,North,2021-12-01,Regular Customer
CUST-03840,Amit Pandey,Male,39,Delhi,Delhi,North,2021-08-06,Regular Customer
CUST-03841,Aditya Rao,Male,50,Kochi,Kerala,South,2021-07-27,Loyal Customer
CUST-03842,Pari Mishra,Female,35,Mumbai,Maharashtra,West,2021-01-26,Regular Customer
CUST-03843,Arjun Banerjee,Male,19,Visakhapatnam,Andhra Pradesh,South,2023-11-05,Regular Customer
CUST-03844,Riya Sharma,Female,49,Nagpur,Maharashtra,West,2023-09-23,Loyal Customer
CUST-03845,Rajesh Nair,Male,28,Visakhapatnam,Andhra Pradesh,South,2023-05-16,Loyal Customer
CUST-03846,Ishaan Pillai,Male,42,Kolkata,West Bengal,East,2022-06-14,Loyal Customer
CUST-03847,Aarohi Mukherjee,Female,20,Visakhapatnam,Andhra Pradesh,South,2023-07-12,Regular Customer
CUST-03848,Nikhil Iyer,Male,18,Ahmedabad,Gujarat,West,2022-11-18,Loyal Customer
CUST-03849,Atharv Malhotra,Male,37,Hyderabad,Telangana,South,2022-01-02,VIP Customer
CUST-03850,Vikram Choudhury,Male,43,Pune,Maharashtra,West,2023-02-25,VIP Customer
CUST-03851,Aditya Bhatia,Male,27,Jaipur,Rajasthan,North,2021-01-15,Regular Customer
CUST-03852,Varun Das,Male,27,Bengaluru,Karnataka,South,2024-04-23,Regular Customer
CUST-03853,Amit Pandey,Male,52,Lucknow,Uttar Pradesh,North,2024-06-12,Loyal Customer
CUST-03854,Rohan Pillai,Male,42,Mumbai,Maharashtra,West,2021-04-10,Regular Customer
CUST-03855,Vivaan Malhotra,Male,39,Delhi,Delhi,North,2023-09-30,Regular Customer
CUST-03856,Vivaan Tripathi,Male,31,Mumbai,Maharashtra,West,2024-05-12,Loyal Customer
CUST-03857,Kavya Pillai,Female,45,Patna,Bihar,East,2022-11-23,Loyal Customer
CUST-03858,Nikhil Pandey,Male,48,Delhi,Delhi,North,2021-02-18,Regular Customer
CUST-03859,Sai Joshi,Male,45,Kolkata,West Bengal,East,2023-01-01,Regular Customer
CUST-03860,Riya Reddy,Female,50,Ahmedabad,Gujarat,West,2022-09-02,Loyal Customer
CUST-03861,Neha Malhotra,Female,48,Bengaluru,Karnataka,South,2023-01-02,Loyal Customer
CUST-03862,Anjali Dutta,Female,37,Coimbatore,Tamil Nadu,South,2023-03-23,Regular Customer
CUST-03863,Aditya Chatterjee,Male,40,Mumbai,Maharashtra,West,2021-07-13,Regular Customer
CUST-03864,Ananya Singh,Female,42,Delhi,Delhi,North,2023-10-08,Regular Customer
CUST-03865,Kavya Rao,Female,32,Delhi,Delhi,North,2023-07-28,Loyal Customer
CUST-03866,Isha Agarwal,Female,33,Hyderabad,Telangana,South,2023-12-09,Loyal Customer
CUST-03867,Vivaan Gupta,Male,18,Mumbai,Maharashtra,West,2022-10-31,Regular Customer
CUST-03868,Ananya Mukherjee,Female,42,Coimbatore,Tamil Nadu,South,2021-07-27,Regular Customer
CUST-03869,Tanvi Gupta,Female,27,Bengaluru,Karnataka,South,2022-11-23,VIP Customer
CUST-03870,Anand Joshi,Male,39,Indore,Madhya Pradesh,Central,2023-05-16,Regular Customer
CUST-03871,Diya Dutta,Female,39,Ahmedabad,Gujarat,West,2022-06-11,Loyal Customer
CUST-03872,Anand Tripathi,Male,36,Chennai,Tamil Nadu,South,2021-06-12,Loyal Customer
CUST-03873,Kabir Malhotra,Male,52,Pune,Maharashtra,West,2022-01-28,Loyal Customer
CUST-03874,Ishaan Mukherjee,Male,18,Kolkata,West Bengal,East,2023-11-19,Regular Customer
CUST-03875,Kunal Patel,Male,45,Chennai,Tamil Nadu,South,2021-04-11,Regular Customer
CUST-03876,Sneha Mehta,Female,28,Coimbatore,Tamil Nadu,South,2023-06-14,Regular Customer
CUST-03877,Shreya Choudhury,Female,29,Mumbai,Maharashtra,West,2022-01-16,Regular Customer
CUST-03878,Rajesh Verma,Male,38,Bengaluru,Karnataka,South,2024-05-23,Regular Customer
CUST-03879,Diya Kaur,Female,25,Delhi,Delhi,North,2022-08-07,Regular Customer
CUST-03880,Kabir Mehta,Male,35,Ahmedabad,Gujarat,West,2021-02-08,Loyal Customer
CUST-03881,Swati Bhatia,Female,26,Bengaluru,Karnataka,South,2022-07-17,Regular Customer
CUST-03882,Ramesh Mishra,Male,22,Coimbatore,Tamil Nadu,South,2022-10-14,Regular Customer
CUST-03883,Isha Sharma,Female,32,Mumbai,Maharashtra,West,2022-10-27,Regular Customer
CUST-03884,Ramesh Joshi,Male,51,Pune,Maharashtra,West,2024-06-01,Loyal Customer
CUST-03885,Priyanka Pillai,Female,40,Bhopal,Madhya Pradesh,Central,2024-05-04,Regular Customer
CUST-03886,Dhruv Iyer,Male,23,Chandigarh,Punjab,North,2024-02-17,Regular Customer
CUST-03887,Shaurya Reddy,Male,45,Guwahati,Assam,East,2022-12-11,Loyal Customer
CUST-03888,Arjun Menon,Male,41,Chennai,Tamil Nadu,South,2023-10-19,Regular Customer
CUST-03889,Deepak Saxena,Male,40,Coimbatore,Tamil Nadu,South,2023-03-10,Regular Customer
CUST-03890,Vivaan Kaur,Male,22,Delhi,Delhi,North,2024-03-16,VIP Customer
CUST-03891,Manish Iyer,Male,18,Bengaluru,Karnataka,South,2024-02-24,VIP Customer
CUST-03892,Aadhya Mehta,Female,28,Mumbai,Maharashtra,West,2023-12-21,Regular Customer
CUST-03893,Khushi Choudhury,Female,25,Ahmedabad,Gujarat,West,2022-10-08,Regular Customer
CUST-03894,Riya Sharma,Female,42,Jaipur,Rajasthan,North,2021-11-16,Loyal Customer
CUST-03895,Sai Mukherjee,Male,44,Indore,Madhya Pradesh,Central,2022-12-22,Loyal Customer
CUST-03896,Kabir Choudhury,Male,27,Mumbai,Maharashtra,West,2021-02-17,Loyal Customer
CUST-03897,Ishaan Chatterjee,Male,34,Mumbai,Maharashtra,West,2023-10-03,VIP Customer
CUST-03898,Dhruv Agarwal,Male,23,Indore,Madhya Pradesh,Central,2024-01-06,Regular Customer
CUST-03899,Ramesh Yadav,Male,41,Bengaluru,Karnataka,South,2021-09-10,Regular Customer
CUST-03900,Gauri Mehta,Female,42,Chandigarh,Punjab,North,2021-08-15,Loyal Customer
CUST-03901,Sai Yadav,Male,34,Surat,Gujarat,West,2021-11-22,Loyal Customer
CUST-03902,Tanvi Nair,Female,18,Delhi,Delhi,North,2024-02-01,Regular Customer
CUST-03903,Sunita Mehta,Female,53,Chandigarh,Punjab,North,2023-05-07,VIP Customer
CUST-03904,Kavya Reddy,Female,18,Kochi,Kerala,South,2023-01-14,Loyal Customer
CUST-03905,Swati Tripathi,Female,21,Kochi,Kerala,South,2022-10-13,Regular Customer
CUST-03906,Anjali Nair,Female,36,Delhi,Delhi,North,2022-04-07,VIP Customer
CUST-03907,Rahul Choudhury,Male,42,Lucknow,Uttar Pradesh,North,2023-08-09,Regular Customer
CUST-03908,Varun Menon,Male,23,Bhubaneswar,Odisha,East,2021-11-18,VIP Customer
CUST-03909,Sai Nair,Male,30,Hyderabad,Telangana,South,2022-08-14,Regular Customer
CUST-03910,Siddharth Reddy,Male,48,Delhi,Delhi,North,2023-08-09,Loyal Customer
CUST-03911,Swati Agarwal,Female,21,Mumbai,Maharashtra,West,2021-07-21,Regular Customer
CUST-03912,Manish Pillai,Male,34,Chandigarh,Punjab,North,2023-05-07,Regular Customer
CUST-03913,Divya Sharma,Female,34,Mumbai,Maharashtra,West,2024-06-21,Regular Customer
CUST-03914,Neha Mukherjee,Female,25,Coimbatore,Tamil Nadu,South,2023-10-28,VIP Customer
CUST-03915,Neha Banerjee,Female,35,Bengaluru,Karnataka,South,2023-04-18,VIP Customer
CUST-03916,Shaurya Mukherjee,Male,46,Hyderabad,Telangana,South,2022-05-27,Regular Customer
CUST-03917,Divya Iyer,Female,27,Chennai,Tamil Nadu,South,2021-07-06,VIP Customer
CUST-03918,Aarav Dutta,Male,24,Pune,Maharashtra,West,2024-05-16,VIP Customer
CUST-03919,Divya Nair,Female,41,Pune,Maharashtra,West,2024-02-05,Regular Customer
CUST-03920,Reyansh Yadav,Male,46,Delhi,Delhi,North,2021-11-27,Regular Customer
CUST-03921,Tanvi Yadav,Female,29,Chandigarh,Punjab,North,2022-05-06,Regular Customer
CUST-03922,Varun Das,Male,30,Hyderabad,Telangana,South,2022-02-14,Regular Customer
CUST-03923,Ishaan Gupta,Male,30,Mumbai,Maharashtra,West,2021-03-05,Regular Customer
CUST-03924,Riya Menon,Female,30,Kochi,Kerala,South,2022-05-17,Loyal Customer
CUST-03925,Rohan Patel,Male,29,Bengaluru,Karnataka,South,2021-12-29,VIP Customer
CUST-03926,Amit Singh,Male,37,Ahmedabad,Gujarat,West,2021-08-16,Loyal Customer
CUST-03927,Siddharth Reddy,Male,48,Pune,Maharashtra,West,2021-11-23,Regular Customer
CUST-03928,Tanvi Gupta,Female,39,Surat,Gujarat,West,2021-01-15,Loyal Customer
CUST-03929,Rajesh Kaur,Male,47,ahmedabad,Gujarat,West,2023-04-13,VIP Customer
CUST-03930,Rahul Yadav,Male,23,Hyderabad,Telangana,South,2023-03-01,Regular Customer
CUST-03931,Kabir Shah,Male,19,Surat,Gujarat,West,2024-01-06,Regular Customer
CUST-03932,Sunita Mukherjee,Female,29,Kolkata,West Bengal,East,2023-12-30,Loyal Customer
CUST-03933,Riya Iyer,Female,36,Bhopal,Madhya Pradesh,Central,2021-05-03,Regular Customer
CUST-03934,Dhruv Pandey,Male,18,Visakhapatnam,Andhra Pradesh,South,2021-03-23,Regular Customer
CUST-03935,Deepak Agarwal,Male,18,Delhi,Delhi,North,2023-11-14,Loyal Customer
CUST-03936,Riya Pillai,Female,22,Nagpur,Maharashtra,West,2021-09-12,Regular Customer
CUST-03937,Gaurav Shah,Male,55,Chennai,Tamil Nadu,South,2024-04-02,Loyal Customer
CUST-03938,Aarohi Dutta,Female,30,Mumbai,Maharashtra,West,2021-12-13,Regular Customer
CUST-03939,Swati Reddy,Female,27,Bengaluru,Karnataka,South,2021-10-18,VIP Customer
CUST-03940,Kunal Iyer,Male,40,Ahmedabad,Gujarat,West,2022-03-07,Regular Customer
CUST-03941,Shaurya Singh,Male,18,Mumbai,Maharashtra,West,2021-06-01,Regular Customer
CUST-03942,Deepak Iyer,Male,41,Mumbai,Maharashtra,West,2022-05-17,Loyal Customer
CUST-03943,Meera Joshi,Female,32,Kolkata,West Bengal,East,2023-06-30,Regular Customer
CUST-03944,Rohan Das,Male,38,Pune,Maharashtra,West,2022-06-13,Loyal Customer
CUST-03945,Ramesh Verma,Male,40,Delhi,Delhi,North,2021-10-14,Regular Customer
CUST-03946,Khushi Sharma,Female,34,Mumbai,Maharashtra,West,2022-03-29,VIP Customer
CUST-03947,Suresh Rao,Male,29,Delhi,Delhi,North,2022-08-20,Regular Customer
CUST-03948,Deepak Saxena,Male,24,Chennai,Tamil Nadu,South,2024-03-08,Loyal Customer
CUST-03949,Rahul Das,Male,39,Hyderabad,Telangana,South,2023-06-20,Loyal Customer
CUST-03950,Arjun Dutta,Male,35,Bengaluru,Karnataka,South,2021-09-21,Regular Customer
CUST-03951,Khushi Yadav,Female,18,Delhi,Delhi,North,2023-02-26,Regular Customer
CUST-03952,Ayaan Sharma,Male,57,Bengaluru,Karnataka,South,2022-03-10,Loyal Customer
CUST-03953,Ananya Banerjee,Female,18,Chennai,Tamil Nadu,South,2021-01-25,Regular Customer
CUST-03954,Tanvi Iyengar,Female,34,Kolkata,West Bengal,East,2023-11-25,Regular Customer
CUST-03955,Ramesh Tripathi,Male,39,Ahmedabad,Gujarat,West,2021-12-15,VIP Customer
CUST-03956,Manish Bhatia,Male,26,Delhi,Delhi,North,2024-04-17,VIP Customer
CUST-03957,Shaurya Iyengar,Male,33,Hyderabad,Telangana,South,2023-02-06,Regular Customer
CUST-03958,Pallavi Iyer,Female,39,Indore,Madhya Pradesh,Central,2021-12-13,VIP Customer
CUST-03959,Rahul Saxena,Male,36,Jaipur,Rajasthan,North,2023-09-19,VIP Customer
CUST-03960,Saanvi Kaur,Female,19,Bhubaneswar,Odisha,East,2021-05-13,Regular Customer
CUST-03961,Ishaan Mehta,Male,54,Jaipur,Rajasthan,North,2022-04-05,Regular Customer
CUST-03962,Neha Choudhury,Female,21,Delhi,Delhi,North,2021-09-02,Loyal Customer
CUST-03963,Navya Iyer,Female,35,Kolkata,West Bengal,East,2023-07-30,Loyal Customer
CUST-03964,Manish Agarwal,Male,48,Mumbai,Maharashtra,West,2021-01-25,Loyal Customer
CUST-03965,Gaurav Pandey,Male,35,Bhopal,Madhya Pradesh,Central,2023-12-10,VIP Customer
CUST-03966,Tanvi Mehta,Female,31,Kolkata,West Bengal,East,2023-01-15,Loyal Customer
CUST-03967,Dhruv Singh,Male,32,Mumbai,Maharashtra,West,2021-07-22,VIP Customer
CUST-03968,Amit Gupta,Male,35,Bhubaneswar,Odisha,East,2022-07-10,Loyal Customer
CUST-03969,Anjali Yadav,Female,49,Kochi,Kerala,South,2024-01-07,VIP Customer
CUST-03970,Anita Verma,Female,53,Bhubaneswar,Odisha,East,2023-07-04,Loyal Customer
CUST-03971,Isha Patel,Female,18,Ahmedabad,Gujarat,West,2022-06-09,Loyal Customer
CUST-03972,Sai Das,Male,32,Kolkata,West Bengal,East,2022-05-17,Regular Customer
CUST-03973,Shreya Menon,Female,29,Surat,Gujarat,West,2021-12-30,Regular Customer
CUST-03974,Ramesh Shah,Male,18,Hyderabad,Telangana,South,2024-02-05,Regular Customer
CUST-03975,Anand Mehta,Male,58,Bhopal,Madhya Pradesh,Central,2021-05-11,VIP Customer
CUST-03976,Arjun Iyengar,Male,36,KOCHI,Kerala,South,2022-09-13,Regular Customer
CUST-03977,Isha Patel,Female,46,Lucknow,Uttar Pradesh,North,2024-04-14,Loyal Customer
CUST-03978,Sneha Menon,Female,18,Mumbai,Maharashtra,West,2021-07-21,Regular Customer
CUST-03979,Kunal Verma,Male,22,Jaipur,Rajasthan,North,2022-10-16,Loyal Customer
CUST-03980,Aditya Mehta,Male,22,Indore,Madhya Pradesh,Central,2023-09-07,Regular Customer
CUST-03981,Aditya Iyer,Male,36,Delhi,Delhi,North,2022-02-09,Regular Customer
CUST-03982,Priyanka Mehta,Female,18,Mumbai,Maharashtra,West,2024-05-10,Regular Customer
CUST-03983,Suresh Sharma,Male,36,Bengaluru,Karnataka,South,2024-04-06,Regular Customer
CUST-03984,Pranav Malhotra,Male,44,Lucknow,Uttar Pradesh,North,2023-06-26,Loyal Customer
CUST-03985,Gauri Banerjee,Female,29,guwahati,Assam,East,2024-06-12,Loyal Customer
CUST-03986,Aarav Shah,Male,41,Mumbai,Maharashtra,West,2023-04-14,Loyal Customer
CUST-03987,Sneha Singh,Female,28,Chandigarh,Punjab,North,2021-12-28,Regular Customer
CUST-03988,Sneha Iyengar,Female,18,Bengaluru,Karnataka,South,2022-08-05,VIP Customer
CUST-03989,Ishaan Shah,Male,29,Mumbai,Maharashtra,West,2023-12-26,Regular Customer
CUST-03990,Krishna Kaur,Male,34,Chandigarh,Punjab,North,2024-02-24,Regular Customer
CUST-03991,Manish Menon,Male,23,Surat,Gujarat,West,2021-08-17,VIP Customer
CUST-03992,Sai Iyer,Male,33,Coimbatore,Tamil Nadu,South,2021-01-14,Regular Customer
CUST-03993,Pooja Iyer,Female,32,Mumbai,Maharashtra,West,2023-10-13,Regular Customer
CUST-03994,Aadhya Choudhury,Female,30,Kolkata,West Bengal,East,2023-06-04,Loyal Customer
CUST-03995,Vihaan Agarwal,Male,30,Surat,Gujarat,West,2023-06-27,Regular Customer
CUST-03996,Swati Chatterjee,Female,23,Patna,Bihar,East,2022-01-10,Regular Customer
CUST-03997,Vihaan Choudhury,Male,35,Ahmedabad,Gujarat,West,2022-04-20,Regular Customer
CUST-03998,Pooja Joshi,Female,18,Delhi,Delhi,North,2022-10-18,Loyal Customer
CUST-03999,Sneha Malhotra,Female,44,Pune,Maharashtra,West,2022-09-07,VIP Customer
CUST-04000,Reyansh Banerjee,Male,37,Visakhapatnam,Andhra Pradesh,South,2021-11-13,Regular Customer
CUST-04001,Gauri Choudhury,Female,38,Mumbai,Maharashtra,West,2023-03-23,Loyal Customer
CUST-04002,Gaurav Saxena,Male,54,Delhi,Delhi,North,2024-06-03,Loyal Customer
CUST-04003,Shaurya Iyengar,Male,23,Hyderabad,Telangana,South,2023-08-29,Loyal Customer
CUST-04004,Kunal Pillai,Male,21,Mumbai,Maharashtra,West,2022-07-06,Regular Customer
CUST-04005,Krishna Iyer,Male,37,Chennai,Tamil Nadu,South,2022-09-14,Regular Customer
CUST-04006,Khushi Reddy,Female,54,Kochi,Kerala,South,2022-12-26,Loyal Customer
CUST-04007,Shaurya Menon,Male,37,Kochi   ,Kerala,South,2022-09-23,Regular Customer
CUST-04008,Dhruv Choudhury,Male,34,Jaipur,Rajasthan,North,2023-05-05,Regular Customer
CUST-04009,Dhruv Verma,Male,36,Kolkata,West Bengal,East,2023-04-18,Regular Customer
CUST-04010,Anita Bhatia,Female,33,Chennai,Tamil Nadu,South,2023-07-25,Loyal Customer
CUST-04011,Aarav Pandey,Other,27,Pune,Maharashtra,West,2022-02-19,Regular Customer
CUST-04012,Deepak Shah,Male,34,Mumbai,Maharashtra,West,2022-08-27,Loyal Customer
CUST-04013,Saanvi Reddy,Female,42,Bengaluru,Karnataka,South,2023-05-26,Loyal Customer
CUST-04014,Shaurya Chatterjee,Male,25,Visakhapatnam,Andhra Pradesh,South,2024-02-21,Loyal Customer
CUST-04015,Kunal Mehta,Male,50,Pune,Maharashtra,West,2024-06-18,Regular Customer
CUST-04016,Rekha Shah,Female,49,Jaipur,Rajasthan,North,2021-08-07,Regular Customer
CUST-04017,Sai Reddy,Male,30,Pune,Maharashtra,West,2023-09-10,VIP Customer
CUST-04018,Priyanka Iyer,Female,36,Ahmedabad,Gujarat,West,2021-04-05,Loyal Customer
CUST-04019,Pari Das,Female,43,Surat,Gujarat,West,2023-09-25,Regular Customer
CUST-04020,Ramesh Banerjee,Male,37,Delhi,Delhi,North,2023-02-08,Regular Customer
CUST-04021,Vivaan Singh,Male,21,Mumbai,Maharashtra,West,2022-12-03,Regular Customer
CUST-04022,Atharv Menon,Male,41,Nagpur,Maharashtra,West,2022-08-06,Regular Customer
CUST-04023,Ananya Tripathi,Female,19,Hyderabad,Telangana,South,2021-06-01,Regular Customer
CUST-04024,Nikhil Dutta,Male,28,Mumbai,Maharashtra,West,2023-04-28,Loyal Customer
CUST-04025,Rekha Bhatia,Female,31,Chennai,Tamil Nadu,South,2024-04-22,Regular Customer
CUST-04026,Reyansh Chatterjee,Male,28,Bengaluru,Karnataka,South,2021-06-30,Regular Customer
CUST-04027,Shaurya Banerjee,Male,41,Ahmedabad,Gujarat,West,2024-01-25,Loyal Customer
CUST-04028,Krishna Chatterjee,Male,43,Coimbatore,Tamil Nadu,South,2023-12-24,Loyal Customer
CUST-04029,Shreya Sharma,Female,27,Kolkata,West Bengal,East,2021-10-15,Loyal Customer
CUST-04030,Aditya Yadav,Male,26,Chennai,Tamil Nadu,South,2022-10-05,VIP Customer
CUST-04031,Navya Tripathi,Female,18,Pune,Maharashtra,West,2023-07-03,Loyal Customer
CUST-04032,Gauri Saxena,Female,35,Delhi,Delhi,North,2022-10-20,Regular Customer
CUST-04033,Riya Rao,Female,22,Mumbai,Maharashtra,West,2022-11-14,Regular Customer
CUST-04034,Deepak Shah,Male,34,Pune,Maharashtra,West,2022-06-07,Loyal Customer
CUST-04035,Pallavi Sharma,Female,39,Delhi,Delhi,North,2021-10-15,Regular Customer
CUST-04036,Prisha Pillai,Female,21,Chennai,Tamil Nadu,South,2023-03-23,Loyal Customer
CUST-04037,Anita Verma,Female,24,Mumbai,Maharashtra,West,2023-12-19,Regular Customer
CUST-04038,Amit Rao,Male,18,Chandigarh,Punjab,North,2021-02-03,Loyal Customer
CUST-04039,Aanya Iyengar,Female,49,Indore,Madhya Pradesh,Central,2022-11-01,Loyal Customer
CUST-04040,Rahul Joshi,Male,41,Mumbai,Maharashtra,West,2024-03-23,Regular Customer
CUST-04041,Aditya Dutta,Male,19,Mumbai,Maharashtra,West,2021-06-04,Loyal Customer
CUST-04042,Vikram Choudhury,Male,25,Delhi,Delhi,North,2021-08-19,Regular Customer
CUST-04043,Anita Iyengar,Female,34,Pune,Maharashtra,West,2021-06-29,Loyal Customer
CUST-04044,Riya Mukherjee,Female,20,Mumbai,Maharashtra,West,2022-01-26,Loyal Customer
CUST-04045,Nikhil Kaur,Male,31,Delhi,Delhi,North,2023-06-02,Loyal Customer
CUST-04046,Riya Menon,Female,26,Lucknow,Uttar Pradesh,North,2021-11-08,Loyal Customer
CUST-04047,Aadhya Saxena,Female,18,Patna   ,Bihar,East,2024-03-24,Regular Customer
CUST-04048,Amit Choudhury,Male,20,Chandigarh,Punjab,North,2023-06-05,VIP Customer
CUST-04049,Pari Banerjee,Female,18,Chennai,Tamil Nadu,South,2022-08-25,Regular Customer
CUST-04050,Siddharth Nair,Male,25,Mumbai,Maharashtra,West,2021-02-08,Regular Customer
CUST-04051,Shaurya Pillai,Male,33,Patna,Bihar,East,2021-11-05,Regular Customer
CUST-04052,Ayaan Banerjee,Male,18,Surat,Gujarat,West,2022-10-31,Regular Customer
CUST-04053,Divya Kaur,Female,26,Pune,Maharashtra,West,2022-02-15,Loyal Customer
CUST-04054,Priyanka Agarwal,Female,30,Patna,Bihar,East,2022-12-28,VIP Customer
CUST-04055,Deepak Yadav,Other,18,Delhi,Delhi,North,2024-03-27,Regular Customer
CUST-04056,Nikhil Bhatia,Male,34,Kolkata,West Bengal,East,2022-02-27,Regular Customer
CUST-04057,Aarohi Sharma,Female,33,Coimbatore,Tamil Nadu,South,2023-12-29,Loyal Customer
CUST-04058,Rekha Verma,Female,47,Kochi,Kerala,South,2021-09-18,Regular Customer
CUST-04059,Aditya Reddy,Male,37,Delhi,Delhi,North,2022-10-08,VIP Customer
CUST-04060,Rajesh Mehta,Male,42,Surat,Gujarat,West,2022-02-18,Regular Customer
CUST-04061,Kabir Shah,Male,18,Jaipur,Rajasthan,North,2022-04-23,VIP Customer
CUST-04062,Gauri Choudhury,Female,28,Hyderabad,Telangana,South,2022-12-29,Regular Customer
CUST-04063,Pranav Tripathi,Male,31,Bengaluru,Karnataka,South,2023-06-20,Regular Customer
CUST-04064,Dhruv Sharma,Male,43,Lucknow,Uttar Pradesh,North,2023-06-29,VIP Customer
CUST-04065,Gaurav Dutta,Male,46,Mumbai,Maharashtra,West,2022-03-04,Regular Customer
CUST-04066,Riya Menon,Female,30,Surat,Gujarat,West,2023-03-29,Regular Customer
CUST-04067,Nikhil Nair,Male,44,Jaipur,Rajasthan,North,2024-04-23,Loyal Customer
CUST-04068,Aditya Saxena,Male,43,Delhi,Delhi,North,2023-11-04,VIP Customer
CUST-04069,Tanvi Iyengar,Female,52,Chennai,Tamil Nadu,South,2021-09-07,Regular Customer
CUST-04070,Reyansh Malhotra,Male,31,Bengaluru,Karnataka,South,2023-09-29,Loyal Customer
CUST-04071,Atharv Dutta,Male,28,Hyderabad,Telangana,South,2022-10-11,Regular Customer
CUST-04072,Reyansh Gupta,Male,30,Delhi,Delhi,North,2023-11-05,Regular Customer
CUST-04073,Kavya Iyengar,Female,45,Lucknow,Uttar Pradesh,North,2021-08-18,VIP Customer
CUST-04074,Saanvi Sharma,Female,19,Nagpur,Maharashtra,West,2023-02-18,Loyal Customer
CUST-04075,Dhruv Yadav,Male,31,Hyderabad,Telangana,South,2021-07-24,Regular Customer
CUST-04076,Ishaan Pandey,Male,35,Ahmedabad,Gujarat,West,2021-05-14,Regular Customer
CUST-04077,Rekha Singh,Female,37,Lucknow,Uttar Pradesh,North,2022-09-08,Regular Customer
CUST-04078,Deepak Gupta,Male,18,Patna,Bihar,East,2023-03-10,VIP Customer
CUST-04079,Saanvi Shah,Female,34,Bengaluru,Karnataka,South,2022-10-25,Regular Customer
CUST-04080,Rekha Patel,Female,26,Nagpur,Maharashtra,West,2021-12-30,Loyal Customer
CUST-04081,Ananya Iyengar,Female,18,Bengaluru,Karnataka,South,2021-11-15,Regular Customer
CUST-04082,Sneha Choudhury,Female,24,,Maharashtra,West,2021-03-21,Regular Customer
CUST-04083,Anita Mehta,Female,23,Mumbai,Maharashtra,West,2022-08-24,Regular Customer
CUST-04084,Prisha Pandey,Female,47,Delhi,Delhi,North,2021-11-19,Regular Customer
CUST-04085,Diya Agarwal,Female,37,Ahmedabad,Gujarat,West,2023-11-29,VIP Customer
CUST-04086,Tanvi Mishra,Female,45,Surat,Gujarat,West,2022-01-07,Regular Customer
CUST-04087,Pallavi Malhotra,Female,18,Chennai,Tamil Nadu,South,2021-11-29,Regular Customer
CUST-04088,Reyansh Joshi,Male,34,Ahmedabad,Gujarat,West,2023-04-07,Loyal Customer
CUST-04089,Varun Pandey,Male,32,Kolkata,West Bengal,East,2022-06-28,Loyal Customer
CUST-04090,Saanvi Mishra,Female,32,Pune,Maharashtra,West,2021-02-22,Regular Customer
CUST-04091,Nandini Iyer,Female,42,Chennai,Tamil Nadu,South,2021-03-12,Loyal Customer
CUST-04092,Ananya Agarwal,Female,18,Mumbai,Maharashtra,West,2023-04-15,Regular Customer
CUST-04093,Dhruv Choudhury,Male,21,Nagpur,Maharashtra,West,2024-05-10,Loyal Customer
CUST-04094,Sai Saxena,Male,19,Bengaluru,Karnataka,South,2021-07-25,Regular Customer
CUST-04095,Pranav Patel,Male,30,Chandigarh,Punjab,North,2021-07-08,Regular Customer
CUST-04096,Aadhya Malhotra,Female,44,Bengaluru,Karnataka,South,2023-09-02,Regular Customer
CUST-04097,Kabir Yadav,Male,44,MUMBAI,Maharashtra,West,2024-01-05,Regular Customer
CUST-04098,Gaurav Mukherjee,Male,28,Jaipur,Rajasthan,North,2021-01-02,Regular Customer
CUST-04099,Sneha Tripathi,Female,49,Delhi,Delhi,North,2022-06-11,Regular Customer
CUST-04100,Rajesh Chatterjee,Male,18,Kolkata,West Bengal,East,2023-01-19,VIP Customer
CUST-04101,Swati Das,Female,39,Jaipur,Rajasthan,North,2021-07-17,Regular Customer
CUST-04102,Anand Pandey,Male,28,Chandigarh,Punjab,North,2024-03-15,Regular Customer
CUST-04103,Ayaan Iyengar,Male,21,Hyderabad,Telangana,South,2021-09-23,Loyal Customer
CUST-04104,Arjun Patel,Male,23,Hyderabad,Telangana,South,2021-06-18,Loyal Customer
CUST-04105,Deepak Nair,Male,20,Patna,Bihar,East,2022-08-02,VIP Customer
CUST-04106,Aarohi Patel,Female,37,Kolkata,West Bengal,East,2022-04-09,Regular Customer
CUST-04107,Tanvi Kaur,Female,24,Pune,Maharashtra,West,2022-09-09,Regular Customer
CUST-04108,Riya Kaur,Female,57,Nagpur,Maharashtra,West,2024-04-24,Regular Customer
CUST-04109,Priyanka Tripathi,Female,30,Delhi,Delhi,North,2022-07-01,Loyal Customer
CUST-04110,Ananya Reddy,Female,34,Chennai,Tamil Nadu,South,2023-05-15,Regular Customer
CUST-04111,Arjun Banerjee,Male,42,Delhi,Delhi,North,2021-03-12,Loyal Customer
CUST-04112,Anita Nair,Female,18,Delhi,Delhi,North,2021-04-09,Loyal Customer
CUST-04113,Sai Sharma,Male,20,Bhubaneswar,Odisha,East,2021-10-20,Loyal Customer
CUST-04114,Siddharth Mishra,Male,25,Delhi,Delhi,North,2022-05-03,Regular Customer
CUST-04115,Meera Sharma,Female,26,Mumbai,Maharashtra,West,2024-03-17,Regular Customer
CUST-04116,Gaurav Rao,Other,32,Jaipur,Rajasthan,North,2022-01-20,Loyal Customer
CUST-04117,Siddharth Banerjee,Male,18,Hyderabad,Telangana,South,2023-04-11,Regular Customer
CUST-04118,Gauri Menon,Female,30,Bhubaneswar,Odisha,East,2024-06-26,Regular Customer
CUST-04119,Rohan Malhotra,Male,24,Nagpur,Maharashtra,West,2022-07-27,Loyal Customer
CUST-04120,Pooja Agarwal,Female,32,Indore,Madhya Pradesh,Central,2022-11-22,Regular Customer
CUST-04121,Nandini Saxena,Female,39,Lucknow,Uttar Pradesh,North,2022-06-07,Regular Customer
CUST-04122,Rekha Iyer,Female,27,Bhopal,Madhya Pradesh,Central,2024-01-30,Regular Customer
CUST-04123,Vihaan Kaur,Male,24,Hyderabad,Telangana,South,2022-12-03,Loyal Customer
CUST-04124,Krishna Gupta,Male,42,Surat,Gujarat,West,2023-01-19,Regular Customer
CUST-04125,Aarav Chatterjee,Male,18,Nagpur,Maharashtra,West,2021-09-16,Regular Customer
CUST-04126,Rohan Pandey,Male,38,Indore,Madhya Pradesh,Central,2021-08-16,Regular Customer
CUST-04127,Shreya Joshi,Female,18,Chandigarh,Punjab,North,2021-09-16,VIP Customer
CUST-04128,Khushi Menon,Female,21,Indore,Madhya Pradesh,Central,2023-06-13,Loyal Customer
CUST-04129,Aditya Yadav,Male,30,Pune,Maharashtra,West,2023-10-31,Regular Customer
CUST-04130,Deepa Tripathi,Female,42,Delhi,Delhi,North,2023-11-13,Regular Customer
CUST-04131,Deepa Kaur,Female,42,Delhi,Delhi,North,2022-03-31,Loyal Customer
CUST-04132,Reyansh Dutta,Male,35,Kochi,Kerala,South,2022-12-26,Regular Customer
CUST-04133,Nikhil Bhatia,Male,27,Indore,Madhya Pradesh,Central,2024-02-27,VIP Customer
CUST-04134,Pooja Verma,Female,20,Pune,Maharashtra,West,2023-12-28,Regular Customer
CUST-04135,Isha Das,Female,27,Chennai,Tamil Nadu,South,2023-12-24,Regular Customer
CUST-04136,Sai Malhotra,Male,39,Ahmedabad,Gujarat,West,2021-12-06,Loyal Customer
CUST-04137,Gaurav Mukherjee,Male,29,Mumbai,Maharashtra,West,2022-04-09,Loyal Customer
CUST-04138,Nikhil Das,Male,18,Lucknow,Uttar Pradesh,North,2021-11-08,Regular Customer
CUST-04139,Ramesh Pillai,Male,37,Mumbai,Maharashtra,West,2022-02-19,Regular Customer
CUST-04140,Pari Joshi,Female,41,Mumbai,Maharashtra,West,2023-03-10,VIP Customer
CUST-04141,Prisha Tripathi,Female,33,Jaipur,Rajasthan,North,2023-09-03,Regular Customer
CUST-04142,Arjun Dutta,Male,35,Chennai,Tamil Nadu,South,2022-09-07,Regular Customer
CUST-04143,Kavya Das,Female,27,Chennai,Tamil Nadu,South,2024-02-13,Loyal Customer
CUST-04144,Gauri Agarwal,Female,24,Hyderabad,Telangana,South,2024-06-09,Loyal Customer
CUST-04145,Aadhya Verma,Female,30,Lucknow,Uttar Pradesh,North,2023-04-21,Regular Customer
CUST-04146,Rahul Pandey,Male,24,Jaipur,Rajasthan,North,2021-11-25,Loyal Customer
CUST-04147,Kunal Patel,Male,33,Bhopal,Madhya Pradesh,Central,2023-03-13,Loyal Customer
CUST-04148,Manish Pillai,Male,41,Pune,Maharashtra,West,2023-03-12,Loyal Customer
CUST-04149,Ayaan Pandey,Male,18,Surat,Gujarat,West,2022-12-19,Regular Customer
CUST-04150,Krishna Bhatia,Male,59,Bengaluru,Karnataka,South,2023-04-03,Regular Customer
CUST-04151,Anand Banerjee,Male,27,Patna,Bihar,East,2021-11-07,Regular Customer
CUST-04152,Ananya Kaur,Female,28,Patna,Bihar,East,2022-07-19,Loyal Customer
CUST-04153,Saanvi Singh,Female,37,Mumbai,Maharashtra,West,2021-08-29,Regular Customer
CUST-04154,Pooja Malhotra,Female,18,Hyderabad,Telangana,South,2024-05-10,Regular Customer
CUST-04155,Rajesh Menon,Male,28,Bengaluru,Karnataka,South,2022-09-04,Loyal Customer
CUST-04156,Vikram Dutta,Male,18,Bhopal,Madhya Pradesh,Central,2024-06-03,Regular Customer
CUST-04157,Aadhya Tripathi,Female,29,Bhubaneswar,Odisha,East,2022-12-01,VIP Customer
CUST-04158,Vivaan Nair,Male,18,Bhubaneswar,Odisha,East,2022-06-08,Regular Customer
CUST-04159,Rohan Pillai,Male,41,Pune,Maharashtra,West,2024-04-13,Regular Customer
CUST-04160,Shreya Das,Female,52,Mumbai,Maharashtra,West,2023-09-25,Loyal Customer
CUST-04161,Ayaan Iyengar,Male,47,Delhi,Delhi,North,2021-07-31,Regular Customer
CUST-04162,Tanvi Mukherjee,Female,34,Hyderabad,Telangana,South,2024-05-11,VIP Customer
CUST-04163,Ayaan Yadav,Male,29,Kolkata,West Bengal,East,2023-10-10,Loyal Customer
CUST-04164,Kabir Pillai,Male,35,Hyderabad,Telangana,South,2021-04-27,Loyal Customer
CUST-04165,Rekha Choudhury,Female,18,Chennai,Tamil Nadu,South,2022-07-28,Loyal Customer
CUST-04166,Anand Shah,Male,46,Chennai,Tamil Nadu,South,2022-05-31,Loyal Customer
CUST-04167,Meera Pillai,Female,32,Mumbai,Maharashtra,West,2022-05-30,VIP Customer
CUST-04168,Aadhya Sharma,Female,33,Kolkata,West Bengal,East,2021-07-27,Loyal Customer
CUST-04169,Sneha Patel,Female,25,Kolkata,West Bengal,East,2024-04-14,Regular Customer
CUST-04170,Priyanka Pillai,Female,44,Jaipur,Rajasthan,North,2022-06-29,Regular Customer
CUST-04171,Nikhil Pandey,Male,29,Indore,Madhya Pradesh,Central,2023-09-27,Loyal Customer
CUST-04172,Siddharth Banerjee,Male,28,Mumbai,Maharashtra,West,2023-02-09,Loyal Customer
CUST-04173,Rekha Agarwal,Female,24,Chennai,Tamil Nadu,South,2023-02-23,Regular Customer
CUST-04174,Aarohi Banerjee,Female,24,Bhubaneswar,Odisha,East,2021-07-21,Loyal Customer
CUST-04175,Vihaan Choudhury,Male,47,Bengaluru,Karnataka,South,2022-05-04,Regular Customer
CUST-04176,Rajesh Das,Male,18,Surat,Gujarat,West,2024-05-21,Regular Customer
CUST-04177,Dhruv Das,Male,31,Kolkata,West Bengal,East,2021-03-23,Regular Customer
CUST-04178,Kunal Menon,Male,18,Delhi,Delhi,North,2023-08-02,Loyal Customer
CUST-04179,Amit Verma,Male,21,Chennai,Tamil Nadu,South,2023-03-28,Loyal Customer
CUST-04180,Divya Dutta,Female,41,Bhubaneswar,Odisha,East,2023-06-04,Loyal Customer
CUST-04181,Aarav Mehta,Male,32,Chandigarh,Punjab,North,2024-03-07,Regular Customer
CUST-04182,Manish Reddy,Male,20,Chennai,Tamil Nadu,South,2021-07-22,Regular Customer
CUST-04183,Kabir Mishra,Male,32,Bengaluru,Karnataka,South,2021-02-28,Loyal Customer
CUST-04184,Rekha Tripathi,Female,27,Ahmedabad,Gujarat,West,2022-06-04,Regular Customer
CUST-04185,Rajesh Rao,Male,32,Mumbai,Maharashtra,West,2022-12-23,VIP Customer
CUST-04186,Isha Shah,Female,18,Guwahati,Assam,East,2023-07-03,Loyal Customer
CUST-04187,Shaurya Menon,Male,46,Patna,Bihar,East,2022-06-23,Loyal Customer
CUST-04188,Diya Mehta,Female,46,Chennai,Tamil Nadu,South,2024-02-18,Loyal Customer
CUST-04189,Anjali Singh,Female,34,Kolkata,West Bengal,East,2022-10-22,Loyal Customer
CUST-04190,Sunita Rao,Female,54,Pune,Maharashtra,West,2021-12-19,Loyal Customer
CUST-04191,Rekha Gupta,Female,49,Ahmedabad,Gujarat,West,2022-11-15,Regular Customer
CUST-04192,Anjali Dutta,Female,41,Jaipur,Rajasthan,North,2022-04-12,Regular Customer
CUST-04193,Ishaan Malhotra,Male,55,Visakhapatnam,Andhra Pradesh,South,2021-07-05,Loyal Customer
CUST-04194,Shaurya Mukherjee,Male,47,Hyderabad,Telangana,South,2023-10-16,Loyal Customer
CUST-04195,Nikhil Nair,Male,39,Lucknow,Uttar Pradesh,North,2022-02-19,Regular Customer
CUST-04196,Deepak Iyer,Male,18,Bhubaneswar,Odisha,East,2022-12-20,Regular Customer
CUST-04197,Rohan Tripathi,Male,39,Patna,Bihar,East,2023-01-11,Loyal Customer
CUST-04198,Sai Reddy,Male,29,Mumbai,Maharashtra,West,2021-02-02,Regular Customer
CUST-04199,Suresh Joshi,Male,18,Bhubaneswar,Odisha,East,2023-11-03,Loyal Customer
CUST-04200,Vikram Joshi,Male,43,Bengaluru,Karnataka,South,2024-02-21,Regular Customer
CUST-04201,Pari Mukherjee,Female,35,Kolkata,West Bengal,East,2021-06-05,Regular Customer
CUST-04202,Aadhya Das,Female,35,Delhi,Delhi,North,2024-05-09,VIP Customer
CUST-04203,Swati Nair,Female,32,Mumbai,Maharashtra,West,2022-06-24,Regular Customer
CUST-04204,Meera Chatterjee,Female,48,Delhi,Delhi,North,2022-12-26,Regular Customer
CUST-04205,Pallavi Nair,Female,22,Delhi,Delhi,North,2021-08-01,Loyal Customer
CUST-04206,Tanvi Pandey,Female,24,Lucknow,Uttar Pradesh,North,2022-08-25,Loyal Customer
CUST-04207,Aadhya Reddy,Female,18,Mumbai,Maharashtra,West,2022-04-06,Regular Customer
CUST-04208,Aanya Patel,Female,32,Bengaluru,Karnataka,South,2024-01-28,Regular Customer
CUST-04209,Kavya Sharma,Female,28,Delhi,Delhi,North,2023-10-10,Regular Customer
CUST-04210,Shreya Patel,Female,47,Delhi,Delhi,North,2022-05-18,VIP Customer
CUST-04211,Rohan Singh,Male,36,Bhopal,Madhya Pradesh,Central,2022-03-19,Regular Customer
CUST-04212,Ishaan Patel,Male,18,Mumbai,Maharashtra,West,2021-02-12,VIP Customer
CUST-04213,Rahul Pandey,Male,24,Delhi,Delhi,North,2023-06-18,Regular Customer
CUST-04214,Anjali Banerjee,Female,40,Nagpur,Maharashtra,West,2022-01-29,Regular Customer
CUST-04215,Gaurav Iyengar,Other,27,Delhi,Delhi,North,2024-04-04,Regular Customer
CUST-04216,Suresh Tripathi,Male,38,Bengaluru,Karnataka,South,2023-03-04,Loyal Customer
CUST-04217,Shreya Mishra,Female,40,Delhi,Delhi,North,2023-01-16,Loyal Customer
CUST-04218,Kavya Pillai,Female,42,Kochi,Kerala,South,2023-01-29,Regular Customer
CUST-04219,Varun Agarwal,Male,28,Mumbai,Maharashtra,West,2022-04-26,Regular Customer
CUST-04220,Navya Gupta,Female,39,Jaipur   ,Rajasthan,North,2021-10-03,Regular Customer
CUST-04221,Siddharth Das,Male,45,Delhi,Delhi,North,2022-05-21,Loyal Customer
CUST-04222,Suresh Bhatia,Male,42,Bengaluru,Karnataka,South,2021-07-17,VIP Customer
CUST-04223,Kunal Iyengar,Male,25,Pune,Maharashtra,West,2023-09-02,Regular Customer
CUST-04224,Vihaan Mishra,Male,26,Kochi,Kerala,South,2024-05-22,Regular Customer
CUST-04225,Atharv Das,Male,29,Kolkata,West Bengal,East,2024-02-09,Loyal Customer
CUST-04226,Ayaan Menon,Male,32,Visakhapatnam,Andhra Pradesh,South,2022-07-06,Loyal Customer
CUST-04227,Aanya Menon,Female,23,Pune,Maharashtra,West,2024-06-21,Regular Customer
CUST-04228,Priyanka Pillai,Female,32,Delhi,Delhi,North,2021-05-13,VIP Customer
CUST-04229,Diya Sharma,Female,39,Bhopal,Madhya Pradesh,Central,2024-02-21,Regular Customer
CUST-04230,Divya Verma,Female,40,Surat,Gujarat,West,2022-12-13,Regular Customer
CUST-04231,Deepak Bhatia,Male,48,Lucknow,Uttar Pradesh,North,2021-05-11,Loyal Customer
CUST-04232,Aditya Dutta,Other,36,Mumbai,Maharashtra,West,2022-07-20,Loyal Customer
CUST-04233,Pranav Dutta,Male,22,Delhi,Delhi,North,2021-02-26,Loyal Customer
CUST-04234,Sneha Pillai,Female,23,Mumbai,Maharashtra,West,2021-10-01,VIP Customer
CUST-04235,Gauri Kaur,Female,21,Bengaluru,Karnataka,South,2023-07-15,Regular Customer
CUST-04236,Shreya Kaur,Female,42,Indore,Madhya Pradesh,Central,2022-09-16,Regular Customer
CUST-04237,Priyanka Mishra,Female,42,Bhopal,Madhya Pradesh,Central,2023-11-07,VIP Customer
CUST-04238,Ananya Choudhury,Female,34,Mumbai,Maharashtra,West,2024-01-11,VIP Customer
CUST-04239,Priyanka Reddy,Female,48,Delhi,Delhi,North,2021-01-14,VIP Customer
CUST-04240,Vivaan Das,Male,31,Bengaluru,Karnataka,South,2023-01-04,Loyal Customer
CUST-04241,Nikhil Gupta,Male,35,Mumbai,Maharashtra,West,2024-06-11,Regular Customer
CUST-04242,Kabir Dutta,Male,30,Delhi,Delhi,North,2021-11-27,Loyal Customer
CUST-04243,Isha Mukherjee,Female,23,Kolkata,West Bengal,East,2022-01-03,Loyal Customer
CUST-04244,Saanvi Singh,Female,23,Delhi,Delhi,North,2023-10-11,Loyal Customer
CUST-04245,Shaurya Gupta,Male,50,Bengaluru,Karnataka,South,2021-07-12,VIP Customer
CUST-04246,Suresh Das,Male,18,Mumbai,Maharashtra,West,2023-03-05,Loyal Customer
CUST-04247,Dhruv Das,Male,18,Delhi,Delhi,North,2023-08-30,Regular Customer
CUST-04248,Meera Saxena,Female,24,Guwahati,Assam,East,2021-07-16,Regular Customer
CUST-04249,Sai Das,Male,37,Kochi,Kerala,South,2023-06-01,VIP Customer
CUST-04250,Rahul Gupta,Male,34,Chandigarh,Punjab,North,2022-01-13,Regular Customer
CUST-04251,Reyansh Patel,Male,18,Delhi,Delhi,North,2022-12-21,VIP Customer
CUST-04252,Manish Gupta,Male,34,delhi,Delhi,North,2022-11-27,Regular Customer
CUST-04253,Aarohi Iyengar,Female,52,Delhi,Delhi,North,2022-06-12,Regular Customer
CUST-04254,Ramesh Verma,Male,18,Pune,Maharashtra,West,2024-02-15,Regular Customer
CUST-04255,Atharv Malhotra,Other,29,Patna,Bihar,East,2021-12-12,Regular Customer
CUST-04256,Amit Sharma,Male,27,Bhubaneswar,Odisha,East,2021-01-10,Regular Customer
CUST-04257,Khushi Sharma,Female,18,Bengaluru,Karnataka,South,2024-03-09,Loyal Customer
CUST-04258,Gaurav Gupta,Male,24,Bhubaneswar,Odisha,East,2021-12-20,Regular Customer
CUST-04259,Neha Iyer,Female,44,Bengaluru,Karnataka,South,2022-01-08,Regular Customer
CUST-04260,Navya Malhotra,Female,39,Chennai,Tamil Nadu,South,2021-11-13,Loyal Customer
CUST-04261,Priyanka Saxena,Female,44,Bhubaneswar,Odisha,East,2023-06-22,Loyal Customer
CUST-04262,Pranav Choudhury,Male,18,Mumbai,Maharashtra,West,2021-12-30,Regular Customer
CUST-04263,Deepa Pandey,Female,47,Nagpur,Maharashtra,West,2023-07-01,Regular Customer
CUST-04264,Vivaan Agarwal,Male,20,Chennai,Tamil Nadu,South,2024-01-06,VIP Customer
CUST-04265,Anita Malhotra,Female,29,Coimbatore,Tamil Nadu,South,2022-10-01,VIP Customer
CUST-04266,Aarohi Rao,Female,28,Mumbai,Maharashtra,West,2022-01-05,Loyal Customer
CUST-04267,Sai Tripathi,Male,45,Kochi,Kerala,South,2021-07-24,Regular Customer
CUST-04268,Ramesh Bhatia,Male,41,Surat,Gujarat,West,2024-06-09,VIP Customer
CUST-04269,Riya Agarwal,Female,41,Delhi,Delhi,North,2024-01-28,Loyal Customer
CUST-04270,Anita Menon,Female,50,Delhi,Delhi,North,2021-08-27,Loyal Customer
CUST-04271,Aditya Reddy,Male,37,Kochi,Kerala,South,2022-05-20,Regular Customer
CUST-04272,Isha Pandey,Female,46,Hyderabad,Telangana,South,2023-10-03,Regular Customer
CUST-04273,Pari Verma,Female,39,Delhi,Delhi,North,2023-01-04,Regular Customer
CUST-04274,Pallavi Iyer,Female,28,Bhubaneswar,Odisha,East,2024-04-25,Regular Customer
CUST-04275,Amit Gupta,Male,41,Chandigarh,Punjab,North,2022-10-19,VIP Customer
CUST-04276,Priyanka Banerjee,Female,39,Chennai,Tamil Nadu,South,2023-12-26,Regular Customer
CUST-04277,Nikhil Chatterjee,Male,35,Delhi,Delhi,North,2022-02-16,Regular Customer
CUST-04278,Arjun Menon,Male,20,,Maharashtra,West,2022-02-10,Regular Customer
CUST-04279,Divya Pillai,Female,18,Coimbatore,Tamil Nadu,South,2023-04-08,Regular Customer
CUST-04280,Aditya Iyer,Male,45,Visakhapatnam,Andhra Pradesh,South,2021-02-18,Regular Customer
CUST-04281,Meera Chatterjee,Female,39,Indore,Madhya Pradesh,Central,2023-09-19,Loyal Customer
CUST-04282,Ishaan Iyer,Male,22,Patna,Bihar,East,2022-08-12,Loyal Customer
CUST-04283,Deepak Verma,Male,27,Delhi,Delhi,North,2023-12-17,Loyal Customer
CUST-04284,Reyansh Gupta,Male,30,Coimbatore,Tamil Nadu,South,2022-09-21,VIP Customer
CUST-04285,Anand Tripathi,Male,45,Coimbatore,Tamil Nadu,South,2024-03-15,Regular Customer
CUST-04286,Manish Reddy,Other,18,Indore,Madhya Pradesh,Central,2021-04-09,Regular Customer
CUST-04287,Aanya Joshi,Female,27,Hyderabad,Telangana,South,2023-02-28,Regular Customer
CUST-04288,Anjali Verma,Female,35,Hyderabad,Telangana,South,2023-06-08,Loyal Customer
CUST-04289,Amit Yadav,Male,40,Mumbai,Maharashtra,West,2022-01-01,Regular Customer
CUST-04290,Swati Das,Female,34,Lucknow,Uttar Pradesh,North,2021-04-02,VIP Customer
CUST-04291,Aarohi Menon,Female,18,Pune,Maharashtra,West,2022-01-16,VIP Customer
CUST-04292,Shreya Reddy,Female,34,Coimbatore,Tamil Nadu,South,2021-05-30,Loyal Customer
CUST-04293,Sneha Mehta,Female,37,Hyderabad,Telangana,South,2024-03-15,Loyal Customer
CUST-04294,Aarav Verma,Male,19,Delhi,Delhi,North,2023-02-21,Regular Customer
CUST-04295,Deepak Malhotra,Male,27,Bengaluru,Karnataka,South,2022-08-18,Regular Customer
CUST-04296,Isha Kaur,Female,40,Hyderabad,Telangana,South,2022-11-09,VIP Customer
CUST-04297,Dhruv Pandey,Male,26,Mumbai,Maharashtra,West,2022-04-13,Regular Customer
CUST-04298,Siddharth Nair,Male,29,Pune,Maharashtra,West,2021-04-02,Regular Customer
CUST-04299,Ramesh Patel,Male,43,Chennai,Tamil Nadu,South,2024-06-27,Loyal Customer
CUST-04300,Nandini Agarwal,Female,29,Kolkata,West Bengal,East,2023-05-16,Loyal Customer
CUST-04301,Deepak Yadav,Male,31,Mumbai,Maharashtra,West,2022-09-27,Regular Customer
CUST-04302,Nandini Singh,Female,34,Kolkata,West Bengal,East,2022-07-13,Regular Customer
CUST-04303,Saanvi Pillai,Female,30,Ahmedabad,Gujarat,West,2023-04-28,Regular Customer
CUST-04304,Siddharth Tripathi,Male,41,Visakhapatnam   ,Andhra Pradesh,South,2022-01-24,Loyal Customer
CUST-04305,Sneha Shah,Female,30,Indore,Madhya Pradesh,Central,2024-05-14,Regular Customer
CUST-04306,Deepak Nair,Male,36,Delhi,Delhi,North,2021-03-27,Loyal Customer
CUST-04307,Riya Bhatia,Female,36,Bengaluru,Karnataka,South,2022-04-02,Regular Customer
CUST-04308,Vihaan Malhotra,Male,29,  Delhi ,Delhi,North,2021-11-22,VIP Customer
CUST-04309,Sneha Gupta,Female,47,mumbai,Maharashtra,West,2022-01-11,Regular Customer
CUST-04310,Sai Dutta,Male,19,Mumbai,Maharashtra,West,2022-06-10,VIP Customer
CUST-04311,Deepak Agarwal,Male,33,Bengaluru,Karnataka,South,2023-03-27,Regular Customer
CUST-04312,Khushi Joshi,Female,33,Indore,Madhya Pradesh,Central,2024-03-13,Regular Customer
CUST-04313,Nikhil Malhotra,Male,40,Delhi,Delhi,North,2023-03-20,Loyal Customer
CUST-04314,Pranav Mehta,Male,18,Delhi,Delhi,North,2021-06-27,Loyal Customer
CUST-04315,Sneha Mehta,Female,26,Delhi,Delhi,North,2021-09-18,Regular Customer
CUST-04316,Aanya Iyer,Female,30,Mumbai,Maharashtra,West,2023-09-08,Regular Customer
CUST-04317,Isha Verma,Female,50,Pune,Maharashtra,West,2023-03-06,Regular Customer
CUST-04318,Nikhil Das,Male,21,Patna,Bihar,East,2021-05-19,Regular Customer
CUST-04319,Ramesh Rao,Male,29,Visakhapatnam,Andhra Pradesh,South,2023-06-17,Loyal Customer
CUST-04320,Riya Mukherjee,Female,46,Nagpur,Maharashtra,West,2021-03-26,Loyal Customer
CUST-04321,Pooja Choudhury,Female,50,Bhubaneswar,Odisha,East,2022-01-23,Loyal Customer
CUST-04322,Tanvi Reddy,Female,31,Bengaluru,Karnataka,South,2021-03-31,Loyal Customer
CUST-04323,Ananya Reddy,Female,35,Delhi,Delhi,North,2022-05-29,VIP Customer
CUST-04324,Atharv Menon,Male,18,Surat,Gujarat,West,2022-02-15,VIP Customer
CUST-04325,Vivaan Nair,Male,46,Delhi,Delhi,North,2023-02-18,Regular Customer
CUST-04326,Ishaan Iyengar,Male,52,Pune,Maharashtra,West,2021-05-11,Regular Customer
CUST-04327,Manish Mehta,Male,26,Chennai,Tamil Nadu,South,2022-11-19,Loyal Customer
CUST-04328,Riya Sharma,Female,26,Bengaluru,Karnataka,South,2023-06-22,Regular Customer
CUST-04329,Ayaan Mukherjee,Male,39,Hyderabad,Telangana,South,2023-12-19,Regular Customer
CUST-04330,Sai Bhatia,Male,33,Nagpur,Maharashtra,West,2024-01-26,VIP Customer
CUST-04331,Aanya Malhotra,Female,38,Visakhapatnam,Andhra Pradesh,South,2021-05-14,Regular Customer
CUST-04332,Anjali Sharma,Female,51,Coimbatore,Tamil Nadu,South,2024-06-20,Loyal Customer
CUST-04333,Tanvi Agarwal,Female,23,Bengaluru,Karnataka,South,2022-10-21,Regular Customer
CUST-04334,Ananya Tripathi,Female,44,Bengaluru,Karnataka,South,2021-08-01,Loyal Customer
CUST-04335,Saanvi Nair,Female,40,Mumbai,Maharashtra,West,2021-01-08,Loyal Customer
CUST-04336,Deepa Nair,Female,26,Ahmedabad,Gujarat,West,2024-03-07,Regular Customer
CUST-04337,Ayaan Choudhury,Male,18,Bengaluru,Karnataka,South,2021-03-14,Loyal Customer
CUST-04338,Aditya Sharma,Male,36,Mumbai,Maharashtra,West,2023-09-03,VIP Customer
CUST-04339,Manish Nair,Other,33,Hyderabad,Telangana,South,2022-08-02,Loyal Customer
CUST-04340,Pari Menon,Female,31,Hyderabad,Telangana,South,2022-05-02,Loyal Customer
CUST-04341,Neha Shah,Female,43,Mumbai,Maharashtra,West,2022-12-08,VIP Customer
CUST-04342,Divya Menon,Female,45,Bengaluru,Karnataka,South,2023-09-09,VIP Customer
CUST-04343,Arjun Menon,Male,18,Chennai,Tamil Nadu,South,2024-01-04,VIP Customer
CUST-04344,Isha Bhatia,Female,18,BENGALURU,Karnataka,South,2022-08-11,Loyal Customer
CUST-04345,Sai Nair,Male,34,Pune,Maharashtra,West,2022-06-11,VIP Customer
CUST-04346,Atharv Dutta,Male,28,Lucknow,Uttar Pradesh,North,2021-02-12,Regular Customer
CUST-04347,Khushi Bhatia,Female,45,Ahmedabad,Gujarat,West,2021-03-29,Regular Customer
CUST-04348,Shreya Tripathi,Female,18,Bengaluru,Karnataka,South,2024-01-14,VIP Customer
CUST-04349,Dhruv Bhatia,Male,37,Bhubaneswar,Odisha,East,2022-12-24,Regular Customer
CUST-04350,Dhruv Pillai,Male,21,Delhi,Delhi,North,2023-05-06,Regular Customer
CUST-04351,Riya Menon,Female,44,Mumbai,Maharashtra,West,2023-03-07,Regular Customer
CUST-04352,Shaurya Reddy,Male,36,Mumbai,Maharashtra,West,2023-03-28,Regular Customer
CUST-04353,Pooja Mehta,Female,32,Chennai,Tamil Nadu,South,2022-05-19,Regular Customer
CUST-04354,Reyansh Banerjee,Male,24,Patna,Bihar,East,2022-02-03,VIP Customer
CUST-04355,Anand Kaur,Male,46,Mumbai,Maharashtra,West,2024-06-21,Regular Customer
CUST-04356,Riya Chatterjee,Female,25,Kochi,Kerala,South,2023-04-17,Regular Customer
CUST-04357,Khushi Mehta,Female,28,Pune,Maharashtra,West,2023-03-16,Regular Customer
CUST-04358,Vihaan Chatterjee,Male,41,Bengaluru,Karnataka,South,2023-07-16,Regular Customer
CUST-04359,Siddharth Choudhury,Male,41,Hyderabad,Telangana,South,2023-04-25,Regular Customer
CUST-04360,Gauri Reddy,Female,28,Chennai,Tamil Nadu,South,2024-02-04,VIP Customer
CUST-04361,Rajesh Nair,Male,20,Mumbai,Maharashtra,West,2023-11-26,Regular Customer
CUST-04362,Rohan Sharma,Male,53,Kochi,Kerala,South,2022-02-27,Regular Customer
CUST-04363,Rajesh Saxena,Male,41,Pune,Maharashtra,West,2022-07-14,VIP Customer
CUST-04364,Rajesh Banerjee,Male,43,Bhubaneswar,Odisha,East,2021-11-16,Loyal Customer
CUST-04365,Priyanka Mishra,Female,38,Ahmedabad,Gujarat,West,2022-02-10,Regular Customer
CUST-04366,Shaurya Menon,Male,38,Patna,Bihar,East,2022-05-19,VIP Customer
CUST-04367,Ananya Choudhury,Female,29,Delhi,Delhi,North,2023-09-24,Regular Customer
CUST-04368,Varun Choudhury,Male,43,Delhi,Delhi,North,2024-06-08,Regular Customer
CUST-04369,Manish Tripathi,Male,53,Visakhapatnam,Andhra Pradesh,South,2021-03-14,Loyal Customer
CUST-04370,Kunal Gupta,Male,31,Kolkata,West Bengal,East,2021-06-25,Regular Customer
CUST-04371,Pallavi Yadav,Female,47,Mumbai,Maharashtra,West,2021-04-19,Regular Customer
CUST-04372,Aditya Reddy,Male,64,Mumbai,Maharashtra,West,2023-01-01,Regular Customer
CUST-04373,Arjun Mehta,Male,22,Coimbatore,Tamil Nadu,South,2022-09-22,Loyal Customer
CUST-04374,Navya Mukherjee,Female,40,Visakhapatnam,Andhra Pradesh,South,2022-10-09,Loyal Customer
CUST-04375,Deepa Menon,Female,33,Delhi,Delhi,North,2023-08-31,Regular Customer
CUST-04376,Diya Joshi,Female,18,Bhubaneswar,Odisha,East,2022-09-14,Regular Customer
CUST-04377,Anjali Saxena,Female,49,Mumbai,Maharashtra,West,2021-11-08,Regular Customer
CUST-04378,Vihaan Chatterjee,Male,28,Indore,Madhya Pradesh,Central,2024-06-20,Regular Customer
CUST-04379,Vikram Chatterjee,Male,32,Kochi,Kerala,South,2023-08-20,Loyal Customer
CUST-04380,Kavya Das,Female,45,Coimbatore,Tamil Nadu,South,2022-05-26,VIP Customer
CUST-04381,Rajesh Bhatia,Male,31,Kochi,Kerala,South,2023-07-01,Regular Customer
CUST-04382,Vivaan Bhatia,Male,24,Kochi,Kerala,South,2023-02-20,Regular Customer
CUST-04383,Sneha Saxena,Female,33,Chennai,Tamil Nadu,South,2021-02-10,Loyal Customer
CUST-04384,Siddharth Rao,Male,18,Hyderabad,Telangana,South,2023-06-23,Loyal Customer
CUST-04385,Sai Menon,Male,26,Kolkata,West Bengal,East,2021-02-10,VIP Customer
CUST-04386,Swati Banerjee,Female,27,Pune,Maharashtra,West,2022-12-06,VIP Customer
CUST-04387,Aadhya Tripathi,Female,48,Jaipur,Rajasthan,North,2023-01-28,Regular Customer
CUST-04388,Arjun Mukherjee,Male,44,Lucknow,Uttar Pradesh,North,2022-09-07,Loyal Customer
CUST-04389,Varun Bhatia,Male,37,Bengaluru,Karnataka,South,2021-08-16,VIP Customer
CUST-04390,Anita Kaur,Female,38,Mumbai,Maharashtra,West,2022-02-08,VIP Customer
CUST-04391,Shaurya Joshi,Male,40,Mumbai,Maharashtra,West,2021-06-20,Regular Customer
CUST-04392,Kunal Iyer,Male,39,Lucknow,Uttar Pradesh,North,2021-02-02,Loyal Customer
CUST-04393,Suresh Pillai,Male,25,Delhi,Delhi,North,2021-12-13,Regular Customer
CUST-04394,Krishna Mehta,Male,35,Jaipur,Rajasthan,North,2023-11-18,Regular Customer
CUST-04395,Amit Tripathi,Male,27,Bengaluru,Karnataka,South,2021-02-18,Regular Customer
CUST-04396,Pranav Saxena,Male,26,Hyderabad,Telangana,South,2021-04-17,Loyal Customer
CUST-04397,Shreya Joshi,Female,49,Lucknow,Uttar Pradesh,North,2022-06-23,Regular Customer
CUST-04398,Kabir Reddy,Male,29,Mumbai,Maharashtra,West,2021-03-24,Regular Customer
CUST-04399,Sunita Kaur,Female,33,Pune,Maharashtra,West,2023-07-28,Loyal Customer
CUST-04400,Shaurya Chatterjee,Other,30,Bhubaneswar,Odisha,East,2021-03-06,Regular Customer
CUST-04401,Varun Mukherjee,Male,18,Delhi,Delhi,North,2021-01-22,Loyal Customer
CUST-04402,Aarav Joshi,Male,22,Delhi,Delhi,North,2023-02-19,Regular Customer
CUST-04403,Rahul Nair,Male,24,Nagpur,Maharashtra,West,2023-03-07,Regular Customer
CUST-04404,Swati Shah,Female,21,Visakhapatnam,Andhra Pradesh,South,2023-02-08,Regular Customer
CUST-04405,Kunal Iyengar,Male,18,Delhi,Delhi,North,2023-05-20,Regular Customer
CUST-04406,Shaurya Bhatia,Male,27,Surat,Gujarat,West,2022-12-11,Loyal Customer
CUST-04407,Vikram Mehta,Other,18,Hyderabad,Telangana,South,2023-09-29,Regular Customer
CUST-04408,Aditya Agarwal,Male,29,Chennai,Tamil Nadu,South,2023-07-11,VIP Customer
CUST-04409,Aditya Mishra,Male,25,Chennai,Tamil Nadu,South,2022-10-15,VIP Customer
CUST-04410,Pranav Malhotra,Other,30,Hyderabad,Telangana,South,2021-02-17,Loyal Customer
CUST-04411,Anita Choudhury,Female,39,Patna,Bihar,East,2021-08-08,Regular Customer
CUST-04412,Sai Rao,Male,45,Chennai,Tamil Nadu,South,2021-05-14,Regular Customer
CUST-04413,Kunal Patel,Other,37,Lucknow,Uttar Pradesh,North,2021-06-28,VIP Customer
CUST-04414,Saanvi Dutta,Female,36,Kolkata,West Bengal,East,2021-01-28,Loyal Customer
CUST-04415,Meera Yadav,Female,36,Jaipur,Rajasthan,North,2024-06-18,Regular Customer
CUST-04416,Suresh Singh,Male,36,Mumbai,Maharashtra,West,2023-08-02,Loyal Customer
CUST-04417,Meera Mishra,Female,18,Delhi,Delhi,North,2021-08-05,Loyal Customer
CUST-04418,Aanya Das,Female,40,,Kerala,South,2021-10-12,Regular Customer
CUST-04419,Tanvi Agarwal,Female,18,Bengaluru,Karnataka,South,2021-06-16,Regular Customer
CUST-04420,Deepak Gupta,Male,48,Kochi,Kerala,South,2021-01-08,Regular Customer
CUST-04421,Rajesh Patel,Male,33,Kolkata,West Bengal,East,2022-03-07,Regular Customer
CUST-04422,Aadhya Nair,Female,58,Mumbai,Maharashtra,West,2022-10-19,Loyal Customer
CUST-04423,Gauri Iyer,Female,25,Bhopal,Madhya Pradesh,Central,2022-02-09,Loyal Customer
CUST-04424,Sneha Mukherjee,Female,31,Mumbai,Maharashtra,West,2022-01-17,Regular Customer
CUST-04425,Anand Kaur,Male,46,Chennai,Tamil Nadu,South,2024-04-27,VIP Customer
CUST-04426,Aanya Menon,Female,37,Bhopal,Madhya Pradesh,Central,2022-01-14,Regular Customer
CUST-04427,Aadhya Saxena,Female,39,Ahmedabad,Gujarat,West,2022-02-09,Regular Customer
CUST-04428,Nandini Chatterjee,Female,18,Ahmedabad,Gujarat,West,2024-03-24,VIP Customer
CUST-04429,Shreya Malhotra,Female,54,Mumbai,Maharashtra,West,2021-06-05,Regular Customer
CUST-04430,Gaurav Reddy,Male,37,Indore,Madhya Pradesh,Central,2022-04-12,Regular Customer
CUST-04431,Divya Pandey,Female,33,Mumbai,Maharashtra,West,2024-04-28,Regular Customer
CUST-04432,Kabir Iyengar,Other,26,  Coimbatore ,Tamil Nadu,South,2022-08-08,Regular Customer
CUST-04433,Krishna Pandey,Male,47,Chennai,Tamil Nadu,South,2022-12-08,Loyal Customer
CUST-04434,Pooja Sharma,Female,23,Hyderabad,Telangana,South,2022-05-31,Regular Customer
CUST-04435,Sai Gupta,Male,20,Kochi,Kerala,South,2021-05-07,Regular Customer
CUST-04436,Atharv Tripathi,Male,30,Hyderabad,Telangana,South,2021-05-04,Loyal Customer
CUST-04437,Deepa Pillai,Female,67,Nagpur,Maharashtra,West,2021-06-13,Loyal Customer
CUST-04438,Nandini Das,Female,30,Delhi,Delhi,North,2023-07-03,Regular Customer
CUST-04439,Anand Kaur,Male,32,Hyderabad,Telangana,South,2021-06-30,Regular Customer
CUST-04440,Nikhil Agarwal,Male,36,Mumbai,Maharashtra,West,2023-01-11,Loyal Customer
CUST-04441,Neha Kaur,Female,24,Mumbai,Maharashtra,West,2021-05-15,Loyal Customer
CUST-04442,Anand Pandey,Other,41,Hyderabad,Telangana,South,2022-10-16,Regular Customer
CUST-04443,Anand Mishra,Male,34,Delhi,Delhi,North,2023-09-11,Regular Customer
CUST-04444,Khushi Choudhury,Female,42,Guwahati,Assam,East,2023-09-29,Regular Customer
CUST-04445,Anand Mehta,Male,29,Kolkata,West Bengal,East,2022-04-13,Loyal Customer
CUST-04446,Aanya Das,Female,44,Visakhapatnam,Andhra Pradesh,South,2022-12-24,Regular Customer
CUST-04447,Pranav Menon,Male,29,Chennai,Tamil Nadu,South,2022-10-27,VIP Customer
CUST-04448,Gaurav Nair,Male,33,Hyderabad,Telangana,South,2023-08-08,VIP Customer
CUST-04449,Rohan Menon,Male,28,Hyderabad,Telangana,South,2021-11-09,Regular Customer
CUST-04450,Sunita Nair,Female,38,  Chandigarh ,Punjab,North,2023-05-10,VIP Customer
CUST-04451,Gaurav Bhatia,Male,35,Hyderabad,Telangana,South,2022-10-11,Regular Customer
CUST-04452,Rekha Singh,Female,28,Chennai,Tamil Nadu,South,2021-11-02,Regular Customer
CUST-04453,Aarav Pillai,Male,50,Coimbatore,Tamil Nadu,South,2021-12-20,Regular Customer
CUST-04454,Sai Mehta,Male,29,Kolkata,West Bengal,East,2021-07-14,Regular Customer
CUST-04455,Rahul Bhatia,Male,44,Hyderabad,Telangana,South,2022-07-09,Regular Customer
CUST-04456,Saanvi Iyer,Female,32,Ahmedabad,Gujarat,West,2023-03-15,Regular Customer
CUST-04457,Deepa Yadav,Female,28,Bengaluru,Karnataka,South,2024-01-31,Regular Customer
CUST-04458,Reyansh Iyer,Male,35,Delhi,Delhi,North,2024-05-27,Loyal Customer
CUST-04459,Kabir Pillai,Male,39,CHENNAI,Tamil Nadu,South,2021-11-24,Regular Customer
CUST-04460,Swati Verma,Female,32,Surat,Gujarat,West,2022-12-25,VIP Customer
CUST-04461,Aadhya Reddy,Female,32,Hyderabad,Telangana,South,2023-09-04,Loyal Customer
CUST-04462,Arjun Patel,Male,18,Hyderabad,Telangana,South,2023-11-29,VIP Customer
CUST-04463,Anita Mehta,Female,47,Visakhapatnam,Andhra Pradesh,South,2023-05-03,Regular Customer
CUST-04464,Ishaan Singh,Male,18,Kolkata,West Bengal,East,2021-11-21,Regular Customer
CUST-04465,Khushi Kaur,Female,36,Bengaluru,Karnataka,South,2024-06-20,Regular Customer
CUST-04466,Aarohi Mukherjee,Female,21,Hyderabad,Telangana,South,2021-09-23,Regular Customer
CUST-04467,Shaurya Dutta,Male,19,Bengaluru,Karnataka,South,2023-02-04,Loyal Customer
CUST-04468,Gaurav Bhatia,Male,37,Hyderabad,Telangana,South,2023-01-27,Loyal Customer
CUST-04469,Sneha Gupta,Female,47,Jaipur,Rajasthan,North,2021-02-06,Regular Customer
CUST-04470,Kabir Patel,Male,54,Delhi,Delhi,North,2022-03-05,VIP Customer
CUST-04471,Shreya Patel,Female,28,Chennai,Tamil Nadu,South,2022-10-03,Loyal Customer
CUST-04472,Pranav Iyer,Male,40,Kolkata,West Bengal,East,2022-07-29,Loyal Customer
CUST-04473,Priyanka Mishra,Female,32,Kochi,Kerala,South,2022-11-10,Loyal Customer
CUST-04474,Pranav Bhatia,Male,25,Delhi,Delhi,North,2022-10-22,Loyal Customer
CUST-04475,Suresh Agarwal,Other,35,Chennai,Tamil Nadu,South,2022-04-14,Loyal Customer
CUST-04476,Ramesh Patel,Male,37,Surat,Gujarat,West,2022-05-26,Regular Customer
CUST-04477,Sneha Tripathi,Female,28,Hyderabad,Telangana,South,2021-02-09,Regular Customer
CUST-04478,Pranav Malhotra,Other,43,Kolkata,West Bengal,East,2023-02-26,Loyal Customer
CUST-04479,Ramesh Reddy,Male,31,Mumbai,Maharashtra,West,2021-06-16,Regular Customer
CUST-04480,Rohan Mukherjee,Male,18,Chennai,Tamil Nadu,South,2022-06-29,Regular Customer
CUST-04481,Pari Choudhury,Female,36,Mumbai,Maharashtra,West,2022-01-31,Loyal Customer
CUST-04482,Kavya Das,Female,19,Guwahati,Assam,East,2021-10-21,Regular Customer
CUST-04483,Sunita Verma,Female,24,Kochi,Kerala,South,2023-08-29,Regular Customer
CUST-04484,Divya Sharma,Female,64,Visakhapatnam,Andhra Pradesh,South,2022-11-02,Regular Customer
CUST-04485,Ramesh Iyer,Male,29,Bengaluru,Karnataka,South,2024-02-25,Regular Customer
CUST-04486,Kavya Reddy,Female,30,Patna,Bihar,East,2023-09-20,VIP Customer
CUST-04487,Neha Tripathi,Female,35,Lucknow,Uttar Pradesh,North,2024-01-04,Regular Customer
CUST-04488,Kunal Singh,Male,58,Kochi,Kerala,South,2022-01-21,VIP Customer
CUST-04489,Neha Mukherjee,Female,36,Bhubaneswar,Odisha,East,2021-09-04,Regular Customer
CUST-04490,Vivaan Dutta,Male,53,Hyderabad,Telangana,South,2022-02-04,Regular Customer
CUST-04491,Pooja Joshi,Female,44,Hyderabad,Telangana,South,2022-05-24,Loyal Customer
CUST-04492,Kabir Das,Male,32,Bhubaneswar,Odisha,East,2021-01-23,Regular Customer
CUST-04493,Reyansh Bhatia,Male,18,Bengaluru,Karnataka,South,2022-08-30,Regular Customer
CUST-04494,Divya Singh,Female,35,Delhi,Delhi,North,2023-05-14,Regular Customer
CUST-04495,Riya Choudhury,Female,26,Lucknow,Uttar Pradesh,North,2021-10-30,Regular Customer
CUST-04496,Pari Chatterjee,Female,39,Delhi,Delhi,North,2021-11-18,Loyal Customer
CUST-04497,Nikhil Reddy,Male,51,Ahmedabad,Gujarat,West,2021-08-09,VIP Customer
CUST-04498,Riya Shah,Female,24,Indore,Madhya Pradesh,Central,2022-02-10,Loyal Customer
CUST-04499,Riya Joshi,Female,47,Hyderabad,Telangana,South,2021-11-30,Loyal Customer
CUST-04500,Meera Sharma,Female,38,Ahmedabad,Gujarat,West,2021-09-11,Regular Customer
CUST-04501,Meera Chatterjee,Female,18,Pune,Maharashtra,West,2023-09-05,Regular Customer
CUST-04502,Shaurya Pandey,Male,35,Lucknow,Uttar Pradesh,North,2023-02-08,Loyal Customer
CUST-04503,Manish Pillai,Male,38,Lucknow,Uttar Pradesh,North,2022-10-26,Regular Customer
CUST-04504,Shaurya Mukherjee,Male,43,VISAKHAPATNAM,Andhra Pradesh,South,2021-03-12,Loyal Customer
CUST-04505,Meera Banerjee,Female,25,Pune,Maharashtra,West,2024-03-10,Regular Customer
CUST-04506,Amit Verma,Male,44,Pune,Maharashtra,West,2021-09-28,Regular Customer
CUST-04507,Varun Gupta,Male,55,Hyderabad,Telangana,South,2021-10-14,Regular Customer
CUST-04508,Amit Saxena,Male,40,Bhubaneswar,Odisha,East,2022-04-27,Regular Customer
CUST-04509,Atharv Rao,Male,27,Mumbai,Maharashtra,West,2022-11-24,Regular Customer
CUST-04510,Shaurya Choudhury,Male,38,Indore,Madhya Pradesh,Central,2021-05-23,Regular Customer
CUST-04511,Vikram Verma,Male,33,Mumbai,Maharashtra,West,2023-12-11,Regular Customer
CUST-04512,Anita Nair,Female,44,Mumbai,Maharashtra,West,2021-11-14,Regular Customer
CUST-04513,Aadhya Pandey,Female,27,Indore,Madhya Pradesh,Central,2022-03-01,Regular Customer
CUST-04514,Aarohi Choudhury,Female,21,Hyderabad,Telangana,South,2022-06-19,Regular Customer
CUST-04515,Aanya Singh,Female,38,Jaipur,Rajasthan,North,2024-02-17,Regular Customer
CUST-04516,Manish Pandey,Male,27,Bengaluru,Karnataka,South,2022-04-07,Regular Customer
CUST-04517,Vivaan Patel,Male,19,Jaipur,Rajasthan,North,2022-04-22,VIP Customer
CUST-04518,Gaurav Bhatia,Other,27,mumbai,Maharashtra,West,2023-10-23,Regular Customer
CUST-04519,Pari Choudhury,Female,42,Kolkata,West Bengal,East,2023-03-22,Regular Customer
CUST-04520,Sunita Joshi,Female,34,Chennai,Tamil Nadu,South,2023-10-06,Regular Customer
CUST-04521,Deepak Das,Male,31,Mumbai,Maharashtra,West,2023-04-30,Loyal Customer
CUST-04522,Aanya Mehta,Female,26,Bengaluru,Karnataka,South,2024-04-22,Regular Customer
CUST-04523,Isha Banerjee,Female,45,Mumbai,Maharashtra,West,2023-10-04,Regular Customer
CUST-04524,Deepak Gupta,Male,18,Bengaluru,Karnataka,South,2024-04-06,VIP Customer
CUST-04525,Pooja Tripathi,Female,35,Kolkata,West Bengal,East,2021-12-03,Regular Customer
CUST-04526,Ananya Chatterjee,Female,45,Surat,Gujarat,West,2021-01-16,VIP Customer
CUST-04527,Tanvi Mukherjee,Female,38,  Mumbai ,Maharashtra,West,2022-07-31,Regular Customer
CUST-04528,Atharv Iyengar,Male,54,Bhubaneswar,Odisha,East,2023-03-07,Regular Customer
CUST-04529,Gauri Choudhury,Female,41,Pune,Maharashtra,West,2024-05-29,Regular Customer
CUST-04530,Gauri Reddy,Female,29,Chennai,Tamil Nadu,South,2022-06-18,Regular Customer
CUST-04531,Manish Joshi,Male,18,Pune,Maharashtra,West,2023-07-14,Regular Customer
CUST-04532,Ramesh Singh,Male,18,Guwahati,Assam,East,2023-11-15,Loyal Customer
CUST-04533,Reyansh Saxena,Male,34,Pune,Maharashtra,West,2021-08-19,Regular Customer
CUST-04534,Kunal Malhotra,Male,18,Indore,Madhya Pradesh,Central,2022-02-26,Regular Customer
CUST-04535,Priyanka Dutta,Female,49,Mumbai,Maharashtra,West,2022-09-04,Loyal Customer
CUST-04536,Swati Mehta,Female,41,Bhubaneswar,Odisha,East,2024-04-29,Loyal Customer
CUST-04537,Atharv Menon,Male,40,Hyderabad,Telangana,South,2021-04-22,Loyal Customer
CUST-04538,Ayaan Banerjee,Male,31,Visakhapatnam,Andhra Pradesh,South,2022-06-01,Regular Customer
CUST-04539,Aarav Joshi,Male,32,Kolkata,West Bengal,East,2021-01-26,Regular Customer
CUST-04540,Diya Yadav,Female,45,Chandigarh,Punjab,North,2022-11-15,Regular Customer
CUST-04541,Anand Nair,Male,32,Patna,Bihar,East,2022-11-02,Regular Customer
CUST-04542,Pari Mukherjee,Female,28,Nagpur,Maharashtra,West,2021-12-05,VIP Customer
CUST-04543,Sneha Chatterjee,Female,18,Indore,Madhya Pradesh,Central,2024-05-07,Regular Customer
CUST-04544,Swati Yadav,Female,56,Pune,Maharashtra,West,2022-05-24,Regular Customer
CUST-04545,Vihaan Tripathi,Male,32,Hyderabad,Telangana,South,2021-01-01,VIP Customer
CUST-04546,Neha Verma,Female,41,Jaipur,Rajasthan,North,2021-01-23,VIP Customer
CUST-04547,Varun Sharma,Male,27,Delhi,Delhi,North,2022-09-14,Regular Customer
CUST-04548,Anand Banerjee,Male,41,Chandigarh,Punjab,North,2021-11-23,Regular Customer
CUST-04549,Navya Mehta,Female,18,Kochi,Kerala,South,2022-01-26,VIP Customer
CUST-04550,Tanvi Tripathi,Female,38,Visakhapatnam,Andhra Pradesh,South,2023-02-03,Regular Customer
CUST-04551,Kabir Singh,Male,36,  Bengaluru ,Karnataka,South,2021-02-15,Regular Customer
CUST-04552,Aanya Tripathi,Female,18,Chennai,Tamil Nadu,South,2021-09-03,Regular Customer
CUST-04553,Krishna Menon,Male,18,MUMBAI,Maharashtra,West,2022-02-24,Regular Customer
CUST-04554,Manish Dutta,Male,36,Bengaluru,Karnataka,South,2021-03-04,VIP Customer
CUST-04555,Varun Iyer,Male,33,Lucknow,Uttar Pradesh,North,2021-12-24,Regular Customer
CUST-04556,Aadhya Dutta,Female,20,Bhopal,Madhya Pradesh,Central,2022-04-26,Regular Customer
CUST-04557,Pranav Banerjee,Male,48,Chennai,Tamil Nadu,South,2024-02-16,Regular Customer
CUST-04558,Saanvi Das,Female,33,CHENNAI,Tamil Nadu,South,2024-02-28,Regular Customer
CUST-04559,Anand Das,Male,25,Hyderabad,Telangana,South,2021-11-10,Regular Customer
CUST-04560,Dhruv Kaur,Male,38,Hyderabad,Telangana,South,2023-02-12,Regular Customer
CUST-04561,Rahul Pillai,Male,47,bhopal,Madhya Pradesh,Central,2023-08-12,Regular Customer
CUST-04562,Aarav Banerjee,Male,36,Visakhapatnam,Andhra Pradesh,South,2021-04-01,Loyal Customer
CUST-04563,Sunita Tripathi,Female,45,Chandigarh,Punjab,North,2022-07-30,Loyal Customer
CUST-04564,Tanvi Iyer,Female,29,Delhi,Delhi,North,2022-02-20,Loyal Customer
CUST-04565,Aarav Kaur,Male,33,Lucknow,Uttar Pradesh,North,2022-07-11,VIP Customer
CUST-04566,Gauri Patel,Female,45,Patna,Bihar,East,2023-07-07,Loyal Customer
CUST-04567,Manish Verma,Male,21,Lucknow,Uttar Pradesh,North,2024-02-28,Loyal Customer
CUST-04568,Prisha Chatterjee,Female,35,mumbai,Maharashtra,West,2023-09-28,Loyal Customer
CUST-04569,Shreya Yadav,Female,22,Chennai,Tamil Nadu,South,2021-04-07,Regular Customer
CUST-04570,Aditya Mukherjee,Male,30,Chennai,Tamil Nadu,South,2023-01-23,Regular Customer
CUST-04571,Rahul Chatterjee,Male,42,Ahmedabad,Gujarat,West,2021-12-02,Regular Customer
CUST-04572,Pranav Rao,Male,41,Surat,Gujarat,West,2024-02-03,Regular Customer
CUST-04573,Meera Dutta,Female,36,Chennai,Tamil Nadu,South,2022-12-12,Regular Customer
CUST-04574,Suresh Nair,Male,18,Bhubaneswar,Odisha,East,2023-02-02,Regular Customer
CUST-04575,Atharv Choudhury,Male,35,Chennai,Tamil Nadu,South,2022-08-22,Regular Customer
CUST-04576,Rajesh Choudhury,Male,38,Bhopal,Madhya Pradesh,Central,2023-10-10,Loyal Customer
CUST-04577,Kabir Rao,Male,33,Delhi,Delhi,North,2023-06-04,Regular Customer
CUST-04578,Krishna Tripathi,Male,24,Chennai,Tamil Nadu,South,2021-10-09,Regular Customer
CUST-04579,Atharv Singh,Male,40,Bhopal,Madhya Pradesh,Central,2023-08-14,Regular Customer
CUST-04580,Vikram Yadav,Male,23,Kolkata,West Bengal,East,2021-12-03,VIP Customer
CUST-04581,Shaurya Iyengar,Male,31,Pune,Maharashtra,West,2021-10-25,Loyal Customer
CUST-04582,Anjali Singh,Female,30,Ahmedabad,Gujarat,West,2021-11-23,VIP Customer
CUST-04583,Suresh Bhatia,Male,36,Hyderabad,Telangana,South,2022-02-26,Loyal Customer
CUST-04584,Pari Gupta,Female,28,Kolkata,West Bengal,East,2023-05-09,VIP Customer
CUST-04585,Pooja Chatterjee,Female,44,Bengaluru,Karnataka,South,2021-03-27,Regular Customer
CUST-04586,Priyanka Sharma,Female,66,Chennai,Tamil Nadu,South,2022-06-06,VIP Customer
CUST-04587,Rajesh Saxena,Male,21,Kolkata,West Bengal,East,2022-04-10,Loyal Customer
CUST-04588,Anita Reddy,Female,30,Hyderabad,Telangana,South,2023-09-29,Regular Customer
CUST-04589,Anand Pandey,Male,28,Indore,Madhya Pradesh,Central,2023-02-04,Regular Customer
CUST-04590,Dhruv Iyengar,Male,44,Delhi,Delhi,North,2023-03-16,Regular Customer
CUST-04591,Atharv Dutta,Male,23,Guwahati,Assam,East,2023-04-16,Loyal Customer
CUST-04592,Vihaan Patel,Male,28,Chennai,Tamil Nadu,South,2023-07-19,Regular Customer
CUST-04593,Deepak Tripathi,Male,39,Delhi,Delhi,North,2022-01-21,Loyal Customer
CUST-04594,Nandini Mishra,Female,18,Hyderabad,Telangana,South,2023-10-31,Loyal Customer
CUST-04595,Sneha Bhatia,Female,39,Kochi,Kerala,South,2021-05-28,Loyal Customer
CUST-04596,Khushi Patel,Female,36,Hyderabad,Telangana,South,2023-04-12,Regular Customer
CUST-04597,Reyansh Chatterjee,Male,37,Mumbai,Maharashtra,West,2021-07-17,VIP Customer
CUST-04598,Reyansh Sharma,Male,36,Indore,Madhya Pradesh,Central,2021-02-03,Regular Customer
CUST-04599,Vihaan Mehta,Male,22,Ahmedabad,Gujarat,West,2022-01-16,Loyal Customer
CUST-04600,Rajesh Gupta,Other,18,Kolkata,West Bengal,East,2021-05-18,Regular Customer
CUST-04601,Vihaan Pillai,Male,51,Delhi,Delhi,North,2023-01-03,Loyal Customer
CUST-04602,Saanvi Das,Female,57,Chandigarh,Punjab,North,2024-05-08,Regular Customer
CUST-04603,Dhruv Rao,Male,47,Chennai,Tamil Nadu,South,2022-03-03,Regular Customer
CUST-04604,Neha Banerjee,Female,25,Indore,Madhya Pradesh,Central,2023-09-07,Loyal Customer
CUST-04605,Priyanka Verma,Female,18,Hyderabad,Telangana,South,2023-10-04,VIP Customer
CUST-04606,Sneha Reddy,Female,37,Jaipur,Rajasthan,North,2022-12-21,Regular Customer
CUST-04607,Deepak Iyer,Male,34,Bengaluru,Karnataka,South,2023-02-25,Loyal Customer
CUST-04608,Nikhil Malhotra,Male,29,Chandigarh,Punjab,North,2023-05-16,Loyal Customer
CUST-04609,Neha Tripathi,Female,25,Pune,Maharashtra,West,2022-12-20,VIP Customer
CUST-04610,Rajesh Iyer,Male,23,Delhi,Delhi,North,2021-02-25,Regular Customer
CUST-04611,Rahul Choudhury,Male,45,Patna   ,Bihar,East,2021-06-27,Regular Customer
CUST-04612,Anjali Gupta,Female,31,Lucknow,Uttar Pradesh,North,2021-06-19,Regular Customer
CUST-04613,Siddharth Das,Male,20,Kochi,Kerala,South,2021-07-12,Regular Customer
CUST-04614,Anand Reddy,Male,43,Indore,Madhya Pradesh,Central,2022-05-10,Loyal Customer
CUST-04615,Rahul Verma,Male,29,Jaipur,Rajasthan,North,2022-10-24,Regular Customer
CUST-04616,Nikhil Das,Male,40,Hyderabad,Telangana,South,2023-07-14,Regular Customer
CUST-04617,Prisha Malhotra,Female,35,Bhopal,Madhya Pradesh,Central,2021-01-22,Loyal Customer
CUST-04618,Suresh Yadav,Male,41,Chennai,Tamil Nadu,South,2021-02-27,VIP Customer
CUST-04619,Riya Gupta,Female,43,Mumbai,Maharashtra,West,2023-10-26,Regular Customer
CUST-04620,Krishna Das,Male,18,Ahmedabad,Gujarat,West,2024-03-03,Regular Customer
CUST-04621,Pallavi Chatterjee,Female,21,Chennai,Tamil Nadu,South,2021-04-10,Regular Customer
CUST-04622,Vihaan Das,Male,35,Kolkata,West Bengal,East,2023-11-25,Regular Customer
CUST-04623,Nandini Menon,Female,32,Bhubaneswar,Odisha,East,2022-08-24,VIP Customer
CUST-04624,Vivaan Joshi,Male,33,Chandigarh,Punjab,North,2024-05-16,Regular Customer
CUST-04625,Vihaan Kaur,Male,20,Chennai,Tamil Nadu,South,2021-11-14,VIP Customer
CUST-04626,Aditya Mehta,Male,41,Delhi,Delhi,North,2023-09-15,Regular Customer
CUST-04627,Aarav Nair,Male,29,Lucknow,Uttar Pradesh,North,2021-12-28,Loyal Customer
CUST-04628,Vivaan Joshi,Male,30,  Ahmedabad ,Gujarat,West,2022-01-10,Regular Customer
CUST-04629,Gaurav Kaur,Male,39,Mumbai,Maharashtra,West,2024-04-10,Loyal Customer
CUST-04630,Isha Das,Female,18,Kolkata,West Bengal,East,2023-06-30,Loyal Customer
CUST-04631,Varun Malhotra,Male,26,Hyderabad,Telangana,South,2021-07-27,Regular Customer
CUST-04632,Ananya Dutta,Female,30,Chennai,Tamil Nadu,South,2024-05-24,Loyal Customer
CUST-04633,Rohan Iyer,Male,29,Mumbai,Maharashtra,West,2023-01-21,Loyal Customer
CUST-04634,Prisha Sharma,Female,27,Delhi,Delhi,North,2023-12-12,VIP Customer
CUST-04635,Navya Singh,Female,20,Ahmedabad,Gujarat,West,2024-01-19,Regular Customer
CUST-04636,Rahul Verma,Male,25,Hyderabad,Telangana,South,2022-07-26,Regular Customer
CUST-04637,Shreya Pillai,Female,18,Pune,Maharashtra,West,2021-05-18,Regular Customer
CUST-04638,Kavya Tripathi,Female,32,Mumbai,Maharashtra,West,2023-01-03,Regular Customer
CUST-04639,Amit Agarwal,Male,44,Bhubaneswar,Odisha,East,2022-05-14,VIP Customer
CUST-04640,Pranav Bhatia,Male,34,Chennai,Tamil Nadu,South,2021-09-05,Regular Customer
CUST-04641,Aadhya Banerjee,Female,37,Chandigarh,Punjab,North,2022-01-18,Loyal Customer
CUST-04642,Riya Kaur,Female,26,Mumbai,Maharashtra,West,2024-01-24,Regular Customer
CUST-04643,Krishna Iyer,Male,38,Coimbatore,Tamil Nadu,South,2021-05-17,VIP Customer
CUST-04644,Rajesh Saxena,Male,43,Ahmedabad,Gujarat,West,2024-04-07,Regular Customer
CUST-04645,Anjali Verma,Female,33,Ahmedabad,Gujarat,West,2022-04-21,Regular Customer
CUST-04646,Ishaan Bhatia,Male,27,Bengaluru,Karnataka,South,2023-03-12,Regular Customer
CUST-04647,Aanya Iyengar,Female,45,Hyderabad,Telangana,South,2021-01-25,Regular Customer
CUST-04648,Rajesh Shah,Male,31,Visakhapatnam,Andhra Pradesh,South,2024-04-14,Regular Customer
CUST-04649,Khushi Tripathi,Female,22,Kochi,Kerala,South,2021-10-08,Regular Customer
CUST-04650,Isha Yadav,Female,22,Visakhapatnam,Andhra Pradesh,South,2023-09-11,Loyal Customer
CUST-04651,Gauri Kaur,Female,51,Guwahati,Assam,East,2023-08-31,Regular Customer
CUST-04652,Gauri Malhotra,Female,25,Indore,Madhya Pradesh,Central,2021-12-20,Regular Customer
CUST-04653,Divya Singh,Female,36,Patna,Bihar,East,2024-01-14,VIP Customer
CUST-04654,Aadhya Bhatia,Female,25,Delhi,Delhi,North,2021-09-18,VIP Customer
CUST-04655,Arjun Yadav,Male,20,Ahmedabad,Gujarat,West,2021-05-20,Regular Customer
CUST-04656,Aditya Banerjee,Male,41,Hyderabad,Telangana,South,2021-12-04,Regular Customer
CUST-04657,Nikhil Pillai,Male,18,Kolkata,West Bengal,East,2023-01-11,VIP Customer
CUST-04658,Siddharth Shah,Male,49,Delhi,Delhi,North,2023-04-13,Regular Customer
CUST-04659,Kabir Verma,Male,36,Bhopal,Madhya Pradesh,Central,2022-10-19,Loyal Customer
CUST-04660,Aarav Mehta,Male,18,Mumbai,Maharashtra,West,2023-02-05,Regular Customer
CUST-04661,Neha Pandey,Female,35,Lucknow,Uttar Pradesh,North,2022-04-06,Loyal Customer
CUST-04662,Arjun Iyer,Male,31,Bengaluru,Karnataka,South,2024-06-13,VIP Customer
CUST-04663,Pooja Tripathi,Female,38,Kolkata,West Bengal,East,2023-04-13,Loyal Customer
CUST-04664,Nikhil Singh,Male,26,Jaipur,Rajasthan,North,2021-11-19,Regular Customer
CUST-04665,Amit Joshi,Male,18,Pune,Maharashtra,West,2023-10-16,Loyal Customer
CUST-04666,Prisha Mukherjee,Female,33,Mumbai,Maharashtra,West,2021-03-05,Regular Customer
CUST-04667,Vikram Gupta,Male,24,Hyderabad,Telangana,South,2021-10-26,Loyal Customer
CUST-04668,Aanya Rao,Female,23,Coimbatore,Tamil Nadu,South,2022-07-23,Regular Customer
CUST-04669,Rohan Singh,Male,56,Kolkata,West Bengal,East,2022-12-01,Regular Customer
CUST-04670,Vikram Mukherjee,Male,40,Delhi,Delhi,North,2022-11-01,VIP Customer
CUST-04671,Gaurav Iyer,Male,47,Indore,Madhya Pradesh,Central,2023-11-14,Regular Customer
CUST-04672,Nikhil Yadav,Male,28,Mumbai,Maharashtra,West,2024-04-22,Loyal Customer
CUST-04673,Pallavi Kaur,Female,45,Mumbai,Maharashtra,West,2024-05-24,Loyal Customer
CUST-04674,Anita Banerjee,Female,34,Pune,Maharashtra,West,2021-10-09,Regular Customer
CUST-04675,Aadhya Das,Female,30,Chennai,Tamil Nadu,South,2023-09-30,VIP Customer
CUST-04676,Anjali Iyengar,Female,29,Surat,Gujarat,West,2024-06-16,Loyal Customer
CUST-04677,Krishna Singh,Other,44,Coimbatore,Tamil Nadu,South,2022-07-04,VIP Customer
CUST-04678,Gaurav Joshi,Male,27,Ahmedabad,Gujarat,West,2024-05-02,Regular Customer
CUST-04679,Meera Agarwal,Female,22,Chennai,Tamil Nadu,South,2022-10-26,VIP Customer
CUST-04680,Suresh Mehta,Male,32,Pune,Maharashtra,West,2022-12-15,VIP Customer
CUST-04681,Reyansh Pandey,Male,18,Nagpur,Maharashtra,West,2022-11-18,Regular Customer
CUST-04682,Kabir Shah,Male,61,Delhi,Delhi,North,2022-06-25,Loyal Customer
CUST-04683,Swati Kaur,Female,41,Bengaluru,Karnataka,South,2022-01-21,Loyal Customer
CUST-04684,Pranav Mishra,Male,25,Kolkata,West Bengal,East,2021-10-13,Loyal Customer
CUST-04685,Deepak Joshi,Male,40,Surat,Gujarat,West,2022-01-25,Loyal Customer
CUST-04686,Navya Das,Female,47,Delhi,Delhi,North,2024-01-17,Loyal Customer
CUST-04687,Gauri Mishra,Female,48,Kochi,Kerala,South,2023-08-06,Loyal Customer
CUST-04688,Diya Malhotra,Female,45,Chennai,Tamil Nadu,South,2022-08-20,Loyal Customer
CUST-04689,Gauri Mukherjee,Female,23,Ahmedabad,Gujarat,West,2022-11-22,Regular Customer
CUST-04690,Manish Mishra,Male,26,Mumbai,Maharashtra,West,2023-10-15,Regular Customer
CUST-04691,Dhruv Iyer,Male,18,Chandigarh,Punjab,North,2022-07-09,VIP Customer
CUST-04692,Rohan Chatterjee,Male,46,Kolkata,West Bengal,East,2022-12-01,Regular Customer
CUST-04693,Ramesh Gupta,Male,18,Nagpur,Maharashtra,West,2022-06-02,Regular Customer
CUST-04694,Pari Pandey,Female,47,Patna,Bihar,East,2024-02-02,VIP Customer
CUST-04695,Saanvi Gupta,Female,51,Chandigarh,Punjab,North,2022-01-22,Loyal Customer
CUST-04696,Kavya Agarwal,Female,18,Bhubaneswar,Odisha,East,2023-10-11,Regular Customer
CUST-04697,Anjali Banerjee,Female,38,Lucknow,Uttar Pradesh,North,2022-07-22,Regular Customer
CUST-04698,Kabir Mehta,Male,42,Bhopal,Madhya Pradesh,Central,2022-06-29,Regular Customer
CUST-04699,Prisha Singh,Female,39,Hyderabad,Telangana,South,2023-09-30,Loyal Customer
CUST-04700,Rahul Pillai,Other,19,Kolkata,West Bengal,East,2023-03-04,Regular Customer
CUST-04701,Arjun Saxena,Male,49,Mumbai,Maharashtra,West,2021-09-09,Regular Customer
CUST-04702,Anita Verma,Female,19,Surat,Gujarat,West,2021-03-26,Loyal Customer
CUST-04703,Kavya Malhotra,Female,23,Mumbai,Maharashtra,West,2024-01-29,Regular Customer
CUST-04704,Arjun Mishra,Male,38,Kochi,Kerala,South,2021-07-16,VIP Customer
CUST-04705,Rajesh Pillai,Male,41,Pune,Maharashtra,West,2022-02-24,Regular Customer
CUST-04706,Swati Banerjee,Female,24,Chandigarh,Punjab,North,2021-05-03,Regular Customer
CUST-04707,Shaurya Mukherjee,Male,30,Pune,Maharashtra,West,2022-07-22,Regular Customer
CUST-04708,Isha Patel,Female,36,Delhi,Delhi,North,2022-03-28,Loyal Customer
CUST-04709,Priyanka Choudhury,Female,25,Surat,Gujarat,West,2022-07-01,VIP Customer
CUST-04710,Navya Pandey,Female,32,Lucknow,Uttar Pradesh,North,2022-04-30,Regular Customer
CUST-04711,Anjali Banerjee,Female,30,Mumbai,Maharashtra,West,2022-10-11,Loyal Customer
CUST-04712,Diya Mishra,Female,18,Hyderabad,Telangana,South,2023-02-24,Regular Customer
CUST-04713,Ramesh Sharma,Male,29,Pune,Maharashtra,West,2021-11-25,Regular Customer
CUST-04714,Anand Mukherjee,Male,45,Ahmedabad,Gujarat,West,2022-07-07,Loyal Customer
CUST-04715,Vihaan Malhotra,Male,57,COIMBATORE,Tamil Nadu,South,2022-05-20,Loyal Customer
CUST-04716,Ayaan Patel,Male,31,Indore,Madhya Pradesh,Central,2023-07-31,Loyal Customer
CUST-04717,Nandini Saxena,Female,31,Bengaluru,Karnataka,South,2022-03-28,Regular Customer
CUST-04718,Saanvi Patel,Female,40,Mumbai,Maharashtra,West,2022-09-24,Regular Customer
CUST-04719,Gaurav Mukherjee,Male,31,Hyderabad,Telangana,South,2023-03-03,Regular Customer
CUST-04720,Ayaan Malhotra,Male,32,Ahmedabad,Gujarat,West,2021-06-17,Regular Customer
CUST-04721,Riya Menon,Female,26,Jaipur,Rajasthan,North,2021-11-04,Loyal Customer
CUST-04722,Pari Yadav,Female,32,Lucknow,Uttar Pradesh,North,2024-06-13,Loyal Customer
CUST-04723,Saanvi Chatterjee,Female,35,Bengaluru,Karnataka,South,2022-07-11,Regular Customer
CUST-04724,Rajesh Iyer,Male,31,Patna,Bihar,East,2023-06-14,Loyal Customer
CUST-04725,Pooja Reddy,Female,19,Bengaluru,Karnataka,South,2022-10-22,Regular Customer
CUST-04726,Amit Mukherjee,Male,40,Coimbatore,Tamil Nadu,South,2023-03-06,Loyal Customer
CUST-04727,Ramesh Mehta,Male,26,Bhopal,Madhya Pradesh,Central,2023-02-03,Regular Customer
CUST-04728,Aadhya Mukherjee,Female,42,Chennai,Tamil Nadu,South,2023-02-13,Regular Customer
CUST-04729,Dhruv Mehta,Male,34,Lucknow,Uttar Pradesh,North,2022-03-23,Regular Customer
CUST-04730,Pari Shah,Female,48,Delhi,Delhi,North,2022-05-25,Loyal Customer
CUST-04731,Nandini Patel,Female,42,Bengaluru,Karnataka,South,2023-02-17,Loyal Customer
CUST-04732,Rahul Sharma,Male,23,Bengaluru,Karnataka,South,2024-02-28,Regular Customer
CUST-04733,Shreya Gupta,Female,44,Bengaluru,Karnataka,South,2023-07-16,Loyal Customer
CUST-04734,Saanvi Nair,Female,34,Indore,Madhya Pradesh,Central,2024-03-16,Regular Customer
CUST-04735,Dhruv Sharma,Male,28,Hyderabad,Telangana,South,2023-10-03,Regular Customer
CUST-04736,Rohan Agarwal,Male,18,Lucknow,Uttar Pradesh,North,2023-05-19,Regular Customer
CUST-04737,Krishna Rao,Male,36,Pune,Maharashtra,West,2022-04-14,Regular Customer
CUST-04738,Pallavi Shah,Female,34,Mumbai,Maharashtra,West,2023-09-08,Regular Customer
CUST-04739,Isha Yadav,Female,41,Visakhapatnam,Andhra Pradesh,South,2024-04-14,Loyal Customer
CUST-04740,Neha Iyengar,Female,18,Chandigarh,Punjab,North,2022-02-05,Loyal Customer
CUST-04741,Dhruv Rao,Male,33,Ahmedabad,Gujarat,West,2021-04-09,Loyal Customer
CUST-04742,Aditya Das,Male,19,Hyderabad,Telangana,South,2021-11-22,Regular Customer
CUST-04743,Deepak Chatterjee,Male,26,Hyderabad,Telangana,South,2021-04-13,Regular Customer
CUST-04744,Pooja Agarwal,Female,18,Bengaluru,Karnataka,South,2022-06-07,Regular Customer
CUST-04745,Ishaan Bhatia,Other,18,Kolkata,West Bengal,East,2023-06-12,Regular Customer
CUST-04746,Pallavi Saxena,Female,33,Mumbai,Maharashtra,West,2022-04-15,Regular Customer
CUST-04747,Diya Iyengar,Female,19,Kochi,Kerala,South,2021-05-17,Regular Customer
CUST-04748,Aditya Mukherjee,Male,35,  Bengaluru ,Karnataka,South,2021-04-17,Loyal Customer
CUST-04749,Anita Mishra,Female,41,AHMEDABAD,Gujarat,West,2021-12-27,Regular Customer
CUST-04750,Sneha Pillai,Female,35,Kochi,Kerala,South,2021-12-10,Regular Customer
CUST-04751,Kunal Mehta,Male,39,Mumbai,Maharashtra,West,2024-05-19,Loyal Customer
CUST-04752,Aditya Choudhury,Male,47,Mumbai,Maharashtra,West,2021-07-27,Regular Customer
CUST-04753,Anita Saxena,Female,39,Delhi,Delhi,North,2023-12-30,Regular Customer
CUST-04754,Riya Chatterjee,Female,33,Delhi,Delhi,North,2023-01-26,Loyal Customer
CUST-04755,Ananya Chatterjee,Female,43,Kochi,Kerala,South,2022-01-18,Regular Customer
CUST-04756,Saanvi Reddy,Female,43,Mumbai,Maharashtra,West,2021-12-18,Loyal Customer
CUST-04757,Amit Pandey,Male,32,Delhi,Delhi,North,2021-02-12,Regular Customer
CUST-04758,Nandini Verma,Female,54,Chennai,Tamil Nadu,South,2023-03-18,Regular Customer
CUST-04759,Vivaan Iyer,Male,28,Mumbai,Maharashtra,West,2021-11-16,Loyal Customer
CUST-04760,Ayaan Yadav,Male,46,Patna,Bihar,East,2024-06-01,Loyal Customer
CUST-04761,Priyanka Mishra,Female,21,Surat,Gujarat,West,2022-07-26,Regular Customer
CUST-04762,Riya Saxena,Female,48,Patna,Bihar,East,2021-08-14,Loyal Customer
CUST-04763,Diya Singh,Female,28,Delhi,Delhi,North,2024-05-26,Loyal Customer
CUST-04764,Aditya Nair,Male,18,Indore,Madhya Pradesh,Central,2021-10-06,Regular Customer
CUST-04765,Riya Iyengar,Female,30,Mumbai,Maharashtra,West,2023-10-01,Loyal Customer
CUST-04766,Dhruv Chatterjee,Male,52,Hyderabad,Telangana,South,2024-01-14,Loyal Customer
CUST-04767,Pranav Iyengar,Male,34,Delhi,Delhi,North,2023-08-14,VIP Customer
CUST-04768,Pooja Rao,Female,46,Lucknow,Uttar Pradesh,North,2024-05-25,Loyal Customer
CUST-04769,Deepa Dutta,Female,23,Jaipur,Rajasthan,North,2023-04-10,Loyal Customer
CUST-04770,Pooja Agarwal,Female,33,Mumbai,Maharashtra,West,2023-04-15,Regular Customer
CUST-04771,Gaurav Iyer,Male,29,,Rajasthan,North,2021-09-16,Loyal Customer
CUST-04772,Gauri Gupta,Female,38,Ahmedabad,Gujarat,West,2024-05-13,VIP Customer
CUST-04773,Siddharth Joshi,Male,30,Chandigarh,Punjab,North,2021-08-25,Loyal Customer
CUST-04774,Prisha Nair,Female,32,Jaipur,Rajasthan,North,2023-02-09,Regular Customer
CUST-04775,Saanvi Reddy,Female,32,Bengaluru,Karnataka,South,2023-09-25,Regular Customer
CUST-04776,Aarav Mehta,Male,48,Mumbai,Maharashtra,West,2023-06-11,Loyal Customer
CUST-04777,Nikhil Bhatia,Male,33,Delhi,Delhi,North,2023-07-11,VIP Customer
CUST-04778,Anita Choudhury,Female,42,Delhi,Delhi,North,2021-10-14,Loyal Customer
CUST-04779,Ishaan Nair,Male,33,Bengaluru,Karnataka,South,2022-05-16,Regular Customer
CUST-04780,Pranav Patel,Male,18,Chennai,Tamil Nadu,South,2023-06-19,Regular Customer
CUST-04781,Pari Menon,Female,44,Delhi,Delhi,North,2023-08-11,Regular Customer
CUST-04782,Reyansh Menon,Male,35,Pune,Maharashtra,West,2021-09-25,Regular Customer
CUST-04783,Vivaan Patel,Male,45,Chandigarh,Punjab,North,2021-10-26,VIP Customer
CUST-04784,Pallavi Malhotra,Female,39,Hyderabad,Telangana,South,2022-08-29,Regular Customer
CUST-04785,Atharv Menon,Male,22,Bengaluru,Karnataka,South,2023-03-03,VIP Customer
CUST-04786,Gaurav Pillai,Male,34,Hyderabad,Telangana,South,2021-06-09,Loyal Customer
CUST-04787,Atharv Pandey,Male,33,Ahmedabad,Gujarat,West,2023-11-16,Loyal Customer
CUST-04788,Aanya Agarwal,Female,30,Jaipur,Rajasthan,North,2023-09-09,Regular Customer
CUST-04789,Shaurya Mehta,Male,25,Patna,Bihar,East,2022-09-28,VIP Customer
CUST-04790,Diya Sharma,Female,28,Delhi,Delhi,North,2021-07-27,Regular Customer
CUST-04791,Deepak Chatterjee,Male,33,Bhopal,Madhya Pradesh,Central,2022-07-07,Regular Customer
CUST-04792,Amit Mehta,Male,37,Delhi,Delhi,North,2023-12-04,Regular Customer
CUST-04793,Riya Nair,Female,45,Pune,Maharashtra,West,2022-11-16,Loyal Customer
CUST-04794,Riya Rao,Female,45,Chandigarh,Punjab,North,2024-06-27,Regular Customer
CUST-04795,Atharv Verma,Male,42,Bengaluru,Karnataka,South,2023-11-25,Loyal Customer
CUST-04796,Nandini Menon,Female,29,Lucknow,Uttar Pradesh,North,2023-09-26,Regular Customer
CUST-04797,Amit Verma,Other,18,Patna,Bihar,East,2024-01-28,Loyal Customer
CUST-04798,Priyanka Iyengar,Female,18,Chandigarh,Punjab,North,2021-05-18,VIP Customer
CUST-04799,Arjun Agarwal,Male,43,Bhubaneswar,Odisha,East,2023-02-13,Regular Customer
CUST-04800,Shreya Menon,Female,18,Mumbai,Maharashtra,West,2022-07-02,Regular Customer
CUST-04801,Nikhil Agarwal,Male,37,Jaipur,Rajasthan,North,2022-02-07,Regular Customer
CUST-04802,Dhruv Shah,Male,32,Mumbai,Maharashtra,West,2023-03-19,Regular Customer
CUST-04803,Aanya Joshi,Female,30,Chennai,Tamil Nadu,South,2021-01-25,VIP Customer
CUST-04804,Gauri Pillai,Female,50,Bengaluru,Karnataka,South,2024-03-11,Regular Customer
CUST-04805,Kunal Pandey,Male,27,Delhi,Delhi,North,2021-11-07,Regular Customer
CUST-04806,Suresh Shah,Male,38,Bengaluru,Karnataka,South,2022-03-08,Regular Customer
CUST-04807,Aadhya Saxena,Female,41,Bengaluru,Karnataka,South,2021-03-18,Regular Customer
CUST-04808,Rahul Mishra,Male,23,Visakhapatnam,Andhra Pradesh,South,2021-05-16,Regular Customer
CUST-04809,Varun Saxena,Male,18,Mumbai,Maharashtra,West,2023-10-08,Regular Customer
CUST-04810,Rajesh Menon,Male,22,Hyderabad,Telangana,South,2022-12-03,Loyal Customer
CUST-04811,Navya Yadav,Female,35,Mumbai,Maharashtra,West,2023-08-19,VIP Customer
CUST-04812,Kavya Banerjee,Female,47,Mumbai,Maharashtra,West,2024-02-18,Regular Customer
CUST-04813,Nandini Pandey,Female,21,Kochi,Kerala,South,2022-11-09,Loyal Customer
CUST-04814,Meera Iyengar,Female,39,Kochi,Kerala,South,2021-11-15,Loyal Customer
CUST-04815,Siddharth Das,Male,41,Bengaluru,Karnataka,South,2024-04-22,Regular Customer
CUST-04816,Kavya Mishra,Female,34,Mumbai,Maharashtra,West,2024-05-01,Loyal Customer
CUST-04817,Ayaan Patel,Male,41,BHOPAL,Madhya Pradesh,Central,2021-02-15,Regular Customer
CUST-04818,Kavya Reddy,Female,41,Mumbai,Maharashtra,West,2023-11-09,Regular Customer
CUST-04819,Anand Nair,Male,36,  Mumbai ,Maharashtra,West,2021-04-16,VIP Customer
CUST-04820,Ishaan Mishra,Male,54,Kolkata,West Bengal,East,2022-06-12,Regular Customer
CUST-04821,Ananya Chatterjee,Female,42,Kolkata,West Bengal,East,2022-04-03,Loyal Customer
CUST-04822,Ayaan Tripathi,Male,49,Delhi,Delhi,North,2022-05-25,Regular Customer
CUST-04823,Arjun Agarwal,Male,18,Mumbai,Maharashtra,West,2021-07-21,Loyal Customer
CUST-04824,Pooja Rao,Female,18,Pune,Maharashtra,West,2023-04-26,Loyal Customer
CUST-04825,Kabir Banerjee,Male,25,  Chandigarh ,Punjab,North,2022-11-10,Regular Customer
CUST-04826,Ayaan Saxena,Male,47,Mumbai,Maharashtra,West,2024-06-30,Regular Customer
CUST-04827,Pallavi Kaur,Female,32,Chandigarh,Punjab,North,2021-05-16,Loyal Customer
CUST-04828,Varun Tripathi,Male,25,Delhi,Delhi,North,2021-04-27,Regular Customer
CUST-04829,Deepa Pillai,Female,34,Hyderabad,Telangana,South,2021-11-12,Regular Customer
CUST-04830,Aarav Reddy,Male,18,Chandigarh,Punjab,North,2023-01-29,Regular Customer
CUST-04831,Ayaan Iyer,Male,18,Lucknow,Uttar Pradesh,North,2023-10-05,VIP Customer
CUST-04832,Pari Banerjee,Female,18,Jaipur,Rajasthan,North,2022-03-15,Regular Customer
CUST-04833,Gaurav Patel,Male,39,Mumbai,Maharashtra,West,2022-08-10,Regular Customer
CUST-04834,Kunal Saxena,Male,46,Mumbai,Maharashtra,West,2022-11-20,Regular Customer
CUST-04835,Shaurya Banerjee,Male,27,Hyderabad,Telangana,South,2023-02-11,VIP Customer
CUST-04836,Aarohi Gupta,Female,43,Kochi,Kerala,South,2021-06-18,Loyal Customer
CUST-04837,Saanvi Bhatia,Female,26,Mumbai,Maharashtra,West,2024-01-12,Regular Customer
CUST-04838,Pranav Gupta,Male,29,Bengaluru,Karnataka,South,2021-11-08,VIP Customer
CUST-04839,Saanvi Iyer,Female,38,Ahmedabad,Gujarat,West,2021-12-30,Regular Customer
CUST-04840,Khushi Pandey,Female,20,Bengaluru,Karnataka,South,2023-01-22,Loyal Customer
CUST-04841,Varun Pandey,Male,31,Coimbatore,Tamil Nadu,South,2023-01-02,Loyal Customer
CUST-04842,Aadhya Verma,Female,30,Jaipur,Rajasthan,North,2021-12-05,VIP Customer
CUST-04843,Meera Malhotra,Female,29,Guwahati,Assam,East,2021-03-21,VIP Customer
CUST-04844,Aditya Verma,Male,33,Jaipur,Rajasthan,North,2024-06-12,Regular Customer
CUST-04845,Varun Mehta,Male,50,Chennai,Tamil Nadu,South,2021-12-15,VIP Customer
CUST-04846,Siddharth Iyer,Male,19,Hyderabad,Telangana,South,2021-08-09,Regular Customer
CUST-04847,Ishaan Mukherjee,Male,18,Bhopal,Madhya Pradesh,Central,2023-12-14,Regular Customer
CUST-04848,Ramesh Joshi,Male,30,Delhi,Delhi,North,2021-10-11,Regular Customer
CUST-04849,Ramesh Yadav,Male,32,bengaluru,Karnataka,South,2022-06-17,Regular Customer
CUST-04850,Sunita Das,Female,21,Chennai,Tamil Nadu,South,2023-11-21,Regular Customer
CUST-04851,Ramesh Patel,Male,28,Mumbai,Maharashtra,West,2022-08-05,Regular Customer
CUST-04852,Rekha Reddy,Female,29,Lucknow,Uttar Pradesh,North,2021-11-30,Loyal Customer
CUST-04853,Kunal Menon,Male,45,Surat,Gujarat,West,2023-01-05,VIP Customer
CUST-04854,Ishaan Joshi,Male,43,Delhi,Delhi,North,2023-04-02,Regular Customer
CUST-04855,Varun Patel,Male,36,Pune,Maharashtra,West,2022-09-26,Loyal Customer
CUST-04856,Reyansh Patel,Male,37,Bengaluru,Karnataka,South,2023-08-03,Regular Customer
CUST-04857,Arjun Verma,Male,18,Mumbai,Maharashtra,West,2021-06-12,Regular Customer
CUST-04858,Nandini Malhotra,Female,37,Bengaluru,Karnataka,South,2021-10-30,Regular Customer
CUST-04859,Rohan Bhatia,Male,35,Pune,Maharashtra,West,2021-11-02,Loyal Customer
CUST-04860,Khushi Choudhury,Female,29,Kolkata,West Bengal,East,2022-11-13,Loyal Customer
CUST-04861,Priyanka Patel,Female,34,Surat,Gujarat,West,2023-09-14,Regular Customer
CUST-04862,Vihaan Agarwal,Male,43,Hyderabad,Telangana,South,2024-02-05,Loyal Customer
CUST-04863,Ishaan Agarwal,Male,50,Indore,Madhya Pradesh,Central,2022-03-06,VIP Customer
CUST-04864,Manish Verma,Male,40,Chennai,Tamil Nadu,South,2023-01-16,Regular Customer
CUST-04865,Reyansh Rao,Male,22,Coimbatore,Tamil Nadu,South,2021-05-16,Regular Customer
CUST-04866,Siddharth Yadav,Male,37,Bengaluru,Karnataka,South,2022-06-01,Regular Customer
CUST-04867,Deepa Iyer,Female,28,Kolkata,West Bengal,East,2023-08-08,Loyal Customer
CUST-04868,Dhruv Mishra,Male,32,Visakhapatnam,Andhra Pradesh,South,2022-10-25,Regular Customer
CUST-04869,Deepa Reddy,Female,37,mumbai,Maharashtra,West,2023-05-15,Loyal Customer
CUST-04870,Pallavi Choudhury,Female,18,Surat,Gujarat,West,2024-03-06,VIP Customer
CUST-04871,Diya Sharma,Female,18,Mumbai,Maharashtra,West,2021-12-03,VIP Customer
CUST-04872,Prisha Gupta,Female,20,Pune,Maharashtra,West,2023-09-25,VIP Customer
CUST-04873,Shaurya Bhatia,Male,18,Delhi,Delhi,North,2021-03-28,VIP Customer
CUST-04874,Isha Iyengar,Female,33,Delhi,Delhi,North,2024-05-21,Regular Customer
CUST-04875,Kavya Agarwal,Female,34,Surat,Gujarat,West,2022-02-19,Loyal Customer
CUST-04876,Kabir Verma,Male,18,Kolkata,West Bengal,East,2021-01-19,Loyal Customer
CUST-04877,Shreya Reddy,Female,18,Hyderabad,Telangana,South,2024-06-13,Regular Customer
CUST-04878,Saanvi Malhotra,Female,39,Bhubaneswar,Odisha,East,2023-09-16,Loyal Customer
CUST-04879,Amit Mehta,Male,30,Bengaluru,Karnataka,South,2022-03-09,Regular Customer
CUST-04880,Rajesh Kaur,Male,27,Delhi,Delhi,North,2023-11-01,Regular Customer
CUST-04881,Dhruv Tripathi,Male,29,Bengaluru,Karnataka,South,2023-12-19,VIP Customer
CUST-04882,Neha Agarwal,Female,28,Indore,Madhya Pradesh,Central,2024-06-07,Regular Customer
CUST-04883,Sunita Dutta,Female,18,Pune,Maharashtra,West,2021-03-22,Regular Customer
CUST-04884,Tanvi Banerjee,Female,26,Indore,Madhya Pradesh,Central,2024-01-26,Regular Customer
CUST-04885,Sunita Menon,Female,30,Bhubaneswar,Odisha,East,2021-04-02,Regular Customer
CUST-04886,Aarav Pillai,Male,32,Patna,Bihar,East,2024-04-21,Loyal Customer
CUST-04887,Kunal Gupta,Male,28,Hyderabad,Telangana,South,2023-08-30,Loyal Customer
CUST-04888,Prisha Agarwal,Female,31,Mumbai,Maharashtra,West,2023-08-08,VIP Customer
CUST-04889,Ramesh Banerjee,Male,32,Delhi,Delhi,North,2022-04-18,VIP Customer
CUST-04890,Siddharth Banerjee,Male,29,Bhubaneswar,Odisha,East,2022-04-02,Regular Customer
CUST-04891,Ishaan Tripathi,Male,39,Delhi,Delhi,North,2021-03-21,Loyal Customer
CUST-04892,Rajesh Tripathi,Male,18,Pune,Maharashtra,West,2024-04-01,Regular Customer
CUST-04893,Krishna Sharma,Male,31,Indore,Madhya Pradesh,Central,2023-12-23,Regular Customer
CUST-04894,Isha Pandey,Female,55,Mumbai,Maharashtra,West,2023-07-10,Regular Customer
CUST-04895,Aarav Pillai,Male,23,Bhopal,Madhya Pradesh,Central,2021-04-08,VIP Customer
CUST-04896,Anita Mishra,Female,28,Kolkata,West Bengal,East,2022-07-15,Regular Customer
CUST-04897,Nandini Chatterjee,Female,33,Bhopal   ,Madhya Pradesh,Central,2023-05-04,Regular Customer
CUST-04898,Rekha Dutta,Female,25,Bengaluru,Karnataka,South,2022-09-20,Loyal Customer
CUST-04899,Swati Verma,Female,40,Kolkata,West Bengal,East,2023-10-15,VIP Customer
CUST-04900,Reyansh Chatterjee,Male,18,Lucknow,Uttar Pradesh,North,2024-02-06,Regular Customer
CUST-04901,Aarohi Yadav,Female,53,Patna,Bihar,East,2022-04-26,VIP Customer
CUST-04902,Dhruv Chatterjee,Male,34,Kochi,Kerala,South,2022-11-04,Regular Customer
CUST-04903,Manish Mehta,Male,37,Patna,Bihar,East,2021-01-30,Loyal Customer
CUST-04904,Aadhya Reddy,Female,22,Jaipur,Rajasthan,North,2022-05-18,VIP Customer
CUST-04905,Saanvi Malhotra,Female,45,Kolkata,West Bengal,East,2021-09-23,VIP Customer
CUST-04906,Tanvi Shah,Female,23,Hyderabad,Telangana,South,2021-12-13,Loyal Customer
CUST-04907,Swati Shah,Female,40,Mumbai,Maharashtra,West,2023-05-02,Regular Customer
CUST-04908,Prisha Mehta,Female,34,Lucknow,Uttar Pradesh,North,2021-12-02,Regular Customer
CUST-04909,Sunita Agarwal,Female,31,Mumbai   ,Maharashtra,West,2022-08-15,Regular Customer
CUST-04910,Anjali Das,Female,18,Hyderabad,Telangana,South,2024-01-29,Loyal Customer
CUST-04911,Aditya Bhatia,Male,21,Visakhapatnam   ,Andhra Pradesh,South,2021-09-06,VIP Customer
CUST-04912,Aarav Patel,Male,18,Pune,Maharashtra,West,2021-05-16,Loyal Customer
CUST-04913,Kunal Choudhury,Other,32,Lucknow,Uttar Pradesh,North,2022-07-08,VIP Customer
CUST-04914,Vihaan Choudhury,Male,38,Chennai,Tamil Nadu,South,2023-07-14,Regular Customer
CUST-04915,Pooja Choudhury,Female,53,Chandigarh,Punjab,North,2023-12-31,Regular Customer
CUST-04916,Vihaan Iyer,Male,33,BHUBANESWAR,Odisha,East,2024-06-12,Regular Customer
CUST-04917,Aditya Rao,Male,37,Chennai,Tamil Nadu,South,2021-07-08,Regular Customer
CUST-04918,Pari Mishra,Female,29,Pune,Maharashtra,West,2022-01-23,Regular Customer
CUST-04919,Krishna Dutta,Male,36,Hyderabad,Telangana,South,2021-02-07,VIP Customer
CUST-04920,Ramesh Mishra,Male,47,Coimbatore,Tamil Nadu,South,2021-06-26,VIP Customer
CUST-04921,Sai Bhatia,Male,29,Ahmedabad,Gujarat,West,2022-12-02,Regular Customer
CUST-04922,Deepa Das,Female,43,Delhi,Delhi,North,2024-01-01,Regular Customer
CUST-04923,Pallavi Choudhury,Female,41,Kolkata,West Bengal,East,2022-12-21,Regular Customer
CUST-04924,Rekha Nair,Female,41,Indore,Madhya Pradesh,Central,2023-06-05,Regular Customer
CUST-04925,Pooja Choudhury,Female,25,Guwahati,Assam,East,2023-04-05,Regular Customer
CUST-04926,Reyansh Mukherjee,Male,46,Mumbai,Maharashtra,West,2023-09-18,Loyal Customer
CUST-04927,Anand Das,Male,31,Lucknow,Uttar Pradesh,North,2021-05-18,VIP Customer
CUST-04928,Anand Patel,Male,32,Delhi,Delhi,North,2023-10-10,Loyal Customer
CUST-04929,Rohan Nair,Male,31,Pune,Maharashtra,West,2022-10-22,Loyal Customer
CUST-04930,Gauri Tripathi,Female,31,Bhubaneswar,Odisha,East,2021-03-27,Regular Customer
CUST-04931,Gauri Sharma,Female,26,Mumbai,Maharashtra,West,2024-03-15,Regular Customer
CUST-04932,Swati Agarwal,Female,24,Mumbai,Maharashtra,West,2023-02-02,Loyal Customer
CUST-04933,Prisha Dutta,Female,23,Guwahati,Assam,East,2021-01-16,VIP Customer
CUST-04934,Rekha Menon,Female,24,Kochi,Kerala,South,2021-06-24,Regular Customer
CUST-04935,Aarohi Mukherjee,Female,36,Surat,Gujarat,West,2023-12-03,Loyal Customer
CUST-04936,Vihaan Banerjee,Male,42,Ahmedabad,Gujarat,West,2021-10-06,Regular Customer
CUST-04937,Anjali Chatterjee,Female,43,Visakhapatnam,Andhra Pradesh,South,2022-11-29,Regular Customer
CUST-04938,Kunal Verma,Male,30,Hyderabad,Telangana,South,2022-10-12,Regular Customer
CUST-04939,Vikram Pandey,Male,37,Mumbai,Maharashtra,West,2023-05-22,Regular Customer
CUST-04940,Rekha Malhotra,Female,43,Mumbai,Maharashtra,West,2021-04-23,VIP Customer
CUST-04941,Swati Bhatia,Female,29,Bhopal,Madhya Pradesh,Central,2022-06-13,Loyal Customer
CUST-04942,Arjun Shah,Male,18,Delhi,Delhi,North,2022-11-28,Loyal Customer
CUST-04943,Aditya Iyengar,Male,25,Guwahati,Assam,East,2023-01-16,Regular Customer
CUST-04944,Khushi Dutta,Female,20,Bhubaneswar,Odisha,East,2022-09-07,Regular Customer
CUST-04945,Saanvi Joshi,Female,18,Bengaluru,Karnataka,South,2022-11-03,Regular Customer
CUST-04946,Aadhya Yadav,Female,999,Jaipur,Rajasthan,North,2021-10-09,VIP Customer
CUST-04947,Ramesh Mukherjee,Male,34,Kolkata,West Bengal,East,2021-07-25,Regular Customer
CUST-04948,Aarohi Shah,Female,18,Hyderabad,Telangana,South,2022-11-15,Regular Customer
CUST-04949,Aarohi Saxena,Female,50,Surat,Gujarat,West,2024-03-26,Regular Customer
CUST-04950,Anita Gupta,Female,28,Mumbai,Maharashtra,West,2022-04-20,Regular Customer
CUST-04951,Ishaan Pandey,Male,18,Ahmedabad,Gujarat,West,2024-02-01,Loyal Customer
CUST-04952,Pallavi Yadav,Female,23,Mumbai,Maharashtra,West,2021-06-13,Loyal Customer
CUST-04953,Vikram Agarwal,Male,33,Nagpur,Maharashtra,West,2024-03-28,VIP Customer
CUST-04954,Vikram Joshi,Male,32,Mumbai,Maharashtra,West,2024-02-06,Loyal Customer
CUST-04955,Aarohi Tripathi,Female,21,Bhubaneswar,Odisha,East,2023-04-07,Loyal Customer
CUST-04956,Aanya Joshi,Female,47,Pune,Maharashtra,West,2023-05-11,Regular Customer
CUST-04957,Meera Shah,Female,40,Chennai,Tamil Nadu,South,2021-04-17,Regular Customer
CUST-04958,Vihaan Banerjee,Male,18,Mumbai,Maharashtra,West,2021-01-09,Regular Customer
CUST-04959,Rahul Verma,Male,35,Ahmedabad,Gujarat,West,2023-08-19,Loyal Customer
CUST-04960,Pari Chatterjee,Female,18,Hyderabad,Telangana,South,2021-08-07,Regular Customer
CUST-04961,Suresh Chatterjee,Male,32,Visakhapatnam,Andhra Pradesh,South,2022-05-23,Regular Customer
CUST-04962,Sai Saxena,Male,46,jaipur,Rajasthan,North,2024-03-11,Loyal Customer
CUST-04963,Vihaan Singh,Male,43,Surat,Gujarat,West,2021-02-04,Regular Customer
CUST-04964,Anand Das,Other,37,Bengaluru,Karnataka,South,2021-09-17,Regular Customer
CUST-04965,Deepa Yadav,Female,56,Delhi,Delhi,North,2023-11-10,Regular Customer
CUST-04966,Prisha Sharma,Female,18,Coimbatore,Tamil Nadu,South,2023-12-08,VIP Customer
CUST-04967,Suresh Mishra,Male,25,Lucknow,Uttar Pradesh,North,2022-01-20,Regular Customer
CUST-04968,Ayaan Verma,Male,28,coimbatore,Tamil Nadu,South,2023-05-31,Regular Customer
CUST-04969,Swati Nair,Female,41,Mumbai   ,Maharashtra,West,2022-01-30,Loyal Customer
CUST-04970,Khushi Rao,Female,54,Ahmedabad,Gujarat,West,2021-10-06,Regular Customer
CUST-04971,Suresh Pillai,Other,52,Mumbai,Maharashtra,West,2024-03-30,Regular Customer
CUST-04972,Isha Mukherjee,Female,36,Indore,Madhya Pradesh,Central,2021-09-13,Loyal Customer
CUST-04973,Kavya Singh,Female,24,Visakhapatnam,Andhra Pradesh,South,2024-05-24,Regular Customer
CUST-04974,Vihaan Nair,Other,40,Mumbai,Maharashtra,West,2024-04-24,Regular Customer
CUST-04975,Kavya Das,Female,44,Hyderabad,Telangana,South,2021-09-20,Loyal Customer
CUST-04976,Deepa Singh,Female,20,Mumbai,Maharashtra,West,2024-04-03,Regular Customer
CUST-04977,Rajesh Patel,Male,18,Jaipur,Rajasthan,North,2021-09-29,Loyal Customer
CUST-04978,Ayaan Patel,Male,24,Lucknow,Uttar Pradesh,North,2021-04-06,Loyal Customer
CUST-04979,Rajesh Nair,Other,37,Hyderabad,Telangana,South,2021-09-30,VIP Customer
CUST-04980,Krishna Malhotra,Male,36,Kolkata,West Bengal,East,2024-03-22,Regular Customer
CUST-04981,Reyansh Das,Male,29,Mumbai,Maharashtra,West,2021-08-15,Loyal Customer
CUST-04982,Saanvi Pillai,Female,36,Bengaluru,Karnataka,South,2021-08-08,Regular Customer
CUST-04983,Riya Bhatia,Female,22,Surat,Gujarat,West,2021-10-29,Loyal Customer
CUST-04984,Kunal Malhotra,Male,34,Chandigarh,Punjab,North,2023-01-26,Regular Customer
CUST-04985,Kabir Nair,Male,18,Delhi,Delhi,North,2023-11-29,Loyal Customer
CUST-04986,Riya Kaur,Female,42,Chennai,Tamil Nadu,South,2022-02-17,VIP Customer
CUST-04987,Arjun Mehta,Male,46,Mumbai,Maharashtra,West,2023-03-09,Regular Customer
CUST-04988,Gaurav Kaur,Male,45,Chennai,Tamil Nadu,South,2022-05-13,Regular Customer
CUST-04989,Krishna Pillai,Male,27,BHOPAL,Madhya Pradesh,Central,2021-04-11,Regular Customer
CUST-04990,Prisha Menon,Female,51,Ahmedabad,Gujarat,West,2021-11-21,Regular Customer
CUST-04991,Pranav Pandey,Male,52,Hyderabad,Telangana,South,2021-05-03,Loyal Customer
CUST-04992,Amit Joshi,Male,41,Chandigarh,Punjab,North,2022-02-22,Regular Customer
CUST-04993,Nandini Joshi,Female,46,Delhi,Delhi,North,2021-10-16,Regular Customer
CUST-04994,Sai Pillai,Male,39,Kolkata,West Bengal,East,2021-01-29,Regular Customer
CUST-04995,Nikhil Iyengar,Male,18,Bhopal,Madhya Pradesh,Central,2021-05-14,Loyal Customer
CUST-04996,Navya Joshi,Female,43,Chennai,Tamil Nadu,South,2022-04-05,Regular Customer
CUST-04997,Deepak Yadav,Male,28,Mumbai,Maharashtra,West,2022-07-19,Loyal Customer
CUST-04998,Dhruv Shah,Male,34,Delhi,Delhi,North,2021-11-25,Regular Customer
CUST-04999,Riya Tripathi,Female,27,Bengaluru,Karnataka,South,2021-10-01,Regular Customer
CUST-05000,Ayaan Singh,Male,-1,Coimbatore,Tamil Nadu,South,2023-09-23,Regular Customer
CUST-05001,Vikram Iyengar,Male,22,Ahmedabad,Gujarat,West,2021-10-24,Regular Customer
CUST-05002,Anand Rao,Male,52,Hyderabad,Telangana,South,2023-12-06,Regular Customer
CUST-05003,Aarohi Shah,Female,18,Delhi,Delhi,North,2023-11-24,Loyal Customer
CUST-05004,Anand Nair,Male,40,Chennai,Tamil Nadu,South,2021-02-11,Regular Customer
CUST-05005,Nandini Malhotra,Female,25,Kolkata,West Bengal,East,2022-05-10,VIP Customer
CUST-05006,Krishna Mishra,Male,26,Chandigarh,Punjab,North,2022-05-16,Loyal Customer
CUST-05007,Rajesh Agarwal,Male,43,Coimbatore,Tamil Nadu,South,2024-02-13,VIP Customer
CUST-05008,Priyanka Mishra,Female,35,Indore,Madhya Pradesh,Central,2023-12-22,VIP Customer
CUST-05009,Divya Iyer,Female,25,Mumbai,Maharashtra,West,2023-12-19,Regular Customer
CUST-05010,Saanvi Reddy,Female,26,Surat,Gujarat,West,2024-02-09,Regular Customer
CUST-05011,Shaurya Sharma,Male,47,Surat,Gujarat,West,2023-09-13,Regular Customer
CUST-05012,Aarohi Dutta,Female,41,Nagpur,Maharashtra,West,2022-09-20,Loyal Customer
CUST-05013,Kabir Shah,Male,39,Hyderabad,Telangana,South,2022-07-11,Loyal Customer
CUST-05014,Manish Nair,Male,18,Chandigarh,Punjab,North,2024-05-17,Loyal Customer
CUST-05015,Navya Malhotra,Female,24,Kolkata,West Bengal,East,2023-02-18,Regular Customer
CUST-05016,Reyansh Tripathi,Male,46,Mumbai,Maharashtra,West,2022-05-17,Regular Customer
CUST-05017,Rekha Reddy,Female,33,Visakhapatnam,Andhra Pradesh,South,2023-01-01,Regular Customer
CUST-05018,Ayaan Chatterjee,Male,39,Pune,Maharashtra,West,2022-11-14,Regular Customer
CUST-05019,Kabir Chatterjee,Male,28,Bengaluru,Karnataka,South,2021-02-03,Loyal Customer
CUST-05020,Aarohi Banerjee,Female,44,Hyderabad,Telangana,South,2021-10-08,Regular Customer
CUST-05021,Gaurav Verma,Male,50,Bengaluru,Karnataka,South,2022-02-24,Regular Customer
CUST-05022,Vikram Dutta,Male,20,Mumbai,Maharashtra,West,2021-05-29,Regular Customer
CUST-05023,Anjali Menon,Female,27,Chennai,Tamil Nadu,South,2021-10-05,Regular Customer
CUST-05024,Reyansh Mehta,Male,49,Delhi,Delhi,North,2023-01-30,Regular Customer
CUST-05025,Krishna Sharma,Male,63,Surat,Gujarat,West,2024-04-18,Regular Customer
CUST-05026,Krishna Singh,Male,18,Ahmedabad,Gujarat,West,2024-04-20,VIP Customer
CUST-05027,Nandini Mehta,Female,44,DELHI,Delhi,North,2021-07-11,Regular Customer
CUST-05028,Ayaan Mukherjee,Male,33,Jaipur,Rajasthan,North,2021-09-01,Regular Customer
CUST-05029,Krishna Mishra,Male,43,Delhi,Delhi,North,2024-05-10,Regular Customer
CUST-05030,Manish Choudhury,Male,18,Kolkata,West Bengal,East,2022-05-09,Regular Customer
CUST-05031,Deepak Shah,Male,34,Bhopal,Madhya Pradesh,Central,2024-01-14,Regular Customer
CUST-05032,Nikhil Das,Male,39,Chennai,Tamil Nadu,South,2021-01-14,VIP Customer
CUST-05033,Sneha Pandey,Female,30,Delhi,Delhi,North,2022-03-20,Loyal Customer
CUST-05034,Pranav Reddy,Male,37,Coimbatore,Tamil Nadu,South,2021-07-24,Regular Customer
CUST-05035,Suresh Patel,Male,47,Indore,Madhya Pradesh,Central,2024-03-24,Regular Customer
CUST-05036,Prisha Das,Female,43,Hyderabad,Telangana,South,2022-12-16,VIP Customer
CUST-05037,Sunita Menon,Female,49,Hyderabad,Telangana,South,2024-02-14,Loyal Customer
CUST-05038,Saanvi Dutta,Female,40,Bengaluru,Karnataka,South,2021-07-19,VIP Customer
CUST-05039,Suresh Sharma,Male,34,,Uttar Pradesh,North,2022-07-18,Regular Customer
CUST-05040,Siddharth Saxena,Male,53,Ahmedabad,Gujarat,West,2022-04-25,Loyal Customer
CUST-05041,Anand Saxena,Male,18,Lucknow,Uttar Pradesh,North,2022-02-06,Loyal Customer
CUST-05042,Gauri Bhatia,Female,41,Bengaluru,Karnataka,South,2022-08-28,Regular Customer
CUST-05043,Rajesh Menon,Male,46,Lucknow,Uttar Pradesh,North,2022-04-08,Loyal Customer
CUST-05044,Aanya Malhotra,Female,44,Hyderabad,Telangana,South,2022-02-23,Regular Customer
CUST-05045,Nikhil Tripathi,Male,25,Lucknow,Uttar Pradesh,North,2022-09-06,Loyal Customer
CUST-05046,Kabir Bhatia,Male,27,Surat,Gujarat,West,2021-05-10,Loyal Customer
CUST-05047,Diya Iyer,Female,45,Delhi,Delhi,North,2023-02-14,Regular Customer
CUST-05048,Atharv Verma,Male,29,Bhopal,Madhya Pradesh,Central,2023-12-28,Regular Customer
CUST-05049,Siddharth Tripathi,Male,24,Jaipur,Rajasthan,North,2023-05-11,Regular Customer
CUST-05050,Nikhil Saxena,Male,41,Kochi,Kerala,South,2022-03-10,Regular Customer
CUST-05051,Kabir Malhotra,Male,21,Mumbai,Maharashtra,West,2023-06-10,Regular Customer
CUST-05052,Siddharth Saxena,Male,40,Delhi,Delhi,North,2022-06-30,Loyal Customer
CUST-05053,Shreya Chatterjee,Female,25,Pune,Maharashtra,West,2023-12-24,VIP Customer
CUST-05054,Varun Banerjee,Male,19,Hyderabad,Telangana,South,2024-04-14,VIP Customer
CUST-05055,Nandini Menon,Female,24,,Maharashtra,West,2021-11-19,Loyal Customer
CUST-05056,Ramesh Chatterjee,Male,18,Bhopal,Madhya Pradesh,Central,2024-03-07,Regular Customer
CUST-05057,Rohan Pillai,Male,18,Jaipur,Rajasthan,North,2021-12-19,Loyal Customer
CUST-05058,Anita Menon,Female,20,Kolkata,West Bengal,East,2022-07-26,Regular Customer
CUST-05059,Ramesh Mehta,Other,29,Bengaluru,Karnataka,South,2021-02-11,Regular Customer
CUST-05060,Ishaan Nair,Male,20,Chennai,Tamil Nadu,South,2024-01-02,Regular Customer
CUST-05061,Aditya Yadav,Male,28,Bhubaneswar,Odisha,East,2024-04-05,Regular Customer
CUST-05062,Deepak Bhatia,Male,25,Lucknow,Uttar Pradesh,North,2021-04-21,Regular Customer
CUST-05063,Shreya Chatterjee,Female,18,Hyderabad,Telangana,South,2021-08-20,Loyal Customer
CUST-05064,Pari Agarwal,Female,28,Hyderabad,Telangana,South,2024-04-04,Loyal Customer
CUST-05065,Siddharth Bhatia,Male,55,Kolkata,West Bengal,East,2021-04-19,Regular Customer
CUST-05066,Anjali Tripathi,Female,22,Pune,Maharashtra,West,2022-04-20,Loyal Customer
CUST-05067,Ayaan Agarwal,Male,35,Mumbai,Maharashtra,West,2021-04-14,Regular Customer
CUST-05068,Ramesh Chatterjee,Male,37,Bhopal,Madhya Pradesh,Central,2021-06-01,Regular Customer
CUST-05069,Anjali Gupta,Female,56,AHMEDABAD,Gujarat,West,2022-11-26,Regular Customer
CUST-05070,Aditya Shah,Male,52,Jaipur,Rajasthan,North,2022-06-19,Regular Customer
CUST-05071,Arjun Pandey,Male,18,Delhi,Delhi,North,2022-01-01,Regular Customer
CUST-05072,Rahul Yadav,Male,44,Jaipur,Rajasthan,North,2022-02-25,Regular Customer
CUST-05073,Anita Patel,Female,49,Kochi,Kerala,South,2021-07-03,Regular Customer
CUST-05074,Ramesh Menon,Male,18,Chennai,Tamil Nadu,South,2021-05-27,Regular Customer
CUST-05075,Divya Chatterjee,Female,55,Kolkata,West Bengal,East,2021-06-14,Loyal Customer
CUST-05076,Shaurya Menon,Other,39,Mumbai,Maharashtra,West,2021-12-04,Loyal Customer
CUST-05077,Gaurav Reddy,Male,21,Nagpur,Maharashtra,West,2021-03-03,Regular Customer
CUST-05078,Saanvi Choudhury,Female,29,Hyderabad,Telangana,South,2021-02-25,Loyal Customer
CUST-05079,Shreya Sharma,Female,47,Ahmedabad,Gujarat,West,2021-03-04,Regular Customer
CUST-05080,Sai Choudhury,Male,34,Indore,Madhya Pradesh,Central,2024-04-14,Regular Customer
CUST-05081,Shreya Mehta,Female,43,Coimbatore,Tamil Nadu,South,2023-09-12,VIP Customer
CUST-05082,Aarohi Menon,Female,33,Ahmedabad,Gujarat,West,2024-01-09,Loyal Customer
CUST-05083,Vivaan Mishra,Other,21,Delhi,Delhi,North,2024-05-23,Regular Customer
CUST-05084,Ananya Rao,Female,19,Chandigarh,Punjab,North,2022-10-03,Regular Customer
CUST-05085,Vihaan Mishra,Male,54,Pune,Maharashtra,West,2023-10-30,Loyal Customer
CUST-05086,Sunita Joshi,Female,33,Kochi,Kerala,South,2022-06-19,Regular Customer
CUST-05087,Vikram Pandey,Male,30,Bengaluru,Karnataka,South,2021-10-30,Loyal Customer
CUST-05088,Suresh Chatterjee,Male,35,Hyderabad,Telangana,South,2023-09-04,Regular Customer
CUST-05089,Amit Agarwal,Male,39,,Tamil Nadu,South,2021-06-06,Regular Customer
CUST-05090,Deepa Choudhury,Female,45,Mumbai,Maharashtra,West,2022-08-15,Regular Customer
CUST-05091,Kunal Verma,Male,49,Indore,Madhya Pradesh,Central,2022-10-06,Regular Customer
CUST-05092,Vivaan Iyengar,Male,47,Lucknow,Uttar Pradesh,North,2023-06-10,Regular Customer
CUST-05093,Aanya Mukherjee,Female,56,Guwahati,Assam,East,2021-04-11,Regular Customer
CUST-05094,Krishna Tripathi,Male,45,Kolkata,West Bengal,East,2022-05-19,Regular Customer
CUST-05095,Manish Reddy,Male,18,Mumbai,Maharashtra,West,2021-07-01,Regular Customer
CUST-05096,Pooja Shah,Female,34,Hyderabad,Telangana,South,2023-12-22,Regular Customer
CUST-05097,Dhruv Banerjee,Male,29,Surat,Gujarat,West,2021-09-09,Regular Customer
CUST-05098,Ananya Mishra,Female,31,Kochi,Kerala,South,2022-07-06,Regular Customer
CUST-05099,Shaurya Rao,Male,32,Pune,Maharashtra,West,2021-04-11,Regular Customer
CUST-05100,Siddharth Saxena,Male,43,Chandigarh,Punjab,North,2024-03-27,Regular Customer
CUST-05101,Aanya Chatterjee,Female,25,Ahmedabad,Gujarat,West,2021-03-22,Loyal Customer
CUST-05102,Vivaan Pillai,Male,28,Mumbai,Maharashtra,West,2022-03-02,Regular Customer
CUST-05103,Ramesh Yadav,Male,47,Mumbai,Maharashtra,West,2024-06-11,Loyal Customer
CUST-05104,Ramesh Rao,Male,33,Kochi,Kerala,South,2021-02-04,Loyal Customer
CUST-05105,Sunita Singh,Female,41,Kolkata,West Bengal,East,2023-12-13,Regular Customer
CUST-05106,Aditya Verma,Male,27,Visakhapatnam,Andhra Pradesh,South,2022-07-03,Loyal Customer
CUST-05107,Pallavi Malhotra,Female,22,Bengaluru,Karnataka,South,2023-03-14,Regular Customer
CUST-05108,Amit Malhotra,Male,28,Mumbai,Maharashtra,West,2024-02-13,VIP Customer
CUST-05109,Anand Sharma,Male,63,Mumbai,Maharashtra,West,2022-06-20,Loyal Customer
CUST-05110,Krishna Yadav,Male,38,Mumbai,Maharashtra,West,2021-12-30,Regular Customer
CUST-05111,Sneha Iyer,Female,19,Delhi,Delhi,North,2022-05-25,Regular Customer
CUST-05112,Pari Das,Female,40,Coimbatore,Tamil Nadu,South,2022-01-20,Regular Customer
CUST-05113,Aadhya Nair,Female,44,Bengaluru,Karnataka,South,2022-07-03,Regular Customer
CUST-05114,Rajesh Gupta,Other,18,Chandigarh,Punjab,North,2021-10-17,Loyal Customer
CUST-05115,Neha Kaur,Female,53,Hyderabad,Telangana,South,2022-08-28,Loyal Customer
CUST-05116,Amit Banerjee,Male,19,Hyderabad,Telangana,South,2022-09-22,Regular Customer
CUST-05117,Diya Sharma,Female,25,Bhubaneswar,Odisha,East,2022-05-13,VIP Customer
CUST-05118,Nikhil Das,Male,35,Bengaluru,Karnataka,South,2021-09-25,Regular Customer
CUST-05119,Anand Yadav,Male,47,Kolkata,West Bengal,East,2023-12-19,Regular Customer
CUST-05120,Aarohi Joshi,Female,57,Bengaluru,Karnataka,South,2022-05-31,Regular Customer
CUST-05121,Rekha Verma,Female,38,Jaipur,Rajasthan,North,2023-03-11,Regular Customer
CUST-05122,Divya Nair,Female,26,Kolkata,West Bengal,East,2021-11-17,Regular Customer
CUST-05123,Sunita Rao,Female,50,Mumbai,Maharashtra,West,2022-08-19,VIP Customer
CUST-05124,Aanya Saxena,Female,38,Visakhapatnam,Andhra Pradesh,South,2023-04-06,Loyal Customer
CUST-05125,Tanvi Kaur,Female,51,Hyderabad,Telangana,South,2023-01-26,Regular Customer
CUST-05126,Rajesh Saxena,Male,31,Coimbatore,Tamil Nadu,South,2022-08-25,Regular Customer
CUST-05127,Rekha Agarwal,Female,31,Bengaluru,Karnataka,South,2021-02-17,Loyal Customer
CUST-05128,Rahul Nair,Male,35,Chennai,Tamil Nadu,South,2022-09-23,Regular Customer
CUST-05129,Krishna Yadav,Male,48,Indore,Madhya Pradesh,Central,2022-08-19,Regular Customer
CUST-05130,Deepa Iyengar,Female,18,Kochi,Kerala,South,2023-11-01,VIP Customer
CUST-05131,Aarav Choudhury,Male,59,Mumbai,Maharashtra,West,2022-04-08,Loyal Customer
CUST-05132,Atharv Patel,Male,44,Ahmedabad,Gujarat,West,2024-02-13,Loyal Customer
CUST-05133,Pooja Saxena,Female,33,Pune,Maharashtra,West,2022-07-19,Regular Customer
CUST-05134,Ananya Menon,Female,42,Pune,Maharashtra,West,2024-06-03,Loyal Customer
CUST-05135,Aanya Kaur,Female,33,Coimbatore,Tamil Nadu,South,2022-11-28,Regular Customer
CUST-05136,Rajesh Singh,Male,34,Kolkata,West Bengal,East,2021-04-28,VIP Customer
CUST-05137,Khushi Patel,Female,35,Delhi,Delhi,North,2022-02-24,VIP Customer
CUST-05138,Gauri Choudhury,Female,30,Ahmedabad,Gujarat,West,2022-12-29,Regular Customer
CUST-05139,Amit Shah,Male,54,Ahmedabad,Gujarat,West,2024-04-17,Regular Customer
CUST-05140,Deepak Malhotra,Male,29,Coimbatore,Tamil Nadu,South,2023-03-20,Loyal Customer
CUST-05141,Anita Bhatia,Female,24,Surat,Gujarat,West,2021-07-29,Regular Customer
CUST-05142,Deepak Mukherjee,Male,33,Kolkata,West Bengal,East,2023-07-21,Regular Customer
CUST-05143,Tanvi Tripathi,Female,-1,Bengaluru,Karnataka,South,2021-09-11,Regular Customer
CUST-05144,Neha Mehta,Female,18,Pune,Maharashtra,West,2022-05-09,Loyal Customer
CUST-05145,Divya Kaur,Female,36,Chandigarh,Punjab,North,2022-02-10,Regular Customer
CUST-05146,Ananya Nair,Female,41,Hyderabad,Telangana,South,2022-10-24,VIP Customer
CUST-05147,Aanya Tripathi,Female,31,Bengaluru,Karnataka,South,2023-04-13,VIP Customer
CUST-05148,Anand Gupta,Male,42,Chennai,Tamil Nadu,South,2021-06-21,VIP Customer
CUST-05149,Ramesh Choudhury,Male,18,Pune,Maharashtra,West,2023-11-01,Regular Customer
CUST-05150,Shaurya Nair,Male,20,Ahmedabad,Gujarat,West,2021-07-15,Regular Customer
CUST-05151,Pooja Yadav,Female,34,Mumbai,Maharashtra,West,2023-04-14,Loyal Customer
CUST-05152,Tanvi Yadav,Female,38,Lucknow,Uttar Pradesh,North,2023-12-11,VIP Customer
CUST-05153,Aarav Agarwal,Male,34,Lucknow,Uttar Pradesh,North,2022-01-14,Regular Customer
CUST-05154,Saanvi Mishra,Female,43,Bhopal,Madhya Pradesh,Central,2021-03-02,Loyal Customer
CUST-05155,Meera Choudhury,Female,32,Surat,Gujarat,West,2023-04-30,Regular Customer
CUST-05156,Ananya Pandey,Female,38,Mumbai,Maharashtra,West,2024-05-08,Regular Customer
CUST-05157,Saanvi Patel,Female,39,Hyderabad,Telangana,South,2023-02-12,Regular Customer
CUST-05158,Divya Das,Female,36,Mumbai,Maharashtra,West,2023-10-16,Regular Customer
CUST-05159,Ishaan Pandey,Male,33,Kochi,Kerala,South,2024-05-05,Regular Customer
CUST-05160,Anand Agarwal,Male,25,Kolkata,West Bengal,East,2023-05-01,VIP Customer
CUST-05161,Pranav Mukherjee,Male,33,Mumbai,Maharashtra,West,2022-03-14,Regular Customer
CUST-05162,Neha Mishra,Female,21,Mumbai,Maharashtra,West,2022-12-10,Regular Customer
CUST-05163,Vivaan Gupta,Male,57,Mumbai,Maharashtra,West,2022-09-30,Loyal Customer
CUST-05164,Anita Malhotra,Female,46,Kochi,Kerala,South,2023-12-14,Loyal Customer
CUST-05165,Priyanka Joshi,Female,35,Jaipur,Rajasthan,North,2021-08-11,Regular Customer
CUST-05166,Ayaan Patel,Male,21,Patna,Bihar,East,2023-03-25,Regular Customer
CUST-05167,Meera Pandey,Female,36,Chandigarh   ,Punjab,North,2021-02-24,Loyal Customer
CUST-05168,Sunita Pillai,Female,36,Jaipur,Rajasthan,North,2022-02-03,Regular Customer
CUST-05169,Tanvi Saxena,Female,19,Hyderabad,Telangana,South,2022-03-18,Loyal Customer
CUST-05170,Pooja Bhatia,Female,46,Mumbai,Maharashtra,West,2021-05-31,Regular Customer
CUST-05171,Kavya Reddy,Female,33,Guwahati,Assam,East,2022-11-23,Regular Customer
CUST-05172,Aadhya Shah,Female,33,Mumbai,Maharashtra,West,2021-03-16,Loyal Customer
CUST-05173,Rekha Dutta,Female,28,Bengaluru,Karnataka,South,2022-08-26,Regular Customer
CUST-05174,Vikram Pillai,Male,18,Chennai,Tamil Nadu,South,2021-03-29,Loyal Customer
CUST-05175,Manish Sharma,Male,45,Bengaluru   ,Karnataka,South,2022-11-23,Regular Customer
CUST-05176,Varun Nair,Male,38,Jaipur,Rajasthan,North,2023-05-28,Regular Customer
CUST-05177,Anita Dutta,Female,33,Ahmedabad,Gujarat,West,2021-04-05,Regular Customer
CUST-05178,Vihaan Malhotra,Male,45,Chennai,Tamil Nadu,South,2021-09-21,Regular Customer
CUST-05179,Gaurav Sharma,Male,33,Kochi,Kerala,South,2021-03-28,VIP Customer
CUST-05180,Rekha Verma,Female,18,Pune,Maharashtra,West,2023-12-02,VIP Customer
CUST-05181,Navya Nair,Female,37,Pune,Maharashtra,West,2023-03-26,VIP Customer
CUST-05182,Aditya Pandey,Male,32,Bengaluru,Karnataka,South,2021-02-25,Regular Customer
CUST-05183,Swati Menon,Female,30,Kochi,Kerala,South,2021-05-29,Regular Customer
CUST-05184,Tanvi Mehta,Female,33,Jaipur,Rajasthan,North,2021-07-24,VIP Customer
CUST-05185,Nikhil Mehta,Male,39,Patna,Bihar,East,2022-06-05,VIP Customer
CUST-05186,Atharv Verma,Male,31,Delhi,Delhi,North,2023-05-31,Regular Customer
CUST-05187,Sai Pillai,Male,48,Nagpur,Maharashtra,West,2024-03-17,Regular Customer
CUST-05188,Manish Yadav,Male,21,Mumbai,Maharashtra,West,2023-09-21,Regular Customer
CUST-05189,Anjali Singh,Female,38,Delhi,Delhi,North,2021-10-20,Loyal Customer
CUST-05190,Amit Pandey,Male,34,Kolkata,West Bengal,East,2022-06-25,Regular Customer
CUST-05191,Vivaan Malhotra,Male,36,Kochi,Kerala,South,2022-05-11,Regular Customer
CUST-05192,Anjali Sharma,Female,31,Delhi,Delhi,North,2023-12-17,VIP Customer
CUST-05193,Sunita Mehta,Female,27,Surat,Gujarat,West,2022-12-03,Regular Customer
CUST-05194,Rahul Yadav,Male,50,Bengaluru,Karnataka,South,2024-02-01,Loyal Customer
CUST-05195,Amit Bhatia,Male,38,bengaluru,Karnataka,South,2023-04-15,Regular Customer
CUST-05196,Ayaan Singh,Male,46,  Mumbai ,Maharashtra,West,2023-02-06,Loyal Customer
CUST-05197,Vihaan Verma,Male,18,Bengaluru,Karnataka,South,2021-07-29,Loyal Customer
CUST-05198,Riya Das,Female,29,Kolkata,West Bengal,East,2021-02-06,Loyal Customer
CUST-05199,Aanya Iyengar,Female,31,Kolkata,West Bengal,East,2023-01-25,VIP Customer
CUST-05200,Suresh Das,Male,29,Delhi,Delhi,North,2021-05-13,Loyal Customer
CUST-00528,Aditya Banerjee,Male,28,Mumbai,Maharashtra,West,2021-10-09,Regular Customer
CUST-02432,Nandini Singh,Female,31,Ahmedabad,Gujarat,West,2023-12-29,Loyal Customer
CUST-01633,Kabir Pillai,Male,35,Pune,Maharashtra,West,2023-01-19,Regular Customer
CUST-01615,Deepa Pillai,Female,34,Hyderabad,Telangana,South,2023-05-04,VIP Customer
CUST-01299,Aadhya Mehta,Female,44,Bhubaneswar,Odisha,East,2022-03-13,VIP Customer
CUST-03996,Swati Chatterjee,Female,23,Patna,Bihar,East,2022-01-10,Regular Customer
CUST-02076,Divya Pandey,Female,43,Kolkata,West Bengal,East,2023-08-26,Regular Customer
CUST-03073,Khushi Rao,Female,39,Jaipur,Rajasthan,North,2021-08-01,Regular Customer
CUST-00921,Anjali Chatterjee,Female,32,Bengaluru,Karnataka,South,2024-06-15,Regular Customer
CUST-00069,Rekha Chatterjee,Female,42,Ahmedabad,Gujarat,West,2021-07-20,Regular Customer
CUST-00670,Pari Shah,Female,24,Mumbai,Maharashtra,West,2021-01-07,Loyal Customer
CUST-02632,Nikhil Kaur,Male,34,Jaipur,Rajasthan,North,2022-07-17,Regular Customer
CUST-04725,Pooja Reddy,Female,19,Bengaluru,Karnataka,South,2022-10-22,Regular Customer
CUST-03920,Reyansh Yadav,Male,46,Delhi,Delhi,North,2021-11-27,Regular Customer
CUST-01684,Ananya Saxena,Female,35,Mumbai,Maharashtra,West,2022-01-31,Regular Customer
CUST-03338,Sai Mishra,Male,24,Surat,Gujarat,West,2022-02-21,Regular Customer
CUST-02794,Vivaan Malhotra,Male,48,Lucknow,Uttar Pradesh,North,2022-03-09,Regular Customer
CUST-03804,Sai Choudhury,Male,23,Hyderabad,Telangana,South,2021-02-14,Regular Customer
CUST-05086,Sunita Joshi,Female,33,Kochi,Kerala,South,2022-06-19,Regular Customer
CUST-04144,Gauri Agarwal,Female,24,Hyderabad,Telangana,South,2024-06-09,Loyal Customer
CUST-01328,Reyansh Dutta,Male,29,Mumbai,Maharashtra,West,2024-04-04,Regular Customer
CUST-00627,Rajesh Tripathi,Male,28,Bengaluru   ,Karnataka,South,2023-12-24,Regular Customer
CUST-01880,Anjali Singh,Female,35,Surat,Gujarat,West,2022-12-26,VIP Customer
CUST-03757,Rahul Saxena,Other,28,Jaipur,Rajasthan,North,2023-08-28,Loyal Customer
CUST-00586,Vikram Mehta,Male,20,Bhubaneswar,Odisha,East,2023-01-13,Loyal Customer
